Ba ,Ga ,Sc  ,V ,Th ,Pb ,Ni ,Co ,Rb  ,Sr ,Y ,Zr ,Nb,Cr ,Cu ,Zn,Be ,Ge ,La ,Ce,Pr ,Nd,Sm ,Eu ,Gd,Tb ,Dy ,Ho ,Er,Tm,Yb ,Lu ,Hf ,Hf 
292,21,13,104,8,17,89,25,71,233,32,322,22,210,28,68,2.099,2.419,38.86,73.74,8.927,37.93,7.622,1.658,6.732,1.228,6.893,1.236,4.107,0.58,3.814,0.558,9.792,9.792
405,18,12,95,9,21,63,23,99,161,53,722,24,143,43,69,1.977,2.109,51.96,103.5,12.27,50.79,10.66,2.004,9.789,1.848,10.99,2.123,6.905,1.055,7.108,1.172,24.47,24.47
402,17,12,109,10,21,93,23,95,184,54,607,24,371,43,89,1.938,2.211,51.35,97.92,11.81,48.61,10.67,2.213,9.719,1.963,11.14,2.122,6.954,1.029,6.881,1.008,19.04,19.04
326,18,13,110,7,22,70,23,85,193,52,741,25,157,36,78,1.976,2.055,42.23,79.12,9.864,42.71,9.212,2.084,8.923,1.773,10.52,2.086,6.912,1.048,6.966,1.193,24.28,24.28
352,20,15,108,10,18,52,20,118,171,54,560,30,120,35,78,2.4262,1.2024,55.0092,102.9144,12.5634,51.1543,10.4771,2.3651,9.8031,1.943,12.0816,2.3647,7.4496,1.1906,7.8161,1.1454,19.7206,19.7206
391,23,14,112,11,19,56,20,102,202,38,432,20,139,35,68,2.1994,1.2461,49.347,94.7381,11.1937,45.5436,8.8831,1.9673,8.1515,1.4584,8.4708,1.6277,5.0068,0.7824,5.1049,0.7671,15.5139,15.5139
381,21,12,105,8,18,58,20,100,176,32,305,16,160,28,75,1.9821,1.2794,50.8417,94.4132,11.4531,46.2294,8.8626,1.7926,7.7272,1.3385,7.542,1.4472,4.5878,0.7083,4.5805,0.6881,9.8377,9.8377
404,25,15,99,19,29,66,29,120,163,35,376,17,129,39,76,2.1596,1.6342,68.0227,129.6054,15.3268,61.1633,12.7222,1.9104,9.434,1.6709,9.8579,1.9395,5.4597,0.9345,5.751,0.8508,20.446,20.446
469,14,10,63,13,25,39,14,100,187,36,396,17,100,20,69,2.113,2.017,64.28,120.5,13.95,56.42,10.64,1.873,9.37,1.601,8.458,1.571,4.995,0.697,4.696,0.762,15.34,15.34
457,22,12,60,15,28,35,16,108,233,34,400,14,87,23,69,2.247,1.723,55.96,104.6,11.92,47.89,9.24,1.647,7.627,1.262,6.509,1.161,3.666,0.531,3.537,0.65,14.08,14.08
425,21,12,68,13,27,39,17,123,147,33,290,13,97,28,67,2.23,1.753,55.05,102.1,11.72,46.52,8.438,1.436,7.261,1.243,6.318,1.104,3.658,0.526,3.279,0.471,8.246,8.246
627,20,11,73,10,28,36,19,130,153,29,357,14,105,35,66,2.342,2.014,46.14,86.32,9.806,39.19,7.353,1.418,6.516,1.123,6.205,1.166,3.907,0.563,3.719,0.549,9.961,9.961
409,22,12,83,6,30,46,14,142,142,29,344,14,120,38,71,2.722,2.043,44.46,84.88,9.455,37.81,7.304,1.452,6.079,1.082,5.823,1.178,3.705,0.559,3.52,0.558,10.69,10.69
252,23,15,99,13,28,63,25,82,212,46,459,24,137,34,73,2.307,2.009,61.61,116.3,13.37,54.47,10.64,2.02,9.495,1.82,10.08,1.925,6.339,0.975,6.613,0.907,15.45,15.45
320,23,13,91,9,21,62,17,112,192,38,421,21,157,32,68,2.242,2.099,52.35,97.75,11.54,47.56,9.342,1.633,8.015,1.42,7.572,1.45,4.629,0.67,4.482,0.795,15.89,15.89
393,18,12,100,11,27,131,27,91,171,28,336,16,504,46,82,1.54,2.084,37.46,71.2,8.049,31.57,6.525,1.344,5.626,1.05,5.791,1.124,3.65,0.565,3.626,0.588,10.97,10.97
346,18,13,107,9,20,107,23,89,181,51,603,26,336,41,82,1.745,2.185,45.86,85.97,10.67,44.98,9.74,2.271,9.123,1.83,10.78,2.13,6.652,1.023,6.818,1.08,21.74,21.74
303,26,13,101,9,22,53,18,116,188,34,398,17,133,35,74,2.1415,1.1297,41.557,77.7143,9.0742,36.7211,7.258,1.6942,6.6723,1.2565,7.4426,1.4769,4.6475,0.7562,5.0308,0.7681,13.0507,13.0507
336,26,14,100,10,19,60,22,88,196,50,406,24,159,21,63,2.2429,1.231,39.018,76.2368,9.5292,41.2897,9.074,2.3427,8.6149,1.7023,10.4245,2.0681,6.4342,1.0325,6.8123,1.0146,14.6255,14.6255
332,30,16,101,10,21,57,22,96,221,38,357,19,161,28,82,2.316,1.5405,53.4624,100.2606,11.8793,48.1884,9.2231,2.0243,8.3932,1.4623,8.2626,1.542,4.7453,0.7385,4.7603,0.7364,13.7327,13.7327
302,19,13,99,19,31,46,16,131,150,35,322,15,122,30,80,3.3407,2.0341,48.7603,80.7183,10.5928,41.2689,7.6152,1.4254,6.4399,1.1034,5.7796,1.0882,3.3366,0.4957,3.3676,0.4926,9.1798,9.1798
473,15,10,82,12,25,42,14,112,138,33,346,15,114,28,75,1.878,1.916,51.22,97.48,11.22,44.96,8.527,1.592,7.516,1.297,6.759,1.269,4.025,0.611,3.953,0.586,10.84,10.84
344,28,12,89,19,25,39,17,108,187,41,401,19,103,25,74,3.0999,1.9844,56.594,83.2612,12.3729,48.2665,9.1294,1.663,7.7315,1.342,7.1599,1.3299,4.0993,0.6228,4.0179,0.5936,10.8975,10.8975
413,16,10,71,15,24,40,15,105,206,30,344,15,98,27,72,1.988,1.826,46.61,87.75,10.34,40.84,7.744,1.49,6.511,1.201,6.4,1.19,3.785,0.54,3.677,0.552,10.79,10.79
409,16,12,68,16,26,31,14,102,194,36,443,14,104,25,71,2.309,1.961,55.21,104.1,12.11,48.39,8.853,1.651,7.716,1.343,7.378,1.46,4.679,0.692,4.712,0.763,15.58,15.58
449,14,12,67,10,30,34,14,113,166,33,331,13,88,22,61,2.583,2.089,45.59,86.28,10.16,40.45,7.689,1.521,6.597,1.177,6.141,1.195,3.738,0.589,3.936,0.651,13.02,13.02
479,18,11,83,27,19,41,15,140,215,39,468,20,100,33,77,2.668,2.177,83.84,158.1,18.71,70.3,11.1,1.808,9.688,1.584,8.243,1.542,4.929,0.726,4.825,0.779,15.57,15.57
468,24,14,93,11,22,55,22,108,205,29,304,15,118,50,91,1.766,2.04,44.29,80.82,9.473,37.04,6.91,1.527,6.439,1.166,6.34,1.234,3.872,0.582,3.916,0.565,10.4,10.4
324,22,12,107,12,26,57,23,109,162,34,354,15,131,41,88,1.708,2.105,45.63,85.5,9.987,39.04,7.678,1.722,6.919,1.288,7.196,1.424,4.374,0.673,4.563,0.692,13.29,13.29
318,21,13,113,11,25,72,21,116,205,38,437,22,156,52,87,2.58,1.32,56.18,100.52,12.35,49.12,9.57,2.21,8.46,1.52,8.7,1.65,5.13,0.79,5.23,0.77,16.32,16.32
340,29,13,104,21,20,71,15,147,159,56,540,31,154,25,59,3.07,1.41,57.12,108.62,13.51,54.81,11.75,2.12,10.74,2.05,12.61,2.33,7.19,1.1,7.35,1.08,21.72,21.72
315,23,16,110,9,15,84,26,86,180,51,402,25,197,41,88,1.9967,1.3657,65.4643,116.6227,14.4822,57.757,11.5618,2.3897,9.4107,1.7987,10.1309,1.9442,5.6123,0.883,5.6277,0.8765,15.3841,15.3841
347,22,15,97,13,22,55,19,133,153,38,284,16,143,37,88,2.9274,1.8602,62.2046,118.1789,13.4916,53.864,9.9266,1.9592,8.814,1.5172,8.5838,1.6025,4.9423,0.7499,4.6854,0.6931,8.5497,8.5497
330,26,12,92,17,28,42,20,107,174,33,357,18,103,33,69,2.9535,1.772,44.7605,77.209,9.6636,38.0642,7.1095,1.3593,6.1382,1.0553,5.6021,1.0316,3.1163,0.46,3.0664,0.4416,9.984,9.984
382,21,16,94,12,19,46,16,114,208,36,344,17,105,25,73,2.2728,1.4326,59.7611,114.2287,12.8054,51.3979,9.3307,1.8495,8.4188,1.4757,8.4104,1.597,4.9025,0.7342,4.7693,0.692,10.5229,10.5229
394,20,13,91,13,21,39,17,97,164,36,391,16,121,18,60,2.3484,1.4682,57.9264,106.8984,12.6495,51.2071,9.3605,1.8571,8.2543,1.4123,7.9957,1.4992,4.6547,0.7022,4.3987,0.6687,16.4895,16.4895
368,23,13,87,14,24,40,19,105,173,41,393,17,113,19,65,2.4307,1.5775,49.642,96.6341,11.1015,44.5632,8.4871,1.5977,7.4686,1.3253,7.1729,1.3229,4.1388,0.6232,4.2179,0.6189,12.196,12.196
407,18,10,65,11,23,41,15,96,190,28,337,14,91,24,68,2.144,1.856,46.07,87.88,10.21,41.81,7.472,1.349,6.383,1.135,6.023,1.16,3.597,0.547,3.433,0.539,10.11,10.11
366,19,13,74,12,26,36,12,104,171,43,471,19,96,25,73,2.155,2.086,64.41,123.6,14.36,58.32,11.03,1.947,9.703,1.688,9.35,1.778,5.601,0.857,5.493,0.855,15.26,15.26
410,21,14,115,10,23,78,24,80,150,60,455,29,163,56,79,2.318,2.436,49.46,96.02,11.79,49.35,10.6,2.589,10.37,2.126,12.55,2.542,8.095,1.261,8.234,0.988,14.76,14.76
354,21,13,88,13,26,65,22,133,173,43,441,20,146,40,77,2.301,2.176,55.62,105,12.32,48.77,9.848,1.737,8.234,1.535,8.553,1.645,5.111,0.793,5.222,0.815,15.68,15.68
291,21,15,130,13,20,97,19,90,147,63,631,31,227,48,75,2,1.14,40.82,75.03,9.65,40.4,9.06,2.11,8.61,1.81,11.31,2.26,6.94,1.11,7.29,1.13,23.07,23.07
306,16,16,109,12,17,159,23,75,169,50,387,24,343,45,77,1.72,1.15,40.89,73.72,9.04,37.34,7.93,1.93,7.63,1.61,10,2.07,6.62,1.03,6.71,1.02,13.07,13.07
291,24,17,121,6,20,106,25,65,178,50,435,25,240,37,98,1.4889,1.308,50.8352,98.7719,11.953,49.2824,10.8211,2.6285,9.171,1.9844,11.6597,2.2217,7.1394,1.0777,6.8299,0.9423,14.3926,14.3926
305,25,20,142,14,24,68,33,96,125,36,237,13,155,58,78,2.0055,1.707,66.3061,122.6624,13.9549,55.5413,10.761,2.0024,8.9957,1.633,8.7028,1.6032,4.9228,0.7428,4.3796,0.6193,7.9458,7.9458
333,14,14,79,16,25,43,13,88,138,32,259,12,83,31,76,1.69,1.22,35.69,65.55,7.76,31.13,6.18,1.29,5.36,0.99,5.58,1.02,3.12,0.47,3.12,0.47,10.16,10.16
346,27,14,100,18,37,50,17,106,206,36,334,16,125,41,94,3.0862,1.5227,37.8181,69.6229,8.1723,31.9409,6.2229,1.2382,5.5211,1.0454,6.0084,1.1904,3.6133,0.5293,3.3557,0.4796,8.632,8.632
326,28,15,104,14,30,62,22,112,194,33,295,17,151,46,89,2.9615,1.5298,39.8873,74.7743,8.7512,34.377,6.4506,1.2223,5.5239,0.9558,4.898,0.9366,2.7738,0.4124,2.7761,0.4169,8.4229,8.4229
319,27,14,98,12,26,54,19,85,247,33,319,15,142,27,66,2.4311,1.3351,46.8466,79.2439,10.527,42.1784,8.1171,1.6899,6.9762,1.2361,6.7132,1.1958,3.5591,0.53,3.5551,0.5311,9.9215,9.9215
350,23,13,99,10,18,57,20,119,249,31,306,16,146,32,75,2.5486,1.3484,31.8855,60.671,7.146,28.7291,5.6351,1.1407,5.0269,0.8911,4.9873,0.9367,2.9064,0.4485,3.0474,0.4479,9.1127,9.1127
346,27,11,86,17,25,49,16,99,147,37,322,18,120,24,67,0.88,0.77,14.96,29.21,3.31,15.62,2.75,0.69,2.5,0.47,2.61,0.52,1.52,0.24,1.62,0.23,3.18,3.18
300,18,12,72,11,20,39,15,94,230,36,432,14,122,27,69,2.091,1.984,52.66,101,11.79,47.94,9.107,1.57,7.99,1.388,7.805,1.439,4.383,0.731,4.482,0.742,14.33,14.33
285,18,18,115,15,22,104,33,88,203,47,396,24,226,62,94,2.4,1.48,58.84,112.36,13.78,55.01,10.69,2.45,8.49,1.64,9.81,1.87,5.62,0.89,5.55,0.87,12.62,12.62
268,18,14,110,15,20,104,19,97,158,45,405,23,275,46,73,2.31,1.21,56.51,105.4,12.21,48.64,9.42,2.05,8.43,1.55,8.79,1.77,5.57,0.9,5.87,0.91,17.89,17.89
307,20,13,110,15,24,83,18,110,158,54,611,30,217,32,66,2.23,1.33,51.76,94.76,11.1,44.63,8.98,2.01,8.21,1.61,9.68,1.93,6.24,1.05,6.84,1.08,22.76,22.76
296,17,16,118,23,20,77,23,91,142,45,305,18,169,43,95,1.78,1.23,74.83,135.11,15.96,63.5,12.24,2.22,10.66,1.8,9.38,1.72,4.89,0.72,4.39,0.66,10.65,10.65
302,25,19,126,28,19,113,23,105,115,61,566,23,258,49,85,1.81,1.36,128.98,213.31,27.39,106.93,19.55,3.19,17.04,2.81,14.38,2.48,6.99,1,6.02,0.93,18.05,18.05
325,11,19,84,12,20,48,17,62,109,20,250,11,101,32,80,0.88,0.77,14.96,29.21,3.31,15.62,2.75,0.69,2.5,0.47,2.61,0.52,1.52,0.24,1.62,0.23,3.18,3.18
258,23,14,119,9,22,61,25,79,152,32,283,16,142,44,85,1.7972,1.6216,41.3309,79.1342,9.4822,38.7515,7.9614,1.7976,7.4908,1.341,8.0396,1.5061,4.5516,0.6497,4.519,0.6735,9.5853,9.5853
335,22,17,91,9,22,64,24,106,221,30,257,19,148,41,77,2.262,2.131,46.22,88.97,10.07,40.8,7.78,1.507,7.068,1.164,6.273,1.162,3.448,0.54,3.416,0.456,7.868,7.868
330,24,14,102,17,22,57,21,105,152,42,301,27,156,66,70,2.499,2.318,90.31,164.4,18.66,70.7,13.32,1.846,11.73,1.885,9.451,1.701,5.217,0.709,4.833,0.637,10.99,10.99
316,19,16,115,8,27,77,30,107,135,30,236,24,196,49,79,2.215,2.825,42.5,80.32,9.302,37.64,7.188,1.596,6.772,1.182,6.696,1.228,3.821,0.58,3.514,0.45,6.915,6.915
374,13,12,87,14,23,81,20,72,178,36,420,20,241,29,69,2.138,1.982,40.97,75.21,9.124,37.46,7.735,1.637,6.844,1.311,7.565,1.43,4.373,0.682,4.436,0.689,13.06,13.06
417,15,12,83,8,26,53,16,82,268,27,270,13,127,30,71,1.96,1.925,35.23,68.56,7.887,32.6,6.41,1.32,5.604,1.024,5.927,1.121,3.694,0.55,3.363,0.483,8.705,8.705
312,17,12,98,9,23,42,14,85,145,32,346,18,133,21,54,1.8793,1.2363,38.0216,77.1744,8.5264,34.3373,6.5825,1.2871,5.8466,1.0476,5.9005,1.1297,3.5452,0.5421,3.6087,0.5258,9.4884,9.4884
353,24,18,125,38,19,71,22,103,121,57,402,16,134,82,101,3.12,1.92,94.51,171.37,20.9,83.42,16.29,2.2,13.34,2.16,10.62,1.77,5.14,0.73,4.7,0.72,13.31,13.31
392,20,16,133,19,22,80,32,83,126,35,296,17,197,58,122,2.189,3.362,95.24,183.1,21.06,85.58,16.78,3.03,14.1,2.208,10.93,1.775,5.042,0.709,4.387,0.598,9.905,9.905
348,19,17,113,15,24,64,29,87,130,39,276,14,137,57,85,2.144,2.94,99.38,185.4,20.92,81.18,15.07,2.357,12.78,1.954,9.696,1.588,4.457,0.62,3.941,0.519,8.383,8.383
256,17,16,117,24,23,57,22,106,112,43,352,18,128,49,87,2.92,2.14,100.18,180.56,21.86,86.73,16.21,2.29,13.18,2.11,10.2,1.73,5.26,0.77,4.79,0.7,13.45,13.45
356,27,14,103,17,27,55,22,136,137,34,342,16,135,50,87,2.5388,1.959,49.9018,90.4345,10.6343,43.1728,7.9226,1.6499,7.1497,1.2864,8.1697,1.4946,5.1021,0.7348,4.8356,0.6809,13.7208,13.7208
335,18,13,100,14,30,53,18,115,151,42,359,25,130,42,78,2.3993,1.4383,60.7723,113.7548,13.5116,52.7572,10.3437,1.9739,8.6881,1.6373,9.0339,1.7498,5.0379,0.843,5.3834,0.8038,14.4082,14.4082
285,17,17,79,18,22,45,13,112,170,35,294,12,84,30,68,3.06,1.69,60.35,112.05,13.31,53.48,10.37,1.8,9.02,1.58,8.72,1.65,5.07,0.74,4.92,0.76,11.68,11.68
372,18,14,106,8,25,79,27,84,155,36,363,20,212,44,71,2.426,2.496,44.68,84.63,9.986,40.79,8.074,1.59,7.251,1.299,7.773,1.468,4.472,0.7,4.54,0.631,11.57,11.57
370,19,16,152,8,38,98,30,78,101,41,381,25,234,54,104,1.787,3.195,51.89,95.53,12.16,50.41,10.14,2.345,9.015,1.59,9.194,1.724,5.131,0.797,5.231,0.74,12.69,12.69
351,20,15,111,15,21,60,21,127,141,35,295,24,150,45,72,2.577,2.267,60.38,105.2,12.38,47.33,8.817,1.663,7.703,1.271,7.025,1.321,4.05,0.586,3.82,0.544,9.264,9.264
367,19,11,87,8,23,60,19,79,186,38,398,21,162,24,61,2.357,2.149,34.67,65.49,8.099,33.81,7.285,1.578,6.709,1.263,7.559,1.47,4.528,0.735,4.445,0.662,11.94,11.94
329,22,13,100,13,29,51,18,116,133,30,258,14,110,37,69,2.12,1.5,45.42,84.4,9.67,38.67,7.34,1.44,6.47,1.15,6.31,1.2,3.68,0.57,3.57,0.54,8.54,8.54
370,12,15,102,17,27,52,17,130,109,33,287,13,111,39,74,2.31,1.91,91.91,163.9,19.04,74.96,13.33,1.91,10.94,1.79,9.03,1.6,4.8,0.68,4.41,0.66,11.21,11.21
295,21,19,122,14,19,66,26,80,135,53,518,26,134,43,73,1.7667,1.3212,62.4562,111.0528,13.4219,54.0458,10.7218,2.2376,9.4832,1.8617,11.6736,2.1897,6.8168,1.0891,7.1498,1.0728,18.991,18.991
360,36,18,138,14,20,69,29,126,118,34,271,20,163,61,108,2.5723,1.5082,57.1162,105.7589,12.0893,48.993,9.396,1.8634,8.498,1.5272,8.0485,1.4254,4.6116,0.6975,4.0536,0.5739,10.8379,10.8379
261,30,16,90,16,28,49,19,122,169,40,438,16,113,40,85,2.3172,1.8255,65.5181,116.3482,14.0304,54.3228,10.1564,1.8187,8.8628,1.5673,8.4325,1.5858,4.7687,0.7728,5.1234,0.7739,15.8405,15.8405
536,30,17,95,11,25,56,21,117,115,31,213,15,111,47,89,2.0114,1.4523,42.0252,76.5126,9.0452,34.4829,6.7705,1.5031,5.9054,1.1036,6.0097,1.1538,3.4874,0.5401,3.4439,0.5348,8.6601,8.6601
315,28,14,101,12,25,46,20,128,213,40,375,19,101,29,79,2.2017,1.4531,53.0654,94.2837,11.6389,45.8274,9.0519,1.8459,7.4514,1.5342,8.8692,1.75,5.3889,0.8514,5.5409,0.8465,13.7167,13.7167
330,21,18,116,19,24,75,24,126,160,36,304,18,128,50,76,2.66,1.49,43.77,82.4,9.85,39.54,7.93,1.52,6.86,1.26,6.9,1.31,3.93,0.59,3.88,0.58,10.66,10.66
248,16,15,72,24,32,44,20,131,113,43,402,16,90,36,63,4.21,1.66,96.07,170.77,20.37,77.32,13.83,1.83,10.51,1.85,9.56,1.63,4.59,0.69,4.46,0.67,12.48,12.48
278,25,14,83,21,28,52,32,136,113,43,390,15,117,47,73,3.98,1.62,93.95,170.22,20.31,77.83,14.27,1.76,10.65,1.9,10.67,1.96,5.83,0.88,5.47,0.79,11.34,11.34
291,20,16,80,26,29,51,19,149,107,39,370,18,93,46,83,3.86,1.77,106.26,191.76,22.86,88.39,15.93,1.96,11.6,1.9,9.56,1.57,4.38,0.63,4.06,0.62,12.05,12.05
328,10,14,96,15,31,47,16,109,120,36,291,14,98,36,71,3.3,2.04,55.89,103.5,12.2,48.11,9.21,1.64,7.65,1.33,7.29,1.35,4.08,0.59,3.97,0.6,10.21,10.21
302,19,15,107,16,26,44,15,108,119,39,298,14,102,26,61,3.49,2.18,60.96,113.92,13.43,53.17,10.13,1.73,8.8,1.54,8.5,1.6,4.94,0.76,4.91,0.76,10.37,10.37
337,28,15,104,24,34,48,17,125,182,75,1078,37,88,48,69,3.22,1.41,88.6,162.82,19.45,75.04,14.47,2.92,13.02,2.43,14.27,2.84,9.08,1.45,9.7,1.55,36.99,36.99
428,16,15,85,13,27,43,14,129,129,34,227,16,83,32,80,2.99,1.41,38.58,75.66,8.55,33.87,6.65,1.25,6.03,1.09,5.79,1.07,3.3,0.51,3.34,0.5,7.97,7.97
264,19,16,107,12,24,74,20,102,144,40,405,20,172,48,83,2.28,1.27,35,65.27,7.99,32.99,6.9,1.56,6.3,1.21,7.13,1.41,4.43,0.7,4.46,0.7,12.5,12.5
280,22,17,98,10,23,53,20,89,130,30,214,13,114,40,94,1.4963,1.2278,33.1036,60.1253,7.1022,29.3899,5.4647,1.1922,5.1847,0.982,5.7874,1.0582,3.5731,0.4934,3.2301,0.4458,8.1388,8.1388
265,32,14,106,24,22,52,19,128,119,46,397,18,120,43,84,2.79,2,161.52,284.26,32.76,129.26,22.28,2.77,19.76,3.08,13.61,2.2,6.18,0.87,5.81,0.84,15.74,15.74
376,31,14,90,26,21,45,21,92,159,66,641,30,109,26,74,2.51,1.5955,124.0242,226.9187,26.6259,107.6749,19.5772,3.1784,16.6278,2.9474,15.6439,2.8285,9.7247,1.3408,8.6733,1.2386,23.3547,23.3547
332,20,17,77,25,28,48,14,154,112,46,315,19,49,28,71,4.13,1.68,58.96,118.16,13.28,52.56,10.51,1.48,9.4,1.83,10.9,2.14,6.58,0.98,6.45,0.98,11.68,11.68
351,24,16,104,22,30,53,22,165,162,36,281,15,122,58,132,3.038,2.0446,100.8816,163.0449,21.7094,84.3416,14.8695,2.0528,12.2591,1.8783,8.7661,1.4189,4.048,0.5614,3.6384,0.5317,8.9554,8.9554
332,24,15,119,17,27,55,22,121,134,39,291,17,157,37,77,2.5273,1.8608,55.1807,86.9607,12.2058,49.1482,9.3602,1.8258,8.3815,1.5285,8.7815,1.6814,4.906,0.7326,4.7275,0.7068,10.5039,10.5039
343,21,14,101,15,24,60,21,102,160,41,289,16,170,28,87,2.688,2.215,65.58,121.7,14.62,58.54,11.01,1.874,9.647,1.717,8.966,1.692,5.052,0.772,4.728,0.607,9.143,9.143
300,17,15,99,7,22,82,26,64,145,55,542,24,225,28,74,1.955,2.234,61.97,122.9,14.58,61.01,11.79,2.263,11.08,2.125,12.29,2.431,7.595,1.232,7.866,1.14,19.43,19.43
403,17,12,87,9,26,64,27,78,161,45,509,19,159,35,79,2.002,2.03,36.41,75.66,8.873,37.41,8.067,1.765,7.634,1.502,9.312,1.86,6,1.012,6.125,0.918,16.15,16.15
327,32,16,127,6,19,79,25,63,154,47,437,27,188,46,87,1.6879,1.2596,35.8229,73.7635,8.9868,38.4304,8.9611,2.1147,7.8167,1.6367,10.6144,2.0458,6.9231,1.0446,6.4049,0.9564,19.9226,19.9226
329,31,16,112,20,23,64,18,105,158,43,449,20,156,50,88,2.33,1.27,41.82,76.97,9.34,37.92,8.16,1.71,7.45,1.45,8.55,1.7,5.27,0.85,5.44,0.86,14.34,14.34
231,20,16,81,10,21,53,20,93,246,30,208,13,100,34,82,1.5929,1.2882,30.7232,55.8544,6.8314,27.8845,5.6169,1.2819,5.2878,0.9461,6.1522,1.0938,3.2124,0.4922,3.2091,0.4694,6.1138,6.1138
352,23,16,117,11,24,65,25,114,163,40,369,18,138,48,86,2.3446,1.6916,56.4797,102.1029,12.1253,49.5455,9.5958,1.8043,7.9071,1.5022,8.5044,1.5368,5.1123,0.6881,4.7419,0.6462,16.5373,16.5373
388,23,13,97,17,22,38,15,91,163,41,380,17,103,26,67,2.0014,1.5628,52.4478,84.8387,11.6833,47.1814,9.2296,1.6929,7.9182,1.4043,7.8509,1.4683,4.4773,0.6762,4.4617,0.6702,11.8451,11.8451
276,22,16,117,22,28,54,20,144,109,33,281,14,119,39,88,2.6945,1.7328,61.4033,93.1278,13.3658,52.5992,9.7058,1.7506,8.1396,1.3785,7.3544,1.2969,3.8654,0.5565,3.5791,0.5323,8.7601,8.7601
299,26,14,96,28,20,44,23,149,113,43,296,15,112,36,89,2.8596,2.1172,121.0762,194.5807,26.4397,102.5307,18.0264,2.4298,14.8274,2.2936,10.516,1.6695,4.6631,0.625,4.051,0.591,9.486,9.486
391,21,14,83,14,23,53,19,132,130,34,274,16,131,34,77,2.774,2.453,57.14,105.9,12.15,48.48,9.265,1.607,8.019,1.388,6.916,1.306,3.853,0.575,3.641,0.507,8.559,8.559
224,17,14,104,8,23,77,21,59,156,44,359,18,214,24,71,2.056,2.313,43.65,85.52,10.07,42.39,8.558,1.832,8.408,1.607,9.673,1.958,6.47,1.029,6.465,0.83,12.96,12.96
389,17,14,98,9,22,87,25,93,156,36,268,17,220,46,81,2.063,2.168,40.11,78.03,9.304,38.77,7.577,1.62,7.049,1.306,7.627,1.42,4.538,0.692,4.465,0.607,9.407,9.407
367,20,12,93,19,26,56,18,104,214,33,236,14,136,41,71,2.3759,1.1854,32.0834,59.7436,7.2574,29.3865,5.8115,1.3442,5.187,0.9813,5.6704,1.0768,3.2788,0.5053,3.3696,0.4928,7.3378,7.3378
310,30,16,128,7,16,80,24,76,147,36,391,15,182,49,84,1.9352,1.7413,40.4358,74.3292,9.0419,36.7629,7.4731,1.89,6.4935,1.3424,7.0189,1.335,4.3199,0.717,4.5097,0.6158,14.074,14.074
405,15,15,107,10,26,73,21,101,149,38,304,21,146,45,76,1.88,1.26,41.56,76.81,9.14,38.24,7.48,1.55,7.18,1.32,7.25,1.43,4.66,0.69,4.3,0.62,9.87,9.87
380,19,18,151,8,24,65,24,80,131,32,269,13,135,62,134,1.35,1.45,28.13,50.53,6.44,27.56,5.8,1.54,5.48,1.05,6.28,1.15,3.62,0.6,3.62,0.53,8.79,8.79
336,14,14,100,14,29,39,18,77,170,35,338,13,97,30,67,1.5,1.26,20.65,43.22,4.63,19.16,4.1,1.18,4.17,0.88,5.43,1.08,3.59,0.62,4.12,0.6,12.33,12.33
426,30,13,110,15,22,49,23,115,152,42,399,26,126,42,90,2.0774,1.5359,65.5631,120.1762,14.2518,55.3351,11.2877,2.1996,9.8456,1.6461,9.1341,1.7638,5.0053,0.6997,5.0414,0.7735,12.8301,12.8301
420,24,14,105,11,20,53,23,122,151,43,336,31,136,35,77,2.2335,1.4505,46.8393,79.2526,10.1159,41.7595,8.9331,1.987,7.8634,1.6803,9.5886,1.6954,5.6326,0.9199,5.6747,0.7624,13.1336,13.1336
414,23,12,108,16,24,46,17,118,170,33,309,22,121,32,76,2.4204,1.5443,47.8401,83.2409,10.5565,42.6429,8.1498,1.6206,7.0577,1.2053,6.5034,1.195,3.577,0.5358,3.4077,0.5136,10.2875,10.2875
345,21,14,116,16,24,51,18,129,126,32,250,15,136,32,79,2.5328,1.6658,55.4573,87.0465,12.1158,48.423,9.1167,1.6449,7.7413,1.3119,7.0567,1.2669,3.6434,0.526,3.4247,0.5047,7.0328,7.0328
338,28,14,112,19,26,76,23,167,152,36,274,18,187,49,93,2.531,1.509,57.7927,83.725,12.1289,47.5636,8.5911,1.6128,7.5439,1.273,6.7138,1.2208,3.6323,0.5373,3.5454,0.5251,8.5178,8.5178
345,22,16,146,15,26,70,26,119,125,34,219,20,180,41,88,2.5513,1.5567,35.1096,66.6234,8.2045,34.3094,7.1202,1.6278,6.245,1.1802,6.6409,1.2233,3.7006,0.5563,3.7536,0.5392,6.762,6.762
336,25,16,121,12,23,71,20,114,142,37,238,21,185,37,80,2.5712,1.5431,30.6628,58.7535,7.3081,30.6987,6.3257,1.5675,5.9073,1.1245,6.729,1.2694,3.9316,0.6013,4.1256,0.6039,7.8245,7.8245
374,21,13,102,13,24,52,17,95,160,39,342,18,126,37,71,2.0667,1.1188,35.4118,66.5364,8.0049,33.1266,6.9737,1.5144,6.3348,1.2381,7.4897,1.4335,4.4863,0.7146,4.723,0.6932,11.9496,11.9496
287,26,13,102,16,28,60,17,132,135,36,327,18,145,39,72,2.1856,1.3517,43.9211,81.4073,9.545,38.627,7.4414,1.442,6.3968,1.1371,6.4692,1.1776,3.6048,0.5853,3.6684,0.5442,9.6386,9.6386
343,27,17,96,23,38,49,19,174,150,39,323,17,107,59,76,3.4763,1.9134,94.8184,178.6061,19.9838,76.541,14.6657,2.6554,12.1838,2.154,10.4399,1.7664,5.4259,0.7226,4.9058,0.7088,12.5187,12.5187
310,31,15,141,17,17,69,25,106,134,69,559,37,170,50,80,2.4409,1.5912,73.1925,119.3073,15.9821,64.6903,13.1832,2.6865,12.3486,2.5426,15.2125,2.7134,9.4038,1.404,8.995,1.2591,15.6266,15.6266
303,18,16,112,19,22,59,25,102,159,34,340,18,133,50,80,1.7006,1.3076,56.0231,96.3883,11.533,45.377,8.4334,1.4123,7.0508,1.3233,7.148,1.2656,4.4613,0.6933,4.5374,0.655,11.3553,11.3553
249,26,16,138,11,16,73,29,88,153,34,331,17,158,60,90,1.522,1.5037,37.4901,68.0587,8.3362,34.1217,6.7667,1.5675,6.0076,1.264,7.4393,1.425,4.8274,0.6932,4.5992,0.6426,12.3709,12.3709
376,27,14,111,16,21,46,18,93,147,39,396,21,115,32,61,1.92,1.48,45.69,86.16,10.12,41.34,8.04,1.64,7.73,1.33,7.47,1.41,4.3,0.68,4.04,0.64,13.5,13.5
310,24,16,112,19,22,69,18,121,158,36,437,25,154,43,71,1.99,1.32,47.95,90.15,10.01,39.55,7.21,1.58,7.19,1.33,7.21,1.42,4.33,0.69,4.14,0.6,16.24,16.24
375,31,14,130,10,17,50,27,104,143,37,313,27,103,41,87,2.1025,1.475,48.7754,91.3899,11.226,45.4647,9.5526,2.2035,8.1349,1.5853,9.3775,1.7532,5.2551,0.8424,5.4879,0.744,11.7315,11.7315
375,36,15,129,8,22,59,16,110,130,42,363,24,128,34,72,2.1251,1.565,46.909,87.2855,10.8994,43.866,9.214,1.9829,7.971,1.5348,9.5818,1.8706,5.387,0.8524,5.8629,0.8108,13.7774,13.7774
324,25,19,141,15,23,57,28,98,189,33,251,16,139,39,103,1.4376,1.4263,38.5563,70.353,8.4429,35.2328,7.1179,1.5326,6.4928,1.21,7.1369,1.3729,4.1665,0.6498,4.3278,0.6371,7.8007,7.8007
371,21,14,111,15,26,54,20,103,155,34,270,15,133,42,82,1.7544,1.2668,35.5316,64.9001,7.6928,31.3855,6.3599,1.3584,5.7069,1.0668,6.3561,1.1829,3.6946,0.5898,3.8606,0.5613,8.0234,8.0234
419,20,11,82,11,23,40,19,81,172,30,255,15,104,30,67,1.671,1.1182,26.9202,51.332,6.0228,24.4924,5.1729,1.1807,4.6594,0.9363,5.6125,1.0762,3.3263,0.5382,3.5002,0.5283,8.6836,8.6836
422,17,13,98,14,22,46,21,88,148,34,281,16,121,32,79,1.9266,1.2881,50.4402,87.1768,10.6129,43.1776,8.2012,1.5683,7.2365,1.286,7.388,1.3484,4.1695,0.6565,4.1396,0.6206,9.1591,9.1591
436,11,11,89,11,24,36,15,94,176,30,313,16,120,31,77,1.8799,1.4154,45.2878,81.9906,9.8665,40.0855,7.707,1.4622,6.6866,1.1688,6.6682,1.2088,3.6485,0.5768,3.739,0.5478,11.102,11.102
477,23,13,94,68,25,71,20,129,130,67,328,18,122,44,71,2.7805,3.4641,254.3857,478.497,55.4996,211.1406,38.7476,5.9741,31.2914,4.5395,20.1391,3.3125,9.8772,1.2468,8.0334,1.2368,12.3938,12.3938
379,24,17,108,10,24,59,24,77,212,30,408,14,119,50,72,2.24,1.2,34.92,69.95,7.58,30.35,5.58,1.38,5.57,0.98,5.62,1.07,3.37,0.57,3.48,0.51,13.4,13.4
422,18,16,112,13,21,76,32,95,197,28,232,15,125,50,87,1.6158,1.3646,45.0612,84.6265,10.1587,41.0362,8.7634,1.5235,6.7928,1.1021,6.9937,1.3515,3.9551,0.6107,4.3819,0.6973,16.3778,16.3778
430,30,14,110,13,23,69,37,95,151,33,315,18,113,36,78,1.8221,1.5638,69.058,132.7266,15.6291,63.6442,13.7102,2.0444,9.3079,1.5899,9.1008,1.6948,5.3363,0.8225,5.9748,0.9,22.4192,22.4192
419,23,14,106,11,22,73,30,98,150,28,254,12,135,63,91,2.0449,1.3076,44.1418,82.7667,10.1224,41.6548,9.0295,1.66,6.6217,1.2222,7.1975,1.4196,4.0728,0.6647,4.9305,0.7826,20.714,20.714
347,15,15,96,15,24,59,31,89,146,34,338,15,107,39,77,1.7264,1.4683,60.2786,116.9154,14.3029,58.5491,13.3514,1.9665,8.9988,1.6896,10.242,1.857,5.6633,0.9756,6.352,1.1005,30.9118,30.9118
390,21,17,105,8,22,60,28,107,129,32,274,19,111,41,80,2.2841,1.3693,53.1172,101.6897,12.1182,49.8876,10.7862,1.7902,8.2917,1.4515,9.6071,1.7241,5.3875,0.9223,6.5564,1.0396,27.5096,27.5096
336,17,21,131,10,25,79,33,123,91,27,190,14,135,68,104,2.0469,1.4777,57.6035,107.1229,12.9994,52.9703,11.8945,1.9154,8.3419,1.5107,9.3352,1.6409,4.8488,0.7869,5.7397,1.0108,23.6739,23.6739
396,27,22,131,6,27,84,39,100,119,40,251,19,148,49,115,1.8916,1.3955,47.7875,89.8613,11.4242,47.9728,11.4893,2.17,9.1955,1.8305,11.8321,2.2989,7.0246,1.3027,8.2254,1.3701,27.6887,27.6887
348,25,17,119,11,16,75,32,96,128,40,283,21,142,41,96,1.7626,1.2994,72.0778,140.7516,16.8982,67.1991,14.7547,2.2564,10.7712,2.0429,12.8345,2.5156,7.8635,1.3374,8.6036,1.5623,29.2775,29.2775
314,20,18,111,11,20,71,33,79,121,38,340,18,122,36,76,2.1215,1.2465,33.605,63.1483,7.622,31.9765,7.01,1.7185,7.0721,1.4131,9.1766,1.7709,5.3704,0.837,5.4947,0.8304,14.2004,14.2004
377,20,17,120,11,24,77,29,100,127,29,224,14,137,54,77,1.8516,1.5539,36.7035,70.0903,8.1963,33.6411,6.6811,1.5249,6.464,1.095,6.7074,1.1832,3.7563,0.5396,3.5632,0.5557,9.4114,9.4114
334,22,18,115,12,22,77,29,94,119,30,282,17,148,44,77,1.711,1.3345,56.9939,106.5527,12.3485,49.9489,8.8012,1.7546,8.8563,1.4068,8.0261,1.3918,4.3452,0.6153,3.6834,0.6641,12.0576,12.0576
484,14,16,72,45,24,90,20,108,77,85,186,7,108,76,91,2.57,4.56,129.8,242.65,27.04,109.12,18.32,3.17,17.44,3.03,18.55,3.93,13.09,2.08,12.73,1.75,5.71,5.71
483,25,19,146,30,27,60,24,161,126,38,299,17,132,49,93,2.69,2,120.01,234.25,27,108.1,19.31,3.2,16.57,2.5,10.8,1.71,4.91,0.74,4.46,0.64,10.54,10.54
300,22,21,142,17,21,62,32,114,123,38,268,17,141,53,84,3.6,1.79,65.93,121.54,14.36,57.47,11.78,1.88,8.66,1.68,9.66,1.8,5.37,0.83,5.29,0.82,8.97,8.97
287,16,17,112,17,19,63,23,111,165,55,697,26,137,45,79,3.24,1.65,75.17,134.79,16.51,65.14,12.89,2.05,9.57,1.91,11.02,2.12,6.42,1.03,6.88,1.07,24.75,24.75
369,28,14,109,7,19,54,23,86,166,36,348,17,134,36,70,1.8125,1.3724,42.6969,79.5021,9.6204,39.0097,7.7544,1.7722,6.5829,1.3268,8.1245,1.5842,4.9063,0.7684,4.826,0.7418,12.6226,12.6226
366,21,14,122,14,22,54,23,109,115,45,651,27,115,40,70,2.13,1.66,37.61,72.26,8.58,34.88,7.46,1.75,7.58,1.49,8.85,1.79,5.6,0.92,5.98,0.83,22.12,22.12
314,26,15,131,12,20,57,20,112,121,33,258,16,121,50,80,1.6321,1.7175,50.2835,91.6536,10.9521,42.6751,8.7327,1.734,7.3678,1.3981,7.1901,1.3727,3.962,0.6088,3.7331,0.5865,11.0438,11.0438
305,24,17,147,11,22,58,28,96,114,49,566,26,128,44,84,1.9716,1.4454,41.7769,78.7062,9.7017,39.977,9.2077,2.0935,8.0717,1.7045,10.9689,2.0841,6.4303,1.0154,6.9318,1.0778,20.7427,20.7427
418,28,15,133,9,15,44,24,79,141,47,345,35,104,32,82,1.7408,1.4759,41.6419,79.9677,10.0619,42.1867,9.5816,2.5552,8.6031,1.7068,10.42,2.0474,5.946,0.9669,6.5689,0.8696,13.9275,13.9275
331,24,12,107,8,18,59,26,102,140,46,421,22,140,28,73,1.8628,1.3668,33.7053,64.5215,8.0936,33.4131,7.5508,2.0074,6.8654,1.5565,9.6153,1.826,6.0827,1.0246,6.3584,0.8969,18.2313,18.2313
368,27,16,113,10,22,99,35,111,141,34,223,19,183,53,95,2.161,1.3577,31.3282,58.6174,7.0684,30.0561,6.3542,1.4591,5.9656,1.1427,7.4956,1.3768,4.6283,0.6931,4.4187,0.6814,8.4493,8.4493
312,22,19,112,10,25,93,32,107,113,39,281,20,166,49,81,2.3723,1.3052,45.388,84.2705,10.4678,43.7786,8.5258,1.8835,8.3612,1.5397,9.8341,1.8851,6.056,0.8555,5.7071,0.8426,10.8165,10.8165
352,20,13,105,10,18,48,19,92,152,41,370,19,130,32,78,1.9571,1.2547,40.2076,78.1135,9.1449,37.4947,7.5668,1.5616,7.0304,1.3546,7.84,1.5416,4.8249,0.7332,5.0709,0.7312,11.0368,11.0368
341,31,16,99,40,28,31,13,156,168,54,661,21,67,30,73,2.73,1.64,97.67,189.02,21.19,84.01,14.19,2.51,13.75,2.25,12.24,2.35,7.5,1.16,7.06,1.06,24.64,24.64
406,29,19,125,24,30,48,17,176,143,45,430,20,87,47,96,2.62,1.69,96.18,179.92,20.51,81.38,13.84,2.36,12.9,2.07,10.92,2.01,6.03,0.88,5.19,0.76,16.79,16.79
390,30,14,98,29,25,31,17,117,186,67,762,37,80,27,66,3.383,2.0048,121.8906,229.9779,26.5755,101.9293,19.3214,3.6162,17.335,2.9128,16.9647,3.3518,9.965,1.4537,9.2908,1.4205,27.5802,27.5802
414,24,15,123,22,20,48,23,84,169,55,554,27,108,33,70,2.19,2.07,109.3,222.79,23.16,94.38,17.14,2.74,16,2.79,14.62,2.82,8.73,1.42,8.85,1.19,21.71,21.71
360,22,18,122,9,27,84,36,92,146,25,191,13,152,64,95,1.8095,1.4239,43.711,79.35,9.4078,38.252,7.56,2.0215,6.784,1.174,7.0589,1.47,4.113,0.758,4.2784,0.6768,7.2933,7.2933
345,26,15,114,10,19,68,32,94,138,36,288,19,125,40,75,1.8594,1.3407,34.7226,64.2671,7.7861,34.0183,7.1008,1.7843,6.8914,1.3031,8.5612,1.6121,5.2904,0.7472,5.1153,0.8043,13.4574,13.4574
365,18,14,111,9,21,66,32,95,120,36,324,17,113,39,81,1.8095,1.4139,42.2711,79.335,9.6078,40.7252,7.9956,2.0215,7.8784,1.4174,9.0589,1.6747,5.3113,0.8058,5.4784,0.7768,11.933,11.933
369,27,15,127,9,20,82,35,105,114,46,444,22,135,57,90,1.7693,1.4455,46.686,87.5817,10.7947,46.1879,9.2857,2.2865,9.17,1.7529,11.1542,2.0326,6.532,0.9468,6.5913,0.9941,18.2772,18.2772
336,31,17,109,7,24,172,36,116,203,49,429,28,302,44,80,2.1207,1.1838,41.6174,80.5559,9.1841,39.2892,8.0794,1.7956,8.2614,1.5675,11.1063,2.2254,7.0602,1.0362,7.0971,1.0958,16.4696,16.4696
310,34,20,146,2,19,73,43,64,142,34,182,12,96,48,87,1.3093,1.2627,39.0828,71.6553,8.7527,37.6228,7.7654,1.7403,7.4977,1.303,8.0706,1.3923,4.4903,0.5689,4.1989,0.638,4.3525,4.3525
341,20,15,113,12,26,76,35,110,120,34,269,19,125,49,77,2.1849,1.2918,47.7143,86.8633,10.4061,43.1342,8.0816,1.8085,7.6259,1.3803,8.4279,1.5706,4.9924,0.7679,4.9746,0.7025,11.4776,11.4776
377,28,17,115,9,20,58,23,112,189,35,284,17,145,36,84,2.3248,1.3466,53.8394,102.1957,11.114,44.5009,8.1522,1.7103,7.2985,1.2795,7.1823,1.3749,4.2807,0.6107,4.1492,0.5922,8.4625,8.4625
264,20,17,84,19,16,47,16,83,187,44,396,16,97,27,81,2.6109,1.1612,70.3067,128.0585,15.1291,60.4772,11.0482,1.6174,9.404,1.5211,7.5327,1.3416,4.002,0.5644,3.7514,0.556,11.0001,11.0001
310,26,12,132,7,24,57,25,86,127,33,324,18,129,74,106,1.68,0.96,43.51,81.51,9.60,38.65,7.74,1.66,6.71,1.28,7.18,1.41,4.21,0.67,4.31,0.63,10.95,10.95
321,31,12,109,10,30,55,21,115,144,40,307,20,123,49,79,2.62,1.05,39.72,70.26,8.99,36.10,7.33,1.51,6.52,1.27,7.35,1.38,4.30,0.69,4.34,0.68,10.00,10.00
233,26,9,48,19,33,22,10,120,132,28,246,16,49,19,45,3.17,0.97,43.16,74.04,8.76,34.14,6.42,0.79,5.55,0.99,5.43,1.05,3.17,0.50,3.11,0.46,8.90,8.90
305,35,10,80,17,26,47,16,94,177,29,226,15,99,44,81,1.91,0.91,40.85,77.16,8.96,35.11,6.63,1.08,5.62,0.99,5.50,1.02,3.09,0.46,2.98,0.44,7.31,7.31
327,27,10,98,12,32,52,21,113,162,23,223,17,121,45,75,1.74,0.93,35.69,66.86,7.78,30.80,5.93,1.02,4.87,0.86,4.53,0.82,2.60,0.40,2.55,0.41,6.85,6.85
347,33,13,117,7,31,52,26,77,281,20,215,15,110,91,79,1.50,0.84,30.72,60.74,6.78,27.48,5.28,1.19,4.42,0.78,4.51,0.83,2.52,0.39,2.49,0.39,6.57,6.57
436,32,14,122,11,31,54,24,101,219,28,317,18,139,49,85,1.71,0.97,35.45,63.22,7.62,30.82,5.91,1.24,5.00,0.96,5.53,1.04,3.27,0.54,3.56,0.52,9.91,9.91
343,28,13,117,11,39,51,22,86,201,21,191,10,129,43,82,1.60,1.20,22.55,44.61,4.76,19.02,4.02,1.02,3.64,0.68,4.03,0.77,2.47,0.39,2.61,0.40,7.48,7.48
408,29,14,113,7,37,55,21,81,203,25,193,13,129,52,79,1.44,1.18,33.25,62.95,6.92,27.81,5.31,1.21,4.66,0.75,4.29,0.83,2.60,0.39,2.71,0.41,7.17,7.17
371,38,12,108,4,37,47,22,91,190,23,202,12,120,58,83,1.90,1.07,33.20,59.65,6.61,26.10,5.15,1.19,4.60,0.87,5.01,0.94,2.77,0.40,2.90,0.42,7.02,7.02
425,36,16,118,16,41,55,20,109,176,38,298,19,112,68,88,2.03,1.17,54.69,95.69,11.75,46.74,8.98,1.62,7.94,1.41,8.14,1.47,4.55,0.71,4.61,0.68,11.95,11.95
361,34,13,99,4,38,47,17,81,201,29,256,13,120,47,81,1.88,1.18,41.31,76.75,8.74,34.55,6.79,1.31,6.02,1.11,6.50,1.24,3.89,0.57,4.02,0.59,10.90,10.90
392,40,15,120,9,39,48,23,89,219,27,235,13,118,52,90,1.96,1.09,35.04,65.98,7.77,30.90,6.17,1.49,5.56,0.99,5.57,1.02,3.03,0.42,2.81,0.41,8.52,8.52
278,28,11,116,5,29,52,21,74,250,31,320,15,141,45,81,1.25,0.96,42.40,81.80,9.86,40.73,7.75,1.72,6.46,1.16,6.29,1.15,3.46,0.56,3.53,0.53,9.74,9.74
315,29,13,112,7,24,73,21,67,276,34,277,14,160,46,89,1.46,0.99,36.63,69.76,8.65,35.93,7.53,1.64,6.46,1.24,7.09,1.34,4.06,0.60,4.05,0.62,9.76,9.76
185,32,11,85,9,31,45,19,70,184,29,331,17,103,38,67,2.14,0.93,33.43,61.89,7.12,28.31,5.60,1.11,5.04,0.93,5.46,1.03,3.11,0.48,3.26,0.49,10.74,10.74
274,30,11,96,10,30,51,16,89,163,31,251,17,138,36,62,2.02,0.96,40.99,75.69,8.95,34.81,7.34,1.16,6.01,1.08,5.99,1.13,3.33,0.52,3.47,0.52,7.94,7.94
318,26,12,107,11,25,55,17,100,175,28,267,15,128,41,65,2.04,1.02,37.66,70.31,8.32,33.28,6.40,1.20,5.57,0.97,5.44,1.03,3.18,0.48,3.13,0.48,8.64,8.64
390,32,12,126,9,28,57,22,101,202,27,258,17,147,48,69,1.68,1.02,30.58,55.56,6.61,26.43,5.15,1.11,4.43,0.84,4.69,0.94,2.95,0.46,3.16,0.50,8.65,8.65
383,33,13,99,9,32,42,23,71,270,22,232,13,98,40,77,1.53,1.19,26.20,38.54,5.60,22.50,4.39,1.23,3.85,0.77,4.47,0.86,2.78,0.44,2.90,0.42,11.05,11.05
373,36,14,101,7,35,43,21,72,273,23,178,11,114,44,82,1.63,1.17,25.28,45.80,5.36,21.25,4.16,1.07,3.80,0.69,4.18,0.81,2.54,0.38,2.62,0.39,7.28,7.28
412,31,14,111,5,35,48,25,75,233,24,192,11,114,44,91,1.48,1.15,27.11,50.03,5.82,23.83,4.55,1.17,4.22,0.82,5.09,0.97,3.33,0.54,3.50,0.51,7.41,7.41
402,40,14,139,12,33,66,24,110,190,29,225,15,156,62,96,1.64,1.32,37.84,70.45,8.15,31.37,5.71,1.47,5.13,0.93,5.34,1.03,3.10,0.45,3.26,0.45,8.00,8.00
364,30,16,112,11,34,44,19,77,190,36,298,20,119,50,86,1.87,1.14,40.43,74.70,8.68,34.46,6.72,1.46,6.24,1.14,6.70,1.31,4.09,0.65,4.13,0.58,11.81,11.81
392,29,12,81,5,29,44,16,78,209,28,261,14,102,35,87,1.66,1.21,35.43,66.27,7.51,30.39,5.66,1.28,5.24,0.96,5.51,1.11,3.46,0.55,3.68,0.53,10.65,10.65
420,34,13,103,10,37,52,21,97,183,29,291,14,132,52,85,1.89,1.31,38.93,74.46,8.64,34.91,6.49,1.43,5.74,1.01,5.67,1.08,3.32,0.50,3.30,0.48,10.10,10.10
414,29,14,146,2,32,97,31,83,97,26,164,11,236,96,98,1.70,1.03,27.02,53.00,6.22,26.26,5.43,1.22,4.72,0.85,4.89,0.90,2.72,0.40,2.69,0.39,5.28,5.28
251,26,14,137,4,23,79,25,83,156,28,249,13,185,70,82,1.65,1.00,36.70,68.14,8.10,31.74,6.27,1.47,5.57,1.02,5.69,1.10,3.36,0.49,3.26,0.50,7.49,7.49
154,30,11,114,9,27,71,26,55,249,28,241,14,173,35,71,1.77,0.99,25.85,49.32,6.35,27.51,6.25,1.46,5.43,1.04,5.76,1.07,3.18,0.49,3.06,0.45,7.98,7.98
159,29,12,94,14,28,54,21,57,179,31,261,16,131,27,51,2.11,0.88,31.60,58.65,6.79,27.39,5.56,1.09,5.01,1.00,5.94,1.13,3.59,0.53,3.48,0.52,7.07,7.07
325,39,14,110,14,30,57,22,119,184,28,252,17,139,46,79,2.11,1.07,38.61,70.36,8.34,33.27,6.66,1.26,5.69,1.02,5.57,1.05,3.22,0.48,3.15,0.48,7.36,7.36
407,35,15,104,15,34,57,22,86,237,23,196,14,128,42,82,1.46,1.21,29.94,54.63,6.46,24.71,4.68,1.24,4.31,0.78,4.38,0.88,2.71,0.43,2.93,0.44,8.67,8.67
425,33,13,100,4,35,42,18,75,240,22,254,12,107,42,73,1.42,1.10,21.90,40.40,4.74,18.77,3.84,1.01,3.35,0.64,3.72,0.76,2.43,0.39,2.64,0.42,7.95,7.95
392,34,15,123,7,37,50,22,75,206,23,180,10,124,53,85,1.46,1.17,22.91,42.58,4.91,19.69,3.74,1.02,3.45,0.61,3.85,0.78,2.45,0.36,2.67,0.39,6.36,6.36
407,29,12,105,6,35,46,20,72,196,25,207,11,108,42,82,1.74,1.09,29.32,55.33,6.38,25.01,4.92,1.12,4.61,0.84,4.04,0.85,2.49,0.48,3.67,0.45,7.27,7.27
393,35,16,123,3,42,61,26,87,251,24,160,12,134,69,95,1.40,1.28,33.39,63.09,7.07,28.28,5.11,1.22,4.51,0.74,4.20,0.79,2.41,0.37,2.32,0.33,6.58,6.58
355,29,14,113,11,32,56,19,87,214,27,206,12,119,49,88,1.83,1.27,33.82,62.84,7.47,29.07,5.54,1.28,4.89,0.90,5.07,0.96,2.90,0.49,3.02,0.44,8.60,8.60
364,38,12,97,9,36,56,16,94,205,30,294,16,131,44,90,1.86,1.37,38.53,72.91,8.51,33.78,6.34,1.39,5.69,0.95,5.49,1.05,3.17,0.52,3.17,0.45,12.39,12.39
320,40,13,106,11,34,58,16,101,144,30,285,16,140,60,74,1.95,1.36,41.92,81.83,9.22,37.10,6.91,1.48,5.96,1.06,5.87,1.09,3.29,0.51,3.34,0.52,11.11,11.11
392,31,12,95,8,23,72,23,96,115,31,329,13,174,46,81,1.62,0.96,44.46,83.45,9.62,38.16,6.85,1.38,6.16,1.11,6.33,1.24,3.73,0.58,3.74,0.56,11.00,11.00
268,33,11,123,1,23,102,28,79,133,60,435,22,292,43,96,1.78,1.13,50.03,98.94,12.16,50.65,10.62,2.29,9.77,1.98,11.76,2.34,7.10,1.11,7.07,1.07,17.20,17.20
195,34,13,112,10,25,60,20,73,227,35,286,18,159,35,72,1.98,1.16,37.22,65.55,8.23,33.16,6.87,1.38,6.16,1.14,6.57,1.24,3.85,0.58,3.85,0.57,8.83,8.83
232,33,12,106,14,36,59,19,88,178,33,248,17,142,34,65,2.12,1.05,39.47,74.39,8.54,32.87,6.57,1.22,5.82,1.05,5.74,1.08,3.25,0.50,3.34,0.47,7.60,7.60
288,34,11,96,14,34,50,18,113,188,27,248,18,125,35,72,2.14,0.94,32.90,57.22,6.89,27.36,5.34,1.09,4.95,0.92,5.24,1.03,3.15,0.51,3.29,0.46,6.34,6.34
327,40,15,123,12,26,77,23,97,198,35,278,16,184,49,83,1.80,1.14,41.89,75.30,9.24,37.15,7.18,1.55,6.62,1.21,6.78,1.28,3.94,0.63,4.04,0.58,8.31,8.31
418,30,12,96,12,35,42,17,71,229,25,243,11,105,46,84,1.46,1.18,29.03,51.99,6.27,25.14,4.61,1.04,4.33,0.82,4.62,0.96,2.86,0.46,2.88,0.46,10.07,10.07
333,31,13,113,9,32,53,19,82,178,27,273,13,137,44,83,1.70,1.26,37.93,68.86,8.24,31.50,5.82,1.28,5.38,1.04,5.86,1.16,3.39,0.56,3.46,0.54,10.95,10.95
414,35,13,129,10,33,56,21,85,180,30,226,11,140,52,86,1.69,1.28,32.24,59.28,7.21,28.31,5.39,1.29,4.97,0.89,5.39,1.05,3.18,0.51,3.04,0.49,8.01,8.01
392,29,12,108,11,35,57,21,89,167,29,257,13,139,54,89,1.86,1.40,38.79,74.78,8.67,33.79,6.42,1.33,5.60,1.03,5.59,1.08,3.29,0.53,3.19,0.52,11.58,11.58
353,32,13,99,8,34,57,18,96,206,29,288,14,150,44,87,1.93,1.30,39.08,72.49,8.41,32.14,6.12,1.29,5.41,1.00,5.46,1.06,3.07,0.52,3.00,0.47,9.98,9.98
308,28,12,102,16,35,57,18,101,207,28,279,17,144,38,74,2.09,1.20,39.86,75.77,8.33,33.23,6.47,1.29,5.28,0.99,5.62,1.03,3.10,0.48,3.00,0.45,7.81,7.81
300,36,12,83,6,36,42,17,62,237,24,223,14,103,39,57,1.97,1.08,24.19,44.13,5.14,20.94,4.13,1.06,3.59,0.66,3.99,0.73,2.23,0.35,2.18,0.35,5.93,5.93
749,29,13,137,2,29,64,31,75,70,23,165,10,116,81,128,2.02,1.10,25.26,47.61,5.78,23.99,4.85,1.29,4.49,0.84,4.61,0.88,2.79,0.43,2.82,0.43,4.62,4.62
283,40,15,143,13,20,84,24,83,114,61,466,23,206,43,85,1.97,1.15,61.57,107.26,14.17,57.69,11.74,2.56,11.12,2.18,12.62,2.50,7.67,1.24,8.28,1.19,17.48,17.48
299,35,15,101,14,25,78,28,66,273,36,266,15,165,41,80,1.90,1.03,44.33,79.30,9.74,38.96,7.48,1.70,7.15,1.28,7.55,1.44,4.51,0.69,4.47,0.66,8.61,8.61
219,34,12,93,10,30,105,25,89,291,31,245,16,274,35,66,2.11,1.04,35.81,64.51,7.99,32.21,6.55,1.31,6.17,1.11,5.86,1.16,3.41,0.53,3.44,0.49,7.00,7.00
201,32,13,122,4,27,134,29,71,211,38,336,19,350,38,71,1.76,1.13,31.35,58.18,7.29,30.48,6.69,1.73,6.73,1.38,8.47,1.65,5.30,0.85,5.79,0.83,13.12,13.12
288,40,13,106,7,29,60,26,97,197,30,244,15,159,45,79,2.03,1.16,36.49,65.43,8.00,31.63,6.32,1.36,5.83,1.08,6.31,1.24,3.80,0.61,4.01,0.56,7.67,7.67
331,30,15,110,9,32,57,22,81,219,30,224,13,147,51,79,1.78,1.43,39.56,70.28,8.53,34.13,6.32,1.46,5.82,1.05,5.81,1.22,3.40,0.56,3.44,0.54,7.96,7.96
405,34,14,115,15,36,50,20,84,205,27,241,15,128,44,73,1.80,1.27,31.25,58.36,6.95,27.59,5.29,1.26,4.82,0.86,4.93,1.02,2.89,0.49,3.11,0.47,9.78,9.78
442,31,14,109,12,30,56,19,99,205,25,218,13,135,50,88,1.77,1.37,35.28,65.48,7.77,29.95,5.56,1.23,4.94,0.88,5.00,0.99,3.02,0.47,2.88,0.45,8.02,8.02
417,32,11,93,13,35,51,19,93,189,30,272,15,144,44,85,1.85,1.27,44.27,82.99,9.62,38.11,7.46,1.35,6.23,1.14,6.56,1.28,3.89,0.59,3.99,0.59,10.58,10.58
360,34,12,103,7,32,47,18,85,193,28,296,16,122,49,77,1.61,1.2,35.34,67.95,7.46,29.25,5.85,1.24,4.89,0.88,5.06,0.96,3.06,0.49,3.13,0.51,10.87,10.87
365,39,13,132,12,30,77,23,94,193,25,240,17,185,58,83,1.74,1.29,33.84,65.03,7.21,28.85,5.59,1.21,4.67,0.86,4.81,0.84,2.61,0.39,2.47,0.37,7.50,7.50
382,40,12,112,15,29,67,23,109,154,42,424,23,149,56,94,2.05,1.22,64.93,121.00,13.64,54.63,10.34,2.04,8.91,1.62,9.44,1.73,5.12,0.75,4.60,0.68,11.39,11.39
325,31,12,129,6,30,72,31,83,122,25,165,12,139,88,98,1.54,1.09,28.33,53.96,6.68,27.00,5.55,1.41,5.09,0.94,5.04,0.93,2.82,0.45,2.97,0.40,5.70,5.70
295,36,15,133,11,25,120,32,97,151,68,644,26,346,53,101,1.98,1.35,58.11,112.77,14.88,62.49,13.34,2.87,12.41,2.40,14.05,2.73,8.35,1.35,8.93,1.26,21.03,21.03
209,39,12,105,16,29,89,23,101,174,67,545,27,253,31,64,2.36,1.37,54.64,106.89,14.03,58.43,12.23,2.51,11.67,2.29,13.80,2.61,7.98,1.26,7.60,1.20,18.05,18.05
206,37,12,80,14,36,94,23,100,264,40,331,19,277,27,59,2.58,1.11,42.95,80.77,10.02,40.38,8.37,1.55,7.44,1.36,7.57,1.38,4.10,0.64,3.88,0.60,10.93,10.93
251,31,12,96,11,28,81,22,86,280,46,440,24,213,33,70,2.24,1.09,42.27,83.40,10.12,41.34,8.85,1.90,8.25,1.64,9.53,1.84,5.71,0.93,5.62,0.87,14.13,14.13
259,38,11,92,12,28,54,20,79,237,38,377,22,140,27,58,2.18,1.04,36.00,67.71,8.33,33.32,6.73,1.46,6.46,1.22,7.35,1.40,4.57,0.74,4.54,0.70,12.68,12.68
272,32,12,81,15,28,50,26,84,269,31,239,18,109,29,74,2.00,1.19,34.48,62.17,7.52,29.59,5.93,1.25,5.28,0.97,5.67,1.08,3.36,0.53,3.37,0.52,7.17,7.17
274,27,12,84,12,23,54,25,91,194,30,274,18,133,39,87,2.08,1.29,39.41,72.41,8.78,34.22,6.81,1.40,6.14,1.09,6.33,1.19,3.55,0.55,3.67,0.55,8.67,8.67
388,20,14,95,15,26,64,28,104,182,26,241,15,134,50,96,1.88,1.24,42.31,78.99,9.15,35.72,6.83,1.33,5.86,0.99,5.47,1.00,3.06,0.47,3.01,0.44,6.39,6.39
410,28,14,104,17,28,58,24,99,193,27,290,17,123,40,93,1.81,1.26,37.85,73.44,8.28,32.26,6.27,1.32,5.58,0.97,5.59,1.05,3.20,0.51,3.35,0.50,9.06,9.06
387,30,15,122,12,23,75,23,89,151,29,256,16,150,58,80,1.81,1.24,38.47,74.85,8.26,32.56,6.31,1.40,5.52,0.93,5.22,0.96,2.94,0.45,2.87,0.43,7.61,7.61
333,23,15,129,17,24,68,21,94,199,32,311,18,157,47,79,1.82,1.20,41.62,80.05,9.09,36.48,7.08,1.43,6.18,1.08,6.34,1.18,3.63,0.58,3.66,0.54,8.88,8.88
346,25,12,75,11,27,41,20,57,228,35,318,19,92,23,56,1.57,1.08,38.28,71.75,8.38,33.33,6.70,1.36,6.51,1.24,7.57,1.49,4.53,0.74,4.55,0.67,10.64,10.64
272,23,16,111,5,112,79,25,73,108,20,170,11,135,249,171,1.24,0.99,26.87,51.14,6.16,24.92,4.65,1.04,4.39,0.79,4.41,0.85,2.59,0.40,2.40,0.36,5.45,5.45
285,28,14,146,5,26,86,32,88,118,38,233,17,196,66,96,1.67,1.20,44.89,80.96,10.24,41.55,7.83,1.75,7.36,1.34,7.75,1.46,4.48,0.70,4.07,0.65,8.68,8.68
271,22,13,115,10,22,87,24,77,185,48,391,21,221,33,77,2.12,1.15,48.56,92.23,11.59,48.13,9.79,2.17,9.33,2.19,11.18,2.17,6.73,1.10,6.44,1.06,13.28,13.28
239,17,12,109,14,31,82,27,118,178,40,272,19,200,40,80,2.72,1.18,49.97,89.55,11.37,46.04,9.09,1.76,8.43,1.54,8.81,1.67,5.03,0.81,4.92,0.76,11.57,11.57
213,23,12,86,15,35,83,22,94,207,31,243,20,198,42,86,2.35,0.98,37.76,70.71,8.57,34.01,6.48,1.29,5.85,1.06,5.99,1.05,3.35,0.54,3.29,0.51,8.28,8.28
248,35,13,142,11,33,77,25,101,164,34,246,18,178,76,79,2.56,1.10,40.00,75.11,9.12,36.98,7.21,1.43,6.81,1.26,7.19,1.36,3.93,0.62,3.91,0.60,7.40,7.40
328,35,12,112,13,23,65,26,103,207,37,278,21,153,57,86,1.98,1.21,42.18,80.23,9.61,38.31,7.68,1.54,6.92,1.30,7.17,1.39,4.18,0.64,4.16,0.60,7.36,7.36
294,33,14,140,12,18,67,31,77,193,37,308,19,149,105,88,1.90,1.26,38.38,70.77,8.80,36.15,7.68,1.68,7.20,1.36,7.83,1.52,4.47,0.69,4.38,0.64,8.86,8.86
340,27,12,76,14,23,64,22,80,212,33,346,18,162,36,77,1.98,1.13,47.62,89.55,10.38,41.10,7.83,1.58,6.85,1.19,6.65,1.28,3.85,0.59,3.90,0.58,10.90,10.90
298,26,10,81,15,27,59,24,95,208,31,277,18,131,33,82,2.01,1.12,45.43,87.18,9.73,37.81,7.25,1.41,6.36,1.15,6.27,1.20,3.58,0.55,3.57,0.53,8.47,8.47
324,26,13,97,12,24,48,13,72,211,37,288,17,107,40,78,1.57,1.06,45.96,87.66,10.14,39.78,7.58,1.76,7.11,1.28,7.73,1.44,4.35,0.68,4.35,0.66,10.65,10.65
338,26,12,109,13,32,73,21,90,221,29,259,18,175,40,74,1.68,1.08,33.68,65.79,7.46,30.28,6.16,1.41,5.58,1.01,6.05,1.13,3.41,0.54,3.48,0.51,7.49,7.49
357,19,14,110,14,26,52,22,77,205,28,298,16,129,39,70,1.56,1.10,32.13,64.64,6.69,27.85,5.53,1.27,5.11,0.97,5.89,1.13,3.60,0.59,3.85,0.57,9.49,9.49
228,23,13,87,14,33,65,23,87,129,26,215,13,118,29,71,1.82,1.14,37.07,67.77,8.22,32.55,5.86,1.09,5.33,0.88,4.61,0.82,2.44,0.38,2.20,0.34,6.86,6.86
198,23,16,80,7,31,57,23,75,109,21,204,14,99,33,114,1.36,0.93,28.91,54.38,6.26,25.23,4.84,0.97,4.22,0.72,3.88,0.74,2.18,0.32,2.13,0.31,4.99,4.99
276,33,16,116,10,22,75,34,73,193,31,320,16,180,46,87,1.64,1.18,35.34,66.54,8.02,32.69,6.53,1.46,5.90,1.05,5.79,1.10,3.30,0.52,3.23,0.48,8.39,8.39
277,20,15,105,13,23,81,25,75,216,35,309,19,192,35,83,2.33,1.12,51.34,88.45,10.91,42.74,7.90,1.60,6.95,1.22,6.51,1.24,3.70,0.56,3.57,0.53,9.15,9.15
329,42,14,105,8,26,88,28,97,236,31,223,17,195,44,77,2.17,1.09,43.77,77.61,9.46,37.51,7.14,1.49,6.22,1.13,6.20,1.21,3.61,0.56,3.64,0.53,6.80,6.80
322,35,14,96,15,32,60,21,100,195,37,275,24,138,37,77,2.26,1.16,39.44,73.58,8.57,34.15,6.80,1.50,6.22,1.18,6.66,1.31,4.00,0.61,4.02,0.59,7.83,7.83
268,32,12,97,16,33,53,26,112,148,37,295,21,119,57,73,2.66,1.12,40.29,73.11,8.80,35.32,7.22,1.32,6.60,1.30,7.39,1.43,4.28,0.66,4.14,0.60,9.52,9.52
249,22,11,84,13,27,45,17,72,190,37,381,22,116,36,70,1.91,1.07,47.43,94.43,10.82,42.24,8.35,1.51,7.21,1.27,7.34,1.36,4.23,0.65,4.30,0.64,11.65,11.65
375,31,13,115,14,27,72,24,108,211,41,346,38,149,43,89,2.48,1.31,52.25,101.14,12.46,50.08,10.19,2.17,9.00,1.63,9.32,1.74,5.18,0.81,5.04,0.72,10.27,10.27
356,30,12,91,15,31,53,17,102,196,43,371,31,111,33,79,2.36,1.29,52.71,99.87,11.69,45.18,8.92,1.63,8.08,1.49,8.65,1.64,4.99,0.79,5.12,0.74,11.85,11.85
378,23,12,97,8,27,52,20,76,254,33,278,21,121,30,67,1.87,1.11,29.17,57.79,6.78,27.45,5.87,1.35,5.36,1.05,6.13,1.18,3.61,0.59,3.74,0.55,8.88,8.88
353,34,13,100,9,28,75,23,92,236,29,236,17,173,41,77,1.70,1.15,28.69,55.75,6.49,26.02,5.37,1.26,5.29,1.12,7.51,1.69,5.54,0.89,5.52,0.83,6.82,6.82
418,27,13,87,17,26,66,15,103,198,35,305,22,157,33,68,1.81,1.01,39.97,76.78,8.73,34.42,7.03,1.51,6.40,1.22,7.19,1.39,4.32,0.69,4.44,0.65,8.87,8.87
271,21,12,70,15,28,39,21,119,97,16,143,11,81,30,89,2.33,1.62,39.45,64.25,8.19,31.69,6.04,1.17,5.09,0.84,4.51,0.77,2.16,0.32,1.92,0.29,3.90,3.90
241,32,14,109,6,29,74,28,88,119,30,256,13,141,44,85,2.08,1.55,31.80,59.43,6.68,25.87,4.85,0.94,4.13,0.68,3.75,0.67,1.96,0.29,1.76,0.26,4.01,4.01
191,27,14,123,11,23,83,28,63,155,29,244,21,199,90,68,1.52,1.11,36.51,68.10,8.15,32.28,6.16,1.25,5.48,0.94,5.29,0.97,2.84,0.44,2.86,0.44,6.87,6.87
313,25,14,136,11,31,72,30,71,182,29,228,16,149,77,107,1.86,1.18,29.61,54.92,6.77,27.55,5.69,1.36,5.35,1.00,5.93,1.13,3.45,0.56,3.50,0.52,6.24,6.24
222,29,14,126,10,28,82,28,65,189,47,521,22,256,53,80,1.62,1.13,27.37,53.22,6.40,26.74,5.65,1.41,5.18,1.02,5.90,1.10,3.28,0.52,3.28,0.50,6.19,6.19
288,36,14,136,10,26,83,32,68,187,47,492,22,254,52,84,2.21,1.19,44.08,87.55,10.61,43.20,8.93,2.06,8.10,1.52,9.24,1.77,5.36,0.85,5.49,0.83,15.13,15.13
260,35,12,113,13,30,85,31,101,172,40,257,20,195,45,82,2.14,1.07,39.92,71.20,8.80,34.78,6.76,1.45,6.10,1.09,6.34,1.19,3.63,0.57,3.68,0.53,6.45,6.45
266,22,11,75,14,32,43,16,96,191,33,304,23,96,29,59,1.92,1.04,37.40,73.37,8.71,34.42,6.72,1.32,5.98,1.07,6.26,1.17,3.60,0.56,3.65,0.54,8.28,8.28
319,26,13,61,17,26,40,11,99,174,39,383,25,84,21,61,2.17,1.01,42.34,83.66,9.39,36.98,7.47,1.41,6.88,1.29,7.45,1.43,4.22,0.66,4.21,0.61,9.95,9.95
269,24,14,86,18,32,64,18,133,191,45,391,28,132,30,70,2.54,1.14,52.19,102.42,11.58,44.69,9.03,1.54,7.93,1.48,8.47,1.59,4.81,0.76,4.79,0.70,11.91,11.91
291,27,11,92,18,26,55,15,105,189,46,317,31,137,33,63,2.18,1.17,43.31,87.19,10.32,42.00,8.90,1.81,8.32,1.65,9.86,1.90,5.88,0.94,6.04,0.91,10.27,10.27
352,29,12,128,16,26,57,21,98,183,41,233,27,121,64,63,1.97,1.24,37.96,74.68,9.02,36.63,7.91,1.71,7.11,1.35,7.93,1.50,4.50,0.71,4.52,0.67,6.92,6.92
217,21,12,81,22,22,54,16,108,155,42,265,27,121,24,61,2.03,1.06,52.39,99.93,11.47,44.41,8.79,1.41,7.83,1.48,8.27,1.52,4.80,0.75,4.92,0.71,7.88,7.88
348,32,13,79,11,33,52,26,163,142,27,196,15,106,30,79,2.74,1.76,45.52,83.04,9.55,36.35,6.71,1.27,5.74,0.95,5.25,0.96,2.85,0.43,2.82,0.42,5.58,5.58
269,26,13,88,7,28,58,27,142,120,23,181,13,118,33,88,2.60,1.75,42.29,70.00,8.84,35.06,6.53,1.30,5.64,0.95,4.96,0.88,2.63,0.38,2.40,0.35,5.03,5.03
275,22,13,78,11,29,41,21,122,88,24,189,13,93,22,82,2.31,1.91,39.09,73.40,8.51,33.51,6.38,1.16,5.33,0.92,4.79,0.87,2.55,0.39,2.40,0.35,6.32,6.32
216,30,13,124,14,28,73,28,69,93,28,326,20,184,48,81,1.47,1.08,31.23,63.70,6.93,28.21,5.48,1.20,4.88,0.89,5.11,0.95,3.03,0.47,3.16,0.49,13.54,13.54
315,34,13,125,9,35,67,26,92,98,26,213,13,154,71,116,1.52,1.40,30.03,54.89,6.63,27.05,5.37,1.23,4.72,0.82,4.58,0.84,2.51,0.39,2.52,0.37,6.44,6.44
362,35,13,105,9,29,63,21,82,196,37,278,18,140,50,77,1.79,1.20,35.88,65.42,7.89,32.08,6.45,1.43,5.62,1.07,5.97,1.12,3.49,0.55,3.49,0.52,7.42,7.42
187,22,11,91,18,27,67,18,83,119,46,393,33,174,36,69,2.63,1.14,60.63,117.60,13.12,51.22,9.79,1.82,8.59,1.53,8.18,1.51,4.69,0.72,4.74,0.71,10.77,10.77
284,27,11,81,22,30,55,19,128,144,41,344,26,131,27,66,2.93,1.09,61.29,119.37,13.28,51.30,9.66,1.60,8.39,1.50,7.97,1.45,4.52,0.68,4.27,0.63,10.49,10.49
268,34,14,80,18,28,55,15,133,139,43,250,24,173,29,61,2.68,1.07,52.28,98.67,11.36,44.19,8.79,1.24,7.56,1.36,7.31,1.32,4.08,0.63,4.12,0.60,6.78,6.78
291,28,11,88,21,23,55,18,116,160,54,331,32,119,35,68,2.41,1.13,60.10,113.54,13.09,52.03,10.67,1.97,9.92,1.89,11.11,2.08,6.58,1.01,6.64,0.97,8.90,8.90
336,22,12,81,20,31,43,15,137,151,40,268,26,98,26,67,2.63,1.15,49.02,93.64,10.50,40.69,7.91,1.45,7.26,1.35,7.76,1.48,4.70,0.75,4.73,0.69,7.18,7.18
223,20,13,100,26,22,46,17,95,118,48,301,40,110,28,70,2.60,1.18,75.77,135.24,16.34,62.67,12.18,1.80,10.86,2.07,11.72,2.18,6.96,1.08,6.85,1.01,8.88,8.88
284,35,12,105,13,22,70,24,137,142,39,332,21,166,51,82,2.13,1.59,50.35,93.96,10.97,43.55,8.39,1.73,7.48,1.39,7.83,1.45,4.56,0.70,4.54,0.67,12.02,12.02
296,35,15,155,7,20,75,27,99,123,49,375,22,173,82,87,1.85,1.48,44.07,76.52,10.30,43.26,9.38,2.08,8.67,1.72,10.20,1.97,6.02,0.97,6.19,0.93,14.11,14.11
301,32,14,102,15,37,59,21,137,161,35,312,19,149,59,109,2.04,1.51,51.44,92.41,11.00,44.14,8.22,1.55,7.00,1.24,6.58,1.21,3.75,0.57,3.76,0.55,10.17,10.17
308,39,14,107,13,28,62,23,103,179,44,392,26,158,45,84,2.24,1.24,49.29,97.01,11.14,44.29,9.43,1.57,8.09,1.52,8.56,1.63,5.16,0.83,5.46,0.81,12.35,12.35
239,43,16,131,12,23,63,31,73,132,41,361,22,151,51,78,1.68,1.25,29.65,56.62,6.67,27.76,6.10,1.35,5.90,1.25,8.12,1.56,4.97,0.82,5.40,0.81,11.56,11.56
246,31,17,115,10,41,65,22,87,114,22,189,14,136,43,110,1.31,1.18,31.23,59.41,6.77,27.33,5.16,1.00,4.38,0.73,3.89,0.70,2.01,0.32,1.89,0.28,5.06,5.06
338,32,15,94,13,22,58,22,107,157,26,230,13,113,34,89,2.06,1.48,33.67,68.67,7.38,29.62,5.55,1.18,4.86,0.80,4.27,0.76,2.31,0.35,2.22,0.33,5.80,5.80
394,21,13,105,21,27,52,19,135,115,28,264,18,121,49,92,2.54,1.68,48.49,90.73,10.18,40.83,7.41,1.48,6.33,1.07,5.53,0.97,3.00,0.44,2.81,0.41,7.58,7.58
378,29,11,61,22,26,29,12,103,103,25,468,15,85,32,57,2.01,1.84,34.55,60.28,7.26,28.59,5.34,1.11,4.84,0.84,4.57,0.86,2.74,0.44,2.71,0.43,13.81,13.81
330,23,13,95,16,23,44,16,113,97,29,300,17,120,40,75,2.14,1.80,40.66,76.50,8.58,33.79,6.35,1.29,5.71,0.99,5.09,0.94,2.97,0.44,2.86,0.42,8.25,8.25
367,30,12,87,16,27,43,16,123,178,30,311,19,114,30,80,2.93,1.53,46.80,83.02,10.06,39.68,7.35,1.45,6.25,1.12,6.19,1.16,3.53,0.56,3.56,0.53,9.14,9.14
376,24,12,68,15,23,32,14,104,176,31,328,17,83,27,64,2.34,1.54,44.04,82.23,9.47,37.36,6.95,1.30,6.02,1.09,6.03,1.13,3.53,0.54,3.57,0.55,9.82,9.82
336,21,15,116,12,24,75,20,88,144,33,218,18,145,62,88,2.15,1.10,44.55,83.44,10.05,40.16,7.84,1.46,6.64,1.20,6.54,1.20,3.57,0.54,3.41,0.50,6.62,6.62
304,29,15,89,9,30,47,18,104,202,30,287,16,97,31,73,1.98,1.25,68.17,125.21,16.60,68.60,13.10,3.22,12.00,2.20,12.53,2.35,7.29,1.15,7.26,1.08,21.57,21.57
394,42,12,129,12,21,78,27,99,174,58,589,24,145,51,93,2.24,1.39,49.49,95.05,11.96,48.99,10.59,2.48,9.90,2.00,12.22,2.36,7.50,1.24,8.04,1.21,28.28,28.28
297,30,15,121,15,25,67,26,103,172,63,868,27,139,45,80,2.22,1.41,42.52,81.51,10.25,42.41,9.13,2.17,8.71,1.73,10.56,2.02,6.46,1.06,6.57,0.97,15.69,15.69
254,33,12,117,9,21,62,21,99,153,52,425,23,148,42,80,1.88,1.23,28.16,51.94,6.29,25.44,5.28,1.21,4.86,0.92,5.53,1.07,3.38,0.56,3.62,0.53,10.13,10.13
366,34,11,96,9,31,64,41,95,203,29,315,14,119,41,64,1.73,1.30,28.79,53.81,6.31,25.69,5.28,1.26,4.72,0.88,5.28,1.04,3.30,0.56,3.57,0.52,8.91,8.91
282,48,13,115,12,30,50,25,74,174,28,261,16,115,31,73,1.81,1.31,37.84,69.82,8.15,32.39,6.32,1.26,5.63,1.03,6.01,1.12,3.53,0.56,3.54,0.52,8.14,8.14
414,23,16,84,15,27,46,17,150,240,29,279,17,100,29,72,2.74,1.70,47.18,85.54,10.22,40.56,7.57,1.47,6.23,1.15,5.50,0.97,2.91,0.43,2.73,0.42,8.50,8.50
434,30,14,84,16,29,39,16,165,172,29,240,18,102,31,90,3.72,1.96,43.79,81.28,9.52,37.91,7.13,1.37,5.91,1.10,6.03,1.14,3.52,0.54,3.44,0.52,7.93,7.93
445,19,14,71,17,26,32,13,135,170,27,368,15,94,36,72,2.86,1.99,44.91,80.78,9.60,37.67,6.92,1.28,5.89,1.09,6.25,1.26,4.32,0.74,4.85,0.76,11.76,11.76
382,18,9,60,15,28,28,13,90,121,26,375,11,88,29,52,2.34,1.86,46.20,85.79,9.78,38.86,7.08,1.24,5.98,1.05,5.87,1.10,3.48,0.54,3.47,0.53,14.65,14.65
383,27,15,101,15,26,54,17,121,129,30,319,20,129,40,80,2.48,1.47,46.60,89.29,10.18,40.68,7.52,1.51,6.65,1.20,6.78,1.27,3.86,0.61,3.83,0.58,11.31,11.31
446,24,13,90,14,31,50,16,132,157,32,319,18,129,38,90,2.86,1.79,44.32,84.86,9.60,38.22,7.12,1.44,6.01,1.08,5.93,1.12,3.47,0.52,3.41,0.52,9.26,9.26
394,27,13,90,16,28,47,17,132,147,30,369,17,113,39,75,2.72,1.66,58.66,96.65,12.59,49.71,8.89,1.53,7.33,1.30,6.89,1.28,3.93,0.60,3.83,0.59,12.22,12.22
264,31,13,114,5,21,110,31,80,267,24,197,15,256,52,74,1.37,1.06,26.02,49.34,5.92,24.35,5.05,1.29,4.50,0.82,4.69,0.86,2.66,0.41,2.66,0.39,5.13,5.13
302,29,12,120,9,23,94,25,94,183,56,464,24,218,65,88,1.64,1.22,44.39,86.02,11.30,48.72,10.63,2.60,9.92,1.93,11.63,2.19,6.81,1.09,6.98,1.00,13.97,13.97
338,39,12,122,14,27,87,25,118,166,40,293,20,201,63,92,2.18,1.31,49.85,87.09,11.31,45.59,8.80,1.91,7.89,1.42,8.02,1.44,4.54,0.70,4.43,0.65,8.62,8.62
370,34,12,110,4,27,50,16,98,183,31,246,15,115,35,70,1.73,1.11,30.43,56.39,6.78,27.09,5.44,1.27,4.90,0.95,5.44,1.05,3.31,0.54,3.45,0.51,6.80,6.80
368,34,11,109,15,26,53,22,91,171,40,395,23,127,31,76,1.91,1.44,50.31,91.29,11.07,44.48,8.77,1.74,7.76,1.42,7.88,1.52,4.65,0.73,4.83,0.74,13.09,13.09
258,29,13,110,11,24,52,22,95,156,45,458,23,124,37,79,1.83,1.37,44.97,85.57,10.04,40.75,8.44,1.66,7.58,1.42,8.22,1.57,4.78,0.77,4.90,0.74,13.56,13.56
297,32,11,113,17,26,70,22,95,164,45,381,21,182,35,74,2.04,1.39,52.12,99.34,11.60,46.48,9.27,1.86,8.49,1.58,9.06,1.75,5.34,0.85,5.49,0.82,11.52,11.52
391,23,15,96,19,26,39,17,165,143,32,276,20,105,33,76,4.17,2.05,49.58,90.84,10.80,42.66,7.90,1.47,6.81,1.29,7.32,1.39,4.32,0.66,4.32,0.65,9.74,9.74
406,23,14,80,15,32,42,11,124,148,35,302,15,98,28,85,2.90,2.06,43.66,80.81,9.54,37.18,6.86,1.36,6.19,1.11,6.56,1.29,4.08,0.61,3.88,0.57,9.47,9.47
458,30,11,73,18,25,29,13,127,162,30,434,15,88,35,68,2.39,1.99,39.75,72.81,8.59,33.04,6.15,1.27,5.56,0.96,5.46,1.01,3.18,0.48,3.09,0.48,12.54,12.54
395,25,13,84,13,27,40,16,138,115,37,323,14,104,49,75,3.80,2.21,40.74,78.54,8.74,34.28,6.44,1.33,5.84,1.02,6.14,1.25,4.12,0.65,4.26,0.62,10.80,10.80
327,28,12,91,17,32,46,18,138,114,27,305,16,124,42,89,2.24,2.05,41.01,78.37,8.85,34.72,6.45,1.27,5.42,0.96,5.07,0.92,2.78,0.43,2.81,0.43,8.71,8.71
388,36,13,105,12,29,58,18,163,103,31,315,18,133,46,83,2.42,2.19,44.34,85.77,9.57,37.68,7.11,1.40,5.97,1.04,5.46,1.02,3.11,0.49,3.09,0.46,9.50,9.50
223,36,14,156,0.0005,19,105,33,69,181,30,194,16,261,192,78,1.30,1.22,24.93,48.86,6.14,26.32,5.89,1.51,5.47,1.06,5.93,1.14,3.44,0.54,3.40,0.52,5.25,5.25
263,31,11,101,6,20,66,21,100,264,24,246,15,175,44,80,1.58,1.26,35.75,65.79,8.01,32.56,6.25,1.36,5.38,0.94,5.13,0.94,2.87,0.45,2.90,0.43,8.29,8.29
267,45,12,108,10,26,49,18,90,204,33,373,17,133,50,72,1.89,1.28,34.29,64.69,7.72,31.46,6.37,1.43,5.63,1.08,6.36,1.26,3.92,0.63,3.98,0.62,10.32,10.32
354,28,12,122,10,24,58,19,97,163,37,487,22,136,43,82,1.79,1.25,33.92,63.00,7.59,31.14,6.51,1.53,5.89,1.16,6.90,1.36,4.25,0.69,4.51,0.69,16.11,16.11
255,36,17,142,10,25,63,27,73,135,43,407,24,129,55,88,1.82,1.33,31.25,60.64,7.37,30.62,6.88,1.69,6.65,1.39,8.45,1.70,5.31,0.87,5.55,0.83,13.38,13.38
368,34,11,117,10,29,54,21,87,180,38,407,24,139,33,79,1.96,1.31,39.75,69.36,8.91,35.82,7.41,1.51,6.68,1.30,7.66,1.50,4.69,0.75,4.83,0.73,14.47,14.47
294,37,13,103,13,29,63,22,96,205,36,312,20,155,44,76,1.81,1.25,40.41,75.45,9.00,35.91,7.29,1.52,6.49,1.19,6.79,1.29,3.96,0.61,3.99,0.59,10.05,10.05
380,34,12,83,17,26,42,16,112,223,35,334,16,93,29,77,2.04,1.62,50.01,91.54,10.80,43.69,8.22,1.56,6.78,1.20,6.86,1.25,3.87,0.60,3.83,0.55,9.03,9.03
364,30,10,82,15,27,36,14,106,196,35,399,17,102,23,68,3.16,1.66,53.11,97.71,11.67,46.46,8.74,1.64,7.32,1.32,7.48,1.34,4.07,0.63,4.12,0.62,12.01,12.01
411,36,12,77,18,34,43,14,139,184,32,336,17,102,34,76,2.36,1.79,45.39,82.47,9.49,37.93,6.94,1.34,5.87,1.06,6.11,1.14,3.34,0.49,3.21,0.47,9.19,9.19
433,27,9,80,16,35,39,13,127,135,34,375,15,102,30,70,2.43,2.08,45.84,85.71,9.56,37.73,6.99,1.37,5.99,1.09,6.45,1.21,3.82,0.60,3.67,0.56,10.52,10.52
380,30,11,92,10,27,48,17,171,142,33,349,18,115,46,83,3.19,2.63,42.30,80.43,8.95,35.13,6.48,1.34,5.64,1.04,6.33,1.21,3.78,0.59,3.69,0.55,9.99,9.99
399,31,12,97,16,32,52,23,148,124,34,364,16,132,39,82,2.64,2.24,44.40,85.74,9.53,37.54,6.73,1.26,5.56,0.95,5.42,0.97,3.04,0.47,2.90,0.46,9.83,9.83
337,17,8,65,22,16,27,15,102,60,32,297,14,68,29,53,1.8,1.91,58.09,88.97,12.03,46.49,8.25,1.37,6.97,1.12,6.14,1.19,3.58,0.54,3.47,0.51,8.06,8.06
309,19,15,120,5,24,70,42,88,72,22,189,15,138,66,82,2.12,2.29,35.65,89.51,8.53,32.79,6.26,0.51,5.76,1.06,5.38,1.10,3.19,0.52,3.02,0.44,5.48,5.48
336,30,16,119,1,24,62,33,94,156,26,179,15,131,53,85,1.83,1.13,37.04,88.25,8.78,33.43,6.53,0.54,6.14,1.12,5.71,1.20,3.40,0.56,3.28,0.49,7.22,7.22
403,23,15,102,13,25,42,16,71,366,32,323,13,105,39,76,2.03,1.25,36.33,67.12,7.76,31.65,6.37,1.54,5.67,0.99,5.71,1.1,3.23,0.5,3.14,0.46,9.06,9.06
409,29,10,77,25,21,34,26,97,77,25,259,12,68,96,98,1.36,1.46,63.15,113.9,12.89,49.04,8.35,1.2,6.89,1.06,5.44,0.92,2.96,0.43,2.76,0.4,7.88,7.88
344,27,9,100,29,16,40,26,97,64,24,219,11,100,45,85,1.25,1.38,138.1,245.5,27.92,105.5,17.52,2.01,13.75,2.14,10.97,2.03,6.81,1.04,6.83,1,11.98,11.98
557,33,9,59,11,32,32,24,75,134,20,165,12,80,31,83,1.41,0.95,37.15,70.3,7.68,30.16,5.55,1.27,4.84,0.86,4.99,0.89,2.95,0.46,3.03,0.44,8.52,8.52
466,27,13,71,6,15,39,28,62,188,20,154,12,80,42,67,1.72,1.08,34.14,62.06,7.21,28.95,5.44,1.4,5.08,0.99,6.12,1.21,3.81,0.63,4.04,0.6,7.6,7.6
344,38,16,75,13,35,51,20,104,215,26,225,17,114,42,78,2.47,1.06,30.06,55.66,6.26,24.78,5.16,1.12,4.64,0.89,5.67,1.11,3.54,0.55,3.57,0.55,9.51,9.51
403,25,11,74,6,40,42,32,114,207,40,508,32,84,29,73,1.85,0.82,31.65,79.10,7.30,28.03,5.83,0.55,6.66,1.41,8.82,2.00,6.01,1.03,6.44,1.10,22.16,22.16
416,32,14,110,9,26,67,35,110,222,42,390,25,129,48,104,1.97,0.91,49.63,103.12,11.15,41.65,8.28,0.68,8.19,1.60,8.96,1.95,5.72,0.96,5.85,0.93,16.57,16.57
446,41,16,123,12,30,54,34,88,209,38,320,22,102,58,90,1.65,1.4,47.8,92.74,10.54,42.01,8.33,1.91,7.82,1.56,9.66,1.85,5.82,0.95,5.92,0.87,14.83,14.83
333,40,15,114,11,21,62,40,63,171,75,1311,41,114,41,87,2.05,1.35,72.71,126.69,15.56,62.55,13.68,1.97,13.31,2.64,16.87,3.56,10.72,1.83,11.45,2.11,50.48,50.48
456,23,10,87,16,25,39,13,84,75,27,201,14,96,42,63,2.04,2.13,39.78,68.89,8.18,32.16,5.82,1.15,5.03,0.81,4.43,0.85,2.51,0.38,2.42,0.35,5.66,5.66
455,19,11,96,11,27,46,15,75,63,22,185,13,105,51,74,1.83,2.06,32.83,62.57,7.07,28.41,5.25,1.16,4.6,0.75,4.17,0.79,2.28,0.35,2.17,0.32,4.41,4.41
337,28,14,107,15,25,50,17,118,68,24,211,14,123,40,83,2.1,2.04,37.83,70.59,7.98,32.1,6.04,1.27,5.25,0.87,4.86,0.94,2.8,0.42,2.73,0.39,5.76,5.76
560,24,8,110,14,27,54,23,82,123,30,357,14,98,59,86,2.95,2.13,50.09,80.17,10.32,40.29,7.34,1.58,6.43,1.07,5.79,1.07,3.24,0.47,3.12,0.47,9.22,9.22
344,26,10,79,27,24,36,30,149,61,20,212,13,94,18,114,1.55,1.39,65.04,110.5,13.09,49.91,8.31,1.22,6.9,1.08,5.5,1,3.11,0.45,2.97,0.43,9.28,9.28
399,28,8,91,26,16,38,32,117,64,28,209,14,86,20,77,1.93,1.21,147.36,274.24,30.87,108.13,19.71,1.13,14.34,2.26,8.91,1.69,4.81,0.77,4.56,0.68,9.31,9.31
521,29,16,98,5,46,61,29,80,207,23,166,11,139,48,102,1.53,1.22,32.00,59.70,6.68,27.40,5.39,1.28,4.79,0.83,4.70,0.86,2.57,0.42,2.56,0.42,8.38,8.38
376,36,14,65,12,34,43,22,93,195,31,272,14,85,42,83,2.68,1.16,36.77,71.51,7.80,30.95,6.02,1.28,5.65,1.10,6.84,1.29,4.20,0.67,4.08,0.67,12.34,12.34
316,38,17,55,13,43,33,17,82,240,46,423,23,62,28,82,2.69,1.13,39.02,72.15,8.12,32.44,6.75,1.30,6.47,1.30,8.36,1.57,4.91,0.79,4.73,0.76,18.11,18.11
402,21,14,80,16,37,43,26,83,195,53,675,30,87,34,244,2.11,1.28,41.54,81.41,9.09,37.29,8.26,2.02,8.32,1.87,12.3,2.44,7.92,1.32,8.61,1.26,37.21,37.21
409,26,13,95,27,27,48,31,125,143,85,956,50,87,32,95,1.82,1.03,105.37,204.52,22.95,88.02,15.86,1.15,16.03,3.05,17.16,3.74,11.16,1.88,11.87,1.96,39.02,39.02
553,38,13,110,18,33,40,32,91,188,72,1257,45,75,33,79,1.97,0.93,76.82,158.75,16.79,64.42,11.90,0.96,12.86,2.55,15.35,3.51,10.63,1.86,11.84,1.82,29.10,29.10
382,23,15,128,15,36,60,37,98,169,40,338,21,90,66,93,1.66,1.15,53.90,107.88,12.31,48.33,8.93,0.68,9.03,1.69,8.75,1.81,5.22,0.86,5.13,0.82,15.33,15.33
386,19,11,73,13,35,35,13,83,87,24,221,14,78,37,73,2.3,2.44,36.26,70.09,7.64,29.82,5.47,1.06,4.73,0.77,4.27,0.82,2.45,0.37,2.45,0.37,6.69,6.69
371,20,10,66,22,46,50,28,54,109,20,129,9,65,27,98,1.67,1.07,19.41,44.65,4.13,16.31,3.18,0.90,3.04,0.53,3.00,0.66,1.81,0.28,1.79,0.26,1.44,1.44
742,20,10,95,24,68,56,31,105,87,20,186,13,144,48,1131,3.1,2.41,38.91,72.95,8.45,33.26,6.23,1.36,5.32,0.85,4.25,0.79,2.27,0.34,2.22,0.33,5.41,5.41
412,22,12,101,12,36,55,20,104,116,29,263,13,116,53,114,2.9,2.72,41.01,75.29,8.74,33.93,6.27,1.23,5.41,0.87,4.75,0.91,2.63,0.4,2.69,0.39,7.15,7.15
338,18,10,70,30,11,21,11,111,55,33,247,10,62,10,85,1.8,1.14,100.3,146.4,19.99,74.93,13.28,1.54,10.37,1.6,8.37,1.53,4.54,0.68,4.07,0.59,6.93,6.93
349,16,11,93,23,21,32,12,120,66,30,205,12,86,28,90,1.93,1.1,92.23,130.8,18.16,66.86,11.48,1.78,8.99,1.37,6.93,1.27,3.81,0.56,3.45,0.51,5.61,5.61
493,35,13,82,14,24,50,29,83,241,41,245,16,90,71,90,1.83,1.03,39.56,91.15,8.53,34.24,7.14,2.12,7.12,1.34,7.81,1.71,4.77,0.74,4.63,0.65,5.72,5.72
412,26,13,70,17,32,39,22,90,172,49,312,20,84,36,111,2.37,1.38,53.34,100.8,11.48,46.82,9.75,2.05,9.56,1.84,11.37,2.12,6.57,1.03,6.19,0.9,14.9,14.9
414,34,11,76,13,42,31,26,128,153,53,626,34,57,29,80,1.86,1.03,54.05,121.85,11.48,43.67,9.23,2.28,9.08,1.77,10.42,2.37,6.71,1.11,7.14,1.04,15.74,15.74
369,23,15,118,14,31,54,30,84,283,25,197,14,103,39,92,1.65,1.24,35.9,62.62,7.42,29.3,5.62,1.41,5.21,0.96,5.93,1.09,3.67,0.53,3.56,0.54,8.13,8.13
341,38,15,109,10,23,45,30,56,218,35,367,21,96,30,80,1.52,1.24,37.95,69.08,8.04,31.11,6.13,1.47,6.06,1.11,6.92,1.3,4.45,0.71,4.67,0.69,16.33,16.33
327,31,14,84,18,29,40,26,91,165,46,791,29,67,61,105,2.17,1.17,56.31,109.4,11.77,45.9,9.32,2.14,8.82,1.71,11.12,2.11,6.82,1.11,7.1,1.03,31.25,31.25
528,45,14,104,13,26,42,27,78,159,38,362,19,83,85,96,2.02,1.16,64.79,117.1,13.79,55.61,10.89,2.13,9.95,1.86,10.76,2.12,6.37,0.93,5.72,0.88,16.64,16.64
414,21,11,88,18,28,46,13,114,99,30,222,16,94,47,104,3.35,2.26,52.02,76.99,11.07,42.76,7.84,1.44,6.4,1.02,5.19,0.96,2.87,0.42,2.71,0.4,5.97,5.97
412,21,9,77,15,25,40,14,98,96,22,202,14,69,41,101,2.55,1.71,37.3,69.41,7.57,28.8,5.14,1.05,4.39,0.69,3.7,0.7,2.05,0.31,2,0.31,5.23,5.23
493,24,10,94,9,33,59,38,103,88,24,179,13,104,40,124,1.96,1.90,29.73,75.88,6.34,25.02,4.66,1.30,4.35,0.74,4.02,0.87,2.30,0.36,2.33,0.33,5.83,5.83
327,27,11,79,10,20,46,25,84,86,23,272,12,95,53,100,1.43,1.46,32.75,60.84,7.05,27.79,4.92,1,4.82,0.89,5.19,1.09,3.31,0.55,3.6,0.58,11.76,11.76
327,18,8,62,21,27,28,11,80,63,26,279,12,70,20,98,1.32,1.09,42.35,72.69,8.56,32.5,5.88,0.97,4.88,0.8,4.15,0.74,2.31,0.36,2.2,0.35,10.11,10.11
425,21,10,84,15,21,32,15,78,98,34,311,14,94,32,87,1.55,1.05,59.46,88.39,12.49,47.98,9,1.72,7.69,1.27,7.06,1.31,4.05,0.6,3.83,0.58,10.73,10.73
411,41,15,98,13,26,108,30,88,158,39,324,18,230,58,133,2.1,1.38,52.14,94.55,11.17,45.58,8.99,1.89,8.35,1.59,8.99,1.76,5.2,0.76,4.57,0.73,12.85,12.85
381,27,10,88,16,29,55,16,93,163,44,390,24,112,47,92,2.95,1.21,35.02,70.17,7.76,31.12,6.81,1.55,6.55,1.3,8.16,1.66,5.01,0.8,5.01,0.75,11.08,11.08
377,34,12,87,16,28,44,13,110,216,43,470,25,105,37,78,2.22,1.32,40.26,76.46,8.66,35.97,7.73,1.59,7.2,1.42,8.71,1.72,5.39,0.85,5.5,0.81,13.58,13.58
332,33,15,81,12,31,50,25,72,237,22,221,13,94,31,89,1.7,0.97,22.77,42.47,4.96,20.49,4.09,1.2,4.1,0.84,5.08,1,3.15,0.48,3.05,0.46,8.74,8.74
396,28,15,111,15,30,53,24,85,190,24,270,15,132,54,90,1.76,1.14,31.39,59.26,6.66,26.3,5.24,1.25,4.96,0.94,5.57,1.09,3.51,0.53,3.44,0.55,11.68,11.68
522,31,12,89,8,25,32,22,77,259,29,307,15,76,36,82,2.3,1.1,46.03,83.26,9.68,39.62,7.45,1.77,7.11,1.34,7.95,1.64,4.91,0.76,4.74,0.75,13.63,13.63
503,36,14,94,13,27,33,15,87,262,36,363,13,71,50,82,2.66,1.20,46.32,82.27,9.97,41.08,8.03,1.85,7.27,1.27,7.49,1.35,4.19,0.66,3.97,0.61,12.76,12.76
365,25,9,81,18,30,39,8,110,83,26,219,13,89,48,102,1.69,1.83,33.42,61.72,7.03,27.16,5.04,0.95,4.39,0.76,4.16,0.79,2.39,0.38,2.38,0.35,5.87,5.87
296,16,12,152,13,40,60,16,85,88,26,190,12,117,83,140,1.73,1.64,32.55,60.7,6.91,27.16,5.07,1.03,4.44,0.76,4.28,0.81,2.49,0.4,2.39,0.36,5.11,5.11
343,24,11,97,5,29,52,17,90,123,24,238,14,139,46,126,1.7,1.37,35.84,65.5,7.5,29.67,5.72,1.24,4.99,0.89,4.96,0.92,2.73,0.41,2.59,0.38,7.51,7.51
233,22,8,63,14,49,36,34,88,71,21,249,13,60,24,266,1.84,1.19,27.86,65.80,5.87,22.88,4.27,1.09,4.15,0.74,4.14,0.88,2.42,0.37,2.36,0.34,7.92,7.92
239,22,8,61,16,28,41,40,67,90,24,248,14,68,15,117,1.69,0.99,49.13,114.77,10.61,40.76,7.44,1.65,6.36,0.97,4.86,1.02,2.78,0.43,2.70,0.39,8.13,8.13
420,21,13,94,14,30,59,18,88,202,38,292,16,130,53,126,2.11,1.25,43.6,77.81,9.34,38.18,7.69,1.57,6.98,1.27,7.26,1.4,4.2,0.63,3.94,0.56,8.52,8.52
315,32,10,75,15,27,43,14,61,190,34,314,16,98,39,91,2.31,1.14,27.8,57.59,6.2,25.33,5.31,1.18,4.93,0.98,5.87,1.13,3.55,0.56,3.66,0.51,8.52,8.52
378,28,12,100,12,30,53,21,93,200,36,318,20,122,45,72,2.33,1.33,28.34,59.86,6.3,25.87,5.59,1.25,5.16,1.03,6.38,1.3,4.15,0.67,4.5,0.65,8.92,8.92
318,42,16,100,10,40,47,19,92,192,30,272,16,115,39,87,1.89,1.34,38.58,74.14,8.33,33.37,6.30,1.23,5.40,0.92,5.40,1.00,3.15,0.48,3.13,0.46,10.34,10.34
451,29,15,109,14,40,62,26,92,128,26,225,14,120,49,123,1.94,1.28,44.78,80.7,9.36,37.39,7.15,1.33,5.99,1.05,5.51,1.05,3.12,0.45,2.89,0.47,8.73,8.73
423,34,13,104,11,34,51,29,104,239,41,331,19,101,48,94,1.58,1.08,44.96,100.74,9.56,37.95,7.61,2.23,7.36,1.35,7.86,1.74,4.91,0.79,4.98,0.72,11.38,11.38
575,32,13,77,11,27,33,27,83,429,37,383,17,50,25,74,1.84,1.07,43.41,104.68,9.55,38.44,7.75,2.59,7.46,1.30,7.22,1.53,4.23,0.67,4.10,0.57,12.13,12.13
442,34,11,94,10,28,32,29,73,325,40,420,18,64,32,74,1.96,1.06,55.44,105.42,11.90,48.29,9.22,2.42,8.74,1.52,8.02,1.75,4.90,0.77,4.95,0.67,15.14,15.14
277,19,11,104,15,28,52,17,104,63,24,199,13,113,37,121,1.66,2.63,34.65,62.84,7.21,28.12,5.24,1.11,4.58,0.76,4.2,0.79,2.43,0.37,2.27,0.34,5.62,5.62
303,18,7,54,11,31,39,36,84,56,20,219,13,67,19,87,1.85,1.62,25.40,62.40,5.23,20.31,3.76,1.06,3.49,0.59,3.28,0.71,2.00,0.31,2.01,0.28,7.23,7.23
340,26,11,77,9,41,47,26,89,97,18,202,11,109,42,265,1.18,1.9,26.64,49.05,5.71,22.59,4.31,0.89,3.8,0.68,3.91,0.75,2.34,0.35,2.49,0.39,7.77,7.77
261,22,10,59,13,102,31,25,76,118,25,266,12,54,56,1275,1.47,1.09,34.03,83.51,7.11,27.27,5.08,1.23,4.69,0.79,4.33,0.95,2.63,0.42,2.76,0.39,9.43,9.43
298,22,13,85,11,41,50,15,92,154,28,254,14,111,37,841,1.84,1.2,40.19,74.17,8.41,34,6.44,1.19,5.28,0.88,4.82,0.9,2.71,0.4,2.64,0.39,7.93,7.93
322,23,11,77,22,32,40,13,69,161,33,417,18,100,35,128,2.1,1.31,43.32,74.58,9.25,37.66,7.64,1.57,6.97,1.36,8.29,1.59,4.93,0.78,4.91,0.71,11.89,11.89
293,27,11,87,12,38,54,29,96,189,31,236,16,115,31,233,1.48,1.14,38.60,93.18,8.33,32.75,6.24,1.74,5.77,1.01,5.55,1.19,3.32,0.51,3.15,0.45,7.19,7.19
349,33,10,80,13,36,49,30,91,184,32,306,20,104,32,189,1.35,1.18,37.65,91.44,8.17,31.90,6.36,1.79,6.03,1.10,6.30,1.36,3.85,0.63,3.94,0.57,11.14,11.14
383,27,14,99,15,40,56,24,109,142,27,241,16,119,40,138,1.79,1.25,40.57,75.3,8.65,34.29,6.36,1.24,5.55,0.96,5.4,1.02,3.11,0.46,3.1,0.49,9.15,9.15
337,32,13,116,9,32,62,30,95,163,30,258,17,123,40,123,1.74,1.17,39.44,96.32,8.48,32.95,6.36,1.80,5.96,1.03,5.76,1.22,3.36,0.50,3.26,0.46,9.00,9.00
442,24,10,89,6,32,41,26,94,197,32,305,16,77,31,78,1.61,0.65,23.96,56.59,5.02,19.88,3.70,1.08,3.39,0.59,3.18,0.69,1.90,0.30,1.93,0.27,6.28,6.28
425,29,11,88,13,27,41,23,93,210,33,360,16,77,27,71,1.42,1.30,47.99,115.75,10.38,40.77,7.68,2.13,7.04,1.23,6.74,1.46,4.02,0.65,4.19,0.58,12.46,12.46
400,38,15,102,9,38,48,19,88,241,38,390,17,107,44,83,2.21,1.31,49.16,92.57,10.67,44.07,8.58,1.79,7.42,1.25,6.90,1.28,3.91,0.61,3.74,0.56,15.06,15.06
341,25,9,76,7,28,37,23,98,60,20,206,12,83,33,93,1.26,2.05,34.32,63.48,7.14,27.87,4.72,0.96,4.39,0.72,3.79,0.74,2.2,0.32,2.05,0.32,7.62,7.62
350,26,12,74,12,29,47,15,76,79,23,207,9,85,46,101,1.52,1.3,25.73,50.31,5.49,21.58,4.14,0.89,3.8,0.64,3.72,0.72,2.11,0.32,1.98,0.3,6.4,6.4
279,24,8,64,13,33,36,24,87,78,23,261,13,72,18,176,1.81,1.31,40.06,95.98,8.36,32.17,5.72,1.43,5.32,0.89,4.64,1.02,2.84,0.44,2.83,0.39,8.42,8.42
303,31,12,111,12,74,47,24,132,90,23,188,16,132,39,536,1.74,1.45,44.62,107.89,9.29,35.22,6.31,1.52,5.87,0.98,5.39,1.11,3.01,0.46,2.88,0.40,6.86,6.86
374,32,11,82,8,54,61,29,79,158,32,300,15,119,44,361,1.72,0.73,34.18,65.11,7.49,29.89,6.14,1.26,5.71,1.12,6.95,1.34,4.19,0.63,4.17,0.61,10.03,10.03
420,35,10,65,8,44,43,26,99,256,35,283,21,82,31,111,1.56,0.86,34.08,64.69,7.25,28.28,5.52,1.05,5.03,0.93,5.48,1.05,3.37,0.52,3.48,0.52,7.83,7.83
350,28,13,87,2,45,48,32,95,241,25,221,16,102,27,101,1.42,0.75,26.29,49.72,5.75,22.87,4.70,1.07,4.43,0.85,5.07,0.99,3.07,0.48,3.21,0.47,6.37,6.37
344,30,10,98,12,41,52,31,101,180,27,260,17,109,37,221,1.52,1.38,41.70,78.78,9.11,35.80,6.83,1.28,5.88,1.00,5.69,1.06,3.29,0.51,3.32,0.50,7.78,7.78
283,23,11,80,6,43,53,27,88,164,28,257,17,106,35,966,1.24,0.93,36.79,69.24,8.09,32.36,6.26,1.27,5.50,0.98,5.50,1.02,3.14,0.47,3.19,0.47,8.61,8.61
303,26,10,100,9,26,46,30,90,181,28,283,16,98,30,218,1.28,0.88,36.67,80.54,8.08,32.08,6.03,1.25,5.53,1.02,6.13,1.22,3.81,0.57,3.72,0.57,7.93,7.93
413,29,10,74,12,30,37,27,91,177,32,277,19,71,30,66,1.35,0.75,37.20,70.37,8.00,31.77,6.15,1.31,5.51,0.99,5.65,1.12,3.48,0.52,3.49,0.52,8.54,8.54
502,35,13,104,13,32,52,26,105,210,31,282,18,90,36,74,1.81,0.83,49.24,91.50,10.52,41.61,7.77,1.66,6.68,1.16,6.47,1.19,3.61,0.54,3.62,0.54,8.58,8.58
547,24,13,84,14,28,36,17,76,314,30,371,16,85,28,80,2,1.24,46.41,85.18,10.36,41.91,8.09,1.65,6.77,1.21,6.67,1.25,3.89,0.59,3.7,0.62,15.67,15.67
287,29,10,64,9,36,32,17,92,40,20,226,9,70,35,86,1.04,1.98,36.86,71.80,8.03,31.38,5.58,1.09,4.66,0.80,4.47,0.80,2.39,0.38,2.44,0.36,8.89,8.89
312,25,10,72,11,28,34,14,97,53,22,327,10,76,27,82,1.42,1.26,35.85,67.40,7.81,30.70,5.67,1.04,4.84,0.87,4.52,0.81,2.58,0.40,2.62,0.40,11.95,11.95
332,31,13,79,19,25,34,13,119,188,24,227,10,75,27,93,1.67,1.28,56.18,99.79,11.55,43.87,7.62,1.16,6.49,1.09,5.48,0.93,2.97,0.43,2.83,0.41,6.82,6.82
339,34,10,97,11,40,54,34,73,121,29,273,18,113,51,202,1.49,0.89,31.76,62.13,7.02,28.48,5.71,1.25,5.32,0.99,5.81,1.10,3.48,0.53,3.52,0.54,8.26,8.26
462,30,11,82,11,36,44,23,105,190,43,400,27,103,30,127,2.35,1.24,42.79,78.83,9.19,36.83,7.77,1.51,6.96,1.57,9.5,1.84,5.74,0.94,6.04,0.86,16.74,16.74
483,35,11,82,9,46,37,22,103,240,30,288,19,76,43,130,2.41,1.07,40.66,76.41,8.25,31.81,6.01,1.22,5.4,1.04,6.22,1.22,3.96,0.61,4,0.64,10.55,10.55
340,31,13,105,10,37,56,30,78,217,27,242,15,96,47,113,1.71,1.19,27.56,54,6.23,25.55,5.25,1.21,4.78,0.95,5.7,1.1,3.54,0.54,3.66,0.62,8.94,8.94
419,36,13,110,14,32,58,24,92,205,23,203,13,135,42,96,1.52,1.3,30.39,57.94,6.55,25.75,5.27,1.2,4.54,0.79,4.88,0.92,2.94,0.44,3.12,0.47,7.39,7.39
400,32,13,107,17,32,54,24,95,177,27,266,16,139,45,104,1.57,1.32,44.52,84,9.59,38.38,7.19,1.51,6.41,1.08,6.09,1.08,3.57,0.55,3.39,0.5,11.11,11.11
371,21,11,89,17,27,45,25,99,157,25,254,15,110,33,130,1.58,1.48,39.52,73.69,8.59,34.09,6.76,1.29,6.43,1.18,7.78,1.51,4.92,0.76,4.87,0.69,10.5,10.5
408,27,10,81,20,51,38,17,91,158,25,263,16,88,36,211,1.62,1.28,39.87,74.53,8.66,34.61,6.57,1.34,5.76,1.01,5.92,1.08,3.51,0.53,3.51,0.51,11.39,11.39
417,35,12,91,16,30,39,20,84,167,29,352,19,90,30,91,1.67,1.27,50,94.38,10.6,42.55,7.92,1.58,7.13,1.16,7,1.27,4.05,0.58,3.87,0.57,13.66,13.66
532,38,13,95,10,36,43,19,109,226,35,275,17,94,42,88,2.36,1.40,52.85,99.58,11.42,45.99,8.35,1.87,7.19,1.30,6.91,1.25,3.70,0.58,3.69,0.51,10.50,10.50
382,20,11,61,9,28,30,14,97,58,22,286,10,78,31,72,1.10,1.22,32.39,60.57,6.94,27.27,4.97,1.10,4.16,0.74,4.00,0.72,2.20,0.36,2.33,0.34,9.54,9.54
366,29,13,79,13,19,47,22,120,165,20,253,12,102,19,77,1.49,1.23,36.04,65.66,7.52,29.37,5.28,1.14,4.88,0.78,4.32,0.82,2.58,0.37,2.67,0.4,8.88,8.88
252,25,9,63,12,25,30,21,69,65,18,193,10,70,25,114,0.9,1.25,41.01,74.56,8.25,31.6,5.65,0.96,4.86,0.75,4.04,0.73,2.27,0.32,2.17,0.33,8.29,8.29
378,36,12,86,9,24,42,26,97,128,36,402,22,80,27,91,2.18,1.3,42.84,81.69,9.05,36.15,7.02,1.41,6.45,1.2,7.55,1.47,4.78,0.78,5.49,0.83,14.46,14.46
395,29,13,107,11,28,63,24,130,157,32,244,19,130,48,129,2.56,1.35,44.44,82.89,9.22,36.3,7.27,1.24,6.39,1.12,6.51,1.22,3.85,0.59,3.98,0.59,9.85,9.85
500,34,12,87,15,37,44,24,99,165,25,273,16,97,31,107,2.1,1.09,34.28,67.37,7.12,27.86,5.28,1.21,4.79,0.84,5.11,0.95,3.1,0.5,3.34,0.5,10.24,10.24
296,18,15,93,14,34,59,26,86,168,25,249,14,118,42,108,1.64,1.2,37.08,70.11,7.94,31.59,6.43,1.29,5.86,1.13,6.54,1.22,3.89,0.63,3.95,0.58,11.46,11.46
453,22,14,104,12,33,49,29,76,201,23,216,12,120,41,99,1.38,1.15,28.05,51.87,6.01,24.14,5.05,1.13,4.37,0.83,4.89,0.97,3.03,0.52,3.17,0.5,9.65,9.65
404,30,15,97,11,25,63,34,90,246,25,211,14,131,41,104,1.58,1.22,32.49,62.9,7.03,27.81,5.31,1.19,4.68,0.81,4.59,0.87,2.66,0.41,2.6,0.41,7.83,7.83
437,33,16,119,9,26,54,30,80,227,23,219,15,138,46,97,1.48,1.24,33.94,61.65,7.22,27.98,5.53,1.33,4.7,0.91,5.22,0.98,3.11,0.51,3.29,0.51,8.3,8.3
383,37,12,77,9,36,31,17,81,189,29,226,14,81,36,78,1.67,1.16,36.13,66.71,7.92,31.25,6.08,1.23,5.03,0.95,5.08,0.92,2.94,0.44,2.95,0.42,8.92,8.92
426,35,11,86,13,39,32,16,86,221,37,391,17,84,41,107,2.63,1.24,42.59,79.36,9.45,38.27,7.24,1.60,6.47,1.18,6.68,1.23,3.85,0.58,3.80,0.56,13.33,13.33
451,32,11,73,15,23,35,23,68,173,23,286,15,88,19,62,1.28,1.28,47.33,85.99,10.07,38.76,7.23,1.3,5.75,0.96,5.15,0.92,2.74,0.46,2.85,0.42,11.39,11.39
337,31,10,63,16,20,26,18,113,59,22,281,9,67,25,72,1.35,1.39,37.61,66.23,7.90,30.76,5.90,1.09,4.71,0.87,4.54,0.83,2.72,0.40,2.57,0.39,10.12,10.12
327,36,9,81,10,29,28,15,124,64,24,288,11,85,29,69,1.29,1.25,38.39,66.97,8.17,31.27,5.80,1.17,5.28,0.97,5.51,1.02,3.26,0.49,3.26,0.46,11.83,11.83
438,31,15,113,11,22,65,33,83,134,23,196,13,136,61,139,1.34,1.19,34.53,60.44,7.49,29.84,6.05,1.21,4.9,0.93,4.94,0.89,2.77,0.43,2.82,0.4,7.89,7.89
384,34,14,119,9,24,58,23,98,146,29,258,17,139,46,107,2.41,1.26,35.89,68.74,7.62,30.86,6.12,1.36,5.45,1.09,6.29,1.22,3.93,0.62,4.06,0.6,11.29,11.29
344,26,12,85,15,34,46,27,115,165,24,217,13,105,31,93,2.16,1.16,36.57,68.74,7.6,29.36,5.74,1.11,5.17,0.98,5.67,1.1,3.3,0.53,3.33,0.52,7.97,7.97
388,26,13,73,16,30,44,24,86,177,24,296,14,95,28,113,1.6,1.11,36.14,66.55,7.85,30.75,5.97,1.17,5.12,0.91,5.22,1,3.05,0.5,3.1,0.48,11.4,11.4
308,34,13,80,7,29,54,29,67,169,29,288,15,109,33,98,1.66,1.11,34.33,62.74,7.48,30.46,6.04,1.4,5.71,1.11,6.64,1.27,3.85,0.62,4.01,0.61,11.34,11.34
372,33,13,99,14,30,50,18,90,181,23,243,13,124,38,101,1.63,1.3,40.4,73.35,8.8,34.07,6.18,1.37,5.55,1.02,5.92,1.13,3.38,0.49,3.4,0.5,10.15,10.15
372,31,12,93,13,30,45,21,85,171,25,250,15,118,31,80,1.58,1.28,39.76,73.51,8.8,33.34,6.13,1.28,5.17,0.94,5.15,0.97,2.99,0.41,2.95,0.44,8.65,8.65
347,31,14,116,7,29,50,26,72,201,19,214,12,119,34,94,1.52,1.11,25.74,48.38,5.59,22.03,4.29,1.12,3.79,0.73,4.34,0.81,2.61,0.38,2.78,0.45,9.72,9.72
318,26,12,91,13,29,36,20,71,189,25,270,18,81,31,73,1.89,0.99,33.43,61.85,7.11,27.49,5.45,1.28,4.98,0.97,6.07,1.16,3.5,0.48,3.58,0.51,10.24,10.24
421,38,11,74,10,32,33,26,67,215,32,315,16,67,28,75,2.36,1.12,38.94,70.71,8.54,33.87,6.73,1.71,6.13,1.28,7.55,1.48,4.51,0.64,4.31,0.62,15.92,15.92
458,23,13,91,15,25,42,19,89,232,27,296,17,108,41,75,1.78,1.38,53.74,111.6,12.63,47.41,8.43,1.69,6.97,1.21,6.42,1.15,3.48,0.49,3.43,0.54,12.6,12.6
268,28,9,62,4,25,25,16,97,45,16,226,8,58,23,66,1.22,1.27,28.48,53.16,6.04,23.60,4.27,0.84,3.47,0.58,2.95,0.53,1.62,0.27,1.65,0.25,7.46,7.46
299,22,13,72,24,22,33,15,128,173,19,204,10,63,13,79,1.49,1.09,44.8,77.53,9.25,34.81,6.1,1.07,5.08,0.86,4.44,0.81,2.43,0.33,2.22,0.33,7.37,7.37
342,31,13,93,11,22,45,24,84,133,19,196,12,101,36,99,1.69,1.09,31.96,56.83,6.63,25.87,5.03,1.06,4.35,0.8,4.33,0.84,2.6,0.36,2.46,0.39,9.95,9.95
283,34,11,55,13,31,27,13,125,126,19,199,13,69,17,73,2.08,0.95,34.95,62.53,7.66,29.46,5.66,0.89,4.86,0.87,4.67,0.88,2.65,0.37,2.63,0.36,8.06,8.06
359,34,13,82,14,33,44,26,96,216,24,203,13,104,31,83,1.71,1.17,42.01,76.03,9.19,34.85,6.56,1.28,5.34,0.98,5.14,0.94,2.96,0.43,3,0.43,8.74,8.74
424,34,13,84,10,35,49,17,106,193,29,231,12,109,45,89,1.93,1.26,36.79,67.90,7.97,31.54,5.84,1.21,5.03,0.90,4.99,0.90,2.82,0.44,2.84,0.40,8.13,8.13
294,33,13,95,15,30,59,26,78,203,29,235,15,143,30,97,1.74,1.28,37.86,70.85,8.27,31.95,6.18,1.38,5.63,1.14,6.49,1.28,4.01,0.55,3.82,0.54,8.85,8.85
403,28,16,111,15,30,57,26,92,193,22,194,13,122,42,91,1.72,1.38,35.23,68.16,7.8,31.29,5.92,1.38,5.15,0.98,5.65,1.09,3.29,0.48,3.35,0.49,8.71,8.71
444,30,14,117,14,30,67,32,105,179,24,208,13,138,49,107,1.85,1.24,36.8,72.02,7.83,31.29,5.92,1.36,5.2,0.9,4.97,0.95,2.97,0.47,2.79,0.45,7.94,7.94
403,33,18,129,10,31,66,36,87,179,22,197,13,143,65,87,1.69,1.24,31.78,60.05,6.71,26.92,5.22,1.26,4.56,0.8,4.77,0.88,2.71,0.43,2.65,0.4,7.93,7.93
376,34,14,98,12,30,45,24,72,186,27,225,18,96,30,90,2.2,1.22,42.64,78.2,8.97,36.16,6.94,1.4,6.6,1.28,8.29,1.69,5.32,0.91,5.94,0.84,9.67,9.67
472,31,14,97,12,27,52,27,92,195,36,338,21,110,42,79,2.2,1.39,55.08,105.8,11.81,47.16,8.67,1.71,8.09,1.39,7.95,1.52,4.57,0.74,4.52,0.68,14.19,14.19
469,37,14,100,18,32,51,23,89,254,41,361,24,101,43,85,2.37,1.23,52.15,102.94,11.94,48.95,9.18,2.11,8.00,1.42,8.08,1.46,4.57,0.66,4.31,0.62,13.71,13.71
307,33,8,58,14,26,27,16,118,46,20,240,8,71,21,58,1.36,1.27,32.83,58.08,6.68,26.31,4.57,1.02,4.14,0.66,3.48,0.64,1.98,0.31,1.84,0.27,8.98,8.98
307,23,13,79,19,18,41,24,120,114,27,221,12,95,21,83,1.55,1.16,56.46,97.52,11.41,45.02,7.74,1.36,6.57,1.06,5.56,1.07,3.18,0.48,2.88,0.44,8.17,8.17
276,32,11,73,17,24,36,26,126,100,23,238,19,85,33,78,2.79,0.94,41.38,73.13,8.81,32.26,5.48,1.12,5.09,0.95,5.26,1.01,3.08,0.5,2.96,0.46,9.19,9.19
347,28,13,90,16,29,40,26,116,143,22,172,14,76,40,70,2.49,1.13,33.17,63.08,7.34,28.97,5.59,1.02,4.95,0.84,4.89,0.9,2.68,0.41,2.48,0.37,6.49,6.49
390,34,12,79,12,27,43,29,97,181,19,199,14,89,28,76,1.77,1.11,31.16,57.41,6.59,26.05,5.04,1.05,4.52,0.78,4.46,0.85,2.6,0.44,2.6,0.4,9.16,9.16
397,33,13,92,13,29,53,25,97,224,28,242,15,125,36,88,1.6,1.21,38.92,73.17,8.4,33.89,6.51,1.35,5.77,1.03,6,1.15,3.57,0.55,3.44,0.51,9.28,9.28
383,35,15,100,12,27,62,29,83,187,32,283,15,133,56,97,1.65,1.24,35.07,67.87,7.84,32.17,6.34,1.45,5.98,1.11,6.84,1.35,3.96,0.64,4.02,0.62,12.95,12.95
391,28,11,95,10,32,48,28,81,224,23,234,15,108,29,73,1.75,1.19,29.39,54.77,6.34,25.6,5.03,1.18,4.5,0.83,4.94,0.97,2.98,0.46,3.06,0.49,9.4,9.4
399,28,14,121,5,33,59,33,86,183,22,208,14,127,46,107,1.67,1.21,29.35,55.56,6.36,25.32,4.95,1.25,4.48,0.9,5.4,1.02,3.13,0.48,3.26,0.46,7.49,7.49
404,44,15,116,5,37,55,27,81,195,24,219,13,129,46,86,1.84,1.19,28.68,54.85,6.07,24.55,4.92,1.31,4.62,0.85,4.98,0.98,2.98,0.47,2.91,0.41,9.34,9.34
395,37,12,85,16,38,46,20,141,125,32,268,20,97,65,87,2.44,1.29,45.41,85.44,9.53,37.45,7.03,1.44,6.57,1.15,6.71,1.26,4.11,0.67,4.05,0.58,11.80,11.80
431,37,13,98,14,33,49,23,113,219,31,253,17,114,52,100,2.30,1.21,46.56,86.91,9.79,38.37,6.94,1.51,6.19,1.04,5.79,1.04,3.38,0.50,3.19,0.46,9.89,9.89
410,38,10,77,9,38,41,13,96,218,33,303,23,100,30,81,2.21,1.18,44.86,83.82,9.70,38.71,7.24,1.75,6.44,1.11,6.29,1.16,3.84,0.64,3.76,0.52,12.78,12.78
316,40,9,70,12,29,31,14,108,54,21,261,10,79,28,80,1.21,1.12,42.76,76.83,8.96,35.08,6.40,1.21,5.63,0.82,4.35,0.79,2.55,0.36,2.29,0.33,10.22,10.22
333,41,12,93,12,24,50,17,126,104,30,252,15,132,53,88,2.04,1.30,47.72,86.17,9.91,39.43,7.10,1.47,6.35,1.08,6.21,1.15,3.39,0.56,3.53,0.45,9.03,9.03
309,35,14,81,15,31,37,17,118,181,22,172,13,73,39,76,2.98,1.08,27.67,50.32,5.91,23.95,4.76,1.00,4.33,0.79,4.55,0.86,2.57,0.44,2.64,0.35,6.94,6.94
258,36,11,65,13,48,27,13,131,146,25,173,13,79,29,65,2.39,1.05,29.03,54.20,6.34,25.08,5.11,0.83,4.52,0.85,4.37,0.84,2.69,0.41,2.44,0.33,5.93,5.93
338,27,13,81,15,33,47,28,85,199,22,219,15,112,35,82,1.67,1.25,32.88,60.8,7.1,28.7,5.58,1.32,4.64,0.86,4.97,0.94,2.91,0.45,3.26,0.44,8.94,8.94
328,35,15,142,11,28,74,33,70,184,38,228,15,154,61,98,1.65,1.46,34.34,64.56,7.98,32.8,7.09,1.76,6.81,1.39,8.16,1.58,4.8,0.75,5.03,0.73,10.58,10.58
345,31,14,94,14,27,55,26,83,193,38,303,18,121,33,82,1.93,1.26,44.89,86.19,10.18,41.34,8.35,1.96,7.66,1.56,9.07,1.7,5.26,0.8,5.62,0.72,12.07,12.07
452,39,15,119,15,33,66,25,106,195,26,227,14,147,47,96,1.82,1.22,32.64,62.38,7.14,28.22,5.33,1.29,4.68,0.88,4.99,0.93,2.95,0.47,3.18,0.45,8.99,8.99
420,41,13,112,11,36,39,23,70,245,23,171,9,93,52,86,1.78,0.99,22.13,47.50,4.80,19.70,4.06,1.09,3.84,0.73,4.24,0.81,2.71,0.42,2.63,0.39,7.01,7.01
365,38,14,113,6,36,53,25,88,197,28,182,16,116,56,85,2.06,1.17,25.01,48.89,5.51,22.53,4.76,1.21,4.58,0.83,5.05,0.97,3.10,0.48,3.07,0.42,6.91,6.91
352,44,12,75,21,29,30,18,115,207,34,269,18,77,36,81,2.43,1.08,60.76,108.39,12.58,48.38,9.21,1.45,7.59,1.26,6.77,1.25,3.89,0.61,3.81,0.56,10.51,10.51
410,46,11,82,17,34,40,16,98,195,29,256,17,98,44,82,1.92,1.05,44.78,84.69,9.89,38.52,7.21,1.45,6.44,1.15,6.22,1.19,3.85,0.59,3.98,0.56,10.86,10.86
350,41,15,104,13,37,58,21,118,202,35,264,23,130,59,96,2.23,1.17,50.79,94.57,10.78,41.99,8.24,1.73,7.18,1.21,6.54,1.30,4.02,0.61,3.86,0.61,13.54,13.54
385,28,15,119,10,41,56,29,104,104,27,206,12,115,68,117,1.67,1.25,36.72,65.53,7.98,31.24,6.31,1.29,5.66,0.95,4.94,0.95,2.98,0.44,2.69,0.41,7.75,7.75
309,36,11,79,11,28,32,17,103,137,35,398,18,65,35,77,2.12,1.00,46.75,85.98,10.19,39.20,7.56,1.34,6.52,1.13,6.17,1.21,3.83,0.63,3.99,0.60,14.99,14.99
234,37,11,46,22,33,20,12,190,99,25,192,18,47,23,65,2.71,0.88,37.42,69.01,8.21,31.02,6.21,0.73,5.11,0.84,4.34,0.81,2.49,0.38,2.36,0.34,7.18,7.18
242,36,9,52,18,33,34,15,111,158,23,205,13,83,26,67,2.14,1.00,34.51,64.37,7.56,28.81,5.59,0.81,4.64,0.78,3.96,0.77,2.39,0.35,2.11,0.33,7.56,7.56
379,33,12,102,14,35,37,15,89,200,23,248,13,94,41,85,1.36,1.06,31.84,57.79,6.84,26.64,5.24,1.01,4.49,0.77,4.04,0.75,2.45,0.39,2.57,0.35,9.09,9.09
393,44,13,111,12,31,56,20,78,242,22,210,12,146,49,83,1.42,1.07,29.41,56.51,6.33,25.14,4.79,1.05,4.28,0.75,4.08,0.78,2.51,0.41,2.52,0.36,8.13,8.13
362,38,15,126,10,36,59,25,69,186,25,221,11,169,52,84,1.53,1.13,32.91,62.56,7.12,28.12,5.54,1.14,4.80,0.86,4.74,0.88,2.88,0.45,2.92,0.42,9.26,9.26
352,35,15,116,10,40,50,22,101,193,27,219,11,120,47,93,2.04,1.10,30.21,57.44,6.36,25.25,5.02,1.08,4.36,0.81,4.33,0.86,2.83,0.46,2.86,0.41,7.57,7.57
427,40,14,111,14,34,57,25,88,216,27,217,14,123,55,96,1.66,1.04,26.84,52.22,5.87,23.50,4.68,1.12,4.37,0.82,4.70,0.95,2.93,0.48,3.12,0.44,8.78,8.78
298,34,15,98,6,42,45,23,84,171,28,207,13,110,49,74,2.10,1.11,29.65,50.27,6.30,25.35,5.07,1.03,4.81,0.95,6.31,1.26,4.29,0.75,4.72,0.72,8.16,8.16
338,28,13,79,8,45,44,18,93,160,35,224,18,101,37,76,2.07,1.22,30.85,57.40,6.68,27.45,5.54,1.06,5.01,1.00,6.13,1.17,3.49,0.57,3.69,0.54,8.81,8.81
353,31,14,100,13,36,44,26,106,182,25,236,13,109,49,85,2.19,1.14,37.48,71.20,7.93,31.62,6.12,1.20,5.63,1.06,6.33,1.17,3.70,0.60,3.64,0.52,9.54,9.54
422,38,14,118,13,33,65,23,133,166,31,256,18,142,76,101,1.89,1.29,45.11,87.02,9.67,38.74,7.18,1.37,6.03,1.08,5.99,1.11,3.35,0.54,3.40,0.47,8.56,8.56
316,26,14,92,11,25,39,24,168,80,27,199,18,98,28,71,3.81,2.05,81.38,121.06,15.99,61.68,10.40,1.97,8.45,1.30,6.73,1.19,3.60,0.52,3.24,0.49,6.59,6.59
336,25,14,69,9,22,34,24,140,122,24,181,14,73,22,66,3.65,1.80,67.10,108.49,13.16,49.57,8.11,1.64,6.70,1.02,5.45,0.98,3.07,0.47,3.03,0.44,5.93,5.93
290,24,12,73,11,23,38,28,197,71,20,158,16,88,29,73,4.79,1.93,45.83,85.39,9.55,37.33,6.62,1.23,5.40,0.86,4.54,0.81,2.40,0.34,2.02,0.31,4.96,4.96
348,15,7,29,2,28,26,29,92,47,17,464,12,40,14,42,1.48,1.37,30.46,57.70,6.18,23.92,4.41,0.88,3.78,0.67,4.07,0.78,2.63,0.44,2.95,0.46,14.93,14.93
338,16,9,80,27,30,30,17,155,107,22,238,14,79,15,94,2.22,2.05,105.24,165.74,22.89,88.69,15.77,2.47,12.52,1.62,5.90,0.92,2.74,0.38,2.46,0.37,5.87,5.87
454,18,11,84,12,138,29,21,72,140,26,299,12,77,34,392,1.62,1.25,35.59,66.94,7.65,30.15,5.57,1.23,4.98,0.89,4.97,0.95,2.93,0.45,2.86,0.43,6.46,6.46
311,31,11,95,12,42,33,16,103,153,26,307,16,74,40,71,2.26,1.15,39.68,71.86,8.28,33.41,6.12,1.25,5.17,0.91,5.02,0.94,2.91,0.45,2.89,0.44,9.22,9.22
381,21,13,104,15,27,42,20,74,215,22,231,11,94,51,73,1.46,1.21,30.97,56.56,6.70,26.93,4.99,1.14,4.38,0.76,4.07,0.75,2.29,0.33,2.14,0.31,6.17,6.17
365,20,14,107,11,26,42,18,86,201,27,232,12,82,49,65,1.52,1.33,38.56,68.15,8.29,32.46,5.97,1.26,5.16,0.86,4.77,0.90,2.79,0.43,2.65,0.38,5.53,5.53
323,27,10,78,5,27,47,30,88,65,18,220,12,69,32,63,1.45,1.34,44.23,81.75,9.33,36.18,6.37,1.10,5.39,0.89,4.89,0.89,2.68,0.40,2.53,0.39,8.35,8.35
303,26,13,102,14,19,46,20,148,73,26,198,14,99,62,71,2.50,1.47,45.33,77.03,9.75,37.62,6.88,1.31,5.60,0.90,4.56,0.80,2.47,0.36,2.28,0.33,5.90,5.90
253,24,14,126,19,29,46,30,123,81,34,240,20,113,26,62,2.72,1.54,102.23,165.58,21.55,81.85,13.91,1.92,11.31,1.61,7.74,1.32,4.00,0.56,3.51,0.52,8.58,8.58
276,33,15,85,22,21,33,24,141,62,21,197,15,136,19,74,2.54,1.44,59.27,105.76,12.29,46.04,7.97,1.47,6.44,0.99,5.10,0.88,2.74,0.40,2.61,0.34,6.59,6.59
318,22,13,76,16,26,30,25,134,55,23,237,16,81,21,70,1.81,1.36,58.88,104.84,12.30,47.39,7.77,1.48,6.42,1.10,5.59,0.99,3.05,0.46,3.11,0.44,10.46,10.46
425,12,10,72,23,34,25,15,156,82,22,358,14,75,20,88,1.99,1.79,65.82,122.37,14.37,55.96,9.98,1.71,7.88,1.13,4.94,0.83,2.55,0.37,2.44,0.39,9.65,9.65
488,18,9,92,19,25,25,14,105,195,27,386,17,74,25,80,2.31,1.48,56.70,105.41,11.86,45.41,7.91,1.59,6.73,1.10,5.58,1.00,3.08,0.45,2.94,0.45,9.82,9.82
460,23,9,72,23,40,28,13,83,129,25,328,15,78,38,82,1.50,1.29,47.62,76.16,10.00,38.77,6.99,1.27,5.92,0.98,5.01,0.91,2.79,0.42,2.68,0.40,9.93,9.93
344,20,10,76,12,32,30,13,103,91,20,195,12,76,49,72,3.08,3.22,52.06,80.35,11.20,43.77,8.07,1.71,7.30,1.28,7.34,1.37,4.31,0.67,4.33,0.64,9.87,9.87
312,22,9,78,15,32,36,16,124,49,19,218,13,84,82,68,3.18,2.97,69.87,101.80,14.77,56.10,10.08,1.83,8.50,1.39,7.33,1.34,4.05,0.61,3.90,0.56,10.81,10.81
390,17,12,74,19,24,38,16,113,80,23,220,13,73,59,59,3.10,2.68,103.32,147.31,20.87,78.03,13.32,2.04,10.75,1.61,7.85,1.36,4.12,0.60,3.90,0.58,11.46,11.46
302,28,12,97,11,19,41,20,107,57,21,166,12,113,76,65,3.37,3.64,65.24,94.78,14.29,55.30,9.83,2.07,8.42,1.40,7.28,1.35,4.14,0.62,4.01,0.58,8.80,8.80
554,31,12,55,10,38,31,29,109,214,44,358,17,50,33,56,2.05,1.29,49.20,95.72,11.07,44.53,9.67,1.67,9.36,1.79,11.43,2.23,7.17,1.11,7.18,1.09,18.79,18.79
179,8,7,57,16,8,32,17,97,32,15,274,10,67,18,68,1.39,1.89,23.25,44.70,4.94,19.56,3.59,0.79,3.36,0.60,3.31,0.63,1.98,0.30,2.00,0.30,7.18,7.18
306,5,5,44,5,146,15,13,60,39,20,353,9,40,16,304,0.91,1.37,29.40,56.81,6.22,24.48,4.40,0.87,3.91,0.68,3.87,0.75,2.39,0.37,2.37,0.36,8.56,8.56
448,16,9,80,18,55,23,14,132,80,29,309,15,74,17,121,2.12,1.66,51.76,96.28,11.46,44.65,8.19,1.45,6.86,1.10,5.62,0.98,2.99,0.43,2.77,0.42,7.52,7.52
387,23,12,88,6,165,37,24,117,154,21,224,15,75,36,99,2.20,1.75,43.66,81.60,9.55,36.93,7.10,1.38,6.20,1.00,5.18,0.90,2.78,0.41,2.68,0.41,8.16,8.16
510,17,9,82,9,182,34,17,90,167,24,233,12,72,35,453,1.47,1.41,39.88,74.74,8.48,33.31,6.16,1.26,5.58,0.99,5.30,0.99,3.11,0.46,2.89,0.41,6.61,6.61
383,23,9,82,18,22,38,15,121,60,22,243,13,91,35,69,3.09,3.90,78.80,116.52,16.83,63.80,11.18,1.95,9.47,1.52,7.83,1.41,4.47,0.66,4.25,0.63,12.94,12.94
509,25,11,91,12,23,39,25,168,72,26,258,15,86,24,77,1.98,1.52,51.60,92.42,10.49,40.36,7.15,1.30,6.23,1.05,5.48,0.97,2.97,0.45,3.02,0.44,9.72,9.72
377,26,11,90,13,33,39,21,144,74,18,190,13,90,32,70,2.05,1.55,36.54,66.27,7.79,30.45,5.59,1.14,4.91,0.84,4.60,0.85,2.50,0.40,2.56,0.38,7.82,7.82
454,18,10,66,3,34,39,33,106,117,17,176,13,72,33,78,1.93,1.53,40.28,70.41,8.15,31.23,5.55,1.12,4.61,0.74,4.07,0.75,2.30,0.35,2.25,0.34,5.48,5.48
448,25,13,129,4,23,43,32,79,211,26,155,13,81,37,60,1.86,1.33,26.13,48.32,5.78,23.40,5.21,1.32,5.32,1.01,6.43,1.26,3.89,0.61,3.95,0.58,6.04,6.04
448,26,13,96,1,35,44,33,74,187,23,180,12,73,31,58,1.76,1.28,24.33,47.31,5.28,20.87,4.48,1.14,4.23,0.81,4.91,0.93,2.94,0.46,2.97,0.45,7.35,7.35
373,18,7,69,13,53,25,16,107,81,25,333,14,68,24,94,1.55,1.78,41.61,79.08,8.72,33.78,6.15,1.17,5.22,0.91,4.81,0.90,2.81,0.45,2.80,0.43,9.95,9.95
384,18,10,82,19,83,31,12,152,92,34,218,29,81,27,114,4.80,4.72,100.75,162.70,22.00,84.22,15.29,2.89,13.21,2.31,13.08,2.49,7.79,1.21,7.85,1.14,11.76,11.76
384,26,13,136,9,29,54,36,107,104,21,154,15,192,46,75,2.06,1.51,46.28,85.99,10.08,39.33,7.27,1.73,6.22,0.95,5.02,0.89,2.76,0.40,2.52,0.38,5.87,5.87
532,13,9,101,14,21,30,23,97,208,24,300,11,74,45,75,1.82,1.10,31.93,58.58,6.87,27.65,5.30,1.28,4.81,0.89,5.14,0.97,3.00,0.47,2.98,0.46,8.79,8.79
391,26,11,69,12,21,32,21,76,81,17,216,11,63,40,70,1.34,1.36,30.48,58.00,6.47,26.41,4.62,0.91,3.93,0.68,3.59,0.66,2.02,0.30,1.93,0.29,9.43,9.43
647,32,11,92,15,19,37,29,90,62,21,243,11,81,20,66,1.39,1.15,54.92,100.47,11.12,43.47,7.52,1.55,6.17,1.04,4.96,0.91,2.74,0.41,2.74,0.42,9.01,9.01
362,27,12,66,15,47,35,21,102,85,16,181,12,64,51,85,1.69,1.55,27.19,51.43,5.55,21.12,3.90,0.77,3.38,0.59,3.35,0.62,1.87,0.31,1.93,0.30,5.94,5.94
539,20,9,81,12,19,22,14,116,182,20,212,11,68,18,84,1.96,1.42,38.18,69.17,7.82,30.40,5.30,1.12,4.60,0.79,4.22,0.78,2.41,0.36,2.31,0.34,4.93,4.93
384,22,10,59,11,25,24,13,69,246,19,206,12,55,25,46,3.82,1.94,50.71,80.56,10.49,40.53,7.32,1.81,6.38,1.09,6.09,1.15,3.64,0.56,4.08,0.63,10.28,10.28
472,27,10,72,11,24,29,24,69,214,16,161,13,50,38,53,1.86,1.02,25.21,47.19,5.23,20.83,3.94,1.02,3.69,0.66,3.76,0.74,2.26,0.35,2.32,0.36,4.65,4.65
469,34,13,84,8,22,34,24,66,275,22,205,15,52,29,60,2.12,1.18,27.10,47.21,5.61,22.75,4.64,1.22,4.39,0.84,4.95,0.98,2.98,0.46,2.94,0.45,6.32,6.32
494,42,13,111,8,21,28,28,60,254,23,181,13,47,33,75,1.46,1.22,24.41,45.94,5.31,21.28,4.41,1.19,4.25,0.85,5.11,0.98,3.06,0.48,3.11,0.43,7.11,7.11
443,32,15,128,11,29,40,26,54,184,24,192,12,71,50,71,1.65,1.17,27.46,51.22,5.76,23.21,4.41,1.23,4.17,0.79,4.75,0.89,2.82,0.43,2.70,0.41,7.43,7.43
355,25,9,83,17,204,34,15,166,94,31,223,16,92,30,148,4.95,4.27,100.89,163.14,21.91,84.13,15.21,2.86,13.02,2.18,11.77,2.14,6.54,0.99,6.28,0.92,12.65,12.65
459,17,12,89,16,28,29,15,168,95,27,237,17,85,27,90,2.45,2.07,55.09,91.70,11.69,44.82,7.85,1.45,6.76,1.12,6.02,1.04,3.10,0.46,2.92,0.44,6.17,6.17
462,25,12,113,11,20,47,31,101,129,24,246,11,96,59,70,1.76,1.45,36.81,67.81,7.93,31.68,5.96,1.36,5.13,0.94,5.39,1.01,3.04,0.50,2.91,0.45,9.68,9.68
490,28,13,93,10,29,37,24,147,73,25,214,13,90,23,79,1.85,1.60,51.62,91.01,10.60,40.07,6.82,1.37,5.66,0.98,5.00,0.91,2.83,0.43,2.68,0.38,8.37,8.37
467,27,11,78,17,26,39,28,141,73,20,179,14,87,32,72,2.38,1.29,44.09,77.78,8.75,33.73,5.86,1.18,5.03,0.83,4.47,0.84,2.58,0.39,2.52,0.38,5.24,5.24
316,27,11,73,10,31,33,26,89,69,18,184,12,68,28,62,1.79,1.24,30.12,55.49,6.20,24.40,4.53,0.96,4.07,0.71,3.97,0.75,2.28,0.34,2.22,0.34,7.24,7.24
401,22,11,61,10,33,31,25,115,124,21,205,13,64,30,69,2.41,1.34,34.40,61.34,6.93,27.30,4.90,0.98,4.32,0.73,4.01,0.77,2.35,0.35,2.42,0.36,6.19,6.19
397,17,9,63,9,29,32,27,108,107,18,208,13,55,23,58,2.03,1.33,32.94,60.63,6.75,26.14,4.87,0.93,4.17,0.69,3.83,0.71,2.18,0.32,2.23,0.34,6.64,6.64
363,65,9,56,9,24,28,23,61,190,18,181,14,57,27,41,2.00,1.03,24.60,44.85,5.10,20.27,3.84,0.89,3.49,0.61,3.49,0.67,2.08,0.32,2.17,0.33,6.55,6.55
574,60,11,84,6,20,38,24,77,199,21,171,15,58,53,49,2.14,1.11,28.25,53.69,5.87,23.41,4.53,1.08,4.10,0.75,4.25,0.81,2.50,0.37,2.42,0.36,5.05,5.05
553,64,9,86,9,17,16,27,115,235,0.0005,161,19,72,15,88,2.14,1.36,29.08,49.46,5.77,22.91,4.73,1.20,4.29,0.86,4.69,0.88,2.71,0.43,2.68,0.41,4.73,4.73
509,38,13,121,12,26,50,29,72,234,25,188,11,107,50,75,1.76,1.31,34.99,64.09,7.35,29.84,5.79,1.49,5.24,0.93,5.35,0.98,2.98,0.44,2.84,0.43,6.98,6.98
472,25,15,128,5,19,35,25,46,267,16,270,13,85,39,58,1.47,1.19,31.97,56.73,6.26,24.23,4.44,1.44,3.97,0.71,3.92,0.71,2.21,0.34,2.15,0.32,10.58,10.58
378,23,11,80,16,60,35,28,139,104,26,211,20,72,28,105,2.46,2.42,62.37,114.29,12.89,48.67,8.76,1.57,7.54,1.20,6.34,1.15,3.55,0.54,3.48,0.51,7.46,7.46
398,27,10,84,16,37,32,22,111,107,23,291,14,67,24,71,1.88,1.68,39.34,73.02,8.11,31.27,5.52,1.14,4.75,0.84,4.55,0.83,2.57,0.40,2.60,0.38,9.32,9.32
454,32,14,124,3,27,47,31,83,114,22,179,10,101,68,79,1.51,1.47,33.67,60.86,7.22,27.96,5.02,1.20,4.33,0.75,4.04,0.73,2.28,0.35,2.22,0.32,5.90,5.90
448,29,12,101,16,31,47,32,144,77,22,213,13,94,30,83,2.23,1.50,53.25,89.24,10.64,40.70,6.60,1.33,5.53,0.85,4.29,0.75,2.31,0.36,2.23,0.31,6.74,6.74
409,33,9,74,19,41,32,24,101,61,20,218,11,67,56,71,1.73,1.43,46.77,83.90,9.40,36.68,6.40,1.15,5.42,0.92,5.13,0.97,2.93,0.46,2.89,0.44,9.31,9.31
417,21,10,84,13,29,35,22,110,98,18,216,13,88,22,75,1.99,1.39,32.69,59.84,6.69,25.89,4.67,1.00,4.17,0.73,4.06,0.79,2.38,0.34,2.44,0.36,8.05,8.05
344,33,11,114,8,17,40,15,84,114,22,185,12,97,27,45,1.98,1.33,31.91,56.62,6.31,24.80,4.72,1.11,4.06,0.72,4.05,0.74,2.30,0.36,2.29,0.36,6.64,6.64
354,27,10,62,10,20,31,12,69,152,20,172,14,79,32,53,1.97,1.09,25.80,47.01,5.44,21.71,4.14,1.04,3.71,0.66,3.77,0.71,2.14,0.34,2.11,0.32,4.81,4.81
466,28,12,111,10,25,43,19,82,209,26,215,16,85,55,69,2.09,1.26,42.97,68.12,8.52,33.69,6.17,1.55,5.27,0.90,5.03,0.90,2.70,0.41,2.59,0.39,7.22,7.22
441,24,16,141,5,17,40,22,62,288,27,321,13,81,62,73,1.80,1.31,42.21,72.59,8.74,35.07,6.65,1.76,6.04,1.04,6.01,1.09,3.29,0.50,3.15,0.49,11.42,11.42
349,28,14,145,10,21,43,20,41,295,27,252,12,86,50,64,1.63,1.30,28.42,51.36,6.15,25.64,5.47,1.53,5.25,0.99,5.80,1.07,3.18,0.47,2.96,0.46,7.81,7.81
247,37,15,171,7,22,76,24,45,223,23,154,11,157,71,93,1.48,1.45,22.79,41.36,5.13,21.79,4.68,1.42,4.58,0.86,5.24,1.00,3.03,0.47,2.92,0.45,5.22,5.22
367,23,13,124,11,21,46,21,57,274,24,222,11,97,61,79,1.70,1.29,35.43,59.87,7.00,27.79,5.41,1.50,4.90,0.86,5.05,0.93,2.78,0.42,2.63,0.41,7.39,7.39
376,24,12,70,22,48,32,21,119,70,25,222,15,75,22,83,1.51,1.61,54.39,100.10,11.24,42.65,6.92,1.37,6.26,1.05,6.05,1.23,4.00,0.71,5.04,0.74,7.85,7.85
573,21,12,101,12,50,39,24,104,130,24,280,12,88,42,81,1.63,1.35,40.51,72.10,8.73,34.99,6.13,1.43,5.38,0.95,5.51,1.05,3.11,0.45,3.06,0.46,9.94,9.94
558,34,14,94,12,40,48,24,127,126,20,191,11,115,63,84,1.51,1.35,31.17,59.33,6.86,26.93,4.93,1.17,4.36,0.75,4.26,0.77,2.29,0.35,2.19,0.31,6.58,6.58
772,24,14,97,13,27,36,29,85,125,19,198,12,81,25,74,1.38,1.04,43.15,82.57,9.05,35.26,5.98,1.30,5.32,0.88,4.70,0.89,2.65,0.39,2.56,0.37,7.25,7.25
385,24,13,85,20,34,38,26,128,88,26,244,15,73,19,78,2.00,1.37,47.83,83.34,9.91,39.43,6.74,1.28,5.89,0.98,5.36,0.98,2.88,0.43,2.93,0.43,9.59,9.59
409,29,12,90,11,23,36,25,62,195,19,166,13,75,33,70,1.55,1.09,26.24,48.29,5.56,22.59,4.22,1.06,3.79,0.74,4.42,0.83,2.47,0.38,2.44,0.38,6.41,6.41
364,36,12,114,11,13,41,16,101,153,24,182,14,57,38,51,2.44,1.17,28.46,54.17,5.89,23.21,4.35,1.08,4.08,0.74,4.30,0.79,2.47,0.40,2.51,0.38,5.47,5.47
420,26,10,70,12,27,33,14,90,182,24,180,15,65,34,60,1.83,0.99,22.89,42.15,4.76,19.36,3.92,0.90,3.38,0.63,3.58,0.69,2.00,0.35,2.23,0.32,4.28,4.28
478,32,14,106,11,25,46,16,57,332,24,238,13,85,50,68,1.94,1.05,37.28,63.47,7.21,28.35,5.35,1.48,4.91,0.82,4.69,0.85,2.62,0.39,2.40,0.37,7.20,7.20
440,32,15,146,10,29,71,23,88,199,28,184,14,155,77,89,1.68,1.29,33.67,58.78,7.20,29.92,6.10,1.61,5.56,1.00,5.86,1.10,3.31,0.49,3.06,0.46,5.67,5.67
386,31,14,137,11,21,53,32,62,204,25,215,13,97,58,81,1.48,1.15,22.27,41.13,4.93,20.46,4.39,1.21,4.33,0.87,5.31,1.05,3.20,0.50,3.22,0.48,8.76,8.76
465,25,13,101,14,30,34,22,72,307,23,219,12,77,48,70,2.32,1.12,23.95,43.83,5.34,22.07,4.61,1.27,4.50,0.88,5.32,1.06,3.21,0.48,3.07,0.44,8.70,8.70
475,34,12,100,9,33,42,24,95,316,20,232,13,90,39,85,2.25,1.14,25.71,46.22,5.47,22.70,4.69,1.29,4.19,0.81,4.38,0.89,2.68,0.39,2.52,0.38,9.65,9.65
423,18,10,82,12,26,55,21,79,66,15,135,8,127,25,81,1.02,1.22,32.92,59.52,6.80,26.39,4.94,1.14,4.34,0.79,4.68,0.94,3.05,0.48,2.85,0.42,5.02,5.02
734,24,13,105,13,38,70,29,120,71,27,205,12,165,78,98,1.92,1.39,43.04,76.41,9.20,37.42,6.80,1.63,5.67,0.97,4.67,0.87,2.77,0.42,2.67,0.39,8.18,8.18
433,20,10,82,10,35,39,21,94,71,20,216,12,76,35,84,1.28,1.62,32.71,62.16,6.82,27.92,5.10,0.95,4.47,0.77,3.97,0.74,2.32,0.35,2.24,0.34,8.07,8.07
473,26,14,85,17,23,46,25,111,154,22,195,15,98,33,76,2.37,1.49,41.06,72.92,8.36,33.80,6.00,1.29,5.22,0.88,4.51,0.82,2.69,0.41,2.58,0.36,6.98,6.98
348,28,11,80,12,19,41,23,77,124,22,153,13,92,34,74,1.74,1.17,32.64,57.12,6.68,25.57,5.07,1.14,4.59,0.84,4.77,0.93,2.71,0.41,2.52,0.39,5.96,5.96
416,17,11,85,9,27,32,18,56,212,17,150,11,57,27,62,1.65,1.08,27.93,50.06,5.72,22.70,4.47,1.13,4.00,0.72,4.03,0.77,2.44,0.38,2.36,0.37,6.18,6.18
493,21,14,95,14,21,38,24,80,247,19,173,13,81,30,71,1.55,1.09,33.59,55.42,6.65,26.24,4.96,1.26,4.23,0.75,4.00,0.76,2.35,0.36,2.26,0.35,6.30,6.30
512,28,12,85,16,31,37,23,69,315,17,213,10,67,65,98,1.39,1.00,28.05,49.25,5.60,23.02,4.44,1.37,4.09,0.73,3.92,0.70,2.29,0.35,2.17,0.32,7.45,7.45
494,33,14,121,14,26,40,29,79,233,24,193,12,90,52,95,1.50,1.24,26.38,48.59,5.66,23.35,4.67,1.35,4.62,0.89,5.01,0.95,2.98,0.44,2.93,0.41,8.11,8.11
357,26,14,125,1,25,42,29,62,183,19,129,9,82,48,74,1.38,1.19,15.92,29.74,3.60,15.63,3.72,1.08,3.52,0.74,4.13,0.86,2.68,0.41,2.60,0.38,5.63,5.63
394,41,16,160,7,27,48,33,74,236,29,217,12,88,81,81,1.36,1.31,24.34,47.96,5.44,23.68,5.32,1.42,5.24,0.97,6.26,1.20,3.63,0.57,3.14,0.50,9.91,9.91
456,37,14,105,11,27,48,27,80,323,23,272,15,97,33,83,1.79,1.12,32.67,55.89,6.85,27.65,5.44,1.42,5.20,0.94,5.37,1.06,3.10,0.47,2.73,0.44,11.60,11.60
510,35,14,110,8,29,45,26,80,329,24,301,15,93,34,84,1.70,1.12,33.31,58.13,6.85,27.90,5.55,1.53,5.20,0.94,5.59,1.04,3.14,0.50,2.83,0.46,15.56,15.56
573,32,13,128,8,38,37,27,98,156,30,260,11,72,82,85,1.35,1.14,30.68,56.21,6.75,28.33,6.01,1.67,5.43,1.02,6.12,1.18,3.58,0.60,3.47,0.53,11.51,11.51
632,39,14,115,9,31,54,23,111,177,28,227,13,103,73,103,1.48,1.17,39.99,71.89,8.49,33.49,6.47,1.55,5.75,0.98,5.55,1.04,3.11,0.48,2.86,0.44,8.21,8.21
520,25,16,105,15,19,42,20,109,84,21,151,11,88,45,75,2.20,1.48,33.07,58.31,6.65,26.48,4.75,1.16,4.52,0.71,4.13,0.78,2.38,0.36,2.22,0.34,5.61,5.61
630,30,12,79,9,35,51,20,101,169,23,166,15,119,27,80,1.71,1.19,26.13,46.29,5.31,21.05,4.32,1.24,4.11,0.76,4.72,0.89,2.75,0.44,2.53,0.39,5.18,5.18
5003,33,14,86,13,22,52,23,83,294,20,172,10,96,51,67,1.46,0.99,28.10,47.57,5.37,21.59,4.34,2.32,4.04,0.71,4.05,0.78,2.33,0.33,2.10,0.32,5.98,5.98
558,32,16,117,6,32,59,28,86,213,21,163,13,124,57,80,1.50,1.24,23.78,42.08,5.07,20.57,4.21,1.22,4.05,0.77,4.76,0.86,2.75,0.43,2.71,0.42,7.60,7.60
440,32,17,115,9,31,69,33,76,247,21,180,11,133,55,87,1.33,1.22,25.13,43.63,5.18,20.72,4.21,1.17,4.33,0.77,4.50,0.94,2.72,0.43,2.63,0.42,8.02,8.02
402,34,15,123,5,68,56,31,85,197,21,202,13,109,70,90,1.54,1.24,29.27,54.61,6.29,25.42,5.23,1.37,4.86,0.88,4.89,0.95,2.75,0.44,2.43,0.39,8.84,8.84
458,40,16,123,12,25,51,27,87,269,27,223,13,97,66,95,1.72,1.18,41.87,71.29,8.51,33.95,6.70,1.66,6.27,1.14,6.61,1.23,3.82,0.55,3.62,0.52,11.23,11.23
388,31,13,112,15,35,51,28,76,214,23,193,13,106,61,87,0.87,1.11,27.72,52.08,6.19,25.17,4.65,1.08,4.10,0.69,3.74,0.67,2.14,0.31,2.07,0.33,12.11,12.11
398,35,17,130,8,29,95,37,63,235,20,150,10,198,61,103,1.01,1.56,20.71,38.03,4.33,17.62,3.58,1.06,3.62,0.67,3.81,0.73,2.21,0.34,2.20,0.33,6.02,6.02
467,26,15,126,8,34,58,34,64,243,19,169,10,131,47,90,1.61,1.35,22.59,39.72,4.77,19.90,4.40,1.23,4.25,0.86,5.02,0.94,2.96,0.45,2.85,0.40,7.53,7.53
407,37,17,151,14,27,67,31,70,210,27,255,17,156,41,86,2.35,1.23,32.84,65.51,7.23,29.98,6.14,1.48,5.75,1.12,6.54,1.26,3.72,0.57,3.63,0.56,11.79,11.79
602,30,13,133,14,24,57,35,92,132,26,228,12,120,57,85,1.73,1.63,34.80,64.98,7.73,32.10,6.64,1.66,5.90,1.20,6.08,1.12,3.49,0.52,3.30,0.49,9.36,9.36
471,28,14,98,18,23,50,27,123,88,22,204,13,113,69,60,2.09,1.41,54.78,91.81,11.09,43.40,7.61,1.58,6.34,1.09,5.83,1.04,3.11,0.49,2.99,0.45,8.82,8.82
452,30,14,95,7,17,47,27,53,452,22,346,12,76,29,77,1.56,1.25,44.38,74.56,8.78,34.07,6.17,1.61,5.27,0.92,4.88,0.88,2.74,0.41,2.52,0.36,9.43,9.43
533,22,12,99,13,13,41,25,81,157,19,207,12,96,43,61,1.45,1.13,33.35,60.39,7.03,30.45,6.48,1.89,5.62,1.05,5.62,1.05,3.12,0.47,2.93,0.42,15.45,15.45
361,33,14,111,8,20,48,34,47,279,21,203,11,99,36,67,1.49,1.43,34.10,63.62,7.04,29.19,6.19,1.58,5.44,1.04,5.66,1.04,3.16,0.45,2.91,0.43,10.02,10.02
287,25,13,131,14,26,165,35,92,165,23,187,15,646,45,86,1.55,1.33,29.79,52.39,6.23,25.21,5.36,1.28,4.98,0.94,5.56,1.04,3.28,0.51,3.23,0.50,10.70,10.70
477,29,12,111,11,33,58,29,99,209,29,241,18,142,49,84,1.53,1.24,40.60,71.65,8.34,34.03,6.73,1.60,5.93,1.09,6.34,1.20,3.69,0.55,3.56,0.56,11.77,11.77
421,35,14,125,2,60,94,25,77,223,23,145,10,273,61,100,1.72,1.29,23.27,42.94,4.97,20.20,4.06,1.13,3.96,0.75,4.58,0.89,2.69,0.42,2.64,0.41,7.21,7.21
397,36,19,165,6,63,104,42,96,148,21,164,13,221,91,99,1.85,1.37,30.79,53.04,6.72,27.98,5.70,1.37,5.21,0.89,4.97,0.90,2.81,0.40,2.45,0.41,7.31,7.31
400,39,17,173,7,48,93,39,79,144,22,169,13,230,98,101,1.35,1.24,25.08,47.81,5.38,22.45,4.49,1.20,4.21,0.86,5.18,1.02,3.18,0.51,3.14,0.45,6.50,6.50
469,32,16,107,13,51,51,29,109,185,25,193,16,109,67,95,1.79,1.30,44.04,75.53,9.07,36.56,6.62,1.58,5.75,1.02,5.49,1.01,2.93,0.43,2.70,0.39,6.67,6.67
269,30,14,119,8,29,48,38,71,155,21,201,13,115,57,75,1.40,1.06,26.96,49.45,5.54,23.23,4.65,1.21,4.16,0.80,5.06,0.98,2.95,0.44,2.90,0.43,7.96,7.96
417,29,15,134,15,24,71,35,95,179,37,317,21,153,56,95,1.79,1.49,36.23,66.95,7.83,33.13,7.42,1.65,6.71,1.32,8.78,1.72,5.56,0.87,5.67,0.86,17.89,17.89
437,25,12,74,12,36,36,19,98,170,18,198,11,80,22,96,1.22,1.74,33.29,58.93,6.80,27.27,4.81,0.99,4.41,0.73,4.15,0.74,2.35,0.35,2.13,0.30,7.48,7.48
520,25,13,99,11,19,35,21,118,80,26,227,13,92,40,77,1.77,1.62,47.75,84.12,9.58,38.34,6.89,1.29,5.87,1.04,5.97,1.14,3.59,0.54,3.37,0.48,10.20,10.20
373,39,12,108,9,22,36,24,68,274,26,321,12,72,26,67,1.51,1.17,48.52,86.33,9.35,37.40,7.01,1.81,6.17,1.06,5.85,1.09,3.27,0.45,2.94,0.43,13.70,13.70
483,26,16,122,11,20,57,26,70,276,27,268,11,105,41,95,1.47,1.29,46.22,78.26,9.19,37.37,6.97,1.71,6.30,1.06,6.28,1.14,3.50,0.51,2.99,0.44,11.80,11.80
422,34,16,124,9,22,50,30,67,250,28,439,14,107,44,76,1.47,1.32,51.12,92.96,10.38,42.75,8.08,1.82,7.07,1.27,7.10,1.38,4.17,0.63,3.80,0.57,18.51,18.51
370,41,15,140,10,32,89,32,89,178,24,255,14,185,63,101,1.78,1.36,35.13,62.25,7.40,30.60,5.90,1.43,5.70,1.05,5.99,1.12,3.47,0.54,3.29,0.49,12.10,12.10
454,30,14,118,11,29,84,34,111,171,30,270,16,179,54,105,1.40,1.46,37.20,66.89,7.62,32.23,6.34,1.74,6.30,1.09,6.60,1.33,4.13,0.69,4.34,0.63,11.35,11.35
420,24,14,120,13,29,97,33,100,127,22,164,13,254,56,81,1.60,1.55,31.29,57.59,6.54,26.49,5.06,1.34,4.88,0.89,5.09,0.97,3.08,0.51,3.06,0.56,7.05,7.05
251,40,13,82,13,17,49,43,61,140,20,203,16,145,57,129,1.64,1.14,33.74,60.00,6.98,28.72,5.53,1.36,5.41,0.97,5.50,1.03,3.12,0.50,3.04,0.44,7.90,7.90
283,53,12,88,17,22,45,31,50,195,18,198,11,134,33,115,1.92,1.05,29.51,57.44,6.02,24.66,4.98,1.22,4.53,0.83,5.08,1.06,3.30,0.50,2.94,0.50,7.54,7.54
465,34,13,91,10,36,58,28,147,197,40,285,21,108,50,82,2.67,1.27,42.01,77.27,9.12,36.80,7.44,1.74,7.49,1.44,8.21,1.63,5.24,0.88,5.42,0.83,12.24,12.24
176,47,12,68,13,36,39,30,116,153,38,381,28,121,28,138,2.79,1.25,36.24,69.21,8.20,33.90,7.80,1.79,7.44,1.59,10.19,2.06,6.81,1.12,7.17,1.11,15.76,15.76
357,26,12,87,9,36,37,30,121,121,45,389,33,62,31,72,2.38,1.16,42.80,85.57,9.17,37.61,7.78,1.83,7.86,1.68,10.74,2.18,6.79,1.15,7.35,1.05,18.99,18.99
263,41,11,55,17,15,22,26,117,55,19,268,16,85,14,120,2.07,1.54,58.32,99.45,11.89,45.93,8.13,1.50,6.75,1.10,5.57,1.02,3.26,0.45,2.99,0.47,11.22,11.22
232,29,14,87,13,20,31,25,88,77,23,284,16,100,21,115,1.80,1.28,64.72,98.10,12.66,47.46,8.66,1.87,7.12,1.24,7.29,1.30,3.67,0.59,3.62,0.52,11.90,11.90
286,34,12,119,10,17,55,27,68,186,22,295,13,140,35,75,1.56,1.28,47.02,80.60,8.99,35.32,6.43,1.72,5.91,0.99,5.23,0.95,3.04,0.48,2.95,0.43,11.49,11.49
171,47,13,102,9,20,29,35,66,274,20,416,12,80,26,120,1.52,1.22,41.02,72.46,8.28,33.29,6.87,1.80,5.83,1.03,6.07,1.16,3.30,0.50,3.11,0.47,17.72,17.72
304,52,13,96,16,27,34,40,81,264,23,320,16,96,39,141,1.58,1.27,48.39,85.36,9.86,38.48,7.83,1.82,6.37,1.14,6.51,1.30,3.49,0.57,3.33,0.47,13.41,13.41
263,41,11,55,17,15,22,26,117,55,19,268,16,85,14,120,2.13,1.27,27.09,51.25,5.87,23.78,4.82,1.20,4.43,0.79,4.44,0.89,2.80,0.40,2.54,0.40,1.81,1.81
269,40,13,93,16,43,33,35,78,191,16,230,11,94,46,142,1.22,1.27,34.44,60.14,7.13,27.60,5.65,1.31,4.56,0.81,4.69,0.96,2.52,0.38,2.80,0.35,7.41,7.41
433,37,17,125,7,51,85,23,103,228,29,170,14,199,75,104,1.84,1.33,34.48,60.76,7.33,28.52,5.61,1.26,5.19,0.93,5.55,1.02,3.07,0.48,2.90,0.45,7.24,7.24
122,41,10,74,11,18,28,35,18,65,26,276,22,85,189,92,1.81,0.84,38.60,74.57,7.98,31.11,6.28,1.42,6.16,1.24,7.63,1.51,5.02,0.76,5.06,0.74,10.33,10.33
217,45,14,90,8,21,41,35,90,215,22,276,20,123,34,136,2.29,1.22,44.88,76.86,9.15,37.68,7.15,1.70,6.23,1.15,6.49,1.27,4.00,0.63,4.19,0.65,10.66,10.66
234,47,11,53,18,46,24,24,152,162,35,406,36,69,20,134,3.18,1.22,50.50,93.77,10.53,41.42,8.45,1.79,8.59,1.83,12.16,2.55,8.24,1.29,9.05,1.34,18.12,18.12
412,34,13,99,16,30,53,28,109,186,43,451,27,111,37,85,2.30,1.27,43.98,75.83,9.16,37.54,7.64,1.84,7.94,1.54,9.85,1.96,6.14,0.99,6.32,0.96,20.94,20.94
495,34,16,130,18,27,151,36,107,179,40,318,20,471,54,86,1.71,1.44,58.90,102.01,12.08,48.03,9.14,2.06,9.04,1.62,9.33,1.77,5.36,0.84,5.20,0.78,16.07,16.07
253,40,11,67,19,11,25,27,155,48,17,235,13,94,14,115,2.35,1.71,79.87,137.55,16.08,61.44,10.33,1.87,8.53,1.35,6.87,1.22,3.78,0.53,3.61,0.47,9.64,9.64
193,38,14,105,12,16,29,29,74,65,16,273,14,92,26,114,1.59,1.24,38.30,67.99,7.52,29.75,5.28,1.34,4.90,0.83,4.62,0.92,2.81,0.41,2.68,0.40,11.12,11.12
178,54,16,139,8,12,48,45,64,92,20,205,12,147,56,110,1.37,1.33,37.95,67.43,7.64,31.15,5.90,1.63,5.50,1.02,5.85,1.16,3.64,0.54,3.49,0.49,7.87,7.87
188,41,15,164,10,14,65,36,96,128,12,172,10,223,14,129,1.38,1.34,19.21,34.49,4.10,17.24,3.56,0.99,3.29,0.65,3.97,0.77,2.27,0.36,2.15,0.33,7.09,7.09
436,37,12,57,28,28,16,22,105,141,13,170,12,47,14,140,1.74,1.35,38.21,65.57,7.42,28.92,5.08,1.19,4.41,0.75,4.28,0.85,2.73,0.41,2.84,0.40,6.42,6.42
284,38,13,80,20,27,36,29,76,84,15,229,14,114,21,157,2.25,1.31,28.09,52.39,6.00,24.41,4.93,1.04,4.30,0.75,4.23,0.82,2.65,0.41,2.51,0.37,3.97,3.97
315,32,12,94,15,27,36,21,77,82,31,218,15,77,39,77,1.30,1.20,68.58,121.09,13.94,51.63,9.94,1.76,7.55,1.22,6.85,1.19,3.42,0.51,3.07,0.46,7.20,7.20
560,30,14,97,20,21,38,22,68,249,40,375,18,78,47,86,1.92,1.17,75.64,127.30,15.25,60.12,11.21,1.99,9.55,1.58,8.60,1.61,4.72,0.72,4.20,0.65,16.31,16.31
190,53,11,50,22,48,22,24,145,196,30,300,19,61,14,112,3.07,1.24,34.08,63.01,7.37,29.80,6.41,1.49,6.54,1.34,8.64,1.81,5.75,0.92,6.35,0.86,11.62,11.62
414,27,11,80,13,51,29,22,155,177,64,709,43,64,38,105,3.10,1.20,58.40,105.59,12.07,48.96,10.20,2.12,10.26,2.00,13.35,2.70,8.69,1.41,9.10,1.37,30.51,30.51
231,48,14,96,17,29,55,35,118,152,39,504,30,173,32,143,2.21,1.40,57.53,103.74,11.94,47.81,9.18,2.05,8.73,1.64,9.83,2.01,6.14,0.95,6.31,0.95,19.44,19.44
240,53,15,116,20,18,75,47,95,158,31,306,19,228,44,164,1.56,1.39,73.51,125.62,14.86,58.93,10.79,2.23,9.65,1.66,9.46,1.76,5.37,0.78,5.08,0.71,12.57,12.57
250,42,10,61,17,13,22,29,120,54,25,339,15,86,13,122,1.70,1.78,100.82,183.80,20.70,79.60,13.72,1.99,11.09,1.67,8.62,1.61,4.76,0.69,4.38,0.62,13.06,13.06
494,38,16,100,9,24,39,17,87,109,22,239,10,76,71,83,1.36,1.17,41.00,67.86,8.20,32.34,5.62,1.43,5.01,0.84,4.55,0.84,2.44,0.37,2.41,0.38,10.07,10.07
435,41,23,222,9,24,62,27,100,76,29,148,8,106,98,69,1.13,1.43,24.05,44.46,5.28,22.37,4.72,1.40,4.91,0.99,6.22,1.21,3.80,0.58,3.71,0.58,6.09,6.09
394,36,17,144,5,27,59,23,91,168,27,218,10,124,60,92,1.51,1.15,38.40,68.92,7.85,32.12,5.65,1.33,5.29,0.92,5.08,0.98,3.00,0.44,3.00,0.44,7.62,7.62
578,30,11,86,18,42,28,15,112,133,19,161,10,64,35,123,1.74,1.84,36.74,70.77,7.34,28.69,4.84,1.09,4.32,0.71,3.71,0.66,2.13,0.31,1.95,0.28,2.38,2.38
574,28,11,71,13,37,32,15,114,75,26,243,12,67,58,97,1.68,1.30,33.01,58.73,6.68,26.10,4.67,1.00,4.29,0.77,4.07,0.78,2.37,0.35,2.42,0.37,8.80,8.80
302,38,13,157,7,24,45,29,43,96,27,179,13,114,79,85,1.37,1.26,23.89,45.64,5.22,21.95,4.27,1.13,4.41,0.85,4.96,0.91,2.90,0.45,2.90,0.46,6.61,6.61
502,32,12,104,9,24,45,23,69,110,23,218,12,88,33,93,1.61,1.01,40.97,76.26,8.31,32.42,5.88,1.38,5.73,1.15,7.61,1.68,5.65,0.90,5.18,0.79,8.41,8.41
524,34,14,92,18,35,45,20,98,188,33,321,16,104,57,83,2.53,1.38,45.14,85.19,9.44,38.14,7.23,1.64,6.65,1.14,6.78,1.25,3.75,0.62,3.82,0.60,14.96,14.96
378,37,17,134,8,37,77,26,88,167,43,265,26,211,38,95,2.47,1.22,39.53,72.06,8.60,35.42,6.92,1.53,6.64,1.29,7.39,1.36,4.41,0.71,4.65,0.69,9.83,9.83
416,37,11,71,17,45,32,16,163,185,56,617,42,59,44,98,3.03,1.19,62.98,117.99,13.10,51.11,10.00,2.02,9.52,1.82,11.38,2.21,7.01,1.10,6.99,1.04,21.74,21.74
303,37,15,139,2,39,70,26,103,183,39,352,17,207,53,80,1.83,1.33,28.37,51.03,6.03,24.67,5.02,1.31,5.07,1.10,7.01,1.38,4.49,0.72,4.82,0.78,12.92,12.92
374,40,17,175,13,29,131,34,96,125,33,280,14,487,56,95,1.60,1.51,31.53,63.48,6.93,28.18,5.74,1.26,5.63,1.16,6.91,1.36,4.28,0.64,4.27,0.65,12.60,12.60
335,22,13,96,14,29,78,25,148,80,29,245,18,120,44,84,2.60,2.03,48.46,92.47,10.42,40.74,7.45,1.44,6.46,1.09,5.96,1.13,3.35,0.51,3.36,0.49,7.25,7.25
446,17,13,77,13,33,67,25,139,101,28,268,16,101,27,68,2.42,2.03,41.90,78.81,9.06,35.42,6.48,1.24,5.60,0.94,5.21,0.99,3.04,0.47,3.10,0.46,7.71,7.71
306,17,11,85,15,24,37,22,148,62,29,268,20,76,31,71,2.56,2.15,48.35,95.75,10.55,40.87,7.42,1.37,6.50,1.09,6.14,1.15,3.44,0.53,3.51,0.50,9.57,9.57
346,18,13,78,16,28,33,20,146,102,25,213,15,74,27,69,3.42,1.54,37.03,70.24,8.04,31.70,5.95,1.08,5.20,0.92,5.33,1.08,3.43,0.54,3.51,0.52,7.46,7.46
337,16,13,82,16,29,38,25,145,82,22,262,14,89,28,71,2.84,1.94,35.91,68.87,7.67,29.55,5.49,1.04,4.83,0.85,4.84,0.90,2.75,0.42,2.77,0.40,6.00,6.00
312,23,13,114,13,27,49,27,140,97,17,209,13,103,39,79,2.31,1.26,29.03,55.51,6.36,24.95,4.82,0.93,4.09,0.64,3.37,0.60,1.78,0.26,1.77,0.25,6.03,6.03
411,17,11,48,10,26,25,18,135,80,23,282,14,50,19,57,2.45,1.59,30.42,59.47,6.46,25.05,4.59,0.86,4.02,0.70,3.83,0.74,2.21,0.33,2.14,0.31,7.28,7.28
446,25,16,103,7,73,57,27,150,125,19,192,14,101,42,157,3.12,1.27,25.83,48.78,5.53,22.05,4.33,0.96,3.64,0.62,3.41,0.63,1.86,0.28,1.85,0.27,5.38,5.38
404,24,14,89,9,32,41,26,128,129,22,271,14,99,32,75,2.83,1.53,35.58,69.06,7.63,29.81,5.43,1.07,4.52,0.73,3.80,0.68,2.01,0.30,2.04,0.30,7.83,7.83
361,19,12,65,14,31,30,21,113,165,20,276,13,67,26,63,1.66,1.19,39.06,73.53,8.48,32.93,6.10,1.09,5.01,0.82,4.26,0.81,2.48,0.37,2.38,0.36,8.58,8.58
378,23,15,112,12,25,47,30,71,229,19,230,16,108,36,59,2.53,1.15,38.88,70.49,8.29,32.46,5.81,1.29,5.00,0.79,3.94,0.69,2.08,0.30,1.91,0.28,7.01,7.01
398,25,15,107,20,16,46,26,128,135,19,182,16,102,42,56,3.54,1.55,72.27,83.98,14.98,57.27,9.86,1.49,7.64,1.07,4.45,0.71,2.13,0.30,1.82,0.27,5.10,5.10
485,20,11,66,16,23,30,17,176,143,19,199,16,73,32,62,3.98,1.51,37.80,68.99,8.06,30.69,5.70,1.06,4.62,0.78,4.14,0.76,2.33,0.35,2.27,0.33,5.93,5.93
421,20,12,96,19,28,225,34,136,87,31,215,14,257,55,75,2.83,2.16,45.62,84.89,10.05,40.50,7.34,1.30,5.34,1.01,5.84,1.07,3.22,0.49,3.14,0.48,6.89,6.89
358,16,15,92,19,37,42,24,161,73,32,239,19,91,37,73,3.24,2.35,50.98,94.94,11.10,43.89,7.69,1.31,5.42,1.02,5.69,1.02,3.15,0.48,3.17,0.47,7.53,7.53
415,21,12,81,16,34,37,16,157,106,24,187,14,76,39,85,3.72,2.37,46.81,87.89,10.10,39.34,6.74,1.19,4.76,0.86,4.66,0.87,2.66,0.38,2.51,0.38,5.80,5.80
284,17,12,94,15,29,43,29,134,97,20,213,13,90,39,79,3.25,1.60,29.13,54.69,6.25,24.97,4.65,0.87,3.41,0.70,4.28,0.76,2.26,0.34,2.23,0.33,6.64,6.64
294,19,13,100,16,32,48,30,100,133,24,178,16,93,43,95,3.47,1.68,41.79,78.04,9.04,36.30,6.69,1.20,4.80,0.92,5.16,0.92,2.77,0.41,2.69,0.38,7.03,7.03
358,31,13,79,17,30,34,23,188,83,28,242,15,88,25,78,4.73,1.79,62.97,82.84,13.60,52.16,9.50,1.48,7.72,1.16,5.51,0.96,2.93,0.40,2.67,0.39,7.73,7.73
416,28,13,83,12,30,39,22,153,104,26,185,17,101,29,84,4.03,1.79,38.74,72.80,8.52,33.45,6.88,1.20,5.75,1.04,5.75,1.05,3.29,0.50,3.24,0.47,6.27,6.27
454,23,14,87,6,30,39,22,103,139,21,239,16,95,28,77,3.19,1.27,35.00,64.19,7.55,29.72,5.49,1.10,4.85,0.87,4.88,0.91,2.87,0.44,2.77,0.40,7.81,7.81
368,14,12,112,16,34,56,26,110,138,25,221,14,106,44,77,2.65,1.46,41.15,76.49,8.91,35.51,6.38,1.26,5.77,0.91,4.86,0.91,2.73,0.41,2.63,0.40,6.80,6.80
471,12,19,99,20,24,55,31,111,220,19,215,11,118,32,80,2.13,1.19,49.21,91.61,10.52,40.71,7.01,1.38,5.84,0.88,4.10,0.74,2.25,0.31,2.08,0.30,7.51,7.51
393,16,11,78,16,23,38,22,76,186,18,171,15,73,30,58,3.45,1.16,37.84,69.44,7.91,30.69,5.32,1.15,4.43,0.67,3.29,0.59,1.82,0.26,1.64,0.25,5.33,5.33
302,10,12,82,13,24,37,25,84,148,24,183,14,72,24,56,3.23,1.93,29.20,51.82,6.32,24.81,4.92,0.98,4.33,0.77,4.37,0.81,2.45,0.37,2.34,0.36,5.41,5.41
409,21,15,106,19,35,46,22,178,93,34,250,22,102,46,84,3.35,1.62,43.30,79.14,9.25,35.55,6.27,1.10,5.41,0.86,4.69,0.88,2.90,0.45,2.96,0.45,8.57,8.57
345,17,13,81,21,42,39,23,156,90,31,260,19,89,32,71,2.70,2.05,59.74,112.17,12.90,50.22,9.11,1.74,7.98,1.37,7.55,1.43,4.42,0.67,4.26,0.64,7.53,7.53
451,13,11,54,24,24,26,16,171,104,24,234,12,60,27,56,2.32,2.20,49.58,95.76,10.77,41.79,7.49,1.46,6.67,1.09,5.87,1.09,3.38,0.52,3.44,0.50,7.29,7.29
315,19,10,61,24,27,32,21,185,61,25,231,15,62,37,54,3.03,1.82,52.29,100.29,11.16,42.15,7.14,1.17,6.09,0.92,4.49,0.81,2.55,0.36,2.39,0.36,7.22,7.22
333,16,15,78,15,26,38,26,138,71,22,131,11,88,48,74,3.76,1.79,59.09,105.06,12.39,48.02,8.56,1.50,7.54,1.21,6.52,1.25,3.96,0.58,3.68,0.54,5.33,5.33
295,20,13,111,6,39,45,28,101,126,24,164,15,103,51,69,3.27,1.30,23.36,44.99,5.06,20.47,4.08,1.01,3.91,0.70,4.31,0.83,2.49,0.38,2.48,0.35,5.05,5.05
369,14,10,70,14,31,37,19,126,107,22,217,12,72,31,82,2.63,1.38,31.38,59.06,6.76,26.42,4.87,1.03,4.46,0.73,3.94,0.76,2.29,0.34,2.22,0.33,5.96,5.96
392,25,13,71,21,27,38,16,172,117,24,189,15,83,32,68,3.42,1.36,50.20,91.60,10.59,40.71,7.31,1.30,5.95,0.88,4.25,0.74,2.22,0.31,1.91,0.30,5.95,5.95
371,20,14,79,13,22,50,23,118,223,27,204,15,83,30,69,3.30,1.36,49.55,91.01,10.58,41.13,7.51,1.31,6.16,0.94,4.82,0.88,2.69,0.39,2.56,0.40,6.24,6.24
319,17,11,78,11,29,47,23,94,212,23,296,16,82,32,62,2.35,1.21,33.37,62.76,7.17,28.43,5.36,1.14,4.62,0.78,4.37,0.80,2.39,0.37,2.35,0.36,9.87,9.87
413,18,18,137,19,25,74,33,144,161,19,216,16,170,75,74,3.13,1.24,47.83,89.68,10.24,39.65,7.03,1.33,5.56,0.83,4.06,0.71,2.12,0.31,2.01,0.29,7.43,7.43
398,12,11,75,14,23,51,20,88,194,21,205,15,73,24,68,3.38,1.19,33.50,61.12,7.17,28.51,5.30,1.06,4.38,0.73,3.91,0.71,2.22,0.32,2.09,0.31,6.21,6.21
473,13,9,53,18,19,26,16,100,151,20,172,12,55,22,44,3.46,1.24,33.23,59.20,6.71,25.72,4.71,0.91,3.91,0.66,3.48,0.65,2.01,0.30,1.93,0.29,5.11,5.11
368,16,12,62,17,19,37,25,117,100,21,225,8,69,28,58,3.45,1.61,50.47,88.79,10.71,41.24,7.38,1.17,6.08,0.97,5.10,0.93,2.92,0.44,2.84,0.41,8.31,8.31
427,15,14,103,21,32,42,20,150,79,31,230,16,82,48,80,2.11,1.88,57.91,107.41,12.68,49.34,9.15,1.62,7.38,1.23,6.50,1.19,3.59,0.53,3.45,0.52,7.81,7.81
415,15,11,51,29,22,24,12,127,89,26,170,11,62,17,60,1.60,1.32,30.85,56.63,6.22,23.89,4.28,0.89,3.69,0.63,3.57,0.65,2.09,0.34,2.09,0.34,7.03,7.03
355,22,11,63,27,17,25,16,100,142,27,191,17,66,22,41,2.22,1.94,39.38,75.92,8.19,31.45,5.66,1.05,4.81,0.80,4.33,0.80,2.42,0.38,2.33,0.35,6.26,6.26
328,14,13,91,19,25,45,21,122,131,23,190,14,95,36,62,3.12,1.59,56.73,104.23,11.90,46.29,8.02,1.41,6.96,1.18,6.11,1.10,3.41,0.50,3.05,0.45,6.02,6.02
481,16,9,35,21,26,16,15,165,138,18,200,13,37,20,54,3.41,1.50,50.37,92.45,10.72,42.00,7.81,1.42,6.46,1.10,5.36,0.92,2.88,0.42,2.63,0.39,6.12,6.12
351,16,12,80,21,29,34,21,179,102,24,185,14,78,24,86,3.92,1.51,66.41,120.89,14.10,54.90,9.86,1.54,7.83,1.20,5.36,0.93,2.87,0.40,2.53,0.36,5.75,5.75
373,15,10,54,22,17,26,20,141,68,24,238,15,48,23,60,3.82,1.63,71.12,124.47,15.01,57.77,10.20,1.57,8.57,1.40,6.96,1.26,4.00,0.55,3.73,0.54,7.28,7.28
428,12,10,64,20,31,29,18,153,67,20,179,14,66,28,67,3.38,1.32,65.04,116.32,13.61,53.05,9.38,1.39,7.62,1.14,5.29,0.90,2.78,0.39,2.45,0.36,6.45,6.45
312,20,11,67,20,23,34,20,165,73,29,202,15,81,31,74,2.72,1.41,38.23,72.06,8.33,33.38,6.45,1.23,5.38,0.88,4.54,0.83,2.53,0.37,2.40,0.35,6.55,6.55
322,16,14,93,23,23,49,30,110,197,20,193,16,89,43,74,3.19,1.38,36.83,68.33,7.93,30.86,5.61,1.07,4.64,0.74,3.69,0.68,1.98,0.30,1.89,0.28,5.90,5.90
389,10,13,79,17,30,33,19,99,132,13,133,10,73,36,55,3.07,1.36,49.84,86.97,10.14,38.76,6.60,1.22,5.46,0.82,3.94,0.71,2.08,0.31,1.98,0.29,6.33,6.33
370,20,14,106,17,57,51,25,196,78,25,190,16,109,35,104,3.56,1.24,39.20,69.99,7.59,28.55,4.94,1.00,4.17,0.68,3.28,0.59,1.88,0.29,1.87,0.27,6.42,6.42
393,20,11,85,22,44,31,15,122,141,21,250,12,81,32,98,1.65,1.50,46.45,84.31,9.36,36.65,6.40,1.23,5.36,0.89,4.29,0.71,2.27,0.35,2.17,0.34,7.56,7.56
348,23,11,74,18,45,30,14,191,70,28,242,15,71,22,54,2.10,1.91,53.77,99.98,11.10,43.05,7.80,1.39,6.52,1.19,5.99,1.07,3.30,0.51,3.22,0.48,7.86,7.86
298,23,10,62,24,35,25,13,190,79,25,236,16,52,21,55,2.94,1.84,46.94,84.78,9.74,38.11,6.97,1.16,6.17,1.08,5.63,1.02,3.25,0.47,3.10,0.43,8.51,8.51
323,24,11,52,27,25,25,14,174,65,30,208,17,53,18,61,5.54,2.00,56.80,103.39,11.65,44.91,7.76,1.26,6.35,1.09,5.20,0.92,2.91,0.42,2.68,0.39,6.89,6.89
336,42,9,67,17,38,24,15,165,55,21,219,15,60,20,72,3.46,1.76,43.29,80.64,8.90,34.19,6.12,1.13,5.38,0.99,4.87,0.89,2.92,0.43,2.71,0.40,6.91,6.91
371,22,13,78,11,49,36,17,219,103,21,161,13,90,26,91,4.36,1.76,46.80,84.24,9.97,39.04,7.80,1.25,6.62,1.15,5.50,0.91,2.86,0.42,2.70,0.37,5.76,5.76
306,25,13,76,17,28,30,14,179,100,23,160,14,77,14,65,4.10,1.67,51.15,95.40,10.91,42.36,8.03,1.29,6.70,1.09,5.57,0.95,2.99,0.43,2.68,0.40,6.02,6.02
350,22,11,82,24,21,30,16,167,103,24,242,15,93,26,63,6.14,1.87,108.53,198.22,22.67,87.50,15.17,2.40,12.19,1.67,7.23,1.20,3.64,0.47,3.06,0.45,8.42,8.42
361,17,11,73,21,38,28,14,121,123,24,188,14,68,25,74,3.44,1.43,53.33,96.21,10.92,41.73,7.66,1.31,6.27,1.01,4.92,0.89,2.69,0.36,2.42,0.37,6.83,6.83
416,19,9,72,11,50,27,15,83,186,23,233,14,73,20,76,2.72,1.29,31.07,56.75,6.61,26.40,5.17,1.25,4.77,0.91,5.50,1.06,3.18,0.47,2.93,0.43,7.93,7.93
416,13,11,77,13,27,23,15,90,190,18,164,13,70,20,48,4.13,1.38,28.12,50.48,5.96,23.88,4.68,1.13,4.21,0.70,4.03,0.74,2.30,0.35,2.21,0.32,5.63,5.63
531,20,11,59,24,21,18,10,195,155,23,195,16,54,11,44,5.22,1.42,53.41,91.40,10.49,40.00,7.00,1.28,5.79,0.89,4.71,0.87,2.91,0.42,2.78,0.43,6.85,6.85
364,10,7,42,15,33,14,11,107,74,14,280,10,38,13,57,2.09,1.21,22.77,43.07,4.77,18.02,3.26,0.69,3.05,0.55,3.03,0.60,1.94,0.29,1.87,0.30,8.95,8.95
434,11,8,51,23,19,14,12,108,120,15,235,17,45,9,45,1.80,1.47,56.78,107.32,11.91,46.43,8.23,1.35,6.57,0.92,4.11,0.72,2.29,0.32,2.24,0.34,7.84,7.84
377,11,9,69,17,131,33,18,120,53,21,246,11,84,29,50,1.99,1.83,38.48,71.22,7.82,30.96,5.67,1.15,5.02,0.88,5.01,0.95,3.04,0.43,2.85,0.41,8.32,8.32
268,18,10,59,20,29,24,11,170,68,21,228,12,64,20,64,2.97,1.57,42.11,75.32,8.75,34.01,6.24,0.96,5.30,0.81,4.36,0.80,2.43,0.37,2.37,0.38,6.82,6.82
374,23,11,57,22,31,23,14,208,94,21,279,19,55,16,72,5.32,1.73,53.42,96.12,10.75,40.77,7.32,1.26,6.21,0.98,5.25,0.91,2.85,0.41,2.47,0.38,9.93,9.93
318,19,13,84,19,31,31,19,189,88,20,178,15,90,27,86,4.73,1.69,64.70,114.92,13.12,50.90,9.14,1.61,8.10,1.25,6.55,1.12,3.43,0.47,2.91,0.42,5.66,5.66
337,25,11,67,28,28,29,11,218,83,24,189,17,79,19,72,4.49,1.60,71.33,133.89,14.67,56.24,10.15,1.54,8.14,1.24,5.74,0.99,2.97,0.39,2.36,0.36,6.26,6.26
331,18,11,61,21,27,24,13,177,90,26,154,14,64,10,47,3.41,1.70,86.19,158.32,18.03,67.03,12.75,2.00,9.55,1.43,6.60,1.22,3.73,0.59,3.90,0.49,6.98,6.98
430,22,14,76,23,26,31,15,181,111,22,185,19,97,20,66,4.82,1.86,115.29,212.33,23.99,91.43,16.10,2.62,11.47,1.62,6.43,1.05,3.13,0.47,2.82,0.38,8.59,8.59
417,32,14,106,17,38,42,19,178,147,26,225,17,102,44,85,3.36,1.49,50.53,92.50,10.64,41.83,7.49,1.41,6.36,0.93,4.78,0.83,2.55,0.38,2.55,0.37,7.35,7.35
518,28,13,92,11,20,36,16,134,143,21,181,16,90,27,58,3.46,1.43,35.80,65.04,7.43,30.09,5.34,1.11,4.74,0.68,3.87,0.68,2.05,0.31,2.16,0.33,5.32,5.32
435,23,12,72,14,19,27,20,115,167,20,197,14,76,17,46,3.67,1.52,48.74,90.36,10.49,40.91,7.22,1.27,5.89,0.89,4.08,0.73,2.20,0.30,2.00,0.29,5.95,5.95
329,29,11,55,17,29,25,17,224,156,21,202,18,67,18,53,3.65,1.45,42.97,76.91,9.14,34.57,6.16,1.01,5.00,0.90,4.15,0.70,2.05,0.35,2.09,0.30,6.64,6.64
381,22,8,52,17,24,18,18,133,92,19,254,14,54,25,46,2.06,1.55,60.38,114.19,13.00,51.94,9.18,1.37,7.40,1.11,4.58,0.70,2.19,0.29,1.98,0.29,9.20,9.20
469,28,10,96,20,23,32,15,163,123,26,199,23,81,23,66,2.35,1.90,68.62,132.75,15.30,60.32,10.45,1.69,8.59,1.24,5.34,0.88,2.95,0.45,2.81,0.42,6.53,6.53
364,25,11,87,21,36,39,18,179,79,26,278,16,87,28,57,2.03,1.52,41.79,78.49,9.11,36.46,6.51,1.06,5.58,0.98,4.96,0.93,2.90,0.44,2.88,0.46,9.39,9.39
413,36,15,84,21,28,45,17,225,137,26,242,16,101,35,83,3.64,1.93,55.85,89.76,11.95,47.21,8.51,1.35,6.71,1.07,4.76,0.78,2.26,0.32,2.09,0.33,8.58,8.58
367,34,15,79,17,34,41,17,241,102,26,191,19,100,30,85,4.44,1.70,56.54,97.28,11.84,46.01,8.09,1.38,6.58,1.11,5.50,0.97,2.81,0.39,2.63,0.37,7.59,7.59
331,25,14,57,14,28,25,19,161,138,18,179,13,59,25,76,3.39,1.65,34.42,64.00,7.31,28.03,5.16,0.85,4.10,0.71,3.37,0.57,1.94,0.27,1.78,0.29,5.65,5.65
352,27,15,88,20,32,38,18,243,116,24,222,16,98,31,81,3.28,1.43,58.14,109.40,12.40,48.00,8.34,1.47,6.59,1.07,4.89,0.80,2.62,0.38,2.34,0.37,8.07,8.07
421,33,13,90,27,24,34,18,218,111,23,199,21,104,21,66,5.08,1.51,89.78,166.87,18.54,72.05,12.38,1.89,9.07,1.32,5.06,0.76,2.23,0.31,1.92,0.24,8.15,8.15
558,42,14,91,19,25,43,28,209,168,23,158,20,97,26,60,4.94,1.58,71.80,132.44,15.24,58.99,10.20,1.65,8.22,1.26,5.47,0.79,2.48,0.34,2.14,0.31,5.61,5.61
443,33,11,90,12,34,36,20,149,167,20,198,16,87,30,68,2.81,1.72,38.47,69.63,8.35,32.73,5.96,1.29,4.50,0.83,4.04,0.75,2.47,0.37,2.39,0.36,7.27,7.27
474,29,12,89,16,21,33,15,213,172,21,195,18,100,21,53,3.91,1.69,48.89,88.43,10.07,39.28,7.28,1.43,5.81,0.98,5.08,1.00,3.12,0.46,2.84,0.42,6.69,6.69
405,29,14,72,14,20,31,18,211,206,22,187,17,80,23,66,4.12,1.60,49.57,91.37,10.51,40.61,7.19,1.29,5.64,0.89,3.72,0.65,1.99,0.28,1.79,0.29,6.64,6.64
303,17,8,57,23,22,24,20,115,57,17,284,15,48,14,46,1.36,1.40,39.20,74.94,8.25,32.71,6.14,1.08,4.93,0.74,3.47,0.64,2.10,0.33,2.14,0.34,8.21,8.21
320,21,12,94,26,23,34,18,190,103,19,207,20,82,20,73,2.34,1.97,78.95,152.43,17.08,68.74,12.17,2.06,9.10,1.30,4.76,0.74,2.21,0.31,2.10,0.37,5.95,5.95
340,24,12,84,19,28,31,14,157,225,22,193,17,79,21,74,1.79,2.14,47.31,91.58,10.01,40.15,7.04,1.37,5.75,1.01,4.61,0.95,2.88,0.43,2.91,0.51,5.63,5.63
343,27,15,80,18,92,36,20,222,88,27,206,17,82,40,108,2.79,1.85,51.56,87.07,10.95,43.10,8.47,1.30,6.49,1.11,5.20,1.00,2.98,0.42,2.73,0.38,7.12,7.12
387,34,14,88,20,34,35,19,209,122,28,217,16,87,48,80,3.00,2.00,61.43,107.75,13.12,51.48,9.10,1.48,7.15,1.17,5.57,1.10,3.56,0.51,3.37,0.59,7.32,7.32
354,28,12,74,19,27,32,17,235,111,25,211,20,83,28,76,3.89,1.74,41.10,76.92,8.67,34.50,6.35,1.21,5.26,0.88,4.57,0.88,2.50,0.40,2.10,0.33,5.59,5.59
342,31,13,73,21,31,30,18,193,106,23,177,16,67,27,68,4.20,1.99,88.61,157.65,18.30,69.87,12.09,2.01,9.07,1.32,6.00,1.07,3.43,0.49,2.76,0.45,7.27,7.27
273,28,12,67,17,28,31,20,227,136,24,156,18,82,19,70,3.94,1.96,73.97,135.36,15.41,58.60,9.52,1.59,8.36,1.18,5.50,0.88,2.76,0.37,2.23,0.29,4.26,4.26
357,33,13,76,24,21,29,14,215,121,24,168,18,80,14,62,4.07,1.84,108.07,200.46,22.55,87.02,14.26,2.16,11.97,1.52,6.78,1.10,3.89,0.53,3.06,0.45,5.30,5.30
318,31,12,70,28,22,25,16,168,149,28,192,20,78,19,53,3.87,1.70,85.56,163.02,18.67,72.57,11.53,1.85,9.76,1.31,5.77,0.97,3.12,0.45,2.72,0.36,5.78,5.78
338,16,10,59,19,35,23,11,146,146,27,230,15,64,18,62,2.69,1.42,46.78,85.58,9.80,38.19,6.36,1.16,6.00,0.95,5.60,1.04,3.45,0.57,3.50,0.51,6.74,6.74
363,27,10,49,15,26,18,8,129,159,21,245,13,66,11,49,3.79,1.65,37.29,62.83,7.85,31.61,5.06,1.04,4.64,0.76,4.60,0.91,3.07,0.51,3.16,0.45,7.00,7.00
352,18,10,69,16,25,23,15,145,91,21,285,14,55,16,48,2.53,1.57,44.40,84.51,9.53,38.31,6.23,1.20,5.54,0.84,4.07,0.68,2.41,0.36,2.50,0.38,10.45,10.45
364,21,11,85,20,26,28,14,154,94,20,228,16,78,18,70,2.03,2.10,42.76,82.51,8.98,34.31,5.82,1.19,5.05,0.82,3.94,0.67,2.10,0.32,2.11,0.30,7.14,7.14
339,26,10,89,19,24,29,17,145,103,22,205,18,73,29,75,1.68,1.93,42.06,80.89,8.62,34.79,5.94,1.06,5.13,0.87,4.51,0.88,2.74,0.45,2.65,0.43,6.33,6.33
360,20,7,62,16,26,22,17,95,135,17,193,13,54,16,56,1.32,1.72,44.29,84.51,9.06,36.11,5.96,1.09,5.01,0.74,3.70,0.64,2.36,0.36,2.21,0.35,5.87,5.87
374,30,14,97,18,30,36,17,214,100,25,187,17,144,37,91,3.43,1.90,57.67,110.85,12.96,51.51,9.00,1.60,7.56,1.16,5.99,1.08,3.78,0.55,3.25,0.44,6.35,6.35
330,28,13,79,19,23,29,17,177,113,24,227,16,113,19,72,3.70,1.66,49.47,92.19,11.08,43.43,7.82,1.36,6.28,0.94,4.63,0.84,2.63,0.40,2.31,0.38,8.06,8.06
455,30,12,72,18,25,32,18,179,88,26,189,16,87,24,70,3.63,1.88,57.61,106.80,12.40,48.96,8.00,1.49,6.89,0.97,4.95,0.87,2.88,0.45,2.46,0.36,6.41,6.41
255,20,9,52,17,26,16,18,117,87,21,163,12,49,11,51,3.96,1.84,49.01,90.88,10.70,41.81,7.57,1.28,6.08,0.98,5.45,1.07,3.16,0.45,3.03,0.40,4.94,4.94
323,31,13,69,17,29,33,23,177,117,24,195,16,80,21,71,3.09,1.67,40.94,73.92,8.70,34.09,5.98,1.07,5.11,0.84,4.72,0.84,2.63,0.37,2.72,0.37,5.22,5.22
299,38,12,80,23,28,33,18,175,104,25,246,19,92,17,58,3.86,1.66,86.73,157.62,18.19,70.62,11.60,1.72,9.23,1.31,5.89,0.91,2.91,0.41,3.06,0.42,7.80,7.80
375,28,10,62,21,25,26,17,171,135,26,204,16,75,11,52,3.87,1.64,62.96,117.58,13.65,51.78,9.02,1.47,7.03,1.02,4.77,0.81,2.47,0.36,2.49,0.37,6.79,6.79
402,27,10,65,18,44,30,20,155,104,24,255,15,67,32,75,2.42,1.45,43.11,80.66,9.37,37.02,6.61,1.12,5.42,0.82,4.21,0.69,2.25,0.32,2.24,0.31,7.44,7.44
303,21,9,67,26,66,30,19,86,146,22,206,20,57,19,150,1.52,1.79,78.37,147.75,17.18,68.07,12.05,1.85,8.62,1.25,5.19,0.82,2.56,0.33,2.53,0.31,6.79,6.79
385,23,9,64,28,24,22,14,108,117,15,191,15,57,15,54,1.65,1.77,72.38,134.21,15.39,59.48,10.39,1.67,7.88,0.96,3.62,0.52,1.63,0.21,1.54,0.20,5.14,5.14
348,19,8,75,21,18,26,19,108,78,14,190,17,60,24,62,1.88,1.66,97.75,177.91,19.90,75.25,12.67,1.97,9.44,1.19,3.96,0.53,1.64,0.21,1.50,0.25,5.89,5.89
401,24,8,63,11,26,28,21,99,110,15,191,12,54,20,60,1.70,1.59,46.57,85.60,9.53,37.28,6.59,1.22,5.22,0.71,3.41,0.54,1.58,0.24,1.75,0.23,5.91,5.91
386,33,16,87,14,43,33,25,207,134,25,214,15,197,23,99,3.29,1.62,47.33,88.86,10.65,42.67,7.74,1.28,6.03,0.90,4.66,0.74,2.35,0.36,2.58,0.35,9.14,9.14
463,24,9,82,20,25,31,20,123,79,17,222,13,60,22,76,1.41,1.41,58.10,109.95,11.63,45.10,7.97,1.23,6.30,0.83,3.27,0.52,1.81,0.23,1.70,0.27,5.95,5.95
230,29,13,90,15,20,32,19,166,101,21,185,17,83,19,60,3.39,1.43,49.10,86.60,10.43,40.67,7.55,1.04,6.00,0.89,4.50,0.85,2.91,0.42,2.88,0.43,6.19,6.19
386,30,12,66,21,27,32,17,196,128,23,225,14,69,20,73,1.42,0.83,29.87,53.47,6.49,25.09,4.27,0.69,3.22,0.50,2.23,0.39,1.14,0.17,1.20,0.15,3.08,3.08
464,35,13,82,18,18,31,13,203,106,21,169,17,87,22,69,2.19,0.98,28.41,53.65,6.19,23.66,4.20,0.77,3.14,0.50,2.35,0.46,1.42,0.22,1.33,0.17,2.55,2.55
426,32,11,77,19,23,26,14,184,121,27,237,16,80,19,58,1.95,1.15,27.30,51.50,6.06,22.73,4.21,0.76,3.31,0.52,2.78,0.46,1.42,0.22,1.30,0.20,4.46,4.46
312,26,9,56,20,23,18,15,105,147,19,188,16,46,24,48,2.15,1.10,25.15,46.45,5.50,21.02,3.74,0.73,3.21,0.54,2.82,0.55,1.57,0.24,1.64,0.22,3.50,3.50
443,25,9,53,20,28,17,14,141,132,22,216,18,54,13,40,2.43,1.08,36.73,67.75,8.25,31.94,5.78,0.84,4.36,0.72,3.42,0.54,1.60,0.24,1.56,0.19,3.90,3.90
349,21,8,45,11,112,20,16,65,126,18,197,10,46,16,282,1.04,1.07,23.64,43.85,5.14,19.57,3.69,0.77,2.99,0.50,2.85,0.49,1.53,0.27,1.51,0.23,4.44,4.44
431,21,11,75,11,202,33,18,95,140,23,227,13,73,27,395,0.57,0.84,15.53,28.51,3.33,13.04,2.48,0.51,2.03,0.29,1.74,0.30,0.98,0.15,0.92,0.16,2.22,2.22
262,29,8,88,26,11,22,18,60,95,32,244,35,47,19,64,0.68,1.62,74.87,139.08,15.29,59.94,10.32,1.47,8.12,1.11,5.34,0.97,2.78,0.46,2.73,0.41,4.04,4.04
454,29,9,77,19,26,27,17,120,120,15,216,15,68,24,60,1.70,1.53,73.95,138.79,15.05,59.10,10.26,1.65,7.85,0.98,3.51,0.56,1.34,0.21,1.23,0.22,5.91,5.91
336,22,8,68,24,23,24,21,99,112,13,179,15,53,23,76,1.53,1.24,61.98,115.23,12.53,50.24,8.80,1.46,6.81,0.77,2.70,0.41,1.27,0.17,1.17,0.15,4.05,4.05
414,21,9,59,12,20,26,18,97,107,20,197,10,48,23,64,0.88,0.96,20.70,37.68,4.26,17.00,3.17,0.60,2.41,0.39,1.88,0.40,1.15,0.17,1.08,0.15,2.67,2.67
301,33,10,66,24,24,29,19,211,119,24,203,16,81,22,61,1.66,1.09,28.65,57.01,6.37,25.32,5.01,0.74,4.23,0.79,4.54,0.91,2.85,0.42,2.91,0.46,4.79,4.79
242,35,12,86,26,42,31,17,203,102,23,187,17,107,21,93,3.63,1.64,53.34,97.77,11.64,46.43,8.69,1.24,7.07,1.13,5.51,0.99,2.99,0.47,2.75,0.45,7.72,7.72
511,33,11,77,21,31,21,14,165,145,22,278,18,63,18,85,4.94,1.63,52.85,96.15,11.32,44.68,7.97,1.23,6.19,0.95,4.79,0.89,2.76,0.42,2.74,0.39,9.60,9.60
487,33,13,68,17,25,25,15,200,156,23,240,17,64,19,67,5.01,1.99,58.15,105.94,12.55,49.73,8.62,1.48,7.40,1.15,5.56,1.01,2.87,0.40,2.97,0.44,11.72,11.72
476,31,13,73,21,27,31,17,234,159,26,253,20,73,23,92,3.05,1.16,38.07,69.48,8.25,32.00,6.06,0.83,4.43,0.63,3.33,0.57,1.80,0.25,1.47,0.21,5.80,5.80
427,31,10,63,19,22,25,16,191,121,25,341,18,71,15,60,4.43,1.45,43.74,82.23,9.59,38.61,7.35,1.14,5.89,0.92,4.95,1.02,2.93,0.45,2.87,0.46,12.90,12.90
457,30,10,63,25,26,29,15,183,122,24,276,19,73,22,67,5.66,2.12,80.60,146.94,17.49,69.00,12.30,1.92,10.17,1.53,7.00,1.33,3.82,0.57,3.04,0.50,11.59,11.59
394,23,8,67,14,119,34,15,110,160,27,275,18,89,27,173,1.90,1.45,44.85,83.82,9.71,38.39,7.41,1.23,5.80,0.96,5.26,1.02,3.17,0.47,3.14,0.48,8.59,8.59
480,22,7,65,18,129,25,14,65,119,19,236,15,61,20,280,0.79,1.07,53.45,98.39,11.09,42.36,7.30,1.17,5.74,0.81,3.50,0.56,1.77,0.23,1.59,0.27,6.01,6.01
379,22,6,56,20,21,22,17,88,72,15,242,14,46,23,53,1.37,1.26,66.91,128.56,14.41,56.56,9.78,1.46,7.00,0.84,3.55,0.48,1.69,0.22,1.56,0.23,6.42,6.42
566,26,8,64,18,24,21,13,105,131,22,300,16,51,18,69,1.15,1.38,42.56,79.20,8.72,32.68,5.71,1.04,4.48,0.68,3.39,0.57,1.79,0.27,1.74,0.31,7.95,7.95
376,22,10,89,15,19,36,22,96,194,19,203,13,80,34,70,1.12,0.99,25.55,48.12,5.49,21.31,3.86,0.67,3.24,0.52,2.63,0.49,1.47,0.19,1.49,0.22,4.20,4.20
381,35,13,123,7,20,43,25,71,311,22,241,10,77,68,69,1.03,0.85,19.65,36.33,4.39,18.43,3.41,0.92,3.11,0.55,3.16,0.59,1.96,0.25,1.61,0.25,6.03,6.03
359,36,13,64,22,27,31,15,260,83,26,213,17,90,25,76,2.90,1.60,42.89,78.94,9.65,36.63,7.88,1.10,5.55,0.93,4.69,0.73,2.49,0.36,2.30,0.36,6.16,6.16
348,22,8,68,23,19,32,23,220,126,39,293,21,89,19,68,4.76,1.76,94.13,117.73,22.03,84.55,15.29,1.69,12.12,1.85,8.49,1.44,4.29,0.60,3.96,0.59,9.30,9.30
421,22,15,65,20,26,29,20,219,112,24,252,19,62,24,71,5.01,1.68,62.25,83.86,13.65,52.19,9.21,1.37,7.18,1.13,5.31,0.93,2.82,0.39,2.55,0.36,9.54,9.54
452,23,12,51,22,29,21,19,229,129,22,269,18,51,19,70,4.55,1.60,42.05,73.89,9.26,35.42,6.27,0.96,4.92,0.77,3.81,0.66,2.02,0.30,1.92,0.29,8.52,8.52
386,22,10,52,16,30,23,14,194,105,21,233,17,49,18,65,3.76,1.46,39.31,70.61,8.31,31.50,5.74,0.86,4.56,0.72,3.65,0.65,2.00,0.31,1.99,0.29,7.69,7.69
430,26,12,57,14,27,22,18,228,125,23,240,17,63,15,61,3.76,1.56,40.01,73.32,8.65,33.18,5.88,0.98,4.82,0.77,3.74,0.67,2.07,0.31,2.04,0.30,7.45,7.45
327,17,8,47,14,29,19,17,125,83,18,279,14,45,16,51,1.74,1.39,34.63,64.32,7.36,28.20,5.08,0.93,4.27,0.70,3.39,0.63,1.95,0.29,1.96,0.29,7.84,7.84
337,24,10,68,10,106,34,20,92,164,25,242,15,69,26,154,1.66,1.41,39.78,75.45,8.80,35.01,6.59,1.32,5.63,0.95,4.97,0.92,2.82,0.42,2.75,0.41,8.20,8.20
447,18,10,69,12,52,30,19,83,180,22,262,14,67,24,107,1.58,1.29,42.06,77.09,8.83,34.69,6.41,1.25,5.31,0.83,3.87,0.67,2.09,0.30,1.97,0.30,6.34,6.34
498,22,11,71,12,29,29,19,105,149,24,280,15,68,25,59,1.83,1.26,37.49,67.71,7.84,30.74,5.72,1.15,4.95,0.85,4.60,0.87,2.75,0.41,2.63,0.40,7.90,7.90
496,17,8,59,6,25,21,18,58,161,18,215,10,46,19,45,1.57,1.08,24.09,44.32,5.10,20.25,3.88,0.86,3.47,0.62,3.40,0.66,2.03,0.31,2.12,0.32,6.90,6.90
504,24,15,97,8,29,40,26,80,252,23,208,13,82,44,62,1.77,1.14,24.48,46.22,5.39,22.19,4.30,1.14,3.80,0.69,3.85,0.73,2.24,0.33,2.20,0.32,5.77,5.77
380,25,12,59,20,34,28,20,261,81,26,241,19,60,19,76,1.50,1.22,25.78,47.16,5.46,21.75,4.13,0.98,3.64,0.62,3.43,0.66,2.04,0.31,1.98,0.30,4.51,4.51
384,21,15,104,4,26,49,26,87,198,19,166,12,93,52,62,3.64,1.84,48.60,86.14,10.53,40.71,7.44,1.20,6.24,1.04,5.42,0.99,2.92,0.42,2.62,0.39,7.75,7.75
474,30,14,48,17,30,26,20,253,97,24,296,19,53,19,77,4.69,1.72,51.35,88.81,10.90,42.27,7.52,1.28,6.27,1.02,5.22,0.94,2.78,0.38,2.46,0.36,9.57,9.57
456,28,11,50,18,25,24,16,215,102,21,291,17,45,19,73,5.45,1.66,50.25,90.77,10.76,41.42,7.14,1.21,5.88,0.87,4.12,0.73,2.22,0.31,2.08,0.29,8.39,8.39
375,25,13,66,18,25,29,24,203,90,22,201,18,63,21,81,3.65,1.52,52.91,90.03,11.24,43.01,7.67,1.18,6.31,0.96,4.49,0.78,2.25,0.33,2.07,0.31,5.68,5.68
348,18,11,40,5,31,25,20,98,69,16,259,13,42,18,51,1.98,1.17,22.83,43.30,4.79,18.70,3.33,0.70,2.93,0.51,2.70,0.50,1.57,0.25,1.55,0.25,6.39,6.39
341,17,9,56,20,27,27,19,131,73,19,277,20,57,21,60,1.57,1.49,48.72,88.83,10.20,39.52,6.89,1.25,6.05,0.87,3.87,0.64,2.01,0.30,1.90,0.31,7.09,7.09
413,22,12,81,14,52,36,20,145,129,26,275,18,85,32,82,2.28,1.81,44.24,82.57,9.52,37.00,6.50,1.23,5.81,0.93,4.72,0.85,2.63,0.40,2.47,0.38,8.00,8.00
431,17,12,70,14,115,38,18,105,131,21,223,13,68,29,157,1.69,1.48,38.26,70.01,8.00,31.18,5.46,1.07,4.75,0.76,3.90,0.72,2.23,0.34,2.13,0.34,6.38,6.38
353,17,12,69,15,34,34,18,105,121,19,228,13,66,28,75,1.72,1.49,42.38,77.64,8.66,33.60,5.91,1.11,5.11,0.78,3.74,0.68,2.08,0.31,1.94,0.31,6.34,6.34
427,21,13,87,7,44,40,25,86,170,24,230,11,106,45,74,1.86,1.34,27.54,51.06,5.95,24.32,4.75,1.13,4.30,0.80,4.58,0.88,2.71,0.42,2.61,0.39,7.26,7.26
466,21,11,97,9,22,37,24,81,206,22,193,10,78,33,64,1.81,1.16,39.62,71.29,8.05,31.01,5.34,1.17,4.76,0.79,4.27,0.81,2.48,0.37,2.32,0.34,5.81,5.81
376,17,13,101,7,41,49,32,79,118,21,177,11,95,58,149,1.61,1.37,23.65,44.67,5.05,20.37,3.84,0.93,3.51,0.62,3.51,0.68,2.00,0.31,1.96,0.30,5.71,5.71
434,22,12,110,9,22,51,27,78,103,18,196,17,108,44,63,1.51,1.36,27.97,54.40,6.05,23.95,4.31,1.06,3.94,0.69,3.75,0.70,2.18,0.32,2.04,0.31,5.80,5.80
345,24,10,63,10,21,27,24,131,50,21,195,12,56,28,52,3.87,1.81,46.85,85.45,9.92,39.29,7.02,1.22,5.86,0.91,4.59,0.81,2.43,0.37,2.40,0.35,9.87,9.87
358,27,14,56,17,25,25,22,238,73,23,283,18,55,32,65,2.09,1.55,38.44,62.68,7.93,31.06,5.74,1.06,4.80,0.78,3.94,0.69,2.08,0.31,1.84,0.28,5.86,5.86
230,19,12,80,11,21,32,31,132,69,18,173,16,65,32,63,2.15,1.73,42.07,80.23,8.46,32.96,5.73,1.11,5.06,0.80,4.10,0.73,2.16,0.33,2.16,0.32,5.51,5.51
356,25,11,74,9,16,37,33,132,42,19,192,11,79,37,54,1.90,1.67,33.63,64.04,6.84,26.86,4.69,0.99,4.23,0.71,3.87,0.70,2.17,0.33,2.16,0.32,5.52,5.52
290,19,7,39,10,26,20,19,97,49,17,287,16,37,18,50,1.14,1.29,26.34,51.51,5.67,22.31,4.07,0.78,3.65,0.60,3.30,0.61,1.88,0.30,1.95,0.30,7.85,7.85
396,14,9,80,18,37,26,20,139,87,19,199,28,64,20,74,1.95,2.05,58.92,86.01,13.03,51.00,9.00,1.52,7.45,1.06,4.72,0.80,2.44,0.36,2.34,0.36,6.55,6.55
341,16,8,60,15,41,29,24,110,93,18,207,16,55,25,82,1.49,1.69,47.46,87.46,9.81,37.89,6.61,1.07,5.46,0.79,3.60,0.61,1.86,0.28,1.81,0.27,5.94,5.94
394,23,12,82,10,75,38,18,87,173,22,272,13,79,38,103,1.65,1.33,36.84,69.26,7.94,31.63,5.76,1.12,4.98,0.82,4.32,0.77,2.35,0.36,2.34,0.35,7.89,7.89
496,24,12,102,6,23,39,23,84,213,23,227,12,82,43,65,1.65,1.27,28.93,54.01,6.19,25.33,4.78,1.12,4.34,0.78,4.43,0.83,2.46,0.38,2.48,0.38,8.08,8.08
462,15,12,76,4,25,35,20,72,209,24,261,13,68,32,60,1.43,1.15,33.03,60.26,7.04,28.24,5.34,1.12,4.85,0.87,4.98,0.94,2.82,0.43,2.82,0.43,9.58,9.58
348,22,8,94,29,11,33,18,87,57,24,218,12,75,20,49,0.79,0.82,43.3,76.87,8.17,27.83,4.7,0.62,4.09,0.78,4.55,0.86,2.94,0.45,3.04,0.48,4.97,4.97
282,19,12,108,6,29,56,28,92,59,21,167,12,112,61,73,1.50,1.63,30.55,61.02,6.60,26.20,4.84,1.08,4.34,0.74,4.08,0.75,2.24,0.34,2.28,0.34,5.65,5.65
281,33,16,119,7,34,65,30,88,154,53,555,25,128,58,104,1.74,1.39,62.34,106.89,12.92,52.09,10.33,2.14,10.03,1.86,11.19,2.15,6.94,1.02,6.92,1.01,19.94,19.94
320,31,18,100,15,33,50,24,93,187,49,384,19,106,52,103,2.44,1.41,75.75,131.85,15.61,62.84,11.51,2.50,11.19,1.91,10.90,2.09,6.51,0.94,6.24,0.93,15.00,15.00
279,42,16,146,16,29,80,32,96,160,46,433,17,202,69,85,2.28,1.54,80.14,140.29,15.77,62.89,11.56,2.23,10.28,1.79,10.20,1.89,5.86,0.86,5.57,0.82,15.68,15.68
264,35,15,89,30,27,40,25,110,235,59,441,23,91,46,99,2.38,1.25,93.77,173.18,19.91,78.43,14.48,2.60,13.31,2.29,12.71,2.35,7.34,1.05,6.76,1.03,20.48,20.48
291,28,13,107,30,37,45,23,95,208,31,371,16,90,48,89,1.89,1.22,98.45,158.62,17.03,64.94,11.54,2.27,10.15,1.65,8.54,1.53,4.57,0.66,4.13,0.60,16.54,16.54
281,35,17,146,14,38,73,27,99,168,36,277,12,132,56,92,1.93,1.36,42.88,77.56,8.61,33.23,6.74,1.44,6.15,1.12,6.44,1.21,3.68,0.55,3.63,0.53,10.09,10.09
335,33,13,107,23,26,47,24,77,203,41,523,25,103,54,89,1.89,1.22,85.56,136.10,15.00,57.32,10.78,2.01,9.41,1.52,7.60,1.34,3.99,0.56,3.54,0.53,14.43,14.43
251,38,16,118,13,25,38,26,50,260,61,560,29,81,51,84,2.37,1.27,100.48,150.87,16.23,60.83,10.90,2.38,10.42,1.90,10.76,2.09,6.36,0.97,6.08,0.86,17.95,17.95
249,30,14,83,19,32,32,20,87,253,40,637,25,64,30,68,2.28,1.19,64.75,120.12,13.91,53.92,10.10,1.95,8.68,1.55,7.85,1.37,4.45,0.62,3.69,0.55,16.05,16.05
380,30,15,116,19,42,53,21,91,201,36,314,22,124,42,86,1.93,1.55,30.79,56.64,6.65,26.15,5.56,1.08,4.87,0.99,6.04,1.11,3.75,0.63,3.65,0.59,8.86,8.86
306,43,13,90,16,33,53,19,67,232,35,355,19,126,28,69,1.67,1.18,31.24,65.59,7.49,31.55,7.33,1.71,6.54,1.24,7.86,1.44,4.31,0.70,3.84,0.57,12.43,12.43
276,32,13,103,20,32,48,18,71,235,38,384,22,110,29,77,2.02,1.38,35.87,66.06,8.28,31.73,6.74,1.55,7.58,1.22,7.53,1.49,4.34,0.67,4.27,0.58,12.86,12.86
363,41,17,99,16,35,51,18,97,204,29,294,18,107,35,78,2.00,1.05,31.67,60.17,6.78,27.45,5.74,1.29,4.96,0.91,5.50,1.00,3.17,0.49,3.10,0.45,7.85,7.85
350,26,15,117,11,31,40,25,97,167,42,470,18,85,62,99,2.89,1.34,60.72,114.08,12.96,52.77,10.21,2.07,9.62,1.75,10.48,1.98,5.95,0.93,5.79,0.90,20.06,20.06
343,27,19,155,5,29,52,31,90,114,58,451,21,104,76,100,2.44,1.60,49.53,92.92,10.78,45.24,9.66,2.28,9.72,2.01,12.80,2.46,7.72,1.17,7.43,1.16,19.19,19.19
293,26,17,117,10,31,39,28,99,190,53,509,19,79,71,98,2.35,1.34,50.73,96.94,11.18,47.27,9.92,2.14,9.55,1.82,11.08,2.12,6.54,0.98,6.40,0.95,20.69,20.69
337,31,22,158,12,25,58,35,63,209,47,312,12,110,75,107,2.25,1.49,43.84,89.52,10.58,45.90,10.05,2.42,9.93,1.88,11.29,2.11,6.18,0.90,5.68,0.81,13.30,13.30
306,35,14,105,28,30,41,20,99,247,32,372,14,101,47,88,1.83,1.11,74.16,132.77,13.55,51.68,9.61,1.77,8.15,1.31,6.64,1.20,3.59,0.51,3.20,0.47,13.99,13.99
248,40,16,161,15,34,77,31,93,146,49,511,24,163,56,93,2.09,1.34,75.91,127.98,14.93,60.22,11.81,2.21,10.11,1.78,9.93,1.86,5.67,0.86,5.54,0.81,20.14,20.14
461,33,16,100,8,24,61,25,89,292,43,437,27,136,55,84,2.03,1.17,66.87,106.20,12.45,49.72,9.83,2.40,8.83,1.60,9.08,1.65,4.88,0.72,4.48,0.64,15.91,15.91
369,24,16,105,19,35,49,19,98,246,35,352,20,115,39,90,2.07,1.65,37.48,71.64,7.94,32.06,6.81,1.30,5.69,1.05,6.58,1.22,3.92,0.61,3.98,0.53,9.97,9.97
389,31,15,117,16,36,49,19,99,179,36,295,20,121,43,102,1.74,1.48,37.30,71.01,7.83,31.75,5.94,1.16,5.05,0.85,4.89,0.91,2.65,0.41,2.44,0.39,8.80,8.80
285,31,17,98,20,35,54,15,100,159,25,342,17,112,32,82,2.07,1.19,56.51,97.15,11.02,42.16,7.97,1.54,6.71,1.12,6.96,1.23,3.86,0.54,3.63,0.53,9.55,9.55
278,33,14,100,18,39,45,19,79,258,33,366,18,114,27,79,1.73,1.24,33.20,65.98,7.69,31.50,7.09,1.42,5.88,1.14,7.12,1.37,3.95,0.56,3.79,0.57,10.64,10.64
338,39,14,87,15,38,44,16,68,233,33,430,19,108,28,80,1.61,1.02,26.52,52.93,6.06,25.26,5.77,1.53,5.36,1.01,6.91,1.32,4.04,0.59,3.81,0.58,10.67,10.67
462,35,13,100,10,37,41,20,86,277,31,343,19,93,34,76,2.03,1.24,37.97,69.62,7.83,31.18,6.51,1.51,5.68,0.95,5.66,1.04,3.15,0.49,2.99,0.43,8.99,8.99
511,38,16,116,8,34,43,26,69,230,41,415,14,107,61,85,2.31,1.22,51.91,93.65,11.28,46.30,9.04,2.23,8.52,1.56,9.20,1.70,5.38,0.81,5.45,0.78,17.00,17.00
318,24,12,75,9,37,28,18,102,182,39,346,14,68,31,84,2.27,1.14,40.23,73.61,8.59,35.10,7.19,1.55,6.76,1.34,8.22,1.62,5.11,0.78,5.09,0.78,13.71,13.71
428,28,12,79,16,35,35,22,132,159,85,732,23,59,50,86,2.66,1.27,58.86,109.08,12.89,53.43,11.72,2.40,11.83,2.50,15.91,3.14,9.83,1.53,10.37,1.44,26.97,26.97
369,24,15,59,19,37,32,18,127,144,64,505,22,72,47,102,2.66,1.28,77.32,139.30,16.21,65.47,13.08,2.56,12.72,2.44,14.15,2.70,8.23,1.22,7.84,1.16,20.80,20.80
340,31,17,114,23,38,106,27,106,178,42,521,22,400,51,89,1.92,1.22,59.20,105.41,12.15,47.75,9.28,1.68,8.03,1.37,8.50,1.59,4.93,0.77,4.68,0.71,13.17,13.17
338,36,15,84,16,38,65,20,80,203,47,426,22,157,30,78,2.08,1.08,38.64,75.62,8.58,34.67,7.83,1.79,7.17,1.40,9.51,1.81,5.45,0.85,5.05,0.70,10.29,10.29
344,28,16,86,11,33,38,17,76,220,33,357,15,82,40,83,1.93,1.11,56.67,95.73,10.82,42.15,7.65,1.54,6.64,1.11,6.03,1.08,3.26,0.49,3.08,0.46,10.80,10.80
432,34,14,93,19,34,34,19,90,290,35,453,23,82,33,82,2.21,1.15,51.61,96.01,10.63,41.58,7.74,1.61,7.00,1.25,7.02,1.22,3.73,0.59,3.63,0.55,10.88,10.88
314,34,14,112,15,35,45,19,95,139,27,301,21,120,60,84,1.88,1.83,35.19,68.91,7.51,29.79,5.84,1.06,5.08,0.91,5.04,0.92,2.74,0.39,2.77,0.44,8.90,8.90
371,31,14,99,18,57,50,18,117,146,31,418,20,125,59,86,1.99,1.56,35.81,69.45,7.79,31.31,6.04,1.21,5.51,1.07,6.53,1.24,3.74,0.57,3.74,0.58,9.56,9.56
351,33,14,114,16,33,56,23,87,196,31,342,19,142,39,80,1.80,1.27,36.20,70.09,7.98,31.68,6.48,1.31,6.26,1.09,6.32,1.22,3.50,0.56,3.75,0.55,10.12,10.12
353,46,14,104,17,35,39,18,68,239,34,378,21,99,25,73,1.68,1.27,32.25,62.63,7.13,29.97,6.49,1.46,5.83,1.16,6.75,1.18,3.70,0.55,3.68,0.55,11.76,11.76
372,31,15,77,16,33,43,15,87,285,28,353,18,86,27,91,1.89,1.17,38.67,74.42,8.26,33.21,6.63,1.26,5.83,1.08,5.88,1.06,3.21,0.48,3.50,0.47,10.47,10.47
466,36,15,99,9,33,24,24,84,345,55,617,20,50,49,84,2.57,1.36,79.89,139.17,16.37,67.78,13.66,2.95,11.83,2.09,11.90,2.20,6.83,1.04,6.62,0.99,22.89,22.89
427,28,22,68,9,32,66,18,66,161,50,357,18,109,53,91,1.91,0.98,53.71,90.81,11.28,46.19,9.43,1.79,8.46,1.60,9.15,1.71,5.09,0.75,4.67,0.68,12.40,12.40
267,33,14,58,29,46,22,14,134,171,62,513,22,41,28,79,2.41,1.13,52.06,101.42,10.78,42.02,9.45,1.71,9.11,1.96,12.55,2.43,7.39,1.18,7.62,1.08,17.52,17.52
379,41,14,104,18,36,75,21,113,165,47,471,24,174,51,93,2.35,1.48,48.83,97.92,10.91,44.64,9.11,1.78,9.48,1.42,9.22,1.93,5.79,0.87,6.22,0.85,11.80,11.80
365,35,13,90,14,27,52,16,97,166,48,410,22,99,50,85,2.06,1.31,68.10,117.33,13.09,52.01,9.74,1.90,8.76,1.57,9.01,1.68,5.23,0.78,5.10,0.74,14.04,14.04
318,32,13,77,10,37,46,16,96,273,36,341,18,93,45,88,1.91,1.16,58.53,101.19,11.32,44.68,8.12,1.56,7.08,1.19,6.33,1.17,3.56,0.53,3.35,0.51,11.92,11.92
353,33,13,88,7,36,44,18,105,263,40,406,21,94,46,88,2.11,1.27,56.72,99.20,11.13,43.57,8.20,1.82,7.33,1.30,7.29,1.35,4.09,0.62,3.94,0.57,14.55,14.55
382,43,14,88,20,38,43,20,83,274,41,412,26,99,57,81,2.14,1.17,50.03,93.16,10.25,40.55,8.18,1.61,7.21,1.38,7.78,1.47,4.18,0.64,4.06,0.62,10.43,10.43
338,33,12,75,25,38,35,17,113,169,29,269,21,81,53,75,2.17,1.53,52.98,99.18,10.79,40.94,7.67,1.39,6.42,1.15,6.33,1.28,3.71,0.61,3.95,0.54,6.71,6.71
379,37,15,100,24,80,43,15,89,219,26,268,18,87,39,92,1.66,1.63,34.19,62.17,7.28,28.57,5.59,1.18,4.81,0.87,4.85,0.96,2.73,0.44,3.10,0.41,7.07,7.07
449,33,12,89,23,51,47,21,84,247,32,326,18,130,37,93,1.85,1.41,37.25,71.09,8.09,32.94,6.21,1.30,5.67,1.07,6.38,1.24,3.70,0.59,4.09,0.54,10.78,10.78
332,35,11,60,17,30,30,13,56,291,34,649,20,73,17,65,1.77,1.30,48.11,94.67,11.14,44.79,9.34,1.94,7.69,1.41,8.09,1.59,4.56,0.78,5.27,0.75,20.94,20.94
360,32,13,86,18,33,44,17,91,201,35,534,20,107,23,74,2.12,1.38,47.25,89.34,10.09,39.43,7.59,1.61,6.46,1.15,6.37,1.17,3.51,0.60,4.05,0.55,13.59,13.59
498,37,16,106,9,23,34,23,105,328,45,500,18,71,60,99,2.56,1.24,90.92,143.53,16.92,67.16,12.13,2.67,10.68,1.83,9.93,1.81,5.60,0.82,5.14,0.76,17.03,17.03
431,15,12,106,8,24,42,19,100,224,30,411,21,84,39,54,2.17,1.17,50.95,91.08,10.72,43.73,8.35,1.67,7.18,1.31,7.18,1.32,4.15,0.66,4.04,0.59,12.68,12.68
354,15,13,95,7,21,46,15,107,185,33,354,19,107,39,63,1.98,1.30,46.55,87.95,9.97,40.60,8.00,1.52,7.11,1.30,7.76,1.44,4.27,0.65,4.39,0.67,10.79,10.79
383,14,12,82,6,25,40,14,105,261,30,328,25,76,59,89,2.00,1.21,54.34,98.54,11.08,44.71,8.25,1.81,7.49,1.38,7.80,1.48,4.46,0.65,4.16,0.66,11.86,11.86
488,16,12,110,9,22,50,18,98,237,37,409,28,111,42,63,2.02,1.22,59.90,111.37,12.33,48.17,9.03,2.03,8.52,1.64,9.25,1.79,5.25,0.82,4.82,0.76,14.37,14.37
475,17,12,116,9,26,44,20,95,302,29,320,25,93,50,60,1.97,1.26,58.31,106.19,11.57,45.30,7.89,1.81,7.57,1.35,7.26,1.38,4.13,0.66,3.95,0.59,11.99,11.99
369,13,13,94,6,26,43,17,89,315,28,316,22,78,41,69,1.73,1.20,54.74,97.30,10.87,43.58,7.61,1.80,7.44,1.37,7.58,1.42,4.20,0.67,3.90,0.62,12.17,12.17
425,17,12,107,10,19,52,21,88,212,34,411,23,115,41,53,1.87,1.29,57.51,105.36,11.90,47.90,9.08,1.81,8.31,1.46,8.24,1.54,4.67,0.68,4.09,0.64,14.92,14.92
419,33,16,89,15,41,47,23,106,167,24,260,16,98,50,91,1.80,1.54,35.80,70.16,7.60,28.88,5.32,1.10,4.77,0.82,4.48,0.87,2.49,0.44,2.84,0.42,8.40,8.40
374,30,11,84,19,34,38,18,103,147,26,341,24,90,34,84,1.93,1.98,44.31,83.19,9.37,38.09,7.75,1.30,6.61,0.98,5.17,0.92,2.74,0.45,2.92,0.41,11.24,11.24
329,32,14,103,17,37,63,21,88,212,31,327,21,142,38,78,1.85,1.36,40.78,78.29,9.25,36.48,7.19,1.57,6.40,1.22,6.52,1.19,3.56,0.55,3.54,0.53,9.94,9.94
424,34,14,126,15,35,46,23,57,260,31,399,19,137,35,77,1.62,1.32,35.86,66.47,8.08,34.72,6.93,2.06,5.97,1.15,6.31,1.20,3.55,0.58,3.27,0.53,10.52,10.52
435,27,13,84,17,36,40,17,89,216,30,374,19,107,25,73,2.11,1.36,59.11,111.55,12.77,51.06,9.44,1.72,7.59,1.30,6.95,1.22,3.43,0.52,3.33,0.56,11.94,11.94
391,34,13,92,4,35,36,20,97,300,36,377,16,74,49,91,2.45,1.21,62.05,96.80,12.24,48.61,8.89,1.82,7.81,1.31,7.10,1.30,4.05,0.61,3.97,0.59,12.49,12.49
418,17,12,121,9,21,53,15,104,206,29,304,20,108,41,66,2.09,1.31,38.38,76.50,8.74,36.15,7.01,1.48,6.26,1.12,6.20,1.17,3.49,0.54,3.28,0.55,9.61,9.61
458,18,13,111,9,24,57,20,113,206,31,298,23,108,57,68,1.91,1.29,43.75,85.94,9.90,39.90,7.63,1.58,6.76,1.19,6.36,1.18,3.63,0.57,3.56,0.53,10.99,10.99
467,18,13,115,11,24,55,18,120,155,32,285,23,115,40,55,2.00,1.34,50.60,97.51,10.93,42.74,8.06,1.60,6.91,1.20,6.50,1.20,3.71,0.55,3.67,0.55,10.33,10.33
387,11,11,93,7,23,42,14,88,210,27,389,21,95,34,43,1.75,1.19,62.30,115.12,12.90,51.23,9.62,1.67,8.25,1.37,7.25,1.39,4.01,0.65,3.96,0.64,16.42,16.42
375,14,11,100,6,21,39,16,69,384,26,357,28,72,37,68,1.46,1.05,70.36,115.94,12.57,48.35,8.24,1.88,7.65,1.31,7.13,1.31,4.12,0.63,3.80,0.56,12.83,12.83
427,15,13,101,7,21,46,14,94,444,30,375,27,96,44,64,1.67,1.03,62.02,109.34,12.17,48.30,8.66,1.77,8.03,1.45,8.21,1.53,4.58,0.71,4.33,0.66,14.54,14.54
368,14,13,103,7,17,37,17,65,277,27,421,29,82,30,40,1.67,1.01,67.30,120.73,13.58,53.39,9.61,1.83,8.44,1.47,7.90,1.49,4.52,0.68,4.17,0.65,16.42,16.42
674,18,13,113,8,21,61,22,116,156,31,287,21,133,45,58,1.71,1.27,42.31,84.77,9.54,39.31,7.84,1.71,6.40,1.16,6.63,1.20,3.67,0.56,3.42,0.56,11.93,11.93
409,33,14,107,20,40,41,17,119,141,27,287,20,109,38,85,2.27,2.18,41.69,78.02,8.93,35.59,6.75,1.39,5.67,0.96,5.35,0.98,2.96,0.49,2.87,0.42,8.57,8.57
366,29,12,93,18,39,42,21,94,204,33,363,21,115,34,77,1.95,1.48,49.42,93.75,10.87,42.32,8.03,1.63,6.95,1.24,6.77,1.29,3.81,0.59,3.82,0.57,11.92,11.92
434,31,16,117,12,31,48,22,63,264,31,279,21,103,33,73,1.57,1.23,36.98,71.72,8.21,33.21,6.52,1.57,5.83,1.06,5.94,1.11,3.20,0.53,3.21,0.50,10.12,10.12
360,41,14,92,20,37,43,16,97,242,30,298,19,102,28,78,1.99,1.36,42.01,80.80,9.34,37.31,7.06,1.39,5.87,0.99,6.06,1.04,3.05,0.52,3.24,0.48,10.39,10.39
399,13,14,99,6,23,42,16,89,349,24,269,18,82,44,105,1.73,1.08,37.92,70.44,8.25,33.62,6.60,1.41,5.74,0.99,5.33,0.99,2.99,0.45,2.91,0.43,6.78,6.78
462,18,12,116,10,24,56,19,114,191,31,273,21,108,53,79,1.86,1.35,42.90,81.06,9.36,37.67,7.29,1.43,6.19,1.04,5.78,1.14,3.32,0.52,3.34,0.54,9.07,9.07
440,16,13,110,10,26,61,15,116,196,30,267,20,116,44,77,1.81,1.35,42.73,83.79,9.44,37.39,7.52,1.40,6.23,1.05,5.88,1.11,3.34,0.49,3.34,0.50,7.69,7.69
412,15,13,101,9,20,53,15,110,216,28,279,20,118,37,60,1.73,1.39,46.41,87.38,9.82,39.80,7.52,1.46,6.36,1.12,6.18,1.15,3.38,0.51,3.44,0.51,9.01,9.01
408,16,12,111,9,30,54,16,102,183,28,290,20,107,37,108,1.69,1.38,46.21,89.81,10.01,40.33,7.70,1.42,6.35,1.11,5.99,1.13,3.39,0.48,3.44,0.53,9.95,9.95
440,13,13,101,4,30,43,15,90,585,25,358,27,86,48,146,1.44,1.06,77.20,130.77,14.39,55.13,9.47,1.78,8.01,1.25,6.28,1.14,3.45,0.50,3.28,0.50,14.88,14.88
318,11,11,85,5,15,26,12,52,339,28,509,29,65,33,38,1.36,1.03,62.32,104.73,11.88,46.95,9.10,1.86,8.35,1.55,8.97,1.72,5.10,0.79,5.12,0.79,22.58,22.58
297,13,12,88,5,23,39,14,81,320,24,308,20,84,41,89,1.33,1.08,44.05,78.25,9.10,35.27,6.50,1.31,5.62,1.01,5.58,1.06,3.30,0.53,3.30,0.52,9.30,9.30
438,20,13,132,5,25,74,22,67,192,30,416,17,190,53,62,1.70,2.89,50.39,94.83,10.94,45.28,9.05,3.30,8.31,1.52,8.48,1.65,5.04,0.77,4.93,0.74,12.91,12.91
430,20,13,148,10,31,55,19,120,93,23,240,15,134,46,75,2.25,2.83,50.59,91.50,10.40,41.13,7.49,2.35,6.40,1.11,5.94,1.10,3.37,0.51,3.24,0.52,8.24,8.24
361,20,14,120,4,27,56,18,54,307,21,275,15,136,73,101,1.51,1.98,39.18,75.70,8.82,35.88,7.44,1.81,7.29,1.58,10.18,2.10,6.91,1.13,7.34,1.11,14.26,14.26
354,19,13,113,4,36,45,16,67,208,23,334,15,128,119,319,1.56,2.32,54.78,103.56,12.42,50.63,10.02,2.84,8.30,1.42,7.56,1.39,4.23,0.65,3.98,0.65,8.67,8.67
360,17,10,96,6,24,39,13,67,214,25,358,14,114,28,40,1.74,2.02,54.84,102.06,12.00,48.08,9.14,2.72,7.75,1.32,7.07,1.31,4.02,0.61,3.92,0.59,10.69,10.69
436,17,8,92,5,22,30,11,62,170,23,359,14,110,26,45,1.55,1.85,50.11,91.97,10.82,43.34,8.31,2.56,7.07,1.25,6.82,1.27,3.95,0.62,3.97,0.62,11.24,11.24
457,19,9,78,10,24,31,11,60,340,26,393,20,83,28,47,2.02,1.65,43.80,82.05,9.78,40.03,8.21,2.91,7.62,1.51,8.77,1.70,5.42,0.90,5.81,0.90,12.30,12.30
642,19,10,85,12,25,34,12,75,242,26,432,25,115,31,43,2.01,1.71,91.49,156.71,17.29,65.27,10.78,3.43,9.25,1.51,7.91,1.52,4.60,0.71,4.66,0.68,16.21,16.21
535,22,18,92,8,22,60,28,114,1627,28,205,66,117,49,62,1.91,3.79,131.12,206.73,33.49,135.76,22.13,5.20,17.70,2.47,10.03,1.61,4.54,0.57,3.58,0.52,8.40,8.40
542,19,12,111,9,23,50,13,97,245,27,358,24,130,33,52,1.91,2.46,83.93,157.44,18.98,77.17,13.84,4.70,11.18,1.77,8.55,1.52,4.46,0.64,4.20,0.62,11.77,11.77
422,17,11,90,10,25,37,12,69,183,25,438,19,161,32,39,1.48,1.89,64.43,118.23,13.76,54.29,10.53,3.18,8.91,1.56,8.41,1.54,4.76,0.70,4.63,0.69,14.95,14.95
437,17,11,126,8,26,51,16,86,110,26,309,17,137,35,44,1.70,2.41,55.79,104.93,11.72,47.13,9.10,2.47,7.60,1.33,7.20,1.33,4.14,0.63,4.16,0.62,9.91,9.91
482,21,13,129,7,22,55,19,79,217,27,393,19,130,54,53,1.55,2.48,50.06,93.78,10.67,42.68,8.51,2.77,7.54,1.36,7.68,1.46,4.54,0.68,4.57,0.68,8.93,8.93
414,18,12,99,7,28,48,13,98,189,24,296,12,137,41,56,1.75,2.44,44.31,78.86,9.46,38.72,7.44,2.21,6.31,1.09,6.17,1.15,3.51,0.52,3.46,0.52,9.08,9.08
539,20,11,114,12,26,38,15,96,119,21,332,17,109,35,58,1.62,2.46,48.24,85.41,10.09,39.63,7.29,1.90,5.93,0.97,5.26,0.95,2.95,0.46,2.94,0.44,8.56,8.56
336,19,12,121,6,21,82,20,50,167,24,339,17,170,44,53,1.35,1.81,31.53,56.99,6.56,25.91,4.69,1.26,4.40,0.80,4.90,0.89,2.78,0.40,2.65,0.40,7.32,7.32
327,19,14,160,4,19,42,22,46,248,23,233,14,115,30,44,1.03,1.80,22.42,38.65,4.79,19.77,4.14,1.35,3.71,0.71,4.32,0.80,2.43,0.38,2.60,0.37,5.60,5.60
360,20,14,106,7,23,41,14,62,601,22,294,13,91,30,36,0.95,1.20,30.21,54.56,6.31,25.54,4.79,1.10,4.23,0.71,4.05,0.76,2.25,0.33,2.24,0.33,7.11,7.11
454,33,12,83,16,37,34,14,99,211,38,359,22,82,25,82,2.29,1.35,52.83,106.10,12.04,48.60,9.00,1.74,7.67,1.38,7.56,1.44,4.26,0.68,4.15,0.65,11.19,11.19
388,17,9,89,5,22,32,8,65,210,24,361,18,111,23,40,1.07,1.02,30.98,59.28,6.89,28.00,5.10,1.28,4.44,0.76,4.25,0.74,2.40,0.34,2.30,0.35,8.53,8.53
753,20,11,87,11,21,37,16,99,323,24,335,46,112,35,50,1.36,1.61,121.76,202.04,25.13,99.41,15.29,4.43,12.83,1.40,6.16,0.98,2.88,0.38,2.51,0.34,8.62,8.62
915,20,13,91,6,21,43,15,100,420,26,280,59,108,45,51,1.34,1.88,150.18,215.34,31.28,121.79,17.02,6.02,13.86,1.72,6.59,0.94,2.82,0.32,2.14,0.29,5.60,5.60
471,20,12,103,5,21,39,16,74,280,23,256,40,96,48,45,1.20,1.62,66.18,124.57,13.79,53.99,8.62,2.61,7.22,1.06,4.95,0.83,2.44,0.34,2.20,0.33,6.54,6.54
441,20,13,101,7,21,47,15,83,253,26,312,21,117,40,57,1.07,1.45,49.74,89.81,9.99,38.56,6.95,2.27,6.43,1.12,6.03,1.12,3.29,0.45,2.72,0.41,6.12,6.12
384,17,10,101,6,23,41,10,74,168,27,345,17,135,28,44,1.08,1.28,34.13,62.39,7.27,29.38,5.53,1.84,4.93,0.88,4.90,0.94,2.82,0.41,2.81,0.44,8.87,8.87
361,17,10,106,8,23,39,13,63,134,25,324,17,133,38,34,1.05,1.32,39.01,78.75,8.05,30.66,5.90,1.61,5.37,0.79,4.32,0.83,2.65,0.39,2.49,0.39,9.33,9.33
250,19,11,102,4,29,36,12,70,212,20,212,11,130,39,56,0.98,1.18,23.88,42.76,4.93,19.49,3.63,1.00,3.20,0.57,2.93,0.58,1.80,0.27,1.63,0.26,4.05,4.05
375,17,9,156,7,29,41,16,77,108,21,238,16,135,40,59,1.02,1.48,36.47,64.09,7.64,30.29,5.45,1.40,4.57,0.75,3.85,0.72,2.20,0.33,2.01,0.34,5.22,5.22
244,18,12,128,11,19,39,13,52,105,24,339,24,116,31,44,1.12,1.52,48.72,84.39,9.28,34.91,5.94,1.90,5.17,0.80,4.15,0.79,2.56,0.35,2.31,0.35,6.76,6.76
287,18,12,126,8,20,37,16,50,182,21,259,15,111,27,38,1.00,1.44,33.84,59.29,6.77,26.22,4.86,1.45,4.08,0.71,3.62,0.70,2.12,0.32,2.06,0.31,5.78,5.78
324,17,11,127,7,21,46,15,65,237,24,361,13,171,31,48,0.96,1.49,36.57,66.67,7.87,31.63,6.09,1.88,5.25,0.88,4.73,0.91,2.73,0.42,2.62,0.42,7.75,7.75
331,28,10,80,8,44,32,22,84,180,34,287,19,75,38,102,1.99,1.25,59.37,114.25,13.52,51.71,9.07,1.75,7.71,1.31,7.13,1.35,4.18,0.66,4.17,0.65,12.79,12.79
404,23,16,117,10,28,46,20,76,221,31,305,20,91,45,87,1.70,1.15,47.52,86.06,9.83,38.60,7.16,1.52,6.25,1.06,5.80,1.11,3.44,0.53,3.32,0.50,9.65,9.65
443,17,9,96,7,25,39,12,84,167,26,318,17,112,32,54,1.22,1.30,40.65,73.45,8.37,31.75,5.88,1.83,5.05,0.85,4.50,0.83,2.57,0.37,2.42,0.37,7.56,7.56
373,17,9,86,7,20,32,11,75,180,24,337,16,110,28,51,1.44,1.70,57.63,107.60,12.27,47.82,8.89,2.66,7.57,1.26,6.53,1.26,3.89,0.56,3.73,0.57,11.48,11.48
404,19,10,104,4,23,40,13,82,153,24,285,17,129,29,57,1.53,2.04,49.93,93.41,10.66,43.45,8.29,2.69,7.20,1.22,6.46,1.20,3.81,0.57,3.53,0.55,11.40,11.40
363,18,10,100,6,23,35,11,75,215,23,279,14,118,25,42,1.95,1.74,45.33,84.21,9.84,37.79,7.36,2.02,6.51,1.15,6.52,1.26,3.71,0.56,3.70,0.54,9.82,9.82
354,17,9,107,5,21,37,12,61,176,25,314,17,131,28,43,1.60,2.07,58.90,115.64,13.45,53.63,10.43,2.99,8.23,1.29,7.03,1.25,3.83,0.59,3.94,0.56,12.16,12.16
440,20,10,103,5,20,49,17,67,211,30,375,22,161,25,35,1.70,2.22,47.61,90.16,10.44,42.61,9.53,3.55,8.15,1.64,10.07,1.91,5.64,0.88,5.86,0.79,12.79,12.79
295,19,11,124,4,28,45,15,90,122,22,234,15,148,40,68,1.67,2.43,40.61,73.73,8.74,34.14,6.62,1.95,5.52,0.97,5.38,1.03,3.02,0.47,3.12,0.41,8.07,8.07
305,16,8,98,7,24,35,11,58,164,23,347,14,127,30,42,1.44,2.07,43.70,78.64,9.43,36.70,7.24,2.18,6.17,1.05,5.85,1.14,3.44,0.56,3.71,0.54,14.82,14.82
281,18,11,102,6,24,38,13,59,142,23,295,18,114,33,47,1.73,2.30,52.98,95.91,11.26,42.85,8.25,2.45,6.86,1.16,6.32,1.19,3.55,0.54,3.82,0.53,10.44,10.44
373,19,11,122,5,19,40,18,59,403,24,262,13,114,46,51,1.48,2.16,53.26,96.55,11.28,43.18,8.21,2.47,6.91,1.09,5.75,1.07,3.05,0.44,3.02,0.44,9.83,9.83
391,17,10,114,4,20,43,14,77,132,27,303,15,150,32,47,1.83,2.21,56.19,100.41,12.25,47.33,9.43,2.76,8.01,1.37,7.50,1.43,4.26,0.66,4.49,0.66,12.76,12.76
375,25,14,75,12,37,35,18,95,206,40,370,24,76,41,100,2.29,1.25,60.49,112.43,13.15,50.77,9.15,1.88,8.00,1.42,7.77,1.51,4.54,0.73,4.54,0.72,15.85,15.85
345,28,11,74,16,42,26,16,107,234,34,404,28,63,29,80,2.66,1.30,80.35,141.47,15.30,55.65,9.44,1.89,8.15,1.41,7.54,1.49,4.54,0.72,4.40,0.68,16.81,16.81
409,23,13,88,9,30,31,14,84,244,37,321,22,79,38,90,2.00,1.33,62.10,105.61,12.04,47.09,8.84,1.84,7.94,1.44,8.31,1.57,4.69,0.70,4.31,0.64,12.45,12.45
545,21,11,111,10,25,33,15,96,239,28,330,20,94,44,57,2.00,2.14,73.76,131.71,15.14,56.88,10.67,3.40,9.05,1.54,8.36,1.57,4.65,0.71,4.65,0.65,13.57,13.57
432,19,11,96,4,24,41,11,91,209,25,268,16,103,36,62,1.86,1.98,52.29,95.08,11.22,42.52,8.17,2.39,6.95,1.18,6.59,1.25,3.72,0.56,3.84,0.51,9.53,9.53
386,18,10,105,5,24,40,14,76,197,25,328,17,124,27,47,1.58,2.05,49.92,93.36,11.21,42.58,8.56,2.43,7.23,1.23,7.17,1.34,3.96,0.60,3.97,0.58,10.56,10.56
364,19,11,114,4,21,38,14,71,222,24,276,18,123,32,45,1.72,2.19,46.35,85.92,10.21,39.91,8.02,2.52,6.87,1.24,7.17,1.40,4.07,0.66,4.26,0.59,10.48,10.48
363,17,8,84,6,22,28,9,63,203,23,331,15,118,20,33,1.76,1.63,50.51,97.15,10.93,44.33,7.99,2.22,7.08,1.28,7.30,1.34,4.25,0.66,4.47,0.69,12.71,12.71
344,18,9,95,8,24,38,9,77,151,23,332,15,126,31,53,1.58,1.93,43.63,80.79,9.40,37.84,6.93,2.04,6.31,1.14,6.49,1.21,3.78,0.59,3.99,0.58,11.22,11.22
313,16,8,85,4,22,31,11,61,210,22,306,14,105,35,35,1.37,1.75,46.21,85.89,9.98,40.11,7.47,2.20,6.81,1.24,6.90,1.30,4.17,0.64,4.13,0.65,11.36,11.36
293,17,10,93,4,21,35,13,60,155,22,327,13,117,42,39,1.42,1.75,40.02,72.29,8.39,33.91,6.09,1.88,5.68,1.05,5.64,1.08,3.37,0.54,3.43,0.52,12.69,12.69
351,20,13,143,7,22,55,21,82,131,24,235,14,152,47,57,1.79,2.93,55.91,101.17,11.51,45.47,8.52,2.61,7.39,1.23,6.38,1.17,3.62,0.55,3.54,0.54,9.06,9.06
357,19,10,101,8,20,29,15,82,106,23,237,12,119,21,62,2.12,2.40,50.32,90.97,10.82,42.72,8.04,2.27,6.96,1.22,6.47,1.18,3.56,0.52,3.45,0.54,7.82,7.82
360,29,13,85,12,39,30,19,104,231,34,321,25,60,32,80,2.95,1.25,54.52,101.81,11.21,41.94,7.58,1.60,6.93,1.24,7.17,1.45,4.41,0.71,4.34,0.69,18.48,18.48
355,29,12,81,6,31,33,21,91,256,39,386,21,88,29,79,3.32,1.26,47.72,88.50,10.03,38.12,7.30,1.53,6.63,1.27,7.07,1.48,4.54,0.77,4.61,0.73,14.64,14.64
354,25,11,67,11,38,29,15,79,236,33,333,15,86,32,84,1.93,1.21,55.42,94.61,11.15,43.46,8.00,1.55,7.17,1.26,7.23,1.43,4.39,0.68,4.29,0.65,12.82,12.82
368,28,15,107,11,31,64,22,111,293,36,352,20,178,36,98,1.97,1.30,44.69,86.28,10.01,39.90,8.23,1.82,7.72,1.54,9.14,1.72,5.08,0.78,4.96,0.76,15.09,15.09
437,19,11,111,6,24,46,14,86,180,26,294,16,162,37,60,1.77,2.28,47.93,87.76,10.21,40.66,7.64,2.44,6.75,1.27,6.94,1.32,4.01,0.60,4.11,0.64,13.12,13.12
498,20,10,112,9,22,38,16,75,256,32,402,30,141,29,49,1.46,1.95,43.11,78.92,9.23,39.01,7.84,2.82,7.38,1.46,8.60,1.70,5.32,0.84,5.51,0.83,12.94,12.94
383,19,12,123,6,23,49,16,72,165,29,334,28,177,39,48,1.47,2.08,47.20,86.70,9.90,39.53,7.38,2.38,6.50,1.24,6.47,1.20,3.77,0.58,3.74,0.56,9.74,9.74
316,18,12,124,8,21,52,18,59,149,26,356,15,146,35,42,1.10,2.01,40.53,74.95,8.57,34.73,6.45,2.06,5.77,0.97,5.23,0.96,3.04,0.45,2.96,0.48,8.96,8.96
214,19,14,110,4,20,37,12,47,132,22,263,13,104,124,34,0.99,1.55,35.89,65.02,7.27,29.35,5.35,1.56,5.02,0.92,5.15,0.92,2.79,0.44,2.87,0.43,7.22,7.22
286,17,11,109,5,29,37,12,63,124,20,269,15,140,30,47,1.23,1.63,34.18,62.91,7.16,29.08,5.89,1.38,5.41,1.02,6.59,1.25,4.03,0.63,4.17,0.62,7.74,7.74
445,23,14,129,11,27,54,20,130,129,25,258,16,134,48,47,2.58,2.98,71.46,133.63,15.05,60.21,11.87,2.82,9.40,1.44,7.72,1.35,4.07,0.56,3.95,0.57,9.96,9.96
308,22,13,117,9,25,36,17,92,118,23,252,13,118,44,52,2.18,2.47,73.94,134.14,15.36,60.94,11.83,2.55,9.66,1.50,7.93,1.36,4.17,0.57,3.92,0.54,9.72,9.72
358,20,12,115,9,21,42,15,101,96,25,273,15,127,34,46,2.31,2.61,48.59,90.98,10.29,41.69,8.49,2.11,6.99,1.21,7.07,1.33,3.94,0.56,3.98,0.57,8.73,8.73
353,28,14,95,13,32,42,20,102,219,31,290,18,87,33,89,2.44,1.26,62.18,115.80,12.54,46.52,7.94,1.68,6.80,1.16,6.35,1.22,3.69,0.60,3.81,0.58,10.57,10.57
344,33,13,84,4,37,36,17,94,199,35,354,15,95,33,92,2.50,1.37,45.62,86.06,9.89,37.71,6.98,1.36,6.26,1.28,7.61,1.54,4.76,0.81,4.68,0.77,13.94,13.94
359,36,12,80,9,31,36,21,81,234,41,407,20,105,29,76,2.93,1.25,42.97,81.82,9.55,37.01,7.39,1.56,6.51,1.35,7.99,1.68,5.27,0.89,5.34,0.85,15.25,15.25
345,35,13,110,7,30,53,25,95,258,37,349,21,156,38,80,2.81,1.41,41.85,79.67,9.11,35.95,7.10,1.55,6.30,1.22,7.09,1.42,4.36,0.72,4.44,0.70,12.56,12.56
472,20,10,96,9,26,35,14,75,214,32,416,35,133,22,40,2.30,2.04,69.43,128.35,14.51,57.46,11.71,3.00,10.02,1.75,10.93,2.07,6.58,0.98,6.47,0.94,16.10,16.10
454,20,12,128,10,27,54,19,99,197,29,308,24,140,39,59,1.82,2.74,57.53,106.72,12.60,51.53,10.41,2.99,9.00,1.50,8.76,1.60,4.80,0.70,4.61,0.67,11.06,11.06
415,19,12,128,10,23,49,18,79,156,30,329,21,142,36,48,2.40,2.80,73.88,133.62,15.12,60.72,11.66,3.01,9.66,1.57,9.26,1.65,5.10,0.74,5.14,0.75,11.29,11.29
329,19,10,110,9,19,37,13,46,127,22,306,16,118,42,40,1.48,2.53,54.77,97.66,10.35,39.83,7.10,1.95,6.21,1.02,6.33,1.18,3.80,0.55,3.80,0.58,11.10,11.10
257,20,12,123,9,24,42,16,83,101,20,273,15,139,39,53,1.60,2.69,47.35,89.48,10.02,40.13,7.65,1.99,6.30,1.04,5.94,1.03,3.33,0.50,3.29,0.50,14.38,14.38
341,21,11,120,12,22,49,16,91,115,22,290,15,117,33,45,1.86,2.55,69.75,128.24,14.58,57.49,11.21,2.56,8.89,1.44,8.33,1.49,4.49,0.63,4.34,0.63,12.61,12.61
416,24,12,131,12,28,50,19,122,139,25,287,15,117,55,54,2.41,2.78,67.12,125.36,14.31,57.33,11.05,2.65,8.99,1.41,7.90,1.39,4.27,0.58,3.85,0.59,11.31,11.31
332,21,13,118,6,20,40,18,92,124,25,250,13,116,34,53,2.44,2.88,67.84,125.40,14.10,56.67,10.56,2.65,8.91,1.45,7.22,1.24,3.87,0.54,3.69,0.55,8.83,8.83
300,17,10,84,13,19,33,11,73,113,25,222,12,129,24,44,1.94,1.92,75.75,141.69,16.35,63.42,11.90,2.82,9.81,1.52,7.67,1.31,3.87,0.57,3.68,0.54,8.90,8.90
341,33,12,92,13,41,41,22,114,176,34,320,18,98,40,90,2.69,1.37,56.34,104.50,11.79,45.43,8.53,1.55,7.06,1.30,7.24,1.35,4.21,0.70,4.34,0.70,11.47,11.47
351,28,12,92,10,34,54,22,99,187,34,339,20,133,33,85,2.87,1.39,46.45,86.97,10.08,38.70,7.40,1.51,6.41,1.26,7.45,1.49,4.54,0.75,4.57,0.75,13.14,13.14
364,36,14,101,13,31,48,21,116,206,44,378,29,128,36,80,2.33,1.28,49.09,92.66,10.66,42.98,8.54,1.73,7.85,1.49,8.99,1.78,5.58,0.88,5.52,0.83,12.55,12.55
345,28,14,98,8,36,47,13,110,222,43,317,23,141,41,85,2.25,1.28,44.38,85.35,9.83,38.95,7.60,1.59,7.02,1.32,7.66,1.48,4.53,0.71,4.58,0.70,12.34,12.34
442,18,9,105,11,23,45,16,67,214,26,341,20,152,157,44,1.98,1.98,52.80,98.44,11.52,45.65,9.11,2.55,7.89,1.37,7.63,1.35,4.11,0.63,4.17,0.63,11.50,11.50
402,18,10,101,7,22,43,13,79,184,28,325,17,163,27,43,1.74,2.18,52.30,97.01,11.47,45.31,8.51,2.61,7.35,1.34,7.50,1.35,4.29,0.65,4.33,0.69,14.66,14.66
399,18,11,100,9,22,46,13,73,199,25,312,19,125,34,45,1.93,1.99,60.62,109.08,12.60,50.00,9.24,2.74,8.16,1.44,8.51,1.65,5.25,0.87,6.02,0.93,13.29,13.29
318,18,10,94,10,41,41,13,61,176,22,295,14,121,28,40,1.59,1.80,43.20,79.70,9.41,37.33,7.12,2.08,6.17,1.11,6.33,1.14,3.64,0.56,3.53,0.56,11.35,11.35
280,17,9,110,6,26,35,11,67,108,20,249,16,141,28,42,1.65,2.20,40.68,76.90,9.01,35.68,6.89,1.86,6.20,1.07,5.92,1.10,3.33,0.51,3.22,0.47,11.19,11.19
408,21,12,136,18,25,44,15,90,145,25,289,14,122,39,60,1.95,2.41,86.91,155.96,17.82,70.42,12.51,3.10,10.72,1.66,8.42,1.49,4.24,0.64,4.02,0.60,11.56,11.56
470,23,12,127,14,25,52,20,116,157,26,257,16,139,54,55,2.19,2.57,65.50,118.98,13.88,54.14,10.24,2.76,8.96,1.46,7.34,1.22,3.59,0.54,3.36,0.51,8.61,8.61
314,23,11,89,18,16,30,11,104,128,23,225,13,107,29,40,2.34,2.05,90.33,165.82,19.10,74.29,13.69,3.32,11.05,1.77,8.36,1.45,4.23,0.64,3.83,0.58,7.81,7.81
353,21,10,81,4,22,29,15,103,96,23,157,13,118,26,50,2.40,2.14,78.94,144.25,16.66,64.88,11.93,2.93,9.61,1.54,7.57,1.28,3.95,0.59,3.55,0.53,5.32,5.32
356,25,10,110,7,22,39,23,49,230,26,351,11,53,56,39,1.54,1.01,38.57,75.32,8.26,33.53,6.23,1.76,5.82,1.18,8.81,1.77,5.48,0.91,5.88,0.85,13.18,13.18
356,21,5,52,5,21,20,12,65,168,14,166,9,34,11,21,1.24,0.90,16.80,33.35,3.65,14.77,2.41,0.83,2.41,0.46,3.33,0.67,2.10,0.33,2.13,0.30,5.56,5.56
488,23,9,106,6,24,34,25,66,239,20,213,11,56,39,55,1.59,1.18,22.06,41.08,4.92,21.06,4.01,1.46,3.85,0.82,6.26,1.16,3.59,0.61,3.98,0.62,8.08,8.08
454,43,15,96,16,29,36,25,72,186,26,206,14,74,51,86,2.18,1.53,31.78,51.16,6.29,24.48,4.94,1.22,5.22,0.81,5.18,1.26,3.36,0.62,3.56,0.58,8.94,8.94
329,33,12,102,16,29,30,17,54,122,26,220,16,69,29,68,1.85,1.45,21.27,41.03,4.51,17.23,3.49,1.01,4.14,0.73,4.25,1.13,3.60,0.64,3.44,0.66,7.89,7.89
328,40,13,95,16,32,40,21,62,174,27,211,16,102,38,80,1.92,1.48,31.40,52.94,6.40,24.99,5.14,1.17,5.55,0.84,5.41,1.27,3.70,0.66,4.10,0.70,10.28,10.28
595,24,8,66,6,24,27,21,82,200,18,212,10,49,36,58,1.64,1.03,42.80,74.72,8.39,31.92,5.29,1.40,4.50,0.76,4.76,0.93,2.85,0.42,2.93,0.46,8.88,8.88
477,22,7,64,8,19,22,18,41,301,18,256,11,35,27,38,1.55,1.02,37.40,65.69,7.57,29.39,5.10,1.41,4.48,0.79,4.84,0.95,2.77,0.42,2.75,0.39,9.06,9.06
286,22,14,183,2,17,57,41,26,249,23,232,6,83,34,53,1.33,1.42,33.95,64.23,7.23,29.52,5.46,1.49,5.23,0.96,6.41,1.30,3.78,0.56,3.66,0.51,8.88,8.88
312,38,15,122,12,28,69,28,54,226,27,247,18,145,43,73,2.07,1.80,32.35,56.64,6.72,26.69,5.52,1.37,5.78,0.94,5.82,1.30,3.75,0.65,3.84,0.63,11.65,11.65
379,38,13,96,14,28,33,21,53,378,26,616,13,67,39,84,1.82,1.50,63.21,102.42,11.84,44.50,7.67,2.02,7.75,1.06,5.67,1.22,3.45,0.55,3.38,0.52,25.51,25.51
438,42,15,130,13,37,35,21,70,341,33,294,14,82,35,85,1.79,1.61,35.84,67.72,7.70,30.77,6.25,1.77,7.05,1.11,7.34,1.69,4.86,0.85,4.88,0.76,15.88,15.88
971,42,14,115,11,39,32,26,89,276,39,286,14,62,55,92,2.34,1.58,38.12,64.76,7.93,31.60,6.65,1.61,7.24,1.30,9.17,2.19,5.92,1.09,6.28,1.00,15.95,15.95
399,22,10,112,5,21,53,28,58,274,24,394,13,87,32,55,1.60,1.30,36.73,65.04,8.06,32.26,6.40,1.86,6.05,1.12,7.43,1.51,4.44,0.62,4.21,0.61,15.10,15.10
412,23,9,109,4,25,33,23,54,284,21,277,12,42,52,49,1.73,1.22,37.46,69.83,8.06,32.55,6.03,1.58,5.53,1.00,6.55,1.33,3.92,0.59,3.81,0.59,12.21,12.21
398,22,10,124,2,20,40,28,47,277,22,291,8,56,44,45,1.84,1.31,36.58,66.30,7.62,30.48,5.64,1.32,5.58,0.99,6.28,1.30,3.78,0.54,3.76,0.51,12.37,12.37
229,37,13,126,12,24,31,27,39,125,25,193,17,86,30,67,1.49,1.98,18.80,33.64,4.00,15.48,3.29,0.82,3.61,0.58,3.85,0.92,2.73,0.46,2.89,0.45,6.15,6.15
296,37,11,112,23,31,20,15,64,237,27,279,23,65,18,61,1.97,1.54,37.53,65.12,7.59,29.11,5.73,1.29,6.02,0.89,5.83,1.36,3.96,0.72,4.53,0.77,15.60,15.60
213,20,10,98,8,15,30,22,23,179,19,316,17,52,23,29,1.44,0.98,45.25,93.31,8.82,32.50,5.41,1.32,5.17,0.84,5.14,1.09,3.31,0.49,3.28,0.53,13.08,13.08
494,23,12,164,6,18,56,35,48,264,24,337,12,106,52,46,1.29,1.49,36.96,72.96,8.53,34.92,7.18,1.98,6.26,1.09,7.28,1.50,4.21,0.63,4.25,0.62,15.17,15.17
296,21,12,122,7,17,50,28,27,281,23,296,18,83,33,39,1.55,1.42,46.59,90.45,9.73,38.04,6.26,1.28,4.91,0.91,6.44,1.23,3.86,0.60,3.90,0.60,11.60,11.60
357,23,11,119,7,18,50,26,42,417,25,384,11,71,48,71,1.91,3.13,36.65,68.43,8.08,35.13,8.22,3.69,7.51,1.47,8.61,1.40,4.61,0.65,4.00,0.61,14.87,14.87
287,21,11,141,9,19,45,27,42,267,22,496,13,74,30,48,1.84,3.43,39.20,76.51,8.21,33.17,7.03,1.90,6.29,1.20,6.59,1.35,4.02,0.62,3.95,0.60,19.78,19.78
375,37,14,111,16,34,30,19,72,271,31,404,15,78,43,88,1.78,1.51,37.26,63.63,8.18,31.31,6.35,1.44,6.46,0.97,5.39,1.21,3.35,0.58,3.46,0.51,11.63,11.63
310,22,10,119,6,17,38,30,29,367,19,309,8,47,43,65,12.78,8.28,277.81,513.12,51.29,204.62,46.26,10.52,20.94,5.74,36.40,7.56,20.55,3.34,20.28,3.53,78.78,78.78
398,22,11,136,2,24,48,28,74,189,27,182,12,73,67,56,1.63,2.61,28.47,53.54,6.18,26.14,5.17,1.62,4.81,0.90,5.12,0.90,2.48,0.65,3.23,0.43,9.21,9.21
324,21,13,192,2,26,57,41,52,208,25,266,10,88,90,74,10.33,9.18,288.30,510.56,45.66,162.62,25.18,6.47,9.47,2.98,30.11,5.90,14.74,2.42,14.11,2.52,79.71,79.71
423,21,9,108,9,23,32,25,51,261,20,290,11,46,35,40,2.09,1.02,37.93,66.68,7.88,31.28,4.94,1.54,4.45,0.85,5.67,1.14,3.46,0.51,3.31,0.50,11.35,11.35
374,21,11,125,6,23,44,26,48,219,21,319,14,70,43,55,1.46,1.27,49.79,83.60,8.98,34.27,6.03,1.44,4.82,0.94,5.04,0.97,3.05,0.46,2.85,0.44,11.71,11.71
245,19,9,96,7,15,36,25,28,225,17,348,13,56,24,27,1.46,1.12,41.86,70.84,7.51,28.43,5.22,1.12,3.88,0.81,4.13,0.78,2.37,0.36,2.25,0.36,14.48,14.48
391,21,10,112,8,14,36,23,36,216,19,355,12,44,36,43,1.47,1.34,62.81,100.96,10.90,40.58,7.53,1.40,5.35,1.08,5.02,0.95,2.80,0.43,2.48,0.40,14.40,14.40
382,21,10,86,4,16,31,22,38,169,20,284,15,52,23,34,1.40,1.22,39.68,72.92,7.10,27.17,5.41,1.09,3.74,0.85,4.50,0.90,2.55,0.41,2.45,0.41,10.42,10.42
234,21,10,119,9,19,55,28,29,265,20,299,13,71,41,39,1.80,1.40,38.72,77.64,6.87,26.01,5.72,1.13,3.82,0.89,4.65,0.92,2.69,0.43,2.54,0.41,11.23,11.23
267,22,11,114,5,34,59,28,47,255,21,268,12,108,45,44,1.67,1.53,36.93,66.10,6.89,27.43,6.36,1.36,4.24,0.99,5.13,1.01,2.96,0.48,2.94,0.45,8.69,8.69
485,42,18,161,7,25,35,26,56,205,46,709,21,64,50,88,1.66,2.16,32.91,61.37,7.69,32.61,7.75,2.38,9.19,1.56,9.82,2.17,6.01,0.97,5.52,0.88,21.93,21.93
397,22,12,125,6,15,51,25,36,309,22,626,16,97,27,48,2.15,1.39,57.25,99.99,10.86,42.73,6.61,2.09,6.20,1.04,6.35,1.17,3.73,0.52,3.74,0.58,26.59,26.59
209,49,14,140,14,23,31,26,44,153,38,498,19,81,34,68,1.57,2.31,66.83,113.22,13.30,50.44,9.35,1.86,9.69,1.49,9.21,2.16,6.33,1.11,6.86,1.12,25.14,25.14
317,18,8,99,14,22,34,20,42,339,31,755,19,59,36,30,1.03,1.33,59.46,114.55,14.39,61.24,11.09,2.62,9.10,1.60,10.63,1.98,6.19,0.91,6.05,0.91,27.49,27.49
394,23,10,131,8,24,40,28,63,282,22,242,24,53,34,40,1.74,1.34,26.23,48.77,5.64,23.07,4.38,1.42,4.12,0.84,6.39,1.25,3.94,0.65,4.26,0.64,9.54,9.54
395,21,10,127,9,23,39,27,68,241,22,269,29,61,42,45,1.78,1.38,32.74,60.00,7.09,28.84,5.03,1.53,4.44,0.85,6.03,1.15,3.59,0.55,3.69,0.57,9.50,9.50
383,20,9,121,4,19,39,22,39,200,19,263,24,59,42,35,1.53,1.19,29.05,54.89,6.10,24.76,4.40,1.34,3.97,0.72,4.80,0.91,2.90,0.43,2.96,0.46,9.93,9.93
352,20,10,99,2,19,42,23,46,237,20,280,19,77,36,46,1.52,1.26,38.12,69.85,7.91,31.45,4.98,1.53,4.45,0.79,5.51,1.08,3.41,0.52,3.44,0.52,10.32,10.32
350,22,12,116,2,17,49,30,39,354,21,360,18,81,32,51,1.48,1.19,36.63,67.81,7.80,32.05,5.57,1.67,5.16,0.99,7.03,1.39,4.44,0.68,4.27,0.63,11.43,11.43
363,21,10,118,5,20,46,27,46,299,23,444,35,80,31,45,1.58,1.41,54.03,98.11,11.48,46.72,7.67,1.88,6.65,1.13,7.47,1.41,4.37,0.64,4.17,0.62,15.22,15.22
397,24,10,120,5,18,46,26,32,392,18,307,21,78,33,43,1.47,1.16,46.08,83.06,8.95,34.36,5.03,1.47,4.71,0.76,4.63,0.87,2.75,0.39,2.59,0.38,9.36,9.36
389,22,9,89,6,19,35,21,33,407,17,343,29,58,26,34,1.41,1.13,50.37,93.68,9.67,37.89,5.14,1.82,4.52,0.71,4.76,0.84,2.76,0.37,2.50,0.41,13.06,13.06
353,38,12,83,23,38,27,17,109,233,32,260,18,75,26,75,2.15,1.15,32.93,59.49,6.90,25.09,5.14,1.28,5.90,0.91,5.65,1.23,3.37,0.59,3.49,0.57,8.25,8.25
421,22,10,112,4,24,54,37,64,245,31,470,37,83,45,60,1.98,1.39,43.34,75.59,8.94,37.08,7.08,2.15,6.61,1.36,9.99,1.91,5.73,0.86,5.52,0.85,17.17,17.17
353,38,12,87,13,33,28,14,64,307,23,397,17,68,26,66,1.88,1.20,35.06,61.04,6.98,25.50,4.56,1.28,4.57,0.68,3.80,0.81,2.40,0.39,2.52,0.42,11.45,11.45
161,33,14,115,17,28,36,22,48,97,27,287,16,86,134,76,1.41,1.67,34.20,58.67,7.13,26.90,5.11,1.19,5.44,0.80,4.42,0.94,2.69,0.49,2.73,0.46,8.06,8.06
302,23,15,254,8,19,87,47,19,385,30,1235,27,125,123,79,1.23,1.46,28.96,67.09,8.63,42.44,8.76,2.92,8.19,1.58,11.47,2.19,6.39,1.00,6.47,1.01,52.93,52.93
366,22,10,133,5,24,40,31,65,260,20,214,26,58,57,49,1.49,1.23,27.23,47.74,5.62,22.79,4.54,1.30,3.97,0.81,5.19,1.00,2.87,0.47,2.88,0.46,7.45,7.45
283,22,11,104,2,19,70,30,38,294,20,328,15,136,30,46,1.53,1.00,30.62,57.66,6.25,25.81,4.56,1.49,4.14,0.85,5.65,1.13,3.18,0.51,3.44,0.50,13.11,13.11
492,23,11,95,5,23,56,28,65,311,18,266,13,101,45,74,1.40,1.01,41.42,74.52,8.08,32.57,4.94,1.65,4.64,0.78,4.76,0.91,2.65,0.41,2.58,0.43,9.82,9.82
384,23,11,108,6,22,61,36,53,364,18,313,12,121,38,58,1.41,1.00,38.32,68.45,7.47,29.25,4.58,1.49,4.19,0.75,4.80,0.94,2.74,0.43,2.94,0.42,10.17,10.17
277,21,10,112,6,22,62,37,43,332,20,370,15,107,31,44,1.50,1.08,23.20,42.35,4.82,20.95,3.79,1.44,3.53,0.75,5.44,1.08,3.03,0.51,3.48,0.51,11.14,11.14
388,22,10,120,8,24,57,30,57,288,29,543,23,87,30,50,1.66,1.22,41.69,75.04,9.20,40.05,7.09,2.25,6.65,1.34,9.81,1.89,5.39,0.92,5.61,0.86,21.69,21.69
465,23,12,144,6,20,70,34,51,289,19,415,17,119,49,64,1.39,1.10,42.34,77.49,8.15,32.35,4.95,1.71,4.42,0.76,5.10,0.98,2.66,0.42,2.74,0.44,14.04,14.04
287,23,7,75,9,31,28,21,81,225,21,250,28,48,19,28,1.99,0.93,32.51,60.13,6.59,26.75,4.63,1.32,4.09,0.84,6.06,1.25,3.52,0.59,3.57,0.53,6.02,6.02
298,22,8,83,12,27,35,25,105,138,24,242,30,56,21,39,1.83,0.98,39.87,73.15,7.90,31.06,6.02,1.29,5.30,1.05,6.26,1.25,3.70,0.53,3.40,0.51,6.12,6.12
495,22,11,118,2,22,73,29,65,322,25,485,13,145,46,79,1.94,1.05,38.55,68.98,8.09,33.75,6.26,2.03,5.71,1.14,7.51,1.51,4.68,0.69,4.40,0.70,11.60,11.60
371,23,10,103,9,17,41,27,58,278,24,318,14,62,34,51,1.70,0.94,38.11,72.24,8.34,35.62,6.62,1.78,5.71,1.07,6.65,1.23,3.87,0.57,3.78,0.56,4.98,4.98
475,22,11,133,8,26,69,35,76,260,28,692,15,122,53,59,1.37,1.22,69.98,127.69,14.44,57.71,9.20,2.31,8.49,1.55,9.22,1.76,5.26,0.76,5.02,0.78,25.10,25.10
524,24,13,154,4,21,85,35,121,200,34,342,23,155,61,79,1.75,1.19,56.61,99.92,11.79,48.80,8.75,2.38,8.10,1.58,10.33,1.95,5.90,0.86,5.63,0.86,9.64,9.64
542,30,13,117,16,43,35,26,70,223,23,244,13,80,114,87,1.46,1.44,29.77,52.27,6.39,25.43,4.60,1.30,4.78,0.76,4.40,0.91,2.71,0.45,2.76,0.44,8.67,8.67
414,22,12,127,4,19,46,32,52,298,21,398,18,74,52,63,1.60,0.91,43.18,74.33,8.72,35.48,5.72,1.67,5.14,0.95,6.16,1.18,3.41,0.54,3.24,0.51,11.09,11.09
431,23,10,96,8,21,52,27,47,337,18,341,14,90,43,53,1.35,0.79,34.86,62.94,6.91,27.57,4.54,1.57,4.43,0.78,4.71,0.97,2.91,0.41,2.77,0.46,9.61,9.61
372,24,12,111,7,21,71,32,55,350,24,458,14,92,38,58,1.74,1.02,37.67,66.58,7.59,31.32,5.57,1.95,5.55,1.08,7.12,1.45,4.07,0.64,3.87,0.60,13.53,13.53
478,23,11,107,4,24,60,26,60,276,18,252,14,100,47,59,1.37,0.93,37.35,63.99,7.31,28.90,4.61,1.59,4.20,0.73,4.48,0.85,2.61,0.40,2.67,0.43,6.69,6.69
315,24,12,128,5,17,65,30,42,307,21,355,13,113,47,53,1.59,0.92,31.24,59.16,6.40,26.98,4.83,1.74,4.49,0.92,6.34,1.20,3.66,0.53,3.35,0.52,7.72,7.72
412,39,15,96,16,31,40,16,60,281,39,698,20,95,26,71,1.77,1.46,35.68,62.15,8.02,31.98,6.90,1.96,7.42,1.13,7.21,1.48,4.58,0.78,4.85,0.78,25.37,25.37
293,23,11,90,5,30,52,22,78,207,24,213,16,114,29,41,1.85,0.81,42.68,77.16,8.57,34.51,5.99,1.41,5.49,1.08,6.91,1.38,4.30,0.61,4.01,0.64,5.19,5.19
311,25,10,103,9,22,50,27,91,202,35,582,32,71,21,44,2.12,1.00,62.43,113.68,13.23,50.76,8.05,2.20,7.86,1.52,10.94,2.22,6.81,1.07,6.79,1.08,15.76,15.76
365,36,12,78,17,38,27,17,156,185,28,617,27,76,28,81,4.68,1.11,36.00,74.63,7.50,28.42,5.85,1.31,6.15,0.90,5.31,1.14,3.25,0.62,3.74,0.64,19.89,19.89
261,43,12,92,17,24,32,16,51,167,29,347,19,58,20,61,2.31,1.09,39.01,64.65,7.89,28.84,5.12,1.27,5.37,0.77,4.07,0.95,2.56,0.38,2.36,0.38,9.50,9.50
401,22,11,130,8,25,62,31,76,258,31,499,24,117,49,69,1.62,0.90,43.48,79.42,9.38,40.08,7.85,2.22,6.97,1.43,9.87,1.87,5.62,0.86,5.23,0.79,11.93,11.93
357,22,12,157,4,21,55,35,70,290,30,384,26,81,45,73,1.69,1.09,35.99,72.56,8.44,37.81,7.18,2.29,6.74,1.35,9.48,1.78,5.30,0.77,4.94,0.78,9.54,9.54
424,36,13,90,12,35,27,16,60,294,22,259,14,62,36,72,1.56,1.24,31.63,52.20,6.21,23.33,4.18,1.20,4.41,0.62,3.29,0.71,1.99,0.33,1.94,0.31,8.10,8.10
436,44,18,138,11,31,46,27,57,284,29,327,16,100,74,89,1.27,2.01,36.28,62.71,7.58,29.24,5.46,1.55,5.59,0.84,5.00,1.10,3.10,0.50,2.99,0.51,10.41,10.41
259,22,13,194,4,20,67,40,30,296,22,372,16,99,69,70,1.13,1.14,25.17,48.11,5.72,25.59,4.91,1.66,4.71,0.93,6.97,1.30,3.90,0.60,3.72,0.60,9.94,9.94
406,23,12,143,4,22,68,35,60,265,24,278,18,116,69,71,1.35,1.21,35.46,73.23,7.54,32.33,5.59,1.88,5.09,0.95,6.99,1.33,3.97,0.61,4.41,0.70,12.77,12.77
438,25,12,131,5,22,58,27,73,268,22,274,11,100,108,57,1.59,1.09,33.46,62.55,6.87,28.83,4.83,1.72,4.69,0.92,6.89,1.24,3.69,0.57,3.57,0.55,12.57,12.57
506,24,11,110,5,17,54,28,57,318,16,217,13,90,38,66,1.75,0.81,53.62,95.37,9.72,36.61,4.49,1.56,4.14,0.69,4.48,0.80,2.49,0.34,2.05,0.37,10.20,10.20
319,22,8,77,9,29,31,22,57,426,20,253,19,33,17,38,2.44,0.86,27.50,58.87,6.42,27.97,5.19,1.68,4.40,0.83,6.17,1.09,3.34,0.55,3.25,0.52,9.04,9.04
379,25,10,102,10,35,58,26,92,216,40,435,20,101,44,59,2.34,1.09,65.95,116.00,14.27,60.23,10.67,2.69,9.47,1.84,13.44,2.57,7.64,1.13,7.28,1.08,19.78,19.78
414,22,9,82,13,39,35,22,148,169,28,273,28,52,29,47,2.01,0.84,61.76,124.42,12.52,48.94,8.06,1.59,7.39,1.33,8.79,1.71,4.88,0.71,4.87,0.75,9.70,9.70
322,33,9,25,26,57,13,10,214,155,24,146,16,22,9,60,2.79,0.43,19.16,40.15,3.94,13.57,2.95,0.54,3.54,0.56,3.82,0.93,2.61,0.48,3.20,0.47,4.39,4.39
291,23,9,116,6,18,44,29,47,265,21,432,29,67,41,47,1.17,0.70,31.39,63.20,7.74,33.92,5.83,2.14,4.87,0.88,5.73,1.04,2.98,0.42,2.81,0.43,11.24,11.24
292,22,11,137,2,18,67,34,36,279,20,316,20,115,403,55,1.12,1.06,28.29,56.24,6.93,30.44,6.04,2.08,4.95,0.90,6.22,1.12,2.94,0.44,2.65,0.43,10.72,10.72
335,49,12,88,11,27,33,16,49,389,27,246,13,59,23,73,1.26,1.25,23.77,45.97,6.50,29.17,6.08,1.93,6.34,0.91,5.28,0.99,2.96,0.45,2.59,0.39,7.29,7.29
298,20,11,182,2,17,46,32,28,204,19,264,21,69,74,53,1.20,1.13,22.32,44.02,4.85,19.78,3.76,1.30,3.59,0.71,5.15,1.09,3.01,0.49,3.11,0.47,7.32,7.32
546,23,11,99,6,26,48,29,69,292,27,412,35,76,39,64,2.05,1.24,52.24,94.36,10.50,41.24,7.13,1.94,6.52,1.15,7.76,1.45,4.12,0.59,3.88,0.57,13.77,13.77
463,44,16,123,22,39,44,25,88,275,38,506,24,99,58,88,2.02,2.12,39.86,69.91,8.59,35.74,6.56,1.94,7.13,1.13,6.98,1.48,4.64,0.77,5.05,0.81,10.59,10.59
457,41,17,142,7,30,73,32,99,239,48,371,21,185,71,82,3.39,2.07,34.59,60.68,7.95,33.35,7.48,1.94,8.96,1.65,12.52,3.17,9.51,1.81,11.11,1.75,21.45,21.45
395,39,13,102,23,34,38,20,92,239,33,395,21,88,46,78,1.91,1.54,39.56,66.40,8.56,34.19,7.05,2.00,6.69,1.00,6.02,1.26,3.48,0.54,3.10,0.50,12.99,12.99
307,22,12,146,5,25,45,32,45,231,24,310,30,62,50,53,2.23,1.29,36.49,66.72,7.88,31.88,6.04,1.71,5.34,1.06,7.28,1.45,4.13,0.66,4.29,0.65,12.77,12.77
297,23,11,144,4,24,44,29,44,228,25,326,31,68,50,48,2.21,1.27,35.16,66.02,7.45,30.32,6.03,1.62,5.12,1.02,7.01,1.39,3.77,0.62,4.12,0.63,11.17,11.17
420,24,10,100,9,28,60,22,106,219,25,385,15,129,33,49,1.74,1.11,58.46,111.51,11.67,44.85,7.86,1.83,6.88,1.19,7.84,1.50,4.28,0.59,4.10,0.57,12.54,12.54
424,37,14,106,21,36,37,21,87,241,31,363,20,84,54,79,2.29,0.95,42.11,81.77,8.28,31.41,5.65,1.21,5.71,0.79,4.69,0.92,2.83,0.47,2.92,0.44,7.70,7.70
318,40,15,110,18,42,42,19,83,243,39,330,20,96,40,80,3.35,1.37,37.09,67.67,8.56,35.59,7.19,2.25,7.85,1.21,7.49,1.48,4.49,0.79,4.57,0.67,10.87,10.87
404,39,13,104,22,35,37,21,90,244,33,383,21,85,44,78,3.11,1.94,112.73,231.87,27.10,110.76,24.44,4.30,26.55,4.30,28.41,6.05,17.27,2.95,17.22,2.88,47.66,47.66
319,23,11,113,4,19,60,28,43,330,19,288,27,76,40,63,1.42,0.87,31.50,59.76,7.26,29.75,5.54,1.81,4.54,0.82,5.53,1.14,3.11,0.49,3.18,0.48,15.34,15.34
268,23,12,126,2,17,46,32,31,431,20,344,24,59,57,67,1.05,0.72,23.70,47.13,6.33,28.80,5.71,2.13,4.82,0.93,6.10,1.24,3.25,0.48,3.02,0.46,12.77,12.77
411,39,13,108,21,31,41,20,90,245,34,415,22,95,49,81,1.55,1.80,62.85,105.62,12.87,47.75,8.34,2.16,8.24,1.12,6.37,1.34,3.76,0.61,3.53,0.62,26.76,26.76
459,40,13,116,12,30,34,21,77,273,31,312,18,64,35,73,2.34,1.62,39.86,62.87,8.02,31.60,5.41,1.74,6.09,0.89,5.47,1.12,3.55,0.64,4.01,0.62,11.59,11.59
343,22,10,106,4,27,53,28,76,283,30,363,19,111,34,47,2.32,0.94,31.57,56.39,6.85,28.09,5.15,1.59,4.66,1.03,7.97,1.60,4.84,0.80,5.38,0.81,11.89,11.89
333,22,8,86,4,35,42,23,91,217,36,326,36,78,29,48,2.83,0.98,29.97,56.79,6.67,27.70,5.13,1.73,5.01,1.16,9.99,2.26,6.57,1.16,7.88,1.18,10.68,10.68
377,44,15,106,17,26,48,24,57,255,53,797,23,91,37,77,2.07,1.66,28.25,48.39,5.74,23.10,4.60,1.64,5.08,0.87,5.21,1.16,3.47,0.60,3.89,0.64,16.12,16.12
323,37,16,121,16,29,41,24,40,227,29,568,25,98,44,68,1.81,1.62,45.42,77.09,9.06,34.75,6.00,1.91,6.73,1.04,6.83,1.59,5.19,0.98,6.29,0.95,23.21,23.21
336,33,14,92,18,34,44,18,97,202,33,361,22,117,33,74,1.88,1.30,28.75,57.86,7.99,36.12,7.90,2.40,8.02,1.25,7.54,1.54,4.57,0.77,4.66,0.71,16.98,16.98
443,43,16,121,22,39,44,24,88,271,39,481,23,99,56,87,2.04,1.01,22.64,41.70,5.28,21.60,4.58,1.32,4.97,0.76,4.72,0.93,2.81,0.47,2.87,0.45,14.46,14.46
300,35,11,65,34,31,20,12,101,202,23,274,18,46,30,64,2.30,0.88,49.24,98.63,9.77,35.61,5.97,1.27,6.13,0.80,4.25,0.85,2.42,0.41,2.38,0.36,7.66,7.66
392,25,13,144,6,22,81,27,84,194,24,363,34,112,45,59,1.70,1.16,38.44,75.21,9.28,41.77,8.94,2.88,8.36,1.86,14.74,3.08,8.82,1.43,9.46,1.40,39.81,39.81
354,23,11,139,8,19,67,29,40,266,39,1256,42,110,28,55,1.86,0.97,45.90,75.44,9.30,36.23,5.70,1.61,4.99,0.89,6.04,1.15,3.24,0.50,3.30,0.48,13.19,13.19
282,50,16,89,17,28,56,23,46,244,57,629,25,130,35,91,2.14,1.39,56.32,99.13,11.05,41.26,7.46,1.61,7.86,1.02,6.05,1.23,3.59,0.62,3.73,0.63,17.41,17.41
751,22,9,98,6,19,70,21,43,247,31,467,18,118,33,61,1.28,1.93,30.87,66.91,8.67,39.87,8.92,6.38,8.21,1.69,11.12,2.18,6.27,1.04,5.97,0.96,13.98,13.98
351,25,12,133,7,27,71,29,84,247,32,371,35,132,46,53,2.14,1.14,37.33,68.15,8.22,33.92,6.37,1.94,6.45,1.36,9.78,2.03,6.26,1.07,6.72,1.05,14.53,14.53
395,24,11,126,6,22,51,28,60,307,28,659,26,83,41,63,1.94,1.33,32.68,61.39,7.09,29.64,5.34,2.21,5.16,1.02,7.43,1.54,4.97,0.81,5.16,0.81,22.91,22.91
290,24,10,127,7,36,49,24,103,218,29,240,30,78,39,59,2.72,1.16,29.30,54.47,6.50,27.15,4.81,1.82,5.03,1.02,7.99,1.68,5.33,0.91,5.71,0.94,9.44,9.44
378,23,12,135,5,31,67,29,81,164,38,318,31,98,63,71,2.12,1.26,52.14,97.55,11.30,45.45,7.89,2.22,7.83,1.48,10.00,2.09,6.33,1.03,6.38,0.99,12.11,12.11
332,24,11,126,8,30,68,28,74,204,36,318,31,75,53,67,2.36,1.38,46.23,91.57,10.45,42.68,7.96,2.12,7.86,1.54,11.20,2.30,7.30,1.16,7.31,1.18,11.63,11.63
198,23,11,107,7,22,49,25,39,263,24,361,22,89,24,52,1.98,1.07,48.91,93.44,10.78,41.55,6.83,1.93,6.46,1.19,7.75,1.57,4.75,0.79,4.81,0.77,17.77,17.77
309,24,12,127,8,24,48,25,52,262,27,454,31,79,46,65,1.75,1.15,45.49,87.35,9.71,38.67,6.58,2.27,6.53,1.22,8.17,1.66,4.88,0.82,4.70,0.72,15.01,15.01
360,24,11,113,16,22,62,25,58,225,31,826,25,92,125,56,1.79,1.40,125.32,227.06,26.03,97.92,14.77,3.86,13.21,2.14,11.80,2.15,6.59,1.01,5.88,1.01,40.87,40.87
275,37,11,81,24,23,41,17,74,231,27,294,21,118,19,58,2.09,1.19,41.35,83.96,8.75,33.96,6.55,1.56,6.63,0.93,5.37,1.10,3.08,0.51,2.88,0.50,9.57,9.57
266,21,10,120,6,13,39,38,44,127,19,328,17,61,20,27,1.55,0.93,49.08,96.70,9.67,35.48,4.90,1.35,4.67,0.78,4.97,0.99,3.00,0.51,2.92,0.45,11.53,11.53
182,41,14,117,17,28,55,16,43,237,34,640,22,101,21,75,1.43,1.79,30.38,57.86,7.65,33.03,7.44,2.04,7.42,1.12,7.08,1.39,3.96,0.68,3.85,0.73,24.58,24.58
447,46,12,90,21,23,73,18,49,253,49,852,23,182,48,93,1.61,1.91,97.06,165.25,20.08,76.88,14.19,4.49,14.07,1.99,11.79,2.41,6.87,1.07,6.27,1.07,33.47,33.47
628,21,12,106,5,16,155,36,45,205,35,678,20,302,43,76,1.39,1.47,47.60,92.78,10.67,45.68,8.39,5.45,8.11,1.67,11.43,2.29,6.83,1.11,6.79,1.13,25.68,25.68
508,25,8,87,11,35,32,19,117,192,46,820,50,37,23,46,2.77,1.13,38.99,79.28,9.01,38.46,8.21,2.52,8.09,1.91,16.02,3.42,10.63,1.77,11.58,1.79,35.11,35.11
383,38,14,81,19,37,31,19,84,200,36,288,20,76,30,67,2.75,1.07,38.33,73.44,7.80,30.30,6.01,1.36,6.29,1.03,6.91,1.49,4.32,0.77,4.55,0.76,9.45,9.45
539,24,7,72,14,40,35,18,127,311,24,257,24,60,20,42,2.84,0.92,48.13,97.64,9.66,38.46,6.49,1.74,5.47,0.94,6.36,1.33,4.09,0.66,4.10,0.63,9.89,9.89
524,40,10,57,22,51,26,13,137,292,27,296,19,61,22,74,3.15,0.86,44.56,84.05,8.85,32.27,5.71,1.40,5.97,0.86,5.36,1.14,3.50,0.61,3.51,0.58,8.89,8.89
289,43,13,119,13,37,53,24,64,209,28,291,18,105,37,74,2.02,1.56,39.71,69.56,8.28,30.98,5.87,1.41,5.82,0.78,5.01,1.04,2.82,0.45,2.68,0.44,10.51,10.51
231,23,10,113,10,30,36,24,49,262,33,517,39,59,25,45,2.12,0.91,37.14,74.88,8.30,35.35,6.49,2.11,6.21,1.28,10.80,2.30,7.09,1.13,7.78,1.14,20.43,20.43
219,23,11,122,10,26,42,29,44,310,30,593,17,54,43,55,1.95,1.16,32.34,67.07,8.07,35.62,6.80,2.37,6.25,1.26,10.37,2.08,6.09,0.93,6.11,0.89,23.21,23.21
290,40,13,97,17,28,25,17,54,260,31,313,20,61,27,67,1.88,1.15,35.83,65.90,7.67,30.51,6.25,1.44,6.31,0.92,5.55,1.17,3.35,0.55,3.06,0.55,10.26,10.26
200,21,11,134,2,21,126,36,24,284,22,355,29,255,29,63,1.49,1.13,30.25,61.85,6.70,28.86,4.80,1.75,4.66,0.93,6.68,1.35,4.04,0.66,3.97,0.58,13.48,13.48
411,22,11,112,2,21,50,27,47,337,22,519,24,67,54,79,1.44,0.94,42.74,81.24,9.52,40.42,6.52,2.34,5.53,1.01,6.32,1.23,3.57,0.52,3.53,0.54,18.18,18.18
423,40,13,111,22,34,40,20,89,253,35,424,22,92,51,82,1.68,1.77,41.62,80.49,10.21,43.58,9.75,2.61,10.81,1.71,11.38,2.38,6.62,1.06,5.99,1.02,28.23,28.23
393,41,11,82,15,25,52,17,40,243,40,699,37,133,24,66,2.05,1.27,30.01,56.76,7.48,32.23,7.25,3.41,7.72,1.19,8.09,1.77,5.10,0.87,5.65,0.97,30.73,30.73
268,23,11,146,4,18,45,28,42,281,25,340,28,55,30,56,1.65,1.36,28.53,58.81,6.64,28.45,5.78,2.05,5.50,1.13,8.46,1.67,4.79,0.72,4.45,0.67,13.87,13.87
442,40,15,128,12,33,61,26,99,190,44,478,24,146,49,80,2.12,1.68,38.00,74.25,8.59,34.80,7.50,1.88,8.20,1.35,8.93,2.00,5.92,0.98,5.94,0.97,16.12,16.12
406,40,14,119,18,37,48,28,95,227,40,352,19,123,44,85,1.96,1.82,37.11,71.53,7.98,31.95,6.66,1.70,7.54,1.16,7.89,1.70,5.02,0.91,5.08,0.95,14.78,14.78
361,36,10,73,14,54,27,18,111,249,34,226,18,52,20,65,1.98,1.95,48.50,89.40,11.73,48.29,9.98,2.39,10.22,1.49,9.15,1.81,5.43,0.90,5.39,0.88,25.88,25.88
407,40,15,111,22,44,54,21,94,170,31,473,19,164,47,84,1.89,1.04,53.49,93.53,11.04,42.50,8.43,1.92,8.88,1.25,7.79,1.64,4.85,0.81,4.99,0.82,27.12,27.12
377,25,11,139,9,26,54,26,63,234,25,437,29,79,46,57,1.84,1.18,60.80,109.21,12.05,46.49,7.38,2.00,6.65,1.10,7.28,1.38,4.03,0.66,4.02,0.64,19.83,19.83
427,35,11,73,25,42,20,10,85,295,35,562,15,46,18,72,2.31,1.07,86.25,142.07,17.24,61.97,11.11,2.10,10.88,1.36,7.29,1.30,3.83,0.55,3.32,0.51,17.41,17.41
349,38,12,61,26,44,38,16,69,265,46,667,17,114,21,76,3.00,0.97,20.75,40.25,4.64,18.59,4.03,1.20,4.84,0.80,5.23,1.19,3.86,0.67,4.42,0.69,8.26,8.26
385,39,14,80,20,39,32,17,105,243,31,429,19,80,31,72,1.61,1.72,38.94,71.28,8.79,36.52,7.77,2.35,8.13,1.23,7.61,1.55,4.70,0.77,4.61,0.74,21.85,21.85
463,23,8,78,9,28,42,25,69,250,18,300,25,63,152,61,1.79,1.62,76.80,133.95,14.56,54.67,6.95,2.18,6.27,0.91,4.88,0.92,2.81,0.37,2.32,0.38,11.00,11.00
356,24,10,119,9,24,85,29,45,446,26,691,26,111,39,72,1.52,1.26,42.59,87.32,10.11,44.84,7.97,2.64,6.73,1.24,7.86,1.53,4.49,0.71,4.67,0.67,25.10,25.10
389,38,17,132,15,31,61,23,58,289,44,617,22,131,52,98,1.91,2.64,44.55,82.31,10.30,41.07,8.97,2.14,10.19,1.65,10.98,2.43,7.57,1.25,8.14,1.34,37.39,37.39
586,42,15,127,13,30,62,21,65,176,37,630,21,142,40,85,2.15,1.12,55.17,95.60,10.60,39.05,7.11,1.44,7.10,0.93,5.59,1.08,3.26,0.51,3.11,0.48,13.63,13.63
484,22,11,100,9,22,72,26,60,269,39,612,37,109,44,70,1.80,1.40,74.88,127.35,15.36,63.63,10.76,2.83,9.79,1.83,12.78,2.62,7.68,1.20,7.82,1.13,26.48,26.48
389,52,16,118,16,26,85,29,117,148,51,845,27,195,44,91,1.82,2.70,46.65,85.26,10.66,43.44,9.36,2.19,10.37,1.63,10.90,2.39,7.26,1.26,7.93,1.27,35.61,35.61
295,42,17,120,14,35,72,25,80,167,39,383,20,172,46,104,1.98,2.02,41.70,68.82,8.83,34.57,6.99,1.59,7.51,1.21,8.11,1.86,5.70,0.95,5.92,0.89,15.62,15.62
257,43,18,173,10,39,55,25,67,184,37,291,17,111,37,74,1.84,1.99,20.02,37.16,4.64,19.24,4.57,1.52,5.68,0.94,6.60,1.45,4.57,0.77,4.59,0.75,12.07,12.07
323,35,15,120,19,44,50,20,91,187,26,263,15,140,46,81,2.14,1.47,35.51,55.89,6.93,26.36,4.88,1.14,5.00,0.75,4.68,0.97,3.09,0.53,3.35,0.51,9.39,9.39
369,40,11,80,27,30,42,20,69,257,26,398,19,109,32,74,1.61,1.37,68.03,120.40,13.16,48.31,8.61,1.72,8.63,1.20,7.76,1.68,5.06,0.86,4.38,0.78,13.87,13.87
381,35,13,83,28,33,30,20,88,254,37,424,15,59,19,74,1.79,1.25,58.75,98.90,12.39,47.77,9.45,2.03,9.27,1.28,7.71,1.55,4.34,0.72,3.84,0.66,15.61,15.61
340,40,12,69,33,35,19,13,100,218,32,578,19,36,31,73,2.17,2.03,52.50,93.39,12.32,50.36,10.75,2.40,11.58,1.74,11.09,2.14,6.46,1.07,6.63,1.02,18.50,18.50
461,24,10,88,12,27,35,22,78,349,29,948,34,49,26,71,1.84,1.07,64.20,112.95,12.31,47.92,7.75,2.80,6.88,1.26,8.79,1.78,5.44,0.85,5.20,0.79,41.21,41.21
303,19,14,115,2,22,155,32,66,140,24,290,27,352,34,72,1.61,2.13,44.22,84.37,9.56,39.01,6.49,1.60,6.05,1.09,7.24,1.33,3.93,0.60,3.98,0.60,10.24,10.24
541,23,13,128,6,29,59,31,78,371,26,313,32,97,45,70,1.90,1.39,40.55,80.48,9.41,39.33,7.38,2.13,6.90,1.28,8.23,1.50,4.59,0.74,4.36,0.62,12.69,12.69
419,41,16,124,14,23,109,29,89,201,52,550,26,202,49,98,1.79,1.76,28.32,59.43,7.82,34.85,8.77,2.39,9.95,1.62,10.60,2.08,6.43,1.03,6.41,0.94,19.15,19.15
610,35,13,87,9,29,68,27,60,204,48,1270,23,151,31,80,2.59,1.89,61.87,113.31,13.49,53.89,12.31,2.46,13.93,2.31,15.76,3.43,10.22,1.83,11.30,1.77,40.30,40.30
433,23,12,116,8,21,72,30,45,275,46,704,31,121,49,87,1.65,1.43,34.57,77.20,9.38,44.16,9.78,3.19,10.03,2.24,16.82,3.29,9.99,1.63,9.51,1.48,24.75,24.75
333,44,14,132,22,29,47,19,71,135,77,1164,46,96,67,82,2.31,1.72,42.97,72.87,9.23,36.03,7.23,1.57,7.56,1.01,6.48,1.26,3.99,0.63,3.88,0.58,7.80,7.80
498,22,10,117,7,36,43,20,41,142,32,312,33,79,25,43,1.80,1.17,48.01,100.25,10.40,42.23,7.78,1.94,7.25,1.43,10.25,2.10,6.39,1.10,6.72,1.03,14.46,14.46
356,45,15,158,22,37,60,27,91,209,36,243,16,121,63,82,1.99,1.00,41.53,78.55,9.04,35.66,7.40,1.69,7.69,1.06,6.63,1.31,3.89,0.63,4.13,0.61,17.21,17.21
338,42,13,104,18,47,50,18,96,193,28,308,16,119,38,75,1.96,1.38,23.96,41.73,4.85,19.29,4.13,1.08,4.37,0.70,4.68,1.07,3.28,0.62,3.76,0.65,8.85,8.85
275,41,12,92,25,25,34,20,63,238,35,635,20,103,33,65,2.02,1.48,80.08,137.88,15.90,59.43,10.46,2.26,10.10,1.26,7.43,1.45,4.16,0.68,3.73,0.66,23.63,23.63
392,48,12,89,12,38,42,18,76,262,38,365,20,88,27,72,2.39,1.33,25.96,45.08,5.74,23.57,5.52,1.45,5.92,1.05,6.77,1.53,4.49,0.80,4.78,0.82,13.08,13.08
313,23,15,134,5,23,127,38,63,201,23,308,28,382,29,81,1.28,1.58,34.08,63.44,7.18,28.52,5.37,1.78,4.97,1.02,7.33,1.48,4.62,0.75,4.64,0.65,12.82,12.82
314,23,10,96,9,26,37,23,63,257,22,327,31,48,39,66,1.52,1.09,46.52,82.51,9.15,36.53,6.08,1.76,5.41,1.03,6.53,1.19,3.77,0.57,3.44,0.51,12.66,12.66
544,23,9,88,10,27,30,22,74,369,26,643,41,35,24,59,2.33,1.25,78.37,139.00,14.81,58.01,8.94,2.73,8.12,1.46,9.05,1.71,5.18,0.80,4.88,0.74,28.16,28.16
390,21,14,123,2,32,71,27,66,188,24,357,45,120,65,86,1.67,1.48,42.90,76.71,9.12,37.27,6.59,1.65,5.90,1.15,7.50,1.40,4.09,0.63,3.90,0.59,13.25,13.25
485,43,14,107,15,29,65,25,67,282,52,476,22,134,38,81,1.69,1.75,60.21,100.49,13.56,55.92,12.03,2.81,12.40,1.90,11.99,2.58,7.26,1.19,6.67,1.14,20.00,20.00
285,34,15,119,17,22,80,25,53,219,48,670,23,185,40,73,1.50,1.88,44.72,81.82,9.64,39.50,8.42,1.87,9.67,1.55,11.32,2.55,7.68,1.44,8.03,1.52,25.79,25.79
286,23,10,78,9,28,52,22,72,322,25,434,14,65,28,40,1.81,0.89,30.82,65.58,7.47,33.51,6.60,2.23,6.06,1.20,8.26,1.57,4.60,0.76,4.76,0.70,16.95,16.95
501,25,16,65,34,27,27,8,240,126,31,390,46,81,26,51,3.09,1.19,47.53,99.88,11.15,42.46,7.49,1.50,6.07,0.97,4.66,0.97,2.70,0.42,2.74,0.39,9.29,9.29
564,19,30,83,53,1.5,31,9,199,95,41,454,35,88,20,57,2.56,1.55,140.39,277.94,29.22,110.50,19.33,3.51,15.35,2.29,10.02,1.91,5.35,0.75,4.80,0.68,12.62,12.62
347,21,8,79,30,27,29,11,152,113,27,313,18,86,24,57,2.62,1.6,90.59,176.13,19.15,72.76,12.78,2.32,10.28,1.55,6.41,1.23,3.45,0.47,3.13,0.44,8.29,8.29
311,19,13,74,23,28,35,16,128,111,27,341,13,70,23,54,2.45,1.45,100.77,179.64,19.88,74.68,12.86,2.45,10.35,1.55,6.16,1.13,3.19,0.42,2.79,0.39,8.99,8.99
483,28,11,97,16,29,37,16,164,127,27,364,18,96,32,66,2.91,1.49,64.3,131.92,14.97,57.03,9.64,2.3,7.94,1.25,5.55,1.13,3.21,0.46,3.01,0.43,9.73,9.73
533,17,12,121,15,22,29,19,99,359,43,864,34,100,21,56,4.11,1.5,123.39,229.8,26.89,102.69,16.59,3.75,13.84,2.16,9.67,1.94,5.45,0.75,4.84,0.68,22.94,22.94
573,23,11,105,14,28,26,14,103,308,45,940,37,67,17,61,3.52,1.4,135.38,258.15,29.89,115.89,18.03,4.15,14.78,2.29,9.86,1.97,5.64,0.75,4.9,0.68,24.31,24.31
523,19,16,105,18,29,35,8,102,275,37,399,41,101,18,76,1.92,1.23,84.50,167.49,19.36,75.53,12.39,2.98,10.04,1.51,7.10,1.46,4.10,0.57,3.63,0.51,11.47,11.47
510,21,18,87,23,30,30,9,124,267,39,965,39,88,16,65,2.27,1.26,92.11,180.39,20.68,79.71,12.91,2.88,10.51,1.59,7.22,1.46,4.16,0.57,3.75,0.55,25.63,25.63
434,24,16,61,32,20,24,7,214,116,32,514,46,67,9,40,6.00,1.28,51.88,108.13,11.97,45.03,8.06,1.56,6.75,1.11,5.53,1.15,3.21,0.49,3.07,0.44,15.71,15.71
425,27,14,119,16,17,43,16,184,127,29,469,19,103,37,56,3.34,1.38,42.91,72.35,8.93,34.41,6.38,1.73,5.63,0.99,5.33,1.16,3.25,0.52,3.45,0.49,13.42,13.42
360,25,13,119,18,14,60,19,139,82,38,335,16,123,56,74,2.63,1.52,50.10,82.67,10.47,40.71,7.48,1.84,6.67,1.22,6.75,1.53,4.27,0.67,4.30,0.60,9.97,9.97
369,28,12,104,17,13,37,19,126,93,33,262,17,106,25,152,3.08,1.93,48.79,78.30,10.07,38.26,6.88,1.65,5.81,0.99,5.30,1.19,3.49,0.58,3.96,0.57,7.23,7.23
787,16,15,74,24,47,30,9,214,88,35,648,38,96,19,47,1.98,1.19,51.80,108.60,11.83,44.74,8.30,1.93,7.32,1.32,7.71,1.79,5.13,0.84,5.45,0.78,19.62,19.62
489,17,13,81,37,23,24,4,160,94,25,285,37,87,11,47,1.85,1.35,82.39,164.21,17.85,68.74,12.06,2.30,9.75,1.32,4.97,0.91,2.56,0.34,2.26,0.33,6.74,6.74
423,18,16,106,23,30,41,9,122,139,28,274,30,115,32,64,1.75,1.12,45.10,90.91,10.05,38.49,6.90,1.65,5.84,0.94,4.65,0.96,2.63,0.39,2.49,0.35,7.55,7.55
419,21,11,95,12,30,41,19,123,151,22,296,16,89,33,54,2.59,1.26,43.47,95.32,10.1,38.36,6.71,1.69,5.58,0.92,4.45,0.91,2.56,0.37,2.48,0.35,8.06,8.06
665,25,10,93,12,19,29,14,142,313,29,542,26,76,18,53,3.6,1.26,81.16,167.19,18.98,72.75,11.75,2.97,9.51,1.47,6.53,1.32,3.77,0.51,3.28,0.47,14.19,14.19
532,27,12,106,18,23,28,14,156,245,38,702,33,74,24,60,3.51,1.4,105.69,198.64,22.93,87.49,14.45,3.51,11.91,1.85,8.1,1.63,4.6,0.64,4.14,0.56,18.08,18.08
856,22,15,65,22,26,14,7,148,250,38,1589,60,48,9,42,3.56,1.35,87.52,176.23,20.50,82.44,14.22,4.55,11.27,1.71,7.82,1.49,4.13,0.57,3.64,0.54,45.47,45.47
520,23,14,66,30,46,20,7,164,191,38,1395,81,55,13,51,3.37,1.33,76.83,155.02,18.85,74.04,12.26,3.23,9.76,1.52,7.26,1.49,4.13,0.61,4.14,0.59,37.99,37.99
498,25,10,65,28,24,19,10,203,128,38,1052,27,64,18,43,3.37,1.31,80.71,143.28,17.58,67.11,11.77,2.52,9.95,1.56,7.54,1.56,4.42,0.66,4.37,0.62,26.28,26.28
273,26,12,57,43,6,19,9,181,94,36,431,39,51,11,33,3.87,1.21,63.72,131.95,14.80,54.30,10.00,1.55,8.22,1.37,7.10,1.45,3.98,0.60,3.82,0.54,14.76,14.76
252,22,19,135,19,24,61,22,134,117,39,257,30,156,65,51,2.31,1.24,38.06,77.45,7.56,29.35,5.50,1.58,4.89,0.85,4.61,0.97,2.63,0.42,2.68,0.38,8.46,8.46
421,25,14,96,18,20,40,16,152,89,27,278,16,106,35,76,2.72,1.66,47.65,91.89,9.42,35.96,6.48,1.72,5.65,0.96,5.08,1.09,3.03,0.48,2.97,0.43,8.11,8.11
425,22,12,107,15,13,40,14,148,100,30,234,23,105,24,45,2.60,1.48,54.03,74.42,10.99,41.70,7.24,1.85,6.28,1.06,5.36,1.18,3.36,0.53,3.42,0.48,7.05,7.05
567,17,14,79,44,27,25,6,164,97,31,406,30,82,16,46,1.88,1.28,110.81,223.26,23.72,89.65,15.89,3.03,12.58,1.69,6.28,1.12,3.23,0.43,2.83,0.40,10.90,10.90
408,16,16,88,28,21,32,8,165,113,25,241,32,93,19,61,2.05,1.32,57.56,117.73,13.33,49.66,8.77,1.84,7.35,1.06,4.45,0.83,2.36,0.32,2.10,0.30,6.59,6.59
617,19,16,105,26,37,39,7,154,141,24,257,34,111,30,57,2.09,1.14,48.57,97.59,10.85,40.18,7.07,1.73,6.07,0.89,3.93,0.75,2.10,0.29,1.90,0.28,6.90,6.90
497,18,16,102,32,19,21,10,114,196,28,365,33,82,15,45,2.80,1.20,52.49,108.10,11.51,43.89,7.87,1.85,6.54,1.05,5.24,1.07,2.96,0.45,2.81,0.41,11.03,11.03
382,27,11,73,30,21,23,12,119,211,40,1533,42,51,18,55,3.37,1.37,148.63,275.33,31.46,119.35,17.55,3.88,14.42,2.23,9.15,1.83,5.27,0.68,4.53,0.65,36.03,36.03
613,23,16,84,25,32,26,13,174,180,33,741,48,88,19,51,3.52,1.21,48.88,101.87,11.13,43.15,7.58,2.17,6.38,1.07,5.44,1.19,3.31,0.51,3.35,0.48,19.69,19.69
457,23,13,57,32,16,22,7,230,118,34,630,49,55,17,53,3.33,1.20,56.97,116.35,12.75,49.35,8.56,1.83,7.33,1.21,6.02,1.28,3.61,0.55,3.60,0.50,17.69,17.69
249,21,12,56,47,12,16,7,205,91,36,451,40,51,15,36,3.07,1.21,57.84,117.45,13.15,49.72,9.41,1.32,7.65,1.29,6.74,1.37,3.73,0.55,3.52,0.51,15.80,15.80
314,18,9,84,15,22,32,14,128,97,29,423,19,91,23,56,3.37,1.31,52.05,107.79,12.13,46.46,8.42,1.63,6.79,1.18,5.95,1.25,3.64,0.55,3.68,0.53,12.67,12.67
294,23,10,61,21,29,26,11,184,119,32,454,23,58,17,39,4.6,1.2,57.83,116.91,13.72,51.64,9.19,1.55,7.45,1.21,5.63,1.13,3.18,0.45,2.98,0.43,13.77,13.77
233,24,15,112,10,16,58,21,107,113,25,256,14,110,55,38,2.13,1.29,36.54,84.01,8.16,30.89,5.68,1.34,4.85,0.87,4.66,1.01,2.83,0.44,2.94,0.4,7.98,7.98
414,29,15,95,13,21,46,19,139,115,32,199,14,118,37,74,2.41,1.34,56.57,109.27,11.15,42.30,7.39,1.85,6.43,1.02,5.19,1.09,2.97,0.45,2.83,0.40,5.96,5.96
319,21,13,123,13,22,53,18,99,67,29,250,12,120,46,55,1.86,1.18,44.47,86.06,8.89,34.92,6.29,1.69,5.64,0.94,4.97,1.07,2.89,0.43,2.66,0.39,6.29,6.29
443,20,14,189,42,12,24,8,160,100,26,313,40,79,19,60,2.17,1.48,86.98,175.34,18.56,69.56,12.32,2.46,9.79,1.33,5.05,0.91,2.49,0.33,2.24,0.31,9.94,9.94
421,17,16,23,28,19,32,7,158,106,27,238,37,91,21,56,1.74,1.45,77.04,150.62,16.12,60.47,10.25,2.08,8.36,1.15,4.62,0.88,2.47,0.34,2.22,0.31,5.64,5.64
490,16,16,89,18,24,35,8,124,128,26,276,29,121,20,50,2.11,1.09,37.47,77.48,7.93,29.94,5.40,1.38,4.67,0.76,3.84,0.82,2.34,0.37,2.53,0.37,9.27,9.27
492,19,15,136,21,38,43,16,119,120,26,164,21,108,47,82,3.30,1.06,61.14,120.40,13.17,49.12,8.67,1.98,7.16,1.09,5.16,1.03,2.94,0.44,2.82,0.42,13.05,13.05
429,22,16,86,21,27,32,15,144,196,28,422,52,113,23,55,3.04,1.11,56.02,112.14,11.93,44.30,7.69,1.74,6.50,1.02,5.19,1.08,3.05,0.46,3.30,0.44,11.61,11.61
483,23,14,82,31,22,33,11,250,128,28,362,45,125,18,55,3.49,1.42,47.40,95.50,9.62,36.68,6.80,1.49,5.76,1.00,5.51,1.17,3.37,0.53,3.44,0.48,14.58,14.58
436,24,14,82,39,6,24,10,213,114,37,633,53,66,21,65,3.17,1.25,64.80,130.88,14.58,55.46,10.25,1.64,8.31,1.38,6.65,1.44,3.98,0.59,3.90,0.55,18.95,18.95
292,24,9,57,20,29,24,14,200,108,30,568,21,61,14,47,4.99,1.31,51.15,112.7,12.27,46.93,8.9,1.51,7.28,1.26,6.39,1.35,3.85,0.59,3.9,0.57,16.63,16.63
183,21,13,73,51,1.5,21,9,113,92,38,502,47,55,16,57,2.51,1.02,89.94,181.78,19.12,72.64,13.16,1.78,10.42,1.55,7.47,1.46,4.13,0.62,4.02,0.57,16.35,16.35
287,25,9,81,25,25,28,13,130,106,34,617,26,64,20,48,3.67,1.2,52.65,111.26,12.42,46.55,8.58,1.5,7.17,1.22,5.94,1.27,3.47,0.51,3.52,0.5,17.22,17.22
359,19,14,116,13,22,62,19,106,72,25,227,12,142,52,68,2.02,1.16,37.72,80.36,7.92,31.32,5.98,1.70,5.26,0.89,4.65,1.00,2.67,0.40,2.55,0.36,6.72,6.72
374,17,15,104,9,22,70,20,99,87,28,240,13,150,47,110,1.83,1.15,45.25,91.97,9.38,36.52,6.64,1.79,5.74,0.97,4.97,1.06,2.88,0.44,2.69,0.40,7.21,7.21
425,18,16,186,5,19,87,32,52,67,30,198,9,172,92,79,1.25,1.03,28.07,67.11,6.37,26.39,5.47,1.70,5.19,0.95,5.31,1.17,3.14,0.50,2.95,0.44,5.60,5.60
451,16,15,89,48,21,24,10,140,121,30,264,35,77,16,59,1.71,1.07,77.62,152.21,16.47,60.80,10.45,1.99,8.76,1.24,5.10,0.92,2.54,0.36,2.19,0.31,5.58,5.58
450,15,15,82,31,30,31,7,150,85,27,278,33,79,28,64,1.64,1.25,57.05,112.72,12.20,45.42,7.90,1.68,6.53,0.96,4.22,0.81,2.41,0.34,2.26,0.33,6.71,6.71
522,21,15,76,26,34,30,6,199,112,24,257,36,73,21,51,2.61,1.20,34.52,72.28,6.96,26.34,4.82,1.19,4.13,0.69,3.55,0.74,2.12,0.33,2.12,0.31,7.37,7.37
526,24,14,100,26,22,40,13,207,161,26,267,36,109,28,63,3.61,1.20,49.34,99.78,10.49,38.70,6.93,1.71,5.85,0.95,4.59,0.94,2.58,0.38,2.54,0.37,14.39,14.39
361,25,11,76,28,23,33,15,218,106,27,333,17,82,27,70,3.86,1.6,49.19,99.97,10.49,39.75,7.2,1.52,5.75,1,5.12,1.06,3,0.46,3.03,0.43,9.01,9.01
310,25,11,77,22,24,36,17,241,107,28,394,23,79,21,71,3.48,1.45,61.77,122.96,14.06,53.63,9.92,1.76,7.7,1.26,5.84,1.13,3.15,0.45,2.91,0.41,10.57,10.57
324,24,12,73,31,17,28,11,159,110,37,431,18,80,24,54,3.35,1.26,77.21,149.78,15.52,59.00,10.70,1.92,8.98,1.45,7.37,1.59,4.49,0.70,4.39,0.66,13.40,13.40
257,25,11,71,33,13,27,14,127,115,34,432,21,76,16,55,4.15,1.27,89.43,160.79,18.31,68.53,12.04,1.96,9.89,1.48,6.93,1.46,4.08,0.62,4.01,0.59,13.58,13.58
292,25,12,66,30,20,28,8,192,117,32,486,22,68,15,58,3.99,1.40,65.20,128.41,13.58,51.51,9.66,1.61,8.04,1.29,6.36,1.32,3.63,0.54,3.50,0.51,16.52,16.52
387,22,14,114,16,18,57,18,142,115,26,237,13,152,47,72,2.34,1.41,39.18,82.84,8.03,30.62,5.94,1.40,5.13,0.86,4.42,0.96,2.57,0.39,2.49,0.36,7.87,7.87
305,14,12,108,12,23,69,22,79,74,26,221,10,132,54,71,1.46,1.08,31.26,63.75,6.79,26.90,5.37,1.46,4.67,0.85,4.69,1.00,2.66,0.42,2.65,0.38,6.69,6.69
293,24,14,152,13,15,70,23,90,58,30,244,13,149,70,50,1.59,1.24,38.87,77.15,8.37,33.27,6.52,1.81,5.75,0.99,5.30,1.12,3.04,0.47,2.94,0.42,6.96,6.96
334,14,10,101,8,24,54,19,84,65,22,218,9,135,55,99,1.40,1.12,28.25,57.99,6.15,24.13,4.67,1.42,4.08,0.78,3.95,0.88,2.36,0.38,2.29,0.37,6.25,6.25
340,17,10,67,23,30,31,13,140,93,23,331,14,67,24,55,2.49,1.48,106.56,187.92,19.77,73.71,12.63,2.43,9.85,1.44,5.44,0.92,2.64,0.34,2.34,0.33,7.21,7.21
440,23,11,86,21,29,32,14,154,98,26,350,16,80,25,62,2.70,1.29,65.67,110.74,13.43,50.34,9.02,2.01,7.86,1.21,5.64,1.13,3.15,0.47,3.13,0.44,9.83,9.83
481,24,14,83,31,16,27,12,211,129,30,291,41,85,46,52,3.45,1.35,48.53,100.37,10.72,40.39,7.13,1.49,5.91,0.97,4.98,1.09,3.02,0.49,3.15,0.44,9.27,9.27
453,24,18,77,39,1.5,36,10,273,91,36,311,41,95,16,53,3.68,1.48,98.06,182.48,19.22,70.52,11.52,1.83,9.98,1.51,7.12,1.48,4.19,0.62,3.98,0.55,9.83,9.83
358,25,13,78,23,14,31,14,217,107,30,608,19,79,21,57,4.00,1.40,71.57,142.84,14.91,55.27,10.60,1.75,8.82,1.46,8.00,1.82,5.29,0.88,5.80,0.84,21.61,21.61
348,29,13,68,24,24,29,12,245,92,34,500,18,71,23,66,4.67,1.62,58.55,120.85,12.14,45.64,8.66,1.65,7.32,1.24,6.69,1.48,4.18,0.67,4.40,0.64,17.70,17.70
403,27,14,88,17,18,39,11,171,116,26,314,17,103,29,61,2.86,1.45,57.36,112.48,11.29,44.87,7.48,1.84,6.37,1.02,5.25,1.10,3.08,0.46,3.07,0.44,10.02,10.02
365,16,16,90,19,14,31,16,153,95,27,321,14,105,17,65,2.50,1.54,68.05,129.73,14.32,53.94,9.17,1.47,7.74,1.15,5.62,1.00,3.07,0.45,2.83,0.44,13.18,13.18
358,25,17,114,12,15,60,25,139,118,30,203,13,144,62,71,2.21,1.82,45.10,89.99,10.26,39.48,6.89,1.44,5.93,0.97,4.89,0.88,2.64,0.38,2.48,0.37,6.74,6.74
253,16,14,130,5,16,88,32,82,82,28,263,13,192,77,83,1.42,1.37,36.83,73.15,8.58,34.72,6.51,1.33,5.64,0.97,5.14,0.92,2.83,0.43,2.68,0.41,7.97,7.97
374,18,12,127,12,14,60,19,83,58,29,254,14,136,45,55,1.27,1.22,31.78,63.51,6.93,27.81,5.50,1.59,5.02,0.94,5.33,1.20,3.22,0.50,3.12,0.43,5.81,5.81
331,22,14,153,13,14,64,30,71,71,26,207,11,119,85,88,1.91,1.15,35.99,72.86,7.80,30.72,6.01,1.61,5.21,0.93,5.13,1.15,3.24,0.50,3.33,0.46,7.04,7.04
341,18,9,121,7,78,49,28,61,44,26,187,11,132,46,327,1.07,1.56,33.08,63.16,7.62,30.80,5.67,1.30,5.00,0.83,4.55,0.87,2.65,0.39,2.41,0.37,6.02,6.02
520,16,14,83,39,34,31,5,160,89,23,299,34,84,25,66,1.79,1.21,80.26,154.81,16.51,61.32,10.59,2.17,8.75,1.15,4.06,0.69,1.99,0.27,1.82,0.26,7.13,7.13
453,21,13,104,26,18,33,16,99,110,25,357,14,96,28,57,2.10,1.17,79.73,136.67,16.47,62.20,10.76,2.28,8.84,1.25,5.19,1.04,2.94,0.42,2.89,0.41,9.05,9.05
456,23,16,99,34,12,43,18,167,118,34,359,39,107,32,63,4.09,1.29,60.62,121.91,13.48,51.14,9.01,1.93,7.61,1.21,6.14,1.31,3.73,0.59,3.90,0.58,14.87,14.87
387,30,15,102,18,16,54,20,167,125,27,296,17,113,44,60,3.36,1.27,50.75,102.32,10.54,40.02,7.32,1.68,6.12,1.01,5.20,1.14,3.11,0.47,3.07,0.42,9.49,9.49
309,28,14,107,13,15,46,18,143,101,20,228,14,120,45,66,2.68,1.25,43.95,88.74,8.90,33.37,5.99,1.45,4.96,0.80,3.85,0.81,2.21,0.34,2.16,0.31,7.65,7.65
285,18,12,76,6,18,66,16,90,89,24,152,10,105,41,66,1.47,0.85,26.93,53.05,5.61,21.86,4.15,1.14,3.69,0.66,3.56,0.78,2.15,0.32,2.08,0.29,4.12,4.12
299,22,14,145,7,12,69,25,91,79,25,182,13,134,76,63,1.89,1.23,31.76,63.24,6.93,27.41,5.42,1.58,4.84,0.86,4.81,1.03,2.75,0.43,2.72,0.38,5.78,5.78
344,25,22,161,9,18,86,39,128,81,26,189,10,209,73,94,1.75,1.74,34.76,65.16,8.51,33.49,6.54,1.48,5.60,0.92,5.03,0.92,2.66,0.40,2.69,0.38,6.50,6.50
266,17,14,167,1,16,63,33,49,116,25,241,14,146,85,124,1.07,1.17,27.91,53.72,6.58,26.50,5.12,1.28,4.73,0.81,4.39,0.83,2.47,0.38,2.46,0.37,7.40,7.40
327,18,11,147,7,13,66,27,84,101,26,274,16,157,66,82,1.44,1.22,30.29,58.91,7.13,29.27,5.57,1.41,4.87,0.83,4.61,0.89,2.56,0.37,2.53,0.35,8.47,8.47
361,13,16,179,5,15,73,26,81,54,30,207,10,108,168,128,1.33,1.51,33.67,64.34,8.04,32.69,6.51,1.46,5.68,0.97,5.18,0.98,2.93,0.43,2.88,0.41,6.43,6.43
302,19,13,138,5,27,66,32,88,65,27,220,13,130,79,122,1.43,1.84,33.62,64.86,7.95,32.27,5.82,1.31,4.90,0.84,4.52,0.88,2.60,0.41,2.49,0.38,6.54,6.54
324,12,12,114,5,13,57,27,90,49,25,179,13,122,60,87,1.55,2.22,32.06,60.36,7.62,30.07,5.53,1.21,4.81,0.82,4.57,0.88,2.65,0.42,2.67,0.38,4.43,4.43
447,23,13,69,20,30,29,12,142,94,19,291,11,78,26,63,2.32,1.37,81.43,159.50,16.42,61.13,10.66,2.28,8.65,1.19,4.50,0.78,2.15,0.29,1.95,0.29,8.28,8.28
526,19,15,98,11,20,45,15,96,96,24,224,11,85,45,64,1.70,1.03,36.27,60.54,7.68,29.36,5.39,1.43,4.74,0.81,4.22,0.93,2.58,0.40,2.56,0.37,5.78,5.78
307,21,15,144,10,17,63,24,89,108,26,223,14,133,49,76,2.07,1.16,33.65,53.27,7.16,28.05,5.55,1.55,4.95,0.89,4.95,1.08,2.95,0.46,2.96,0.42,6.89,6.89
367,24,16,131,12,24,44,22,76,100,34,248,16,105,71,49,1.82,1.32,39.62,64.11,8.67,34.66,6.91,1.90,5.99,1.10,6.09,1.32,3.58,0.57,3.62,0.52,7.39,7.39
372,23,13,138,11,16,100,29,73,131,23,226,13,180,77,67,1.71,1.09,32.40,52.72,6.87,26.80,5.08,1.49,4.47,0.76,4.10,0.90,2.44,0.38,2.52,0.36,6.96,6.96
312,21,13,128,10,11,62,22,90,96,26,224,11,148,78,72,1.87,1.39,35.96,71.94,7.76,30.29,5.75,1.71,4.96,0.85,4.56,1.01,2.70,0.42,2.80,0.39,6.40,6.40
284,19,13,136,10,11,62,23,69,96,21,197,12,159,59,60,1.37,1.29,27.01,55.54,5.81,22.94,4.46,1.34,3.94,0.71,3.85,0.83,2.26,0.35,2.25,0.32,4.96,4.96
314,22,15,157,3,12,71,32,66,72,26,185,12,147,82,78,1.32,1.29,24.41,47.10,5.78,23.53,4.60,1.14,4.39,0.77,4.40,0.84,2.60,0.40,2.51,0.39,4.44,4.44
318,19,11,127,7,18,57,28,102,52,26,190,12,123,92,103,1.55,2.47,32.51,61.43,7.45,29.83,5.50,1.15,4.83,0.82,4.62,0.88,2.64,0.40,2.46,0.37,5.30,5.30
384,14,10,132,8,13,54,31,81,44,23,188,11,123,79,79,1.34,1.73,30.40,58.97,7.02,27.81,5.11,1.16,4.42,0.72,3.95,0.77,2.44,0.38,2.46,0.37,5.79,5.79
344,26,12,133,7,14,60,29,76,46,22,164,11,149,65,115,1.28,2.02,28.07,54.63,6.90,27.98,5.31,1.32,4.78,0.86,4.82,0.95,2.81,0.42,2.54,0.41,5.25,5.25
308,21,14,162,6,18,70,36,82,51,24,158,11,161,81,115,1.16,1.75,28.20,54.45,6.64,27.39,5.20,1.30,4.61,0.82,4.64,0.83,2.57,0.36,2.42,0.35,4.52,4.52
323,18,13,139,4,36,67,25,82,66,24,154,10,147,89,87,1.08,2.11,28.77,55.26,6.54,26.76,5.16,1.35,4.62,0.84,4.96,0.90,2.75,0.36,2.47,0.38,4.32,4.32
649,21,18,122,28,30,36,15,176,116,28,294,35,105,29,61,1.96,1.22,40.24,82.88,8.12,30.96,5.71,1.51,4.87,0.79,3.99,0.82,2.22,0.34,2.10,0.31,6.16,6.16
509,18,17,161,18,39,53,19,114,128,27,190,27,107,116,102,1.46,0.95,25.69,53.42,5.35,21.30,4.22,1.36,3.80,0.69,3.75,0.82,2.24,0.35,2.30,0.31,5.28,5.28
413,20,20,119,8,16,50,21,93,123,25,233,12,101,68,66,1.59,1.04,28.44,47.96,6.38,25.81,5.18,1.55,4.47,0.81,4.42,0.94,2.53,0.39,2.51,0.36,5.94,5.94
425,21,12,101,9,16,35,16,63,191,20,167,12,84,45,48,1.67,0.93,22.61,36.31,4.82,19.05,3.79,1.33,3.33,0.62,3.60,0.80,2.14,0.34,2.16,0.31,4.68,4.68
470,22,22,193,14,30,50,26,78,176,29,220,27,111,94,65,1.25,0.99,23.25,47.86,4.94,20.55,4.35,1.53,4.04,0.78,4.61,1.00,2.80,0.45,2.84,0.40,5.96,5.96
456,24,16,140,7,11,73,24,77,113,22,211,12,217,95,109,1.64,1.01,29.82,60.83,6.47,26.00,5.23,1.71,4.66,0.85,4.68,1.00,2.71,0.42,2.66,0.37,6.71,6.71
335,23,14,160,6,13,76,31,71,50,20,153,10,267,34,102,1.08,1.06,31.41,70.51,6.84,27.49,5.35,1.76,4.74,0.85,4.57,1.00,2.67,0.40,2.62,0.36,5.14,5.14
294,25,17,210,3,16,84,40,77,38,25,150,10,238,123,143,1.13,1.30,27.00,53.48,6.57,28.23,5.98,1.71,5.31,0.98,5.64,1.02,3.06,0.44,2.89,0.43,5.03,5.03
359,19,16,222,3,16,86,34,76,40,24,175,9,289,81,164,1.30,1.35,33.68,65.52,7.90,33.52,6.51,1.73,5.66,0.93,5.10,0.93,2.72,0.37,2.52,0.37,5.47,5.47
397,24,12,164,11,14,89,30,79,66,26,208,10,341,63,135,1.28,1.21,31.52,60.73,7.16,29.77,5.73,1.62,5.34,0.89,5.17,0.92,2.80,0.41,2.60,0.39,6.67,6.67
274,23,12,153,4,30,135,35,61,84,24,149,11,305,136,137,0.94,1.17,25.93,49.34,6.28,26.54,5.16,1.40,4.66,0.79,4.49,0.86,2.40,0.33,2.26,0.34,4.54,4.54
248,20,14,157,3,18,143,40,49,109,25,183,15,331,137,115,1.49,1.25,29.79,58.38,7.12,30.42,5.94,1.58,5.24,0.89,5.06,0.93,2.68,0.39,2.66,0.37,5.55,5.55
371,25,14,151,3,23,187,42,64,125,24,158,12,326,161,162,1.55,1.29,30.32,59.17,7.29,30.73,6.23,1.62,5.26,0.85,4.52,0.80,2.31,0.33,2.11,0.31,4.74,4.74
439,19,12,114,17,107,53,16,131,166,30,223,25,124,44,252,1.64,0.86,28.67,57.90,5.66,22.37,4.38,1.19,3.95,0.72,4.00,0.87,2.39,0.38,2.51,0.35,5.43,5.43
372,18,15,112,18,28,37,14,80,191,27,234,26,97,33,47,1.22,0.76,24.55,51.71,4.82,19.36,3.75,1.11,3.23,0.59,3.20,0.73,2.01,0.31,2.01,0.28,5.08,5.08
322,22,17,149,13,26,34,20,69,193,29,252,29,79,51,48,1.70,0.84,32.21,65.64,6.46,25.34,4.85,1.54,4.39,0.80,4.39,0.97,2.73,0.44,2.78,0.41,6.73,6.73
626,23,13,83,28,28,26,17,83,404,24,411,12,42,36,49,2.11,1.09,25.66,56.94,5.71,22.95,4.87,1.62,4.19,0.9,5.58,1.26,3.45,0.56,3.59,0.51,5.45,5.45
402,26,12,137,23,19,51,21,69,217,27,215,14,108,59,61,2.39,1.06,32.34,70.95,7.06,27.77,5.47,1.98,4.53,0.84,4.74,1.02,2.82,0.45,3,0.43,10.9,10.9
554,31,15,119,6,14,51,21,82,228,24,211,12,104,187,67,2.04,1.09,34.00,68.99,6.99,27.63,5.37,1.89,4.80,0.85,4.77,1.01,2.76,0.41,2.75,0.39,6.49,6.49
553,29,11,90,15,20,35,15,89,184,26,256,15,72,46,56,1.92,0.94,45.83,89.93,8.77,35.00,6.27,1.96,5.63,0.94,5.09,1.09,2.93,0.44,2.84,0.41,8.16,8.16
542,19,12,147,5,11,61,28,72,64,35,234,13,179,100,75,1.50,1.09,29.10,57.51,7.10,31.04,6.65,1.69,6.56,1.19,7.10,1.28,3.90,0.57,3.82,0.55,6.78,6.78
407,20,14,188,4,15,75,28,80,56,29,179,12,196,98,136,1.49,1.18,33.23,65.51,8.07,34.41,6.82,1.90,6.28,1.11,6.56,1.13,3.44,0.47,3.05,0.44,5.34,5.34
374,19,14,177,4,61,86,33,79,59,25,170,13,213,138,264,1.42,1.51,33.63,65.14,7.84,32.40,6.17,1.65,5.29,0.91,5.06,0.92,2.76,0.39,2.53,0.39,5.01,5.01
538,21,11,82,11,22,27,16,109,216,27,230,15,57,34,63,1.71,1.07,41.41,80.85,9.00,35.21,6.30,1.45,5.45,0.86,4.83,0.85,2.66,0.43,2.84,0.44,7.34,7.34
440,20,14,137,6,13,36,25,91,126,31,187,13,65,56,69,1.69,1.26,39.30,77.77,8.43,32.52,6.37,1.50,6.05,1.04,5.91,1.12,3.43,0.51,3.44,0.51,5.85,5.85
608,24,10,54,18,30,22,15,143,195,32,283,25,45,34,83,2.42,1.03,54.05,104.72,11.03,39.54,7.08,1.54,6.11,0.96,5.00,0.96,3.16,0.49,3.28,0.50,8.67,8.67
394,20,12,101,13,18,28,18,83,198,25,453,13,65,44,56,1.84,1.01,43.05,67.71,8.50,31.98,5.64,1.72,4.85,0.81,4.35,0.93,2.60,0.41,2.72,0.39,12.71,12.71
431,25,15,147,9,15,37,17,55,317,27,425,14,80,56,51,1.71,1.16,25.26,48.15,5.73,23.10,4.39,1.44,3.76,0.69,4.00,0.89,2.54,0.43,2.97,0.44,5.55,5.55
359,27,12,109,13,16,29,15,71,251,27,356,19,50,48,43,2.21,0.90,38.77,59.25,7.79,29.79,5.69,1.86,4.89,0.88,4.71,1.06,2.83,0.45,2.95,0.42,9.91,9.91
559,27,11,104,22,22,39,16,89,246,27,260,13,67,63,55,2.27,1.07,36.25,76.11,7.74,30.16,5.83,1.86,4.89,0.91,4.94,1.08,2.95,0.46,3.02,0.42,6.36,6.36
474,27,10,109,19,21,43,20,86,214,27,280,13,76,60,56,1.97,1.07,37.66,81.07,8.04,31.48,6.15,1.81,5.1,0.97,5.25,1.15,3.11,0.48,3.07,0.43,7.02,7.02
422,29,14,121,12,18,48,22,90,212,27,276,10,111,83,71,1.60,1.01,45.36,90.12,9.02,34.32,6.43,1.85,5.52,0.95,5.27,1.11,3.00,0.45,2.83,0.41,9.09,9.09
837,29,14,109,12,19,56,24,74,183,29,227,14,141,60,75,2.12,0.97,40.15,81.94,8.25,31.55,5.93,2.07,5.22,0.89,4.84,1.05,2.79,0.43,2.85,0.41,6.75,6.75
324,20,16,169,3,14,370,62,62,79,22,135,8,751,250,106,1.08,1.42,33.61,60.61,8.58,36.90,7.09,1.85,5.81,0.89,4.41,0.75,2.22,0.31,1.93,0.26,3.91,3.91
431,23,11,142,7,17,52,26,64,98,23,163,14,276,70,81,1.22,1.17,38.50,75.98,8.57,34.51,6.36,1.63,5.49,0.86,4.73,0.85,2.57,0.38,2.43,0.34,5.48,5.48
425,26,14,138,6,13,38,23,56,176,36,261,15,76,65,55,1.43,1.10,30.84,59.87,7.16,28.93,6.22,1.51,5.89,1.06,6.18,1.16,3.51,0.54,3.50,0.50,7.81,7.81
422,24,13,112,11,18,42,22,77,174,27,281,15,100,45,64,1.40,1.15,38.91,76.33,8.50,32.85,6.40,1.31,5.46,0.90,4.80,0.86,2.64,0.40,2.55,0.38,8.34,8.34
458,26,14,135,15,17,41,24,126,214,34,296,15,77,61,81,1.60,1.28,37.57,73.88,8.17,32.42,6.63,1.58,6.03,1.01,5.93,1.08,3.40,0.51,3.39,0.51,9.05,9.05
562,24,13,129,11,15,39,26,92,135,36,210,17,82,99,100,1.81,1.13,50.02,98.00,11.55,43.73,8.16,1.77,6.94,1.12,5.92,1.09,3.27,0.50,3.32,0.49,6.11,6.11
509,23,12,109,10,19,39,18,74,293,29,301,13,86,47,45,1.86,0.95,33.85,53.29,7.16,28.48,5.50,1.80,4.74,0.86,4.73,1.02,2.83,0.44,2.85,0.40,8.30,8.30
497,24,21,139,13,42,41,14,75,276,32,345,31,85,63,51,1.68,0.96,28.40,60.70,6.21,24.88,5.09,1.80,4.59,0.86,4.75,1.05,2.83,0.44,2.83,0.41,9.35,9.35
505,24,16,121,15,35,24,11,87,245,33,232,30,57,35,48,1.71,0.84,25.57,52.70,5.02,20.54,4.62,1.57,4.20,0.85,5.00,1.13,3.00,0.48,3.16,0.44,6.31,6.31
407,26,13,141,25,24,42,19,82,234,30,223,14,90,66,62,2.12,1.18,27.2,58.26,6.16,25.3,5.65,1.78,4.8,1.01,6.04,1.32,3.56,0.56,3.59,0.5,6.05,6.05
409,26,11,93,17,24,30,18,100,276,31,439,13,54,59,56,2.17,1.04,48.02,99.3,9.76,37.14,6.86,1.98,5.77,1.08,5.86,1.26,3.42,0.5,3.33,0.47,11.17,11.17
446,28,11,120,18,23,37,23,110,214,28,292,16,61,55,65,2.49,1.12,35.12,73.44,7.36,28.07,5.63,1.77,4.73,0.9,5.03,1.1,3.09,0.5,3.24,0.47,8.34,8.34
397,22,11,127,18,19,108,26,65,130,20,212,12,235,76,110,1.75,0.98,27.09,62.17,5.72,22.66,4.54,1.51,3.77,0.72,3.98,0.86,2.32,0.35,2.32,0.33,5.15,5.15
444,26,16,178,4,52,136,42,77,132,31,151,9,329,161,216,1.00,1.36,35.29,67.54,7.93,34.02,7.08,1.97,6.79,1.08,5.57,1.00,2.88,0.43,2.78,0.39,4.59,4.59
603,21,11,59,13,19,27,14,101,159,23,187,14,53,41,62,1.91,0.95,32.77,63.79,6.70,25.21,4.48,1.09,4.02,0.64,3.54,0.65,2.00,0.33,2.22,0.32,5.48,5.48
466,29,12,117,9,14,40,23,74,144,33,253,13,96,72,61,1.67,1.25,28.45,54.33,6.54,27.12,5.71,1.37,5.42,0.98,5.55,1.04,3.20,0.50,3.17,0.46,6.88,6.88
664,22,14,107,6,15,34,19,86,232,28,243,13,63,49,74,1.47,1.25,35.67,68.09,7.64,29.11,5.58,1.46,5.00,0.90,4.82,0.90,2.64,0.39,2.54,0.39,7.63,7.63
450,25,16,118,5,20,37,25,100,225,31,233,14,59,48,79,1.77,1.33,36.22,70.11,7.95,31.13,6.22,1.54,5.65,0.97,5.58,1.05,3.11,0.45,2.90,0.47,7.16,7.16
413,23,19,142,4,22,40,24,92,273,40,306,13,75,62,92,1.49,1.49,45.90,89.78,10.02,40.01,8.36,1.75,7.98,1.34,8.21,1.48,4.38,0.65,4.10,0.63,10.45,10.45
383,22,13,76,13,17,31,15,67,279,27,253,12,63,42,45,2.19,0.86,28.53,57.33,6.02,23.59,4.75,1.44,4.07,0.79,4.62,1.00,2.70,0.43,2.71,0.39,7.72,7.72
410,21,14,142,9,16,48,25,49,171,23,237,12,102,50,58,1.52,1.08,26.86,54.75,5.82,23.48,4.92,1.71,4.44,0.85,4.97,1.10,3.00,0.48,3.08,0.45,7.57,7.57
581,24,16,103,21,47,30,15,101,256,30,249,32,72,39,59,1.73,0.90,28.78,58.59,5.79,23.30,4.73,1.55,4.23,0.79,4.52,0.99,2.76,0.43,2.86,0.42,7.35,7.35
401,26,12,113,30,24,38,22,83,239,28,274,15,75,66,67,1.86,1.09,28.13,55.55,6.22,24.79,5.3,1.72,4.53,0.9,5.33,1.16,3.19,0.5,3.22,0.47,7.44,7.44
514,30,11,95,28,26,26,18,109,260,30,320,17,50,39,61,2.59,1.03,30.86,68.47,6.5,25.22,5.28,1.61,4.58,0.94,5.62,1.24,3.31,0.52,3.19,0.46,8.12,8.12
336,26,12,118,15,23,79,32,91,89,29,191,11,210,95,196,1.77,1.32,28.68,65.46,6.72,27.38,5.85,1.92,4.82,0.96,5.3,1.11,2.9,0.43,2.76,0.38,4.67,4.67
355,19,12,132,21,19,94,36,74,54,20,170,12,300,53,158,1.42,1.31,29.66,66.61,6.86,27.6,5.38,1.72,4.41,0.82,4.34,0.9,2.35,0.34,2.16,0.31,3.81,3.81
398,22,15,155,4,27,91,37,56,155,24,168,11,255,87,141,1.20,1.28,26.11,50.40,6.36,26.56,5.75,1.56,5.23,0.86,4.85,0.86,2.58,0.37,2.35,0.36,5.31,5.31
442,25,11,77,11,22,26,12,74,260,26,256,13,50,31,55,1.64,1.14,29.00,56.34,6.53,24.99,4.93,1.21,4.54,0.75,4.18,0.80,2.51,0.37,2.44,0.41,7.77,7.77
338,28,11,84,6,17,35,17,51,316,26,353,15,83,27,55,1.48,0.95,33.39,64.38,7.32,28.90,5.45,1.52,4.84,0.78,4.46,0.81,2.44,0.36,2.44,0.39,10.35,10.35
430,23,16,135,7,16,60,27,53,216,32,390,15,124,69,119,1.15,1.17,45.87,89.92,10.11,39.92,7.67,1.82,6.87,1.11,6.30,1.14,3.19,0.45,2.86,0.43,12.00,12.00
409,20,13,114,6,27,48,23,84,177,31,298,14,94,45,69,1.75,1.35,44.22,86.14,9.77,37.72,7.02,1.65,6.31,1.00,5.61,0.98,2.92,0.39,2.60,0.42,9.03,9.03
368,31,14,121,14,22,46,17,151,126,51,207,25,126,100,76,4.56,1.35,45.40,85.77,10.74,40.53,7.98,1.53,7.99,1.37,8.28,1.51,4.67,0.72,4.86,0.76,7.04,7.04
428,25,15,147,7,15,47,26,52,181,30,232,12,76,62,53,1.34,1.12,22.60,45.25,5.22,21.92,5.06,1.70,4.68,0.96,6.01,1.34,3.53,0.58,3.63,0.51,7.76,7.76
441,21,12,110,10,23,46,19,82,215,28,217,11,104,52,76,1.76,1.10,31.12,63.22,6.59,25.96,5.39,1.74,4.74,0.95,5.36,1.22,3.26,0.52,3.40,0.48,6.98,6.98
527,24,10,94,10,29,34,16,84,240,25,300,15,74,59,55,2.26,0.94,30.63,67.69,6.66,25.77,5.14,1.71,4.24,0.8,4.62,0.98,2.73,0.43,2.78,0.4,8.29,8.29
408,26,10,113,20,22,44,19,75,166,24,249,16,103,51,67,1.88,0.98,34.49,71.25,7.05,27.21,5.11,1.54,4.34,0.77,4.27,0.91,2.48,0.38,2.54,0.37,7.41,7.41
314,31,12,181,21,24,107,39,70,84,19,163,13,268,95,181,1.6,1.18,28.42,61.96,6.22,25.58,5.13,1.64,4.31,0.81,4.35,0.93,2.53,0.38,2.46,0.34,4.54,4.54
433,25,10,81,18,18,49,16,115,103,24,209,17,138,44,52,2.1,1.05,33.86,68.64,6.93,27.12,5.28,1.53,4.41,0.84,4.82,1.03,2.9,0.47,3.19,0.45,6.14,6.14
438,22,11,75,7,12,21,16,64,163,26,222,14,46,71,51,1.70,0.91,32.31,62.93,6.66,25.19,4.47,1.16,4.24,0.65,3.91,0.73,2.19,0.33,2.29,0.36,6.63,6.63
350,20,9,73,6,12,19,11,39,187,21,236,12,36,29,36,1.36,0.89,25.02,48.45,5.51,21.63,4.24,1.02,3.91,0.62,3.49,0.63,1.86,0.26,1.78,0.27,6.99,6.99
315,22,13,91,2,13,30,11,29,499,31,525,13,72,20,57,1.40,1.17,31.85,60.17,7.49,31.89,7.10,2.00,6.55,1.05,6.14,1.09,3.14,0.45,2.70,0.41,16.62,16.62
346,28,16,160,4,14,52,27,48,326,28,410,12,105,60,83,1.21,1.27,45.15,87.27,9.57,38.02,7.07,1.76,6.27,1.03,5.50,0.99,3.05,0.42,2.56,0.42,13.35,13.35
393,22,14,110,8,10,36,20,54,291,25,386,13,75,46,60,1.66,1.08,50.79,96.53,10.09,38.57,6.82,1.62,6.12,0.96,4.68,0.84,2.57,0.36,2.20,0.37,11.15,11.15
418,28,16,158,10,19,40,26,68,241,32,351,10,81,68,94,1.51,1.51,51.06,99.19,11.64,46.38,9.01,1.96,7.75,1.31,6.81,1.26,3.79,0.54,3.35,0.51,11.80,11.80
415,18,11,113,15,31,45,12,126,152,19,287,19,141,38,69,2.22,1.65,64.06,110.69,13.75,52.95,9.42,1.81,9.54,1.32,7.31,1.48,4.36,0.72,4.18,0.70,13.15,13.15
310,18,14,121,9,20,43,16,69,204,16,250,19,167,48,59,2.06,1.62,56.13,100.28,12.31,47.71,9.03,1.94,9.12,1.28,7.12,1.46,4.19,0.68,4.13,0.67,10.87,10.87
382,18,12,119,12,24,66,16,86,196,18,295,18,209,52,64,2.18,1.49,53.24,95.40,11.60,45.29,8.30,1.82,8.46,1.21,7.17,1.46,4.27,0.70,4.22,0.69,12.93,12.93
320,16,12,121,15,23,43,12,102,143,17,351,17,122,36,58,2.02,1.51,59.60,103.75,12.69,48.59,8.68,1.68,8.85,1.25,7.17,1.48,4.42,0.72,4.35,0.71,15.47,15.47
390,17,12,125,14,97,39,13,98,186,17,374,19,124,45,59,2.10,1.50,62.70,106.56,13.36,52.65,9.06,1.80,9.11,1.27,7.39,1.50,4.45,0.73,4.20,0.70,16.09,16.09
380,18,12,135,10,22,49,20,94,152,18,335,19,192,52,59,2.25,1.49,64.14,109.85,13.69,52.46,9.54,2.04,9.98,1.45,8.54,1.76,5.11,0.83,4.72,0.75,11.95,11.95
421,15,12,93,14,19,28,10,98,216,22,304,17,85,25,51,2.63,1.24,47.56,76.13,9.22,34.90,6.11,1.39,6.05,0.81,4.66,0.96,2.89,0.46,2.80,0.47,10.43,10.43
423,17,11,101,15,19,36,10,102,218,18,378,18,102,29,51,2.39,1.28,50.95,87.56,10.76,41.68,7.42,1.48,7.17,0.97,5.61,1.14,3.37,0.54,3.33,0.54,12.61,12.61
445,17,11,107,17,27,40,13,115,198,20,377,20,107,35,62,2.90,1.41,53.12,90.49,10.92,41.90,7.41,1.49,7.25,1.01,5.88,1.19,3.56,0.58,3.48,0.57,11.28,11.28
498,18,11,100,17,24,34,12,114,227,22,321,17,97,34,63,3.21,1.36,48.10,80.16,9.82,38.23,6.75,1.48,6.53,0.89,5.11,1.05,3.05,0.50,3.11,0.51,10.98,10.98
487,19,11,100,17,26,41,11,109,211,20,331,16,122,32,69,3.36,1.37,48.11,81.84,10.11,39.11,6.96,1.46,6.80,0.92,5.24,1.06,3.12,0.51,3.14,0.52,10.91,10.91
409,17,11,114,17,29,42,11,119,163,20,354,18,123,36,58,3.48,1.61,48.42,82.40,10.37,40.34,7.29,1.46,7.10,0.98,5.49,1.09,3.28,0.52,3.21,0.52,11.74,11.74
389,20,12,130,17,24,36,13,137,98,19,445,21,150,39,60,4.59,2.05,65.42,110.70,14.48,56.83,10.18,1.84,9.69,1.33,7.44,1.51,4.45,0.71,4.39,0.70,17.23,17.23
369,18,11,128,15,28,41,14,119,144,20,324,18,132,33,72,3.90,1.90,65.87,117.34,14.21,54.97,9.91,1.79,9.69,1.29,7.35,1.49,4.46,0.72,4.44,0.72,13.11,13.11
360,17,10,124,14,28,42,14,102,147,19,311,17,132,36,53,4.70,1.70,49.23,85.20,10.66,41.78,7.69,1.50,7.46,1.01,5.87,1.22,3.61,0.59,3.63,0.58,12.07,12.07
367,19,12,122,11,26,47,16,110,167,19,270,18,158,39,64,3.60,1.89,55.56,95.31,11.85,46.56,8.41,1.65,8.02,1.13,6.41,1.30,3.74,0.61,3.66,0.60,9.86,9.86
447,18,11,135,17,25,42,14,99,181,18,388,20,131,32,53,4.01,1.59,67.00,114.66,14.30,54.81,9.79,1.99,10.02,1.47,8.77,1.80,5.25,0.80,4.72,0.74,11.54,11.54
456,17,11,115,14,20,40,14,97,199,18,392,17,144,34,54,2.18,1.43,55.17,95.76,11.73,44.62,7.89,1.62,8.01,1.08,6.33,1.26,3.86,0.59,3.66,0.59,13.87,13.87
471,18,10,120,17,23,31,10,90,183,19,372,18,112,25,51,2.25,1.38,66.42,109.49,13.38,49.99,8.66,1.67,8.60,1.10,6.07,1.22,3.66,0.56,3.42,0.57,13.78,13.78
513,17,13,91,13,22,33,13,100,274,20,265,15,95,32,55,2.06,1.27,49.47,81.48,10.21,38.92,6.94,1.47,7.04,0.98,5.69,1.19,3.55,0.55,3.38,0.54,10.17,10.17
495,17,11,108,19,23,27,9,98,189,18,450,22,102,19,49,1.95,1.20,67.95,110.81,13.75,51.60,9.06,1.68,9.36,1.28,7.82,1.64,5.01,0.80,4.84,0.78,16.78,16.78
365,13,12,96,11,23,31,13,85,252,13,329,16,99,25,49,1.55,1.18,50.22,87.30,10.67,41.16,7.46,1.57,7.57,1.03,5.97,1.21,3.64,0.55,3.49,0.56,11.89,11.89
562,18,12,108,18,25,41,12,113,221,20,338,17,118,31,55,1.93,1.30,51.29,83.90,10.73,41.17,7.42,1.64,7.34,1.03,6.08,1.22,3.73,0.58,3.53,0.59,12.18,12.18
570,16,10,103,18,20,27,10,89,241,19,360,15,97,22,43,2.00,1.07,55.03,90.42,11.05,41.30,7.20,1.50,7.09,0.92,5.14,1.03,3.07,0.47,3.02,0.49,12.57,12.57
467,18,11,118,18,28,37,12,106,150,19,377,17,156,35,57,2.39,1.38,56.66,91.90,11.90,46.04,8.29,1.65,8.25,1.08,6.21,1.23,3.79,0.60,3.54,0.60,15.09,15.09
415,18,11,118,15,26,49,11,118,163,20,292,16,139,33,68,2.46,1.53,47.11,81.10,10.28,39.30,7.23,1.41,7.24,1.02,5.96,1.22,3.63,0.58,3.48,0.56,10.77,10.77
371,19,11,134,14,28,38,12,114,143,19,313,19,134,29,87,2.90,1.99,73.27,125.16,15.55,58.98,10.51,1.76,10.27,1.34,7.48,1.45,4.32,0.66,3.99,0.65,11.75,11.75
418,20,13,172,14,24,39,12,131,137,20,346,23,141,44,54,2.89,2.30,72.73,126.80,15.67,60.31,11.13,1.81,11.50,1.63,9.62,2.06,6.28,0.99,5.98,0.96,11.63,11.63
317,17,14,135,5,22,52,18,72,191,18,307,19,187,50,76,1.54,1.50,46.45,85.33,10.36,40.65,7.66,1.69,7.94,1.10,6.75,1.40,4.02,0.66,3.89,0.64,10.01,10.01
389,18,11,140,11,26,38,13,106,160,19,297,18,143,42,57,2.00,1.46,57.45,100.09,12.46,48.05,8.71,1.59,8.59,1.11,6.38,1.28,3.61,0.60,3.48,0.56,8.18,8.18
421,16,11,93,15,22,30,9,98,209,19,301,17,110,27,51,1.99,1.24,52.70,89.85,10.75,40.26,7.16,1.50,7.34,0.94,5.59,1.13,3.47,0.59,3.55,0.60,9.43,9.43
392,16,9,108,15,23,28,8,85,230,18,348,18,107,22,50,1.80,1.22,48.97,84.45,10.35,39.45,7.11,1.59,7.18,0.98,6.00,1.24,3.62,0.60,3.52,0.59,10.69,10.69
383,16,12,114,13,23,27,14,79,240,17,371,16,119,29,57,2.35,2.54,45.26,86.77,10.01,40.77,7.97,1.93,6.66,1.57,6.68,1.44,4.19,0.57,4.15,0.68,12.81,12.81
495,17,10,103,12,26,36,12,112,175,20,294,16,136,33,60,2.01,1.64,57.31,103.81,11.97,47.11,8.54,1.77,7.30,1.64,6.64,1.22,3.84,0.56,3.74,0.55,11.88,11.88
402,15,10,109,11,22,36,11,88,225,17,365,15,123,30,55,3.04,0.53,60.88,117.80,13.55,58.82,10.24,2.14,11.02,1.88,6.83,1.66,5.43,0.40,4.54,0.60,15.23,15.23
545,18,10,108,15,31,29,11,97,245,19,386,19,113,31,70,3.36,3.54,56.90,107.36,12.20,52.56,8.80,1.79,7.64,1.82,8.29,1.34,4.93,0.68,4.18,0.92,15.45,15.45
368,13,10,108,11,27,30,11,84,177,16,387,18,121,25,61,1.60,1.20,55.96,93.22,12.06,46.57,8.36,1.53,6.33,1.35,5.29,1.01,3.09,0.50,3.17,0.56,12.13,12.13
408,15,12,111,12,23,40,11,91,174,15,374,17,151,41,58,1.51,1.13,45.59,74.30,9.35,38.15,6.84,1.38,6.17,1.45,5.79,1.06,3.33,0.50,3.24,0.50,8.98,8.98
319,21,15,115,10,24,42,17,99,95,20,273,14,106,41,70,1.55,1.28,36.35,62.06,7.72,31.09,5.68,1.21,4.98,1.21,4.82,0.89,2.64,0.41,2.57,0.41,9.49,9.49
423,21,13,120,16,19,43,16,138,159,24,222,16,118,35,62,2.59,1.89,58.67,96.37,11.89,48.30,8.98,1.66,7.73,1.75,6.48,1.17,3.50,0.55,3.35,0.51,8.40,8.40
321,17,13,139,4,17,43,18,108,166,20,217,18,118,53,72,1.97,1.44,37.94,68.41,8.10,33.38,6.65,1.38,6.22,1.55,6.01,1.07,3.42,0.53,3.21,0.48,8.17,8.17
505,19,12,122,13,20,36,15,97,140,18,384,21,115,32,56,1.81,1.24,57.24,105.72,12.95,52.02,9.58,1.83,7.96,1.84,7.33,1.32,4.06,0.63,3.85,0.63,13.34,13.34
371,15,10,113,11,18,35,12,90,174,18,287,14,113,36,58,1.55,1.29,46.20,75.64,9.32,36.28,6.88,1.34,6.07,1.42,5.69,1.06,3.30,0.51,3.19,0.50,10.35,10.35
476,17,11,122,13,28,32,11,99,187,18,345,18,134,36,58,1.65,1.35,51.68,85.72,10.83,43.05,7.87,1.57,6.54,1.54,6.11,1.11,3.45,0.51,3.35,0.56,11.85,11.85
375,15,10,110,10,21,37,11,106,148,19,298,17,128,28,58,1.74,1.38,47.25,77.69,9.63,38.83,7.37,1.50,6.24,1.47,5.72,1.04,3.19,0.50,3.19,0.52,11.12,11.12
295,11,8,97,7,19,26,5,93,179,19,272,16,100,24,45,1.71,1.13,40.53,69.54,8.34,33.69,6.57,1.32,6.06,1.46,5.58,1.01,3.14,0.50,3.10,0.52,10.33,10.33
471,17,14,102,18,24,30,12,107,180,19,327,19,97,26,55,1.64,1.22,46.07,76.11,9.34,37.33,6.93,1.40,5.96,1.44,5.87,1.10,3.51,0.55,3.43,0.55,11.20,11.20
515,17,13,86,21,17,24,11,88,228,19,329,15,84,24,48,1.40,1.06,43.86,70.51,8.45,32.84,6.15,1.40,5.09,1.19,4.68,0.83,2.66,0.41,2.61,0.47,10.84,10.84
479,17,13,114,15,30,42,14,110,178,20,298,16,100,30,62,1.81,1.26,48.64,80.19,10.10,40.78,7.72,1.57,6.80,1.53,5.86,1.05,3.22,0.50,3.08,0.51,9.48,9.48
449,15,11,98,14,30,26,13,95,103,17,387,14,116,33,63,1.61,1.25,52.49,87.20,10.82,42.59,8.06,1.54,6.75,1.62,6.23,1.14,3.57,0.56,3.49,0.57,12.17,12.17
545,17,12,127,14,31,43,14,99,191,19,350,18,122,33,70,1.63,1.34,49.27,81.92,10.24,41.32,7.76,1.71,6.85,1.62,6.30,1.13,3.48,0.54,3.25,0.55,12.88,12.88
453,18,12,124,13,28,36,12,126,126,20,378,17,136,33,68,1.73,1.29,46.82,74.75,9.82,39.68,7.08,1.29,5.77,1.38,5.25,0.99,3.01,0.48,2.98,0.51,10.65,10.65
410,18,15,132,11,23,49,16,116,119,20,250,21,124,46,74,1.83,1.61,50.17,86.84,11.07,44.32,8.09,1.47,6.38,1.60,6.31,1.14,3.38,0.55,3.37,0.55,9.71,9.71
409,18,13,123,13,24,38,13,118,143,19,265,19,121,34,60,2.07,1.62,54.27,90.49,11.48,45.76,8.10,1.39,6.59,1.63,6.49,1.23,3.76,0.61,3.67,0.60,9.37,9.37
395,15,11,107,12,22,37,13,101,178,18,343,19,119,36,53,1.73,1.37,48.97,85.90,10.60,42.65,7.55,1.44,6.42,1.60,6.12,1.17,3.53,0.56,3.52,0.63,12.53,12.53
457,16,11,102,13,20,18,11,76,203,14,321,15,73,23,55,1.32,1.04,36.92,63.80,8.16,34.30,6.38,1.46,5.30,1.30,5.28,0.99,3.11,0.50,2.99,0.57,10.51,10.51
445,16,11,102,13,21,34,9,100,227,19,339,16,98,24,54,1.63,1.18,40.15,69.24,8.65,35.18,6.27,1.31,5.16,1.21,4.77,0.87,2.73,0.45,2.68,0.52,10.09,10.09
427,17,11,107,14,21,33,13,96,139,18,339,16,112,30,63,1.74,1.43,50.36,85.99,10.85,43.81,7.66,1.40,6.02,1.49,5.66,1.09,3.39,0.54,3.37,0.64,12.14,12.14
259,10,11,79,8,19,28,7,76,233,14,313,14,104,20,44,1.71,1.18,45.80,75.36,9.40,37.43,6.53,1.28,5.51,1.34,5.21,1.01,3.06,0.49,3.12,0.63,12.06,12.06
443,15,10,101,12,21,31,7,96,183,19,299,14,99,23,47,1.56,1.10,40.86,67.83,8.30,33.34,5.98,1.17,4.55,1.14,4.21,0.79,2.49,0.39,2.57,0.50,9.59,9.59
434,15,10,98,16,20,29,9,82,195,17,371,14,89,20,49,1.87,1.46,54.70,92.89,11.57,44.96,7.74,1.58,6.36,1.54,6.02,1.12,3.43,0.55,3.58,0.73,15.95,15.95
461,17,10,97,20,28,30,13,100,120,20,334,14,99,30,54,1.66,1.26,42.67,71.95,8.72,34.21,6.01,1.19,4.72,1.18,4.54,0.84,2.64,0.42,2.57,0.51,9.65,9.65
394,16,11,108,12,30,31,16,102,88,16,351,18,118,29,64,2.29,1.83,64.43,120.14,15.01,60.19,10.42,1.81,7.96,1.86,6.99,1.28,3.88,0.65,3.80,0.73,13.53,13.53
547,19,12,114,18,25,41,12,114,177,22,303,16,111,34,60,1.95,1.39,49.17,80.32,10.35,41.80,7.21,1.42,5.60,1.37,5.29,1.02,3.05,0.49,3.14,0.60,10.49,10.49
487,19,12,120,20,29,48,15,119,122,23,324,16,123,31,64,1.93,1.23,52.45,84.13,10.62,43.75,7.57,1.46,6.48,1.55,6.03,1.07,3.25,0.52,3.13,0.63,11.01,11.01
431,19,13,119,13,22,41,15,149,141,26,275,19,129,42,74,2.20,1.56,46.85,85.71,9.83,39.02,7.26,1.45,6.79,1.64,6.39,1.21,3.67,0.58,3.43,0.56,9.95,9.95
368,19,15,158,7,17,50,22,94,132,18,239,15,121,64,74,1.58,1.36,38.08,73.53,7.89,31.31,5.95,1.21,5.62,1.38,5.45,1.04,3.06,0.46,2.78,0.47,8.50,8.50
442,17,11,119,16,25,39,12,102,108,17,364,17,127,40,66,1.77,1.39,55.67,106.12,11.84,46.80,8.51,1.44,7.35,1.74,7.02,1.31,3.98,0.61,3.85,0.63,13.16,13.16
397,16,12,113,13,18,49,17,96,99,17,338,17,142,36,52,1.65,1.17,50.25,95.38,10.24,39.05,7.25,1.36,6.31,1.50,5.92,1.09,3.33,0.51,3.27,0.55,11.98,11.98
498,18,11,113,16,23,35,13,104,191,18,412,19,107,29,56,1.71,1.38,54.44,106.43,11.73,45.59,8.43,1.69,7.65,1.81,6.87,1.29,3.87,0.61,3.71,0.63,14.98,14.98
466,19,12,105,15,23,36,14,90,190,18,312,14,99,28,58,1.73,1.23,43.73,84.20,9.04,35.79,6.98,1.45,6.33,1.49,5.88,1.11,3.32,0.50,3.27,0.52,10.84,10.84
498,16,11,109,18,19,31,13,88,139,19,336,14,104,20,52,1.67,1.21,44.84,84.22,9.09,35.59,6.85,1.36,5.93,1.39,5.59,1.01,3.13,0.47,3.13,0.54,12.07,12.07
405,13,12,91,15,21,30,12,79,266,17,362,14,102,23,54,1.44,1.02,44.25,82.44,9.14,35.61,6.65,1.42,5.95,1.38,5.48,1.05,3.17,0.49,3.06,0.53,12.33,12.33
505,16,10,97,21,20,28,11,80,188,18,342,14,100,20,47,1.38,0.97,39.95,76.05,8.36,32.46,6.03,1.34,5.33,1.26,4.76,0.90,2.78,0.43,2.71,0.45,10.03,10.03
435,15,11,88,15,39,31,12,97,126,19,313,14,111,44,53,1.47,1.37,44.08,81.03,9.21,34.87,6.35,1.26,5.58,1.29,5.01,0.94,2.81,0.42,2.80,0.47,10.62,10.62
359,18,11,105,14,28,32,16,124,82,20,298,14,120,27,80,2.01,1.73,60.47,112.55,12.40,48.17,8.75,1.58,7.83,1.85,7.61,1.41,4.30,0.65,3.91,0.58,10.94,10.94
597,21,11,112,21,27,38,14,125,121,23,319,16,119,30,64,1.90,1.16,46.01,83.62,9.09,35.25,6.40,1.43,5.85,1.34,5.23,0.97,2.99,0.45,2.95,0.45,9.27,9.27
606,19,10,108,23,34,34,11,121,154,22,374,17,99,29,55,1.69,1.26,51.76,90.81,9.85,37.52,6.66,1.47,6.18,1.49,6.01,1.15,3.46,0.52,3.34,0.57,13.19,13.19
472,23,13,133,15,32,46,14,166,195,28,240,20,122,43,83,2.96,1.99,61.20,120.91,13.66,52.61,9.60,1.69,8.38,1.97,7.05,1.27,3.71,0.56,3.53,0.55,11.03,11.03
379,18,13,148,8,27,44,19,115,127,19,263,18,138,48,81,2.88,2.37,40.02,77.92,9.19,36.63,7.19,1.42,6.48,1.17,6.48,1.21,3.75,0.56,3.73,0.47,8.85,8.85
380,18,14,118,8,23,68,20,108,128,20,251,15,205,54,76,2.73,2.19,40.15,78.92,9.39,38.31,7.40,1.51,7.02,1.13,5.76,1.04,3.37,0.47,3.26,0.39,6.95,6.95
393,15,11,99,11,23,57,13,88,135,17,353,17,178,43,56,2.24,1.59,44.67,83.49,9.58,37.89,7.09,1.39,6.73,1.14,6.23,1.17,3.76,0.55,3.66,0.45,10.63,10.63
373,16,13,124,9,22,38,16,90,220,17,298,18,121,38,70,2.58,2.16,42.41,80.92,9.80,38.94,7.70,1.53,7.51,1.25,6.53,1.20,3.82,0.56,3.82,0.46,8.21,8.21
343,16,14,123,6,22,50,18,90,158,18,225,15,163,51,77,2.58,2.35,35.40,72.21,8.28,34.40,6.64,1.44,6.54,1.08,5.69,1.05,3.32,0.48,3.22,0.39,5.92,5.92
470,17,12,106,15,24,44,14,111,131,22,252,14,121,32,66,2.97,1.71,41.64,78.25,9.27,37.55,6.98,1.47,6.68,1.08,5.36,0.96,3.16,0.44,3.03,0.38,6.54,6.54
376,14,12,85,12,22,28,11,81,275,15,322,15,109,28,49,2.64,1.53,42.38,78.69,9.56,39.31,7.43,1.60,7.22,1.12,5.57,1.03,3.36,0.48,3.27,0.41,8.86,8.86
429,13,10,84,11,22,19,10,82,307,17,296,15,90,29,49,2.68,1.49,41.07,76.85,9.34,38.10,7.13,1.62,7.18,1.11,5.20,0.95,3.19,0.44,3.05,0.36,7.75,7.75
389,14,11,87,10,22,30,8,104,280,21,254,14,96,30,59,2.79,1.60,40.69,75.32,9.13,37.00,6.94,1.50,6.86,1.07,5.30,0.96,3.13,0.44,3.02,0.35,6.63,6.63
472,20,12,87,14,29,41,12,148,138,24,198,15,114,37,87,3.41,1.83,62.11,109.50,11.83,44.88,7.83,1.47,5.65,1.09,6.18,1.13,3.42,0.49,3.01,0.40,5.86,5.86
518,17,14,93,15,31,29,12,112,176,20,333,17,86,29,63,2.64,2.50,51.41,92.47,11.00,42.99,10.70,1.62,6.71,1.16,6.23,1.17,3.58,0.55,3.61,0.46,9.15,9.15
354,13,13,121,9,25,20,11,84,175,13,461,22,112,26,58,3.03,1.95,70.96,123.30,14.81,57.41,10.24,1.75,8.65,1.48,8.02,1.52,4.67,0.71,4.75,0.59,13.38,13.38
406,19,15,122,10,23,44,16,172,179,33,225,20,106,49,91,2.27,2.39,58.11,100.20,12.58,49.31,9.27,1.65,7.67,1.23,6.19,1.04,3.03,0.45,2.81,0.36,7.23,7.23
351,17,17,101,6,24,50,17,139,242,26,213,17,114,54,89,2.16,2.43,46.55,86.64,10.14,39.93,7.62,1.53,6.63,1.15,6.17,1.13,3.34,0.49,3.14,0.40,6.06,6.06
357,16,16,99,7,24,46,17,117,224,23,220,17,121,56,73,2.12,2.24,42.75,79.54,9.08,36.13,6.74,1.44,5.99,1.06,5.67,1.07,3.21,0.48,3.12,0.39,6.55,6.55
344,14,13,93,8,19,32,14,104,251,20,316,14,106,31,57,2.72,2.03,47.25,87.09,10.15,39.87,7.33,1.38,6.44,1.13,6.26,1.17,3.58,0.54,3.49,0.43,8.42,8.42
324,17,14,125,5,17,38,19,98,192,17,214,16,115,63,82,2.05,2.52,36.38,68.26,7.98,31.82,6.24,1.32,5.63,1.01,5.81,1.09,3.37,0.52,3.34,0.41,6.67,6.67
328,19,16,132,7,22,48,21,86,111,16,222,16,126,57,83,2.39,2.80,48.57,89.90,10.35,41.12,7.87,1.50,6.90,1.21,6.84,1.28,3.79,0.57,3.65,0.45,6.52,6.52
394,16,13,90,12,18,37,15,90,170,19,270,14,105,33,58,2.30,2.04,43.47,78.51,8.99,35.27,6.53,1.37,5.68,0.96,5.00,0.91,2.73,0.41,2.69,0.34,6.54,6.54
353,13,12,70,8,22,28,11,100,285,26,235,14,71,35,70,2.28,1.72,42.77,75.40,8.57,32.94,5.87,1.27,5.08,0.83,4.39,0.80,2.43,0.37,2.39,0.30,6.38,6.38
404,16,11,105,15,24,36,12,98,162,18,327,14,102,27,55,2.00,1.47,41.19,76.31,9.03,35.23,6.71,1.41,5.88,1.02,5.47,1.05,3.13,0.48,3.07,0.40,9.34,9.34
562,19,11,96,20,29,32,12,133,162,22,305,17,102,31,54,2.57,1.42,54.85,97.22,10.82,40.85,7.17,1.44,6.29,1.02,5.29,0.98,2.95,0.44,2.92,0.37,7.95,7.95
417,17,11,88,17,28,34,11,116,132,21,277,18,91,34,64,2.73,1.53,46.12,83.39,9.57,37.24,6.81,1.40,6.04,1.06,5.94,1.14,3.52,0.53,3.45,0.45,11.55,11.55
494,19,11,100,16,31,37,11,129,141,22,343,16,112,34,60,2.52,1.64,49.28,87.15,10.18,39.31,7.12,1.47,6.19,1.04,5.51,1.05,3.15,0.47,3.14,0.40,9.89,9.89
533,15,10,106,15,26,36,10,105,177,20,328,15,98,28,56,2.51,1.49,42.35,76.94,8.90,34.90,6.31,1.40,5.48,0.92,4.83,0.91,2.80,0.42,2.75,0.36,8.48,8.48
472,24,14,139,12,25,53,19,175,123,22,210,19,139,46,79,2.99,2.41,54.18,99.27,11.69,46.15,8.72,1.58,7.49,1.23,6.20,1.10,3.20,0.47,2.91,0.37,4.51,4.51
409,20,14,154,11,23,42,16,109,94,18,278,19,126,43,73,2.96,2.41,47.31,91.10,10.12,39.16,7.45,1.46,6.98,1.30,7.83,1.58,5.01,0.76,4.86,0.61,7.60,7.60
417,18,13,123,11,24,43,18,106,168,19,298,18,118,39,71,2.75,2.09,48.21,89.75,10.42,40.87,7.44,1.47,6.36,1.07,5.70,1.05,3.15,0.48,3.05,0.39,8.57,8.57
346,19,13,123,11,16,34,17,130,164,22,202,17,112,50,60,3.03,2.21,40.83,74.11,8.82,34.65,6.68,1.36,5.82,1.00,5.30,0.99,2.89,0.43,2.79,0.36,5.32,5.32
372,21,14,130,12,21,55,18,133,135,20,235,17,143,55,75,3.15,2.26,43.89,80.11,9.37,36.83,6.96,1.41,6.24,1.06,5.77,1.06,3.21,0.47,3.08,0.39,6.34,6.34
297,19,15,138,4,24,53,18,84,154,17,212,17,153,58,94,2.46,2.40,34.49,65.57,7.69,30.53,6.05,1.32,5.44,0.98,5.48,1.02,3.05,0.46,2.91,0.38,6.33,6.33
340,16,13,96,10,18,37,13,88,168,16,285,18,123,45,61,1.64,1.70,42.20,79.38,9.17,36.28,6.97,1.40,6.06,1.05,5.95,1.13,3.42,0.53,3.34,0.42,8.77,8.77
525,17,11,106,12,25,35,13,97,252,19,295,15,115,36,62,1.82,1.67,43.95,80.61,9.37,37.24,6.84,1.53,5.85,0.97,5.23,0.96,2.90,0.45,2.80,0.36,8.90,8.90
433,17,11,112,15,31,38,11,126,135,21,311,19,120,33,70,2.06,1.65,46.68,85.84,9.79,38.27,7.15,1.35,6.12,1.04,5.80,1.10,3.36,0.51,3.30,0.42,8.54,8.54
488,19,11,91,22,31,34,9,139,139,23,352,22,104,23,69,2.46,1.67,63.46,111.10,12.42,45.73,8.74,1.42,6.95,1.12,6.00,1.13,3.39,0.53,3.38,0.44,10.66,10.66
533,20,10,107,20,31,38,10,131,137,21,302,20,109,32,65,2.35,1.56,45.03,83.82,9.49,37.02,6.98,1.42,6.21,1.09,6.31,1.19,3.68,0.56,3.44,0.43,9.01,9.01
591,19,10,117,18,30,37,14,119,114,20,346,17,117,28,56,2.16,1.60,47.02,85.38,9.93,39.20,7.08,1.44,6.06,1.00,5.42,1.02,3.07,0.48,3.07,0.39,9.90,9.90
185,9,14,66,6,26,30,14,82,317,16,249,13,80,26,61,1.97,1.38,41.75,76.19,8.93,35.26,6.56,1.29,5.55,0.91,4.82,0.88,2.70,0.40,2.56,0.33,7.19,7.19
280,15,13,110,7,18,34,13,112,258,19,245,16,124,27,73,2.46,2.22,54.21,100.20,11.94,46.92,8.63,1.50,7.41,1.20,6.23,1.15,3.35,0.52,3.20,0.42,7.65,7.65
370,19,12,111,9,23,42,11,167,124,22,218,19,127,41,61,2.73,2.21,48.84,89.68,10.78,42.93,8.18,1.49,7.01,1.19,6.48,1.19,3.57,0.53,3.34,0.41,6.47,6.47
287,16,12,99,7,20,39,16,100,159,17,232,15,114,31,63,2.27,2.11,44.52,83.54,9.80,38.78,7.25,1.34,6.34,1.08,5.88,1.11,3.37,0.51,3.23,0.41,7.24,7.24
295,19,13,135,5,17,33,18,127,134,19,195,16,118,53,74,2.33,2.41,39.79,74.27,8.88,35.54,6.95,1.36,6.02,1.04,5.79,1.06,3.19,0.48,3.06,0.40,6.52,6.52
374,20,12,132,12,18,41,14,134,115,21,253,20,127,53,60,2.81,2.35,45.84,85.48,10.15,40.16,7.73,1.51,6.65,1.13,6.03,1.13,3.36,0.51,3.12,0.41,7.18,7.18
280,14,13,137,4,18,46,21,85,199,16,232,16,146,50,73,2.01,2.14,39.48,74.76,8.61,34.91,6.70,1.34,5.91,1.04,5.68,1.09,3.23,0.50,3.18,0.40,7.88,7.88
281,16,12,109,6,21,37,15,102,146,17,272,14,116,45,70,2.18,2.11,43.41,80.13,9.44,37.75,7.09,1.40,6.36,1.10,6.05,1.16,3.58,0.55,3.34,0.42,8.41,8.41
230,11,12,83,6,23,28,9,81,212,10,299,16,96,24,55,1.91,1.52,43.40,80.43,9.36,37.54,6.92,1.32,5.92,1.00,5.30,0.99,2.93,0.45,2.88,0.37,8.88,8.88
440,19,11,113,18,27,44,13,128,103,20,375,19,135,28,56,2.64,1.78,56.14,103.10,11.81,45.66,8.41,1.52,7.21,1.19,6.42,1.20,3.65,0.56,3.62,0.47,10.66,10.66
372,15,11,97,14,25,39,11,114,153,20,339,19,113,29,57,2.51,1.64,49.77,89.73,10.37,40.26,7.35,1.41,6.29,1.05,5.69,1.04,3.23,0.49,3.16,0.40,10.24,10.24
281,13,11,77,15,22,32,11,110,172,20,325,17,100,27,47,2.80,1.53,47.92,86.99,9.90,37.92,6.98,1.25,6.09,1.03,5.68,1.06,3.25,0.51,3.22,0.42,9.52,9.52
427,18,10,113,16,46,38,13,119,117,19,364,18,135,39,69,2.62,1.86,53.34,97.91,11.51,45.14,8.19,1.52,7.14,1.18,6.30,1.16,3.55,0.54,3.45,0.44,11.44,11.44
496,18,10,106,16,32,39,15,126,186,21,328,18,122,39,64,2.48,1.75,45.73,83.59,9.62,38.06,7.04,1.43,6.08,1.02,5.55,1.04,3.13,0.48,3.09,0.39,9.11,9.11
319,15,13,97,8,17,42,17,100,168,20,210,15,114,49,56,1.83,1.74,37.53,70.73,8.29,32.73,6.30,1.20,5.39,0.94,4.99,0.94,2.70,0.43,2.63,0.33,4.89,4.89
290,17,14,158,4,8,22,22,69,173,15,169,16,87,35,59,2.09,2.54,75.49,135.60,16.27,64.56,11.93,1.94,9.90,1.59,7.72,1.37,3.98,0.59,3.67,0.47,5.46,5.46
321,14,12,119,8,14,27,13,76,140,15,274,16,104,27,44,2.21,2.08,52.00,96.41,11.37,45.05,8.39,1.45,7.10,1.23,6.51,1.21,3.63,0.56,3.51,0.45,8.46,8.46
307,17,14,108,9,15,40,21,103,175,20,212,16,139,36,58,2.29,2.11,47.02,88.01,10.35,41.32,7.84,1.54,6.69,1.19,6.39,1.17,3.41,0.52,3.23,0.41,6.20,6.20
404,19,14,148,10,18,43,18,114,114,19,236,17,126,43,67,2.29,2.10,45.98,88.25,10.41,41.42,8.03,1.51,6.91,1.21,6.61,1.25,3.60,0.57,3.51,0.45,7.55,7.55
401,18,12,128,12,19,36,15,115,112,20,281,17,124,42,63,2.31,1.97,49.88,93.83,11.23,43.94,8.49,1.58,7.27,1.28,6.92,1.29,3.75,0.59,3.63,0.47,9.09,9.09
344,19,14,143,6,18,46,20,87,103,18,217,16,128,51,77,1.66,2.06,35.92,71.44,8.26,33.34,6.74,1.41,5.93,1.10,6.22,1.18,3.54,0.55,3.41,0.42,6.98,6.98
258,15,12,97,9,20,28,13,81,153,16,260,13,87,29,63,1.91,1.93,44.97,84.19,9.85,39.15,7.34,1.45,6.27,1.12,6.19,1.18,3.51,0.54,3.44,0.44,8.28,8.28
321,13,10,99,12,23,32,12,91,174,15,332,16,96,28,52,1.92,1.50,51.06,93.13,10.98,42.85,8.04,1.50,6.69,1.16,6.21,1.17,3.49,0.55,3.41,0.44,10.03,10.03
387,17,11,101,14,24,38,14,108,242,22,299,17,95,36,67,2.12,1.60,50.07,92.19,10.89,42.39,7.93,1.50,6.64,1.15,6.19,1.17,3.40,0.53,3.35,0.43,8.97,8.97
336,16,10,92,15,24,26,12,95,166,19,330,17,83,28,63,2.02,1.39,45.64,84.29,9.87,38.42,7.24,1.34,6.00,1.07,5.81,1.09,3.26,0.52,3.30,0.42,9.24,9.24
293,12,11,82,10,29,29,13,96,378,18,285,16,77,31,63,2.03,1.40,43.23,81.17,9.52,37.25,7.14,1.32,5.89,1.04,5.64,1.06,3.11,0.49,3.05,0.40,8.15,8.15
407,17,11,108,15,33,40,14,103,164,19,349,16,113,36,82,2.10,1.66,50.91,95.16,11.27,44.56,8.50,1.57,6.99,1.20,6.58,1.23,3.65,0.56,3.57,0.45,10.00,10.00
288,15,10,113,12,19,32,12,81,114,16,330,18,122,66,53,1.94,2.09,49.61,93.45,11.02,43.58,8.24,1.45,6.89,1.24,6.59,1.29,3.76,0.60,3.84,0.49,10.30,10.30
287,17,11,106,11,10,28,17,92,105,19,196,13,106,37,44,2.12,2.24,60.37,110.10,13.16,51.12,9.70,1.63,7.85,1.31,6.81,1.30,3.77,0.59,3.61,0.47,6.34,6.34
280,16,12,110,4,18,34,19,76,112,17,209,17,139,41,39,2.14,2.24,41.16,76.99,9.05,35.64,6.96,1.30,5.64,1.00,5.45,1.01,3.08,0.48,3.09,0.39,6.46,6.46
317,18,12,105,11,17,43,15,99,82,19,234,18,131,35,45,2.36,2.03,45.50,85.37,10.00,39.28,7.36,1.41,6.18,1.11,5.97,1.13,3.30,0.52,3.23,0.41,7.03,7.03
334,18,12,110,13,19,45,18,115,106,20,245,16,128,44,57,2.44,1.85,51.15,94.84,11.17,43.90,8.29,1.53,6.98,1.19,6.38,1.18,3.50,0.52,3.37,0.43,7.09,7.09
418,22,12,116,18,20,49,17,132,98,20,280,18,130,49,65,2.47,1.88,51.64,96.42,11.25,43.50,8.16,1.57,6.95,1.21,6.43,1.18,3.49,0.55,3.38,0.42,7.60,7.60
261,14,13,134,5,18,32,14,70,243,12,291,16,112,41,76,1.65,1.75,43.89,82.25,9.79,38.74,7.57,1.41,6.31,1.13,6.25,1.20,3.50,0.55,3.48,0.44,8.81,8.81
239,14,13,95,4,20,34,19,82,219,16,219,13,109,43,80,1.64,1.69,35.79,69.18,8.11,32.30,6.33,1.27,5.51,1.00,5.55,1.05,3.06,0.48,3.01,0.38,6.69,6.69
344,17,12,112,13,18,39,14,77,167,17,264,15,105,36,60,1.80,1.62,41.88,78.87,9.26,36.71,7.21,1.49,6.03,1.10,5.98,1.15,3.41,0.53,3.28,0.42,7.65,7.65
255,13,11,94,11,20,27,12,81,168,14,313,15,77,33,53,1.68,1.26,44.75,81.19,9.58,37.47,6.90,1.27,5.78,1.01,5.55,1.04,3.13,0.48,3.13,0.40,9.20,9.20
412,16,11,96,17,21,30,14,105,145,18,369,18,93,30,51,2.18,1.39,52.93,98.57,11.45,44.22,8.24,1.46,6.83,1.21,6.53,1.24,3.71,0.60,3.85,0.48,10.79,10.79
381,14,14,89,18,25,30,15,110,134,19,375,19,73,23,61,2.12,1.43,55.63,103.40,12.01,46.44,8.72,1.50,7.12,1.27,6.87,1.29,3.88,0.62,3.98,0.51,11.95,11.95
394,15,13,94,13,31,25,13,93,153,14,408,17,90,23,62,1.85,1.49,54.56,101.60,12.22,47.65,8.97,1.52,7.26,1.27,6.75,1.28,3.72,0.60,3.76,0.48,12.21,12.21
407,18,15,106,11,26,46,19,121,105,21,245,17,117,48,101,2.03,2.77,43.47,85.03,9.84,38.91,9.42,1.46,6.32,1.14,6.11,1.17,3.42,0.52,3.30,0.41,7.77,7.77
371,17,15,97,11,23,49,15,104,134,20,241,16,115,41,67,2.06,1.75,43.47,83.23,9.76,38.74,7.48,1.42,6.14,1.10,5.99,1.12,3.32,0.52,3.20,0.41,7.13,7.13
375,18,15,87,7,24,48,16,131,164,25,212,16,116,156,83,2.08,2.23,42.50,79.91,9.35,36.70,7.10,1.33,5.80,1.05,5.76,1.11,3.33,0.52,3.27,0.41,7.52,7.52
232,14,14,99,5,15,37,17,67,149,11,201,16,113,31,44,1.93,1.84,40.00,73.70,8.70,34.20,6.43,1.20,5.42,0.95,5.31,1.00,2.98,0.46,2.95,0.37,6.95,6.95
299,19,14,100,5,13,39,21,113,128,21,165,14,132,42,46,1.84,1.49,43.05,95.05,9.33,36.49,7.02,1.32,5.97,1.08,6.07,1.17,3.49,0.56,3.47,0.44,8.79,8.79
234,12,12,116,7,12,24,14,85,284,11,196,16,81,34,46,1.93,1.65,63.82,115.30,13.99,54.34,10.26,1.56,8.12,1.39,7.26,1.35,3.91,0.60,3.68,0.47,6.05,6.05
372,13,12,98,6,20,28,16,92,247,15,286,19,92,35,49,2.34,1.95,40.12,77.14,8.78,34.45,6.47,1.26,5.40,0.96,5.17,0.96,2.80,0.44,2.68,0.34,5.76,5.76
304,15,13,128,2,18,31,13,81,125,17,215,14,102,43,85,1.63,1.73,30.96,60.32,7.07,28.34,5.76,1.18,4.92,0.94,5.34,1.03,3.05,0.48,3.03,0.38,6.58,6.58
272,14,13,133,6,23,28,13,71,130,11,317,17,121,44,82,1.61,1.69,43.04,83.14,9.84,39.76,7.60,1.45,6.44,1.20,6.92,1.30,3.83,0.61,3.85,0.48,10.57,10.57
339,13,9,87,14,23,18,12,77,129,15,321,14,84,23,70,1.82,1.18,42.01,78.35,9.05,34.86,6.53,1.20,5.41,0.96,5.37,1.04,3.08,0.50,3.14,0.39,8.99,8.99
471,16,10,124,18,24,36,13,116,120,18,444,21,122,25,57,2.29,1.46,63.12,117.50,13.59,52.45,9.59,1.61,7.88,1.41,7.79,1.46,4.37,0.70,4.40,0.57,12.95,12.95
304,13,12,86,15,22,33,12,98,143,14,347,19,103,28,49,2.00,1.35,56.44,103.40,12.16,46.74,8.76,1.52,7.16,1.23,6.77,1.26,3.75,0.60,3.77,0.49,10.65,10.65
429,18,11,112,18,29,53,16,132,111,20,301,18,138,37,66,2.37,1.57,52.84,99.47,11.64,45.17,8.65,1.61,7.05,1.24,6.77,1.27,3.71,0.58,3.69,0.47,8.63,8.63
383,16,12,108,11,26,51,16,114,104,19,277,17,137,55,70,2.22,2.07,50.41,96.57,11.34,44.87,8.59,1.61,7.13,1.25,6.69,1.23,3.62,0.55,3.52,0.44,8.30,8.30
332,17,13,122,10,16,48,12,107,206,18,236,19,124,58,61,2.21,1.83,47.00,89.02,10.73,42.71,8.52,1.62,7.16,1.31,7.15,1.37,4.00,0.63,3.87,0.48,7.34,7.34
381,18,12,100,12,28,54,14,136,188,24,251,17,144,58,96,2.14,1.92,43.18,83.08,9.78,38.59,7.36,1.39,6.05,1.11,6.04,1.14,3.33,0.53,3.28,0.42,7.81,7.81
238,12,14,82,6,15,44,12,92,331,16,218,15,109,42,58,1.98,1.59,41.55,76.57,9.32,36.93,7.05,1.30,5.75,1.02,5.55,1.04,3.08,0.47,2.94,0.37,6.45,6.45
226,11,10,96,7,14,24,11,75,175,11,352,16,96,24,42,1.65,1.47,50.75,96.73,11.34,44.33,8.49,1.42,6.94,1.22,6.62,1.22,3.61,0.59,3.51,0.46,11.09,11.09
348,15,11,153,10,19,30,10,108,102,18,355,18,117,39,56,2.09,1.88,78.30,143.50,17.48,68.40,12.82,2.09,10.60,1.77,8.97,1.63,4.69,0.73,4.51,0.57,11.21,11.21
392,19,13,146,8,28,42,19,124,116,19,231,17,140,65,84,2.16,1.94,48.73,91.41,10.86,43.05,8.23,1.58,6.75,1.17,6.16,1.13,3.37,0.52,3.28,0.41,7.46,7.46
333,18,13,117,10,29,44,15,96,125,18,257,16,134,42,77,1.89,1.73,41.41,81.20,9.36,37.28,7.34,1.49,6.16,1.14,6.41,1.24,3.61,0.57,3.54,0.45,8.17,8.17
261,17,15,132,2,17,42,22,61,138,17,189,13,172,48,70,1.45,1.84,26.79,53.85,6.41,26.49,5.83,1.38,5.16,1.01,5.83,1.12,3.29,0.51,3.18,0.41,5.96,5.96
289,14,13,82,11,22,42,15,101,176,20,242,13,106,44,73,1.94,1.42,44.75,82.32,9.86,38.33,7.30,1.36,5.89,1.03,5.51,1.01,2.99,0.47,2.91,0.38,7.22,7.22
337,15,11,109,13,31,37,13,94,132,15,328,16,104,33,62,2.13,1.49,53.33,98.38,11.76,45.91,8.77,1.53,7.28,1.28,7.12,1.36,3.99,0.63,3.90,0.50,10.72,10.72
337,14,12,103,12,22,33,10,100,205,17,320,19,111,39,56,1.92,1.47,50.68,96.27,11.39,45.08,8.58,1.64,7.06,1.28,6.94,1.29,3.87,0.62,3.80,0.49,10.40,10.40
386,15,10,106,15,26,37,12,106,166,17,427,20,109,28,57,2.10,1.49,61.51,112.50,13.75,54.43,10.21,1.75,8.19,1.42,7.63,1.44,4.22,0.66,4.13,0.53,13.32,13.32
375,15,12,102,8,20,57,15,112,211,29,258,14,110,31,62,2.54,1.17,62.44,97.64,10.88,40.08,6.68,1.56,7.31,0.95,5.3,1.08,3.14,0.51,3.03,0.48,7.88,7.88
238,11,14,83,6,16,51,15,96,261,23,230,15,95,30,51,1.96,1.15,39.22,67.55,7.94,30.42,5.37,1.22,5.77,0.77,4.4,0.92,2.57,0.44,2.59,0.41,7.53,7.53
262,13,11,105,8,20,49,16,98,180,27,344,17,108,29,50,1.58,1.41,39.81,69.45,8.59,34,6.19,1.19,6.07,0.84,4.83,0.99,2.89,0.48,2.92,0.46,11.15,11.15
281,12,12,96,7,17,48,18,96,234,26,345,15,101,29,55,1.74,1.13,41.53,71.58,8.77,34.41,6.28,1.27,6.35,0.86,5.14,1.01,3.03,0.49,2.95,0.48,11.24,11.24
251,10,9,97,6,11,34,14,66,228,24,436,15,84,18,35,1.28,0.97,40.55,69.79,8.53,33.38,6.11,1.22,5.96,0.81,4.84,0.98,2.92,0.48,2.91,0.49,14.82,14.82
289,14,12,112,8,16,51,20,102,127,28,289,17,121,43,51,1.71,1.19,36.69,64.63,7.89,30.92,5.68,1.16,5.68,0.8,4.67,0.96,2.8,0.46,2.86,0.45,9.27,9.27
233,10,13,95,5,13,52,16,82,218,24,273,15,120,35,62,1.33,1.04,32.51,56.68,7.06,28.29,5.15,1.12,5.24,0.74,4.4,0.9,2.68,0.43,2.59,0.42,7.96,7.96
328,14,10,104,9,19,51,18,99,161,30,388,15,119,25,53,1.51,1.15,42.06,73.16,9.11,36.04,6.44,1.33,6.69,0.92,5.47,1.11,3.26,0.53,3.21,0.52,12.02,12.02
255,7,9,101,5,12,25,13,68,280,24,488,17,83,18,38,1.39,0.96,46.32,80.34,10.15,39.14,7.01,1.28,7.14,0.91,5.17,1.08,3.23,0.53,3.31,0.55,18.31,18.31
315,11,10,103,8,20,34,13,95,183,27,387,15,117,22,51,1.58,1.1,41.83,73.31,9.02,35.21,6.4,1.2,6.42,0.84,4.93,1.02,2.97,0.49,3,0.49,12.54,12.54
343,16,10,119,10,22,42,15,118,120,32,391,16,115,24,56,1.86,1.3,53.57,92.94,11.52,45.14,7.82,1.41,7.64,0.99,5.51,1.11,3.3,0.54,3.21,0.53,13.11,13.11
313,11,11,109,7,13,43,13,99,208,26,333,16,98,25,54,1.77,1.22,47.48,82.77,10.29,39.94,7.05,1.36,7.15,0.94,5.45,1.09,3.21,0.53,3.18,0.53,13.11,13.11
312,14,10,121,9,15,44,13,117,100,31,360,16,111,27,57,2.05,1.34,53.72,92.51,11.66,45.01,7.9,1.5,7.86,1.07,5.99,1.22,3.53,0.58,3.62,0.6,13.51,13.51
402,15,11,103,9,16,41,16,92,235,29,328,15,87,31,63,2.14,1.15,46.88,81.67,9.84,38.25,6.9,1.59,7.07,0.97,5.68,1.18,3.55,0.59,3.62,0.56,12.08,12.08
376,15,12,109,9,17,52,16,89,196,30,273,16,103,37,53,2.21,1.33,45.86,81.57,9.81,38.6,7.15,1.47,7.19,0.97,5.7,1.17,3.42,0.56,3.41,0.54,10.61,10.61
270,8,11,99,5,18,35,15,77,215,27,497,18,99,19,40,1.7,1.16,54.1,95.98,11.73,45.52,8.22,1.52,8.33,1.15,6.73,1.39,4.18,0.69,4.25,0.72,21.67,21.67
386,13,12,103,9,19,47,15,99,196,28,286,15,108,27,59,2.02,1.34,47.08,81.3,9.82,38.63,7.09,1.52,6.98,0.95,5.62,1.14,3.37,0.56,3.34,0.56,10.77,10.77
292,12,12,102,8,11,41,17,86,194,27,386,18,82,27,45,1.64,1.38,48.51,85.83,10.17,39.69,7.24,1.43,7.23,0.97,6.07,1.21,3.52,0.59,3.54,0.59,14.89,14.89
228,10,13,87,5,15,45,14,95,242,24,277,15,85,26,64,1.67,1.35,41.64,71.81,8.92,34.95,6.54,1.34,6.6,0.92,5.61,1.19,3.43,0.56,3.34,0.55,10.47,10.47
260,9,9,102,6,15,30,13,75,237,25,463,15,87,17,38,1.72,1.24,52.95,91.91,11.41,43.95,8.1,1.4,7.81,1.05,6.53,1.33,3.92,0.64,3.78,0.65,16.99,16.99
186,10,15,88,3,18,47,16,78,259,22,227,12,89,47,66,1.43,1.33,36.42,64.78,7.97,31.57,6.02,1.3,5.82,0.8,4.94,0.98,2.78,0.47,2.68,0.43,8.26,8.26
411,14,10,99,10,18,39,13,103,223,28,326,15,85,26,54,1.79,1.28,47.67,82.89,10.16,39.04,7.03,1.43,6.83,0.91,5.52,1.13,3.23,0.54,3.07,0.52,11.87,11.87
297,11,10,103,8,16,39,13,100,184,28,380,14,97,22,44,1.8,1.38,49.16,84.93,10.66,41.72,7.72,1.37,7.31,1,5.92,1.2,3.52,0.58,3.54,0.56,15.75,15.75
318,14,10,123,7,20,45,14,112,159,29,311,14,101,28,66,1.8,1.33,45.93,79.71,9.82,37.92,6.86,1.34,6.66,0.88,5.3,1.06,3.04,0.49,2.93,0.49,10.95,10.95
357,16,10,124,10,20,40,12,123,141,32,331,16,119,30,55,1.97,1.54,48.04,84.63,10.48,40.99,7.41,1.44,7.29,0.98,6.01,1.19,3.51,0.57,3.45,0.55,10.67,10.67
346,14,10,116,10,17,37,13,111,144,28,358,17,107,28,44,1.74,1.31,48.93,85.69,10.43,39.93,7.2,1.34,6.79,0.9,5.41,1.07,3.15,0.52,3.14,0.5,14.03,14.03
263,12,11,102,7,17,45,18,57,242,25,342,15,111,26,41,1.47,1.22,34.01,60.86,7.42,30.26,5.84,1.53,6.04,0.9,6.03,1.27,3.64,0.61,3.71,0.61,11.45,11.45
355,15,11,118,9,17,38,16,80,226,27,326,14,85,21,44,1.84,1.2,34.37,60.83,7.41,29.75,5.8,1.37,5.95,0.84,5.21,1.07,3.11,0.53,3.11,0.51,12.27,12.27
357,14,12,102,8,22,52,16,101,235,27,265,14,107,32,55,2.02,1.27,43.32,75.97,9.31,35.36,6.53,1.45,6.82,0.87,5.13,1.07,3.05,0.5,2.91,0.49,8.82,8.82
385,15,12,104,8,18,52,13,105,248,27,277,15,101,30,57,2.01,1.17,44.11,77.64,9.61,36.73,7.02,1.48,6.99,0.9,5.25,1.08,3.14,0.51,3.01,0.5,11.61,11.61
342,12,12,92,7,19,43,14,94,260,26,265,13,89,28,57,1.46,0.91,33.53,58.01,7.25,28.1,5.23,1.14,5.33,0.76,4.55,0.9,2.56,0.43,2.57,0.41,9.23,9.23
277,9,13,80,5,19,34,11,84,258,23,285,14,80,32,53,1.47,0.99,43.04,73.65,9.11,35.03,6.4,1.35,6.44,0.86,4.85,1,2.9,0.47,2.93,0.44,9.84,9.84
360,14,13,110,8,21,48,16,106,165,28,263,13,116,38,58,1.59,1.12,38.26,67.1,8.25,32.41,6.03,1.27,6.14,0.86,5,1.03,2.95,0.47,2.9,0.45,9.48,9.48
399,15,11,128,10,21,53,15,105,126,30,344,16,137,43,58,1.43,1.11,42.38,73.49,9.01,34.69,6.55,1.33,6.71,0.95,5.33,1.09,3.18,0.52,3.15,0.49,10.25,10.25
336,12,11,85,8,18,35,11,94,258,26,314,15,93,20,51,1.44,0.93,41.92,70.84,8.68,33.49,6,1.2,5.9,0.81,4.53,0.91,2.65,0.42,2.78,0.42,9.69,9.69
380,14,11,96,8,20,39,13,116,199,28,262,15,100,35,59,1.72,1.16,38.98,67.89,8.27,31.68,5.83,1.21,5.91,0.78,4.46,0.88,2.55,0.42,2.56,0.4,8.51,8.51
341,14,13,113,8,22,47,13,112,173,28,283,15,107,29,58,1.57,1.06,39.48,68.19,8.42,32.41,5.93,1.21,5.91,0.78,4.46,0.88,2.57,0.42,2.57,0.42,9.5,9.5
372,15,12,122,8,21,43,15,100,176,28,313,18,125,50,65,1.44,1.07,36.59,65.06,7.99,30.77,5.81,1.18,5.89,0.8,4.62,0.98,2.82,0.45,2.91,0.44,11.55,11.55
431,15,10,128,12,25,46,14,128,135,33,384,17,127,23,51,1.56,1.02,41.35,72.87,8.8,33.81,6.34,1.19,6.54,0.94,5.56,1.22,3.73,0.61,3.87,0.61,12.61,12.61
363,14,10,100,8,19,28,11,80,257,26,343,14,79,24,38,1.57,0.94,32.79,57.93,7.05,27.78,5.54,1.27,5.89,0.88,5.27,1.09,3.3,0.53,3.32,0.52,11.51,11.51
383,15,12,112,7,22,34,11,80,307,30,357,16,85,23,46,1.53,0.92,42.54,81.54,9.44,35.28,6.84,1.34,6.37,0.78,4.69,0.97,3.84,0.47,3.03,0.49,11.91,11.91
442,15,12,101,10,23,49,15,114,202,29,281,17,118,25,53,1.71,1.06,38.23,68.71,8.32,31.65,6.08,1.26,6.06,0.85,4.97,1.03,3.05,0.5,3.04,0.48,10.76,10.76
366,12,12,103,7,25,42,14,92,252,29,436,16,107,27,47,1.61,0.97,45.61,82.45,10.21,40.46,7.71,1.47,7.67,1.04,5.96,1.27,3.59,0.58,3.68,0.6,14.17,14.17
259,8,12,95,4,19,31,12,68,330,24,484,16,71,19,40,1.3,0.89,42.81,74.08,9.45,36.96,6.96,1.29,6.99,0.96,5.49,1.18,3.35,0.56,3.48,0.58,14.4,14.4
392,17,13,123,7,24,87,23,94,133,29,236,14,182,57,75,1.43,1.01,34.68,62.9,7.75,30.31,5.74,1.2,5.86,0.81,4.51,0.93,2.6,0.42,2.61,0.41,9.02,9.02
398,14,14,108,6,24,52,15,95,272,26,248,14,130,42,68,1.38,0.93,31.51,56.3,6.95,27.64,5.17,1.13,5.33,0.73,4.2,0.86,2.48,0.38,2.48,0.39,8.44,8.44
404,15,12,106,8,22,42,14,97,198,27,300,14,99,38,60,1.43,0.9,36.37,64.5,7.94,31.1,5.55,1.25,5.72,0.78,4.29,0.91,2.54,0.41,2.47,0.39,9.63,9.63
484,15,11,92,10,23,39,11,100,257,27,365,17,94,28,52,1.77,0.9,44.43,77.13,9.29,35.93,6.2,1.37,6.21,0.8,4.32,0.89,2.61,0.43,2.6,0.41,10.24,10.24
390,16,12,115,9,22,51,17,104,165,31,273,17,130,39,67,1.67,1.1,37.44,64.26,8.27,31.99,6.01,1.35,6.1,0.84,4.98,1.05,3.04,0.48,2.87,0.45,9.04,9.04
383,16,10,112,11,22,36,13,117,145,30,323,14,108,22,53,1.81,1.07,45.11,76.52,9.48,36.72,6.7,1.29,6.47,0.85,4.62,0.94,2.73,0.43,2.68,0.43,10.88,10.88
351,13,13,121,6,23,41,14,92,252,26,297,16,94,36,68,1.5,1.03,36.64,63.75,8.01,31.84,6.02,1.29,6,0.81,4.63,0.99,2.78,0.43,2.68,0.43,9.64,9.64
313,11,11,131,7,19,31,13,82,232,25,457,19,110,24,51,1.53,0.95,45.03,78.97,9.6,37.01,6.49,1.16,6.6,0.85,4.66,0.95,2.78,0.46,2.87,0.48,15.49,15.49
355,15,13,123,7,28,46,15,97,227,30,299,24,119,57,68,1.99,1.33,43.39,84.89,9.5,36.06,6.68,1.63,6.66,1.05,6.89,1.45,4.11,0.72,4.21,0.7,2.52,2.52
363,13,12,108,8,25,30,11,86,311,27,374,22,92,33,47,2.12,1.32,44.07,86.52,9.52,37.5,7.14,1.64,6.74,0.99,5.86,1.29,3.73,0.64,3.78,0.62,3.83,3.83
438,14,10,111,10,26,32,11,86,294,26,419,26,89,32,43,2.4,1.17,44.7,87.78,9.31,37.93,6.79,1.58,6.55,0.95,5.91,1.24,3.69,0.65,3.75,0.6,3.55,3.55
463,17,12,111,9,54,55,16,143,185,27,265,21,119,62,119,2.03,1.44,36.23,72.64,7.71,27.93,5.27,1.26,5.46,0.73,4.31,0.88,2.52,0.42,2.42,0.39,1.94,1.94
327,14,13,125,6,27,54,16,104,202,28,270,22,147,76,76,1.78,1.12,43.59,76.89,9.29,36.02,6.6,1.42,6.44,0.89,5.45,1,3.04,0.5,3.01,0.49,2.03,2.03
317,11,14,134,2,25,60,19,70,241,23,181,14,146,77,86,1.13,0.92,26.66,52.68,5.32,22.71,4.28,1.11,4.31,0.64,3.74,0.87,2.48,0.42,2.42,0.37,1.2,1.2
501,17,12,115,9,31,56,18,108,247,30,310,22,143,63,71,1.91,1.19,46.67,89.98,9.56,39.54,6.8,1.61,6.48,0.88,5.24,1.09,3.19,0.53,3,0.48,1.95,1.95
391,14,11,101,8,26,48,14,100,318,28,309,21,120,46,57,1.87,1.28,50.1,98.21,10.36,39.35,6.79,1.52,6.54,0.89,5.03,1.01,2.98,0.49,2.89,0.47,2.03,2.03
345,14,10,110,9,27,37,11,95,267,26,386,24,107,34,48,1.9,1.26,50.17,94.78,10.07,41.87,7.36,1.63,6.88,0.9,5.18,1.08,3.12,0.52,2.94,0.47,2.05,2.05
400,18,14,112,10,25,54,22,113,126,31,256,20,155,54,65,2.27,1.49,46.63,89.24,9.61,38.79,7.18,1.64,6.85,0.95,5.63,1.13,3.35,0.55,3.28,0.52,2.23,2.23
376,18,12,98,12,28,40,11,153,127,32,253,18,121,41,58,2.44,1.28,46.52,94.68,10.3,38.9,6.77,1.23,5.77,0.71,3.92,0.8,2.39,0.4,2.38,0.39,1.81,1.81
323,11,10,108,8,20,35,11,99,183,26,330,16,93,21,47,2.44,1.36,55.64,95.62,12.1,46.8,8.53,1.65,8.75,1.16,6.59,1.44,4.11,0.66,4.02,0.66,15.02,15.02
367,14,12,100,9,27,42,9,118,171,28,246,13,102,30,67,2.62,1.49,44.31,84.74,9.44,37.85,6.16,1.48,7.7,1.09,6.32,1.27,3.7,0.62,3.48,0.62,13.25,13.25
403,16,12,102,10,29,39,10,93,253,27,319,23,119,42,59,1.98,1.03,34.89,62.16,6.89,24.49,4.84,1.16,4.72,0.68,4.26,0.9,4.15,0.47,2.74,0.44,2.3,2.3
359,13,12,99,9,26,35,9,90,252,26,345,20,116,35,45,2.08,1.25,41.07,79.69,8.25,32.28,5.84,1.34,5.77,0.84,5.15,1.07,3.12,0.52,3.04,0.49,1.95,1.95
315,16,14,143,6,22,64,19,67,188,27,302,22,186,69,69,1.78,1.26,37.96,72.36,7.85,28.2,5.55,1.3,5.31,0.8,5.04,1.03,2.91,0.5,2.84,0.47,2.13,2.13
299,13,15,109,7,25,55,13,110,154,26,256,17,158,51,83,1.09,1.13,22.68,41.83,4.8,18.33,3.27,0.67,3.3,0.44,2.44,0.5,1.46,0.24,1.45,0.23,1.07,1.07
298,11,12,105,6,24,37,11,83,200,24,343,19,140,46,55,1.54,1.39,37.12,69.93,8.05,31.5,5.58,1.17,5.74,0.78,4.48,0.89,2.47,0.43,2.65,0.45,1.73,1.73
358,17,14,137,9,25,61,20,109,110,29,259,21,183,55,90,1.5,1.49,34.83,62.52,7.12,27.05,5.42,1.13,5.7,0.76,4.33,0.88,2.61,0.44,2.54,0.4,1.43,1.43
418,17,13,106,11,27,55,17,113,149,31,271,21,156,35,69,1.18,1.12,24.23,44.98,4.66,19.02,3.34,0.73,3.46,0.45,2.48,0.52,1.45,0.23,1.38,0.22,0.81,0.81
383,18,14,107,8,25,75,20,91,139,28,259,20,201,65,75,1.63,1.45,36.22,65.07,7.12,29.6,5.76,1.28,5.85,0.78,4.21,0.87,2.55,0.41,2.47,0.38,1.25,1.25
363,14,13,96,9,23,41,12,84,259,25,301,17,101,40,65,1.31,1.17,30.55,58.21,6.6,25.9,4.56,0.93,4.49,0.59,3.32,0.7,2.05,0.34,2.01,0.33,1.05,1.05
343,13,12,103,7,24,42,14,106,298,26,293,19,118,40,67,1.2,2.28,25.36,48.07,5.55,21.29,5.68,1.76,6.7,1.08,6.57,1.46,4.33,0.72,4.13,0.67,3.18,3.18
391,14,10,105,8,26,39,12,128,188,30,350,23,126,41,56,2.16,1.75,49.63,93.24,9.51,40.6,7.01,1.31,6.78,0.88,4.84,0.99,2.65,0.48,2.84,0.46,1.78,1.78
290,11,11,103,7,24,36,7,98,238,25,370,22,111,34,53,1.51,1.17,38.21,74.58,8.09,31.01,5.29,0.99,5.46,0.68,3.91,0.77,2.21,0.35,2.28,0.34,1.82,1.82
317,10,8,108,8,23,24,6,118,199,27,507,23,115,31,36,1.3,1.1,41.56,79.35,8.55,32.73,5.44,1.02,5.46,0.69,3.78,0.75,2.2,0.36,2.23,0.35,2.01,2.01
580,17,10,111,9,34,44,15,123,228,26,270,21,119,64,69,1.96,1.52,34.42,65.14,6.79,26.31,4.38,1.14,4.55,0.58,3.41,0.7,1.98,0.32,2.02,0.32,2.65,2.65
267,15,13,126,4,23,52,20,94,141,23,199,18,218,69,59,1.07,1.49,17.81,31.27,3.33,15.12,3.06,0.75,3.08,0.47,3.08,0.65,1.9,0.31,1.93,0.3,1.74,1.74
400,16,10,107,9,23,41,12,156,118,27,236,24,120,47,64,1.89,1.32,22.35,39.84,4.57,17.4,2.99,0.64,3.02,0.39,2.19,0.43,1.26,0.2,1.28,0.21,1.86,1.86
425,20,12,112,10,23,43,18,186,115,29,182,21,132,44,81,2.41,1.78,32.14,59.5,6.75,25.75,4.67,1.03,4.67,0.64,3.72,0.72,2.13,0.34,2.1,0.32,1.87,1.87
203,10,11,114,2,24,39,9,90,244,24,262,21,117,55,53,1.31,1.28,30.18,59.32,6.23,24.2,4.47,0.93,4.49,0.6,3.66,0.78,2.25,0.37,2.42,0.37,1.48,1.48
353,15,13,123,6,26,67,19,98,174,27,260,20,204,78,78,1.45,1.69,31.09,58.43,6.89,26.16,4.93,1.08,4.91,0.68,4.21,0.86,2.53,0.41,2.51,0.37,1.5,1.5
413,16,12,121,9,31,55,16,108,205,31,350,24,150,48,67,1.84,1.54,41.93,76.13,8.75,34.31,6.14,1.3,6.19,0.79,4.56,0.92,2.67,0.41,2.53,0.4,1.72,1.72
319,13,12,105,6,27,44,11,99,215,26,291,20,110,58,61,1.6,1.22,36.61,69.47,7.72,29.64,5.22,1.14,5.27,0.7,3.98,0.82,2.38,0.4,2.42,0.37,0.64,0.64
439,16,12,106,10,31,43,12,116,234,29,348,24,113,40,58,1.79,1.36,38.78,72.92,7.62,31.27,5.4,1.23,5.53,0.71,4.12,0.86,2.34,0.39,2.45,0.38,1.87,1.87
401,17,12,117,9,34,56,21,136,118,34,343,23,181,58,78,2.07,1.78,42.44,79.19,8.85,34.68,6.3,1.25,6.05,0.79,4.39,0.85,2.55,0.4,2.46,0.38,1.8,1.8
419,18,11,112,11,36,49,16,165,184,33,321,24,128,45,73,2.11,1.72,46.9,87.6,9.7,37.81,6.52,1.22,6.12,0.75,3.98,0.75,2.23,0.36,2.31,0.37,1.77,1.77
320,13,9,93,8,27,29,12,113,164,24,317,21,99,38,54,1.82,1.45,31.1,55.06,6.66,26.95,4.82,0.98,4.69,0.6,3.49,0.71,2.06,0.33,2.15,0.33,1.68,1.68
483,15,8,110,11,26,29,12,147,117,31,438,24,115,41,47,1.86,1.49,46.74,89.01,9.35,35.11,5.93,1.16,5.8,0.72,4.25,0.82,2.47,0.39,2.5,0.39,2.44,2.44
384,18,14,149,5,23,77,25,106,150,27,175,17,217,102,89,1.42,1.87,25.95,48.12,5.02,20.24,4.11,1.2,4.45,0.68,4.41,0.91,2.59,0.43,2.61,0.4,1.96,1.96
364,14,11,109,6,23,49,14,134,142,27,206,22,133,56,69,1.88,1.26,33.95,61.53,7.25,29.02,5.24,1.15,5.96,0.73,3.93,0.77,2.37,0.35,2.19,0.38,1.83,1.83
453,17,11,102,9,21,43,14,163,189,29,237,21,113,33,68,1.86,1.19,32.26,56.59,7.08,27.26,4.83,1.03,5.15,0.65,3.63,0.7,2.29,0.32,2,0.33,1.73,1.73
345,17,12,111,9,18,45,19,118,110,29,236,22,127,49,63,1.79,1.69,34.24,64.84,6.85,30.32,5.37,1.13,5.99,0.78,4.49,0.91,2.79,0.46,2.89,0.47,1.98,1.98
291,15,15,115,7,27,54,22,85,148,28,251,19,156,64,71,1.57,1.33,33.76,65.67,6.15,26.85,5.78,1.27,6.27,0.84,5.04,1.01,3.1,0.51,3.02,0.5,1.37,1.37
251,10,11,109,5,18,35,10,72,219,24,367,22,148,36,40,1.45,1.08,42.84,79.93,9.02,34.6,5.89,1.17,6.47,0.84,4.72,0.94,2.87,0.46,2.75,0.44,1.15,1.15
322,13,10,110,6,27,50,10,101,238,26,290,21,127,48,57,1.8,1.18,48.06,90.58,9.86,38.82,6.72,1.32,7.03,0.87,5.14,1.01,2.98,0.46,2.95,0.46,1.82,1.82
403,16,13,111,8,24,84,15,107,193,28,275,21,179,47,71,2.12,1.12,49.02,95.59,9.15,33.02,6.42,1.42,6.72,0.85,4.63,0.92,2.77,0.43,2.55,0.44,2.15,2.15
430,19,12,127,10,33,61,17,118,118,35,343,23,173,54,74,2.09,1.15,48.98,94.26,8.97,37.35,6.98,1.49,7.23,0.96,4.98,1.02,3.28,0.51,3.06,0.53,2.79,2.79
433,18,11,120,10,30,52,16,143,105,35,357,22,152,45,63,2.43,1.32,48.75,89.64,9.33,38.15,7.14,1.39,7.24,0.89,4.61,0.93,2.92,0.45,2.81,0.45,2.18,2.18
416,19,10,112,13,39,46,16,178,104,36,330,23,137,38,74,2.78,1.62,47.51,95.96,9.12,38.6,7.06,1.35,7.35,0.83,4.2,0.86,2.67,0.43,2.71,0.44,2.48,2.48
289,14,10,116,8,27,35,11,112,198,28,435,23,124,39,47,1.86,1.21,48.02,98.98,9.03,38.33,6.8,1.27,7.04,0.87,4.78,0.93,2.81,0.45,2.81,0.46,2.15,2.15
310,16,9,113,7,23,54,15,122,116,27,320,19,163,45,64,2.03,1.3,48.94,98.24,9.74,38.29,6.52,1.34,6.75,0.83,4.64,0.88,2.72,0.44,2.69,0.44,2.11,2.11
349,15,12,116,8,26,52,17,114,288,29,294,21,142,55,73,2.13,1.36,48.61,88.25,9.27,36.17,6.52,1.41,6.82,0.9,5.21,1.06,3.15,0.49,3.07,0.5,1.81,1.81
365,17,10,132,9,18,35,14,158,161,31,303,26,120,33,60,2.66,1.85,46.69,89.25,9.16,42.11,7.05,1.26,7.42,0.88,4.95,0.98,3.07,0.48,2.96,0.48,2.24,2.24
467,20,10,162,11,23,39,12,196,72,32,207,29,120,37,78,2.93,1.84,46.76,88.65,8.94,34.87,5.86,1.16,6.25,0.8,4.12,0.83,2.53,0.4,2.43,0.41,2.45,2.45
303,14,13,106,7,26,45,12,113,185,28,248,21,116,45,106,2.06,1.39,43.7,82.68,8.75,31.6,5.59,1.19,5.8,0.78,4.18,0.91,2.8,0.46,2.83,0.46,1.76,1.76
396,17,11,109,9,23,40,12,94,216,29,338,22,132,34,50,1.46,0.88,43.12,79.7,8.2,31.95,5.63,1.26,6.02,0.8,4.61,0.96,2.91,0.47,2.98,0.48,1.76,1.76
417,17,13,114,9,30,54,17,108,252,29,310,23,152,48,74,2.85,1.25,49.58,96.81,9.98,37.04,7.45,1.43,7.87,0.92,5.57,1.08,3.21,0.55,3.28,0.54,1.94,1.94
263,12,12,106,5,27,36,14,74,326,25,317,21,102,52,55,1.43,1.04,48.56,89.01,9.1,37.13,6.8,1.52,6.97,0.93,5.12,1.05,3.15,0.51,3.01,0.48,2.06,2.06
384,15,11,95,9,33,33,12,97,266,27,371,22,97,30,57,1.8,1.01,46.8,91.74,9.94,36.21,6.58,1.45,7,0.82,4.91,0.84,3.07,0.5,2.96,0.54,2.73,2.73
315,13,13,104,6,28,50,14,110,240,26,271,22,158,59,64,1.92,1.17,47.38,88.42,8.86,32.63,6.39,1.36,6.61,0.82,4.56,0.89,2.69,0.44,2.76,0.44,1.85,1.85
434,16,12,104,8,26,47,10,158,234,29,242,19,126,47,59,2.33,1.38,54.82,99.64,9.45,33.16,6.48,1.34,6.45,0.86,4.72,0.95,2.88,0.47,2.96,0.48,2,2
368,18,13,151,8,30,56,17,129,156,32,297,24,160,57,73,2.04,1.44,47.56,95.51,9.03,38.65,6.98,1.49,7.51,0.93,5.06,0.89,3.08,0.5,2.95,0.49,2.35,2.35
323,13,10,99,9,30,37,10,121,173,30,359,22,118,44,61,2.28,1.31,46.09,91.97,9.62,37.99,7.42,1.4,7.45,0.95,4.99,1.01,2.79,0.5,3.03,0.49,2.05,2.05
300,13,11,97,7,22,40,12,121,156,27,324,19,132,42,70,1.73,1.16,42.85,86.19,8.95,34.17,6.3,1.2,6.43,0.81,4.32,0.87,2.59,0.41,2.53,0.4,1.91,1.91
338,12,10,97,8,28,37,11,106,265,28,365,22,127,39,66,1.9,1.11,41.47,84.12,8.84,33.78,7.2,1.36,7.19,0.93,4.7,0.99,3.02,0.46,2.85,0.46,1.79,1.79
450,20,12,120,11,27,58,16,179,173,34,227,21,134,46,78,2.61,1.63,47.42,96.3,9.16,38.86,6.32,1.44,7.96,0.91,4.27,1.05,2.63,0.49,2.57,0.47,2.09,2.09
298,15,11,110,9,18,36,12,122,102,28,218,25,108,31,55,2.37,1.89,52.28,96.04,8.67,35.89,6.61,1.24,6.81,0.84,4.66,0.96,2.99,0.48,3.04,0.49,2.36,2.36
347,14,11,101,7,29,40,14,101,220,26,269,21,127,45,76,1.75,1.52,36.67,78.8,7.11,27.82,5.24,1.35,6.18,0.82,5.34,1.06,3.13,0.5,3.13,0.48,1.97,1.97
341,15,13,115,7,31,39,15,88,262,30,299,21,110,54,69,1.51,1.3,44.26,82.48,9.35,38.19,6.74,1.68,6.98,0.98,5.72,1.1,3.67,0.58,3.52,0.56,1.65,1.65
338,14,12,106,9,24,37,12,83,273,28,395,27,96,33,51,2.37,1.49,48.04,99.1,9.54,39.33,7.64,1.68,7.56,0.95,5.82,1.12,3.98,0.61,3.97,0.62,2.25,2.25
331,14,10,94,11,29,35,9,102,201,27,360,25,104,38,55,1.76,1.02,42.31,88.19,8.5,33.13,5.85,1.22,5.86,0.78,4.47,0.92,2.64,0.47,2.67,0.43,2.08,2.08
403,18,12,111,12,35,50,15,148,160,33,317,24,139,46,74,2.45,1.2,47.09,98.28,9.97,37,7.1,1.48,6.88,0.9,5.15,1.04,3.14,0.52,3.05,0.5,2.12,2.12
354,15,12,107,9,30,42,13,129,128,30,316,19,130,51,78,2.09,1.18,42.2,86.51,8.65,33.38,5.9,1.21,5.54,0.73,4.18,0.83,2.45,0.42,2.39,0.38,1.7,1.7
327,14,12,109,8,37,42,13,111,182,28,344,22,133,48,62,1.81,1.21,46.97,92.71,9.76,36.64,6.56,1.3,5.91,0.81,4.68,0.94,2.85,0.47,2.72,0.44,1.9,1.9
389,20,12,116,12,35,51,17,168,103,34,283,21,136,54,76,2.59,1.48,46.43,90.46,9.99,38.74,7.56,1.49,6.81,0.88,4.54,0.89,2.83,0.47,2.8,0.46,2.5,2.5
354,15,12,129,9,31,58,18,123,146,33,358,24,163,73,67,1.95,1.48,48.14,84.48,10.58,44.08,8.8,1.82,7.68,1.71,6.94,1.23,3.7,0.57,3.48,0.59,12.59,12.59
337,16,11,128,10,34,66,20,112,107,46,437,23,308,160,74,2.18,1.35,50.4,90.98,12.79,56.33,12.5,2.85,11.61,2.69,10.94,1.95,5.86,0.86,5.14,0.84,14.84,14.84
391,18,11,117,10,30,49,18,159,145,33,258,21,135,52,85,2.12,1.77,45.2,77,10.05,41.1,8.01,1.59,6.74,1.57,6.39,1.16,3.5,0.54,3.29,0.51,8.74,8.74
345,16,11,106,8,28,48,14,129,223,30,271,21,132,36,68,2,1.67,44.06,74.86,9.46,37.61,7.33,1.41,6.06,1.37,5.65,1.03,3.2,0.51,3.06,0.5,9.09,9.09
294,17,13,131,7,24,58,18,90,158,28,221,21,166,61,64,1.36,1.46,35.81,64.64,8.01,32.62,6.42,1.43,5.5,1.3,5.4,0.95,2.86,0.45,2.76,0.46,8.32,8.32
340,15,11,110,8,22,41,16,87,236,28,295,22,131,56,48,1.49,1.47,40.48,73.83,9.39,38.31,7.67,1.72,6.64,1.54,6.39,1.16,3.43,0.55,3.38,0.56,10.82,10.82
401,16,12,107,9,31,49,16,101,252,29,301,21,124,44,74,1.74,1.41,45.42,84.86,10.59,42.9,8.3,1.74,7.05,1.59,6.54,1.19,3.52,0.54,3.24,0.57,10.66,10.66
454,17,11,107,11,34,46,17,113,200,30,287,21,117,44,77,1.68,1.27,44.64,79.4,10.06,40.52,7.61,1.67,6.49,1.52,6.03,1.07,3.27,0.48,2.97,0.5,9.49,9.49
433,17,12,117,12,29,51,13,134,161,33,352,25,144,45,58,1.84,1.33,50.43,87.29,10.89,44.3,8.34,1.64,6.83,1.5,6.3,1.16,3.47,0.54,3.3,0.58,12.01,12.01
379,16,11,109,10,32,43,13,129,181,32,356,23,102,38,64,1.88,1.34,60.3,101.82,13.29,52.82,9.8,1.8,8.2,1.81,7.34,1.3,4.03,0.63,3.84,0.65,12.93,12.93
425,15,9,108,11,34,42,12,121,170,29,377,24,125,42,58,1.66,1.29,47.81,84.36,10.59,42.15,8.09,1.59,6.56,1.54,6.17,1.12,3.48,0.55,3.47,0.59,13.11,13.11
417,17,9,125,12,28,39,13,143,136,34,423,24,124,31,57,1.85,1.45,52.67,91.99,11.72,47.2,8.93,1.62,7.5,1.74,7.02,1.25,3.78,0.6,3.81,0.65,13.84,13.84
397,21,12,142,11,32,70,20,166,126,36,313,25,171,56,69,2.04,1.56,51.43,90.55,11.76,47.86,9.35,1.92,7.51,1.69,6.86,1.21,3.64,0.59,3.49,0.58,11.26,11.26
360,17,13,134,9,27,59,18,137,137,33,305,22,141,51,70,2.15,1.48,51.01,89.12,11.21,44.9,8.67,1.65,7.09,1.64,6.31,1.18,3.54,0.54,3.48,0.59,11.33,11.33
316,14,9,94,9,33,38,10,127,182,28,326,23,114,38,57,1.92,1.24,44.52,77.04,9.71,37.3,6.99,1.3,5.82,1.37,5.49,1.02,3.02,0.47,3.09,0.54,10.88,10.88
402,19,11,113,10,29,51,16,161,143,33,258,22,128,46,72,2.24,1.71,44.48,77.75,10.06,39.55,7.51,1.47,6.28,1.48,5.81,1.03,3.09,0.47,3.01,0.51,8.01,8.01
363,20,13,133,9,58,53,21,149,145,31,202,23,139,57,78,2.23,1.87,39.19,67.42,8.82,34.06,6.56,1.33,5.48,1.38,5.58,1.05,3.11,0.5,3.07,0.48,7.06,7.06
313,15,11,110,8,24,41,11,89,255,27,329,23,124,40,68,1.69,1.68,52.55,89.68,11.01,42.08,7.84,1.57,6.46,1.51,6.11,1.17,3.54,0.58,3.59,0.66,13.09,13.09
403,16,11,99,9,27,40,13,87,369,25,276,21,124,42,51,1.73,1.48,40.13,73.44,9.24,36.74,7,1.61,5.85,1.32,5.38,0.99,2.97,0.46,2.97,0.51,9.53,9.53
389,14,9,99,9,27,38,10,103,257,27,328,23,113,29,52,1.64,1.25,42.88,75.96,9.59,36.43,6.54,1.3,5.22,1.22,4.74,0.92,2.82,0.44,2.9,0.54,10.65,10.65
429,17,12,106,11,33,55,15,122,178,30,256,21,113,46,76,1.94,1.24,46.32,80.52,9.94,38.46,6.96,1.4,5.41,1.22,4.74,0.88,2.64,0.41,2.53,0.44,7.56,7.56
387,16,10,108,11,31,48,14,142,150,32,330,23,126,38,68,1.8,1.36,45.77,81.35,9.87,38.89,7.1,1.33,5.71,1.36,5.38,1,3.04,0.47,3.1,0.55,10.32,10.32
350,16,11,107,10,27,40,10,135,124,33,371,24,123,35,61,2,1.63,51.87,94.96,12.08,46.28,8.68,1.52,6.86,1.65,6.29,1.17,3.61,0.57,3.61,0.65,13.52,13.52
443,15,11,105,10,36,45,13,128,203,29,322,21,119,45,67,1.77,1.36,48.01,83.02,10.22,39.17,7.22,1.4,5.74,1.4,5.65,1.03,3.13,0.5,3.19,0.59,11.38,11.38
361,14,8,103,10,25,31,11,117,163,29,420,24,111,29,55,1.67,1.18,48.36,84.99,10.63,41.54,7.61,1.32,5.86,1.38,5.47,1.04,3.12,0.51,3.25,0.63,12.73,12.73
399,19,12,150,10,27,56,16,142,137,34,298,23,163,49,75,1.89,1.46,49.06,82.63,10.86,42.81,8,1.6,6.3,1.46,5.75,1.06,3.08,0.51,3.16,0.55,9.67,9.67
346,17,10,143,10,26,41,16,153,136,33,408,28,114,37,56,1.84,1.52,49.27,86.49,10.65,41.04,7.6,1.38,6.16,1.48,5.93,1.12,3.44,0.57,3.74,0.72,14.13,14.13
280,13,11,93,8,24,39,11,102,184,27,293,18,115,29,57,1.67,1.33,40.84,73.5,9.55,37.38,7.16,1.34,6.38,1.43,5.51,0.99,2.87,0.45,2.87,0.5,10.24,10.24
263,13,11,111,8,16,36,12,114,119,31,287,22,99,43,56,1.82,1.87,61.18,104.36,13.27,52.57,9.98,1.7,8.64,1.88,7.42,1.28,3.89,0.61,3.7,0.63,10.58,10.58
319,16,12,114,8,24,51,16,95,201,28,260,20,133,39,61,1.85,1.56,39.37,73.66,9.11,36.83,7.19,1.48,6.4,1.52,5.98,1.1,3.32,0.53,3.24,0.57,9.73,9.73
305,13,11,97,7,30,35,11,92,322,25,271,25,115,42,54,1.58,1.29,38.1,66.85,8.72,34.82,6.68,1.37,5.91,1.34,5.23,0.96,2.92,0.48,2.82,0.51,9.32,9.32
428,17,11,106,10,28,53,15,138,205,31,269,23,143,52,72,2.3,1.71,53.94,92.45,11.89,46.2,8.68,1.67,7.66,1.84,7.39,1.36,4.03,0.64,3.87,0.68,12,12
390,16,11,123,8,26,57,14,107,219,30,324,25,184,56,59,1.69,1.4,46.3,86.4,10.61,42.16,8.21,1.62,7.3,1.64,6.57,1.16,3.48,0.55,3.3,0.61,12.1,12.1
458,16,11,110,10,36,48,12,135,166,29,343,22,122,43,76,2.05,1.54,58.13,99.38,12.5,48.72,8.8,1.57,7.1,1.56,6.25,1.06,3.21,0.54,3.26,0.62,11.53,11.53
380,13,10,91,10,28,39,10,127,189,28,332,21,115,39,68,1.85,1.35,47.63,82.91,10.57,40.99,7.64,1.35,6.69,1.53,5.97,1.1,3.29,0.54,3.29,0.64,12.51,12.51
389,16,11,109,9,25,46,14,130,117,30,312,21,144,49,57,1.8,1.46,43.08,75.81,9.44,37.15,7.16,1.34,6.05,1.36,5.36,0.97,2.93,0.5,3.03,0.56,10.34,10.34
420,20,11,126,11,41,54,19,144,111,34,327,25,161,50,74,2.06,1.63,51.27,90.55,11.47,45,8.79,1.61,7.23,1.66,6.31,1.14,3.44,0.57,3.42,0.66,11.68,11.68
432,16,9,105,12,36,40,13,144,178,33,395,26,124,42,63,1.93,1.42,57.03,99.27,12.42,47.18,8.74,1.47,7.16,1.61,6.24,1.12,3.45,0.59,3.67,0.73,14.37,14.37
317,13,12,94,7,37,48,14,108,298,26,270,20,122,45,83,1.72,1.24,39.45,69.44,8.81,34.62,6.53,1.19,5.29,1.19,4.58,0.8,2.45,0.44,2.71,0.52,9.08,9.08
280,13,12,109,7,28,38,10,117,216,28,334,21,108,37,58,1.7,1.24,43.06,76.31,9.77,37.66,7.02,1.23,5.84,1.3,5.12,0.91,2.74,0.47,2.86,0.61,11.66,11.66
275,11,10,101,8,22,33,10,104,199,27,392,24,106,32,45,1.85,1.44,48.97,86.85,10.94,42.26,7.94,1.28,6.4,1.4,5.54,0.99,3.03,0.53,3.19,0.75,15.79,15.79
391,19,12,117,11,77,45,15,167,148,32,203,21,117,59,76,2.23,2.09,68.66,119.35,14.8,59.12,10.8,1.77,8.65,1.9,6.88,1.19,3.56,0.54,3.33,0.49,6.42,6.42
324,15,13,117,8,24,45,17,65,261,28,288,26,141,118,56,1.39,1.42,43.54,80.55,9.66,39.74,7.66,1.75,6.79,1.64,6.46,1.2,3.63,0.56,3.56,0.54,10.41,10.41
404,18,11,103,10,35,53,14,115,234,29,261,22,129,42,67,1.77,1.27,44.68,78.8,9.76,39.84,7.45,1.53,6.17,1.42,5.63,1.03,3.09,0.47,3.04,0.45,8.52,8.52
367,16,11,124,8,26,49,16,112,183,30,289,23,135,70,64,1.54,1.2,41.45,72.34,9.03,36.09,6.82,1.4,5.79,1.39,5.72,1.06,3.24,0.49,3.1,0.46,10.13,10.13
383,15,11,104,8,36,43,13,132,305,29,309,22,108,51,60,1.74,1.25,49.64,86.69,10.38,40.55,7.39,1.4,6.23,1.47,5.85,1.1,3.33,0.51,3.25,0.47,10.49,10.49
437,17,12,101,10,31,55,11,146,161,30,256,23,105,40,70,1.95,1.25,57.95,97.31,11.71,45.74,8.2,1.52,6.78,1.57,6.15,1.14,3.47,0.52,3.31,0.5,9.54,9.54
349,13,11,98,8,30,39,9,131,243,28,285,19,106,38,64,1.93,1.28,45.65,81.41,9.84,39.43,7.42,1.41,6.21,1.48,5.76,1.04,3.17,0.49,3.1,0.46,9.72,9.72
380,13,10,96,10,32,36,12,121,134,29,383,23,104,41,58,1.51,1.1,56.97,98.61,11.82,45.65,8.26,1.47,6.84,1.62,6.41,1.18,3.63,0.55,3.48,0.51,11.28,11.28
362,14,9,102,10,33,36,12,111,132,29,426,26,115,29,52,1.5,1.2,55.08,97.89,11.72,44.98,8.05,1.42,6.69,1.6,6.25,1.19,3.57,0.55,3.45,0.52,12.8,12.8
485,16,12,104,13,34,39,13,140,194,31,340,25,118,35,70,1.84,1.33,56.3,99.19,11.81,45.96,8.54,1.63,7.2,1.73,6.79,1.26,3.83,0.59,3.75,0.56,12.41,12.41
642,18,11,104,14,33,38,13,147,152,30,317,21,112,38,63,1.45,0.95,43.03,72.48,8.79,34.58,6.22,1.32,5.01,1.18,4.65,0.87,2.65,0.4,2.62,0.39,8.36,8.36
417,15,12,102,12,29,39,11,125,205,29,360,22,129,37,62,1.54,1.06,40.81,71.82,8.92,35.28,6.59,1.21,5.46,1.3,5.12,0.93,2.81,0.43,2.79,0.41,9.93,9.93
439,15,12,125,11,28,33,12,129,188,30,406,25,131,34,52,1.66,1.45,50.17,88.04,10.71,42.36,7.91,1.51,6.5,1.56,6.18,1.13,3.47,0.54,3.53,0.52,13.72,13.72
322,13,12,89,11,13,28,10,63,83,19,310,9,79,18,33,1.41,1.14,37.11,66.33,7.27,29.16,4.54,1.21,3.86,0.72,4.82,0.91,2.85,0.44,2.91,0.44,11.59,11.59
309,15,14,101,14,19,29,15,88,95,28,241,10,67,26,41,1.58,1.27,39.36,66.61,7.93,31.96,5.28,1.24,4.66,0.94,6.61,1.32,4.13,0.62,3.83,0.58,9.37,9.37
298,17,17,120,9,17,39,18,62,368,29,460,12,120,52,86,1.35,1.15,48.57,91.23,10.60,45.13,7.28,1.99,6.15,1.13,7.10,1.33,4.07,0.57,3.62,0.53,12.66,12.66
311,17,16,113,9,16,37,15,47,387,29,583,12,130,35,58,1.50,1.45,47.36,93.20,11.21,48.33,9.11,2.73,7.71,1.43,9.28,1.68,5.01,0.74,4.76,0.71,27.85,27.85
315,14,14,118,8,21,32,15,86,271,31,420,15,94,45,75,0.50,0.22,9.69,16.60,2.26,9.46,1.78,0.45,1.49,0.25,1.58,0.26,0.79,0.12,0.77,0.11,1.40,1.40
266,16,17,137,10,16,47,21,62,243,31,839,24,145,43,65,1.77,1.42,27.29,54.41,6.01,25.49,5.40,2.06,5.24,1.17,8.42,1.56,4.82,0.74,4.89,0.79,38.29,38.29
313,17,14,81,19,28,28,14,84,222,23,297,11,82,27,55,1.27,1.42,23.50,47.85,5.17,21.88,4.41,1.46,4.07,0.83,6.39,1.18,3.50,0.55,3.44,0.53,9.83,9.83
159,14,19,154,5,22,74,24,43,184,23,249,18,202,54,89,1.44,1.21,39.18,77.56,7.73,31.33,5.40,1.64,4.73,0.88,6.11,1.06,3.20,0.48,3.00,0.47,11.82,11.82
298,16,16,137,7,31,27,16,63,251,29,307,10,89,42,102,1.18,1.50,30.85,58.12,6.66,28.61,5.61,1.80,5.25,1.07,7.61,1.40,4.20,0.62,4.01,0.62,10.15,10.15
317,16,17,153,14,25,53,24,68,187,25,264,11,136,65,86,1.22,1.44,51.53,91.92,9.80,39.33,6.58,1.74,5.87,1.03,6.83,1.20,3.58,0.53,3.39,0.52,9.10,9.10
229,18,19,308,9,23,55,29,49,137,23,208,20,128,113,105,1.12,1.58,44.40,82.31,8.99,37.26,6.66,1.80,5.99,1.04,6.43,1.22,3.59,0.52,3.26,0.51,4.74,4.74
343,15,18,150,9,26,33,17,58,218,26,209,10,102,49,89,1.15,1.33,39.83,76.60,8.14,33.49,5.95,1.80,5.49,1.01,6.67,1.27,3.85,0.58,3.82,0.59,4.98,4.98
309,15,19,197,6,20,34,26,48,182,23,204,11,100,66,106,0.95,1.37,28.17,52.92,6.26,27.18,5.12,1.81,4.90,0.92,6.00,1.18,3.53,0.56,3.57,0.53,5.41,5.41
240,16,16,127,6,17,73,17,36,323,26,348,11,271,42,59,1.24,1.33,37.22,75.10,9.10,41.59,7.57,2.28,6.55,1.15,7.11,1.33,3.87,0.58,3.54,0.54,8.98,8.98
260,17,15,101,10,17,28,11,37,344,56,1026,17,113,31,52,1.13,2.97,53.11,107.71,12.49,55.49,13.55,3.03,13.73,2.55,16.23,3.14,8.16,1.31,7.78,1.22,42.85,42.85
273,16,21,149,9,13,45,16,41,273,32,422,14,161,62,67,1.12,3.12,32.68,66.41,7.40,32.74,7.27,2.04,6.79,1.36,8.20,1.62,4.55,0.71,4.52,0.69,11.92,11.92
273,20,16,104,13,22,27,15,82,319,31,615,15,59,31,68,1.68,2.64,49.37,99.92,10.10,41.85,8.04,2.12,7.58,1.41,8.06,1.60,4.42,0.64,4.28,0.68,21.52,21.52
293,17,18,124,14,19,36,21,90,243,29,365,16,80,48,80,1.70,1.28,46.22,88.86,9.66,38.41,6.79,1.94,6.12,1.15,7.88,1.39,4.33,0.63,4.15,0.63,16.29,16.29
385,16,18,116,16,18,28,11,95,248,30,776,18,74,43,65,1.93,1.25,33.22,72.31,7.07,28.79,5.64,1.95,5.34,1.07,7.91,1.46,4.39,0.68,4.54,0.76,27.39,27.39
166,14,17,184,7,23,47,24,44,226,28,246,15,153,49,101,1.17,1.49,23.47,44.47,5.42,23.74,4.85,1.85,4.44,0.95,7.25,1.32,4.02,0.61,3.97,0.62,6.45,6.45
261,18,16,119,6,30,21,12,65,323,37,411,10,58,39,67,1.35,1.44,29.86,67.10,6.65,29.56,6.19,1.82,5.45,1.17,9.29,1.69,5.15,0.77,4.95,0.75,11.60,11.60
267,16,19,137,7,32,28,16,58,244,29,270,10,92,40,83,1.16,1.43,32.21,61.97,6.86,29.35,5.48,1.79,4.80,0.98,7.79,1.42,4.41,0.67,4.26,0.68,9.13,9.13
185,17,22,336,2.5,19,39,31,32,205,26,247,21,105,120,108,1.02,5.18,26.70,57.65,6.41,28.79,6.85,1.91,6.18,1.28,7.62,1.44,4.06,0.67,3.84,0.58,8.30,8.30
222,22,28,479,2.5,5,58,50,17,130,24,212,34,121,228,112,1.04,7.91,30.04,65.60,7.77,34.91,7.76,2.24,6.90,1.36,8.05,1.46,4.32,0.61,3.95,0.62,6.93,6.93
199,22,25,557,5,12,63,49,21,108,24,231,40,139,218,124,1.11,8.11,29.88,65.25,7.52,34.46,7.55,2.14,6.69,1.28,7.56,1.47,3.91,0.57,3.95,0.58,8.40,8.40
298,24,26,471,5,5,62,53,19,120,24,211,36,111,258,115,1.24,8.34,30.22,65.06,7.75,34.79,7.54,2.19,6.93,1.31,7.65,1.47,4.12,0.62,3.84,0.61,9.30,9.30
312,16,17,114,8,16,95,25,61,242,36,450,16,416,59,87,1.38,0.95,38.52,76.51,8.44,34.75,7.11,2.55,6.71,1.32,7.45,1.56,4.30,0.63,3.92,0.57,13.60,13.60
353,17,16,101,8,17,49,16,73,260,35,607,17,151,37,72,1.54,0.84,33.81,69.17,7.36,30.34,6.31,2.40,6.03,1.15,6.58,1.40,3.71,0.57,3.60,0.53,16.24,16.24
361,19,15,119,11,18,44,14,74,379,38,607,15,124,39,76,1.60,0.90,37.47,72.04,8.51,35.96,7.55,2.70,7.42,1.38,7.97,1.68,4.50,0.69,4.14,0.59,18.20,18.20
353,21,17,113,9,18,29,13,59,489,32,645,14,103,23,72,1.51,0.88,37.36,91.15,9.88,38.49,7.85,2.95,7.12,1.27,6.66,1.36,3.56,0.53,3.42,0.48,16.84,16.84
348,18,18,135,16,22,44,16,83,239,45,479,18,114,44,61,1.58,1.10,57.16,115.08,12.44,49.73,9.82,2.53,9.35,1.67,8.83,1.85,5.11,0.79,4.81,0.69,14.37,14.37
297,18,18,139,17,26,49,15,96,247,40,396,17,152,65,78,1.69,1.07,55.19,106.47,10.83,40.87,7.45,2.25,7.38,1.34,7.61,1.66,4.57,0.73,4.76,0.68,13.58,13.58
426,21,15,85,59,21,19,12,155,211,30,376,16,22,33,58,2.33,0.95,90.45,163.65,16.17,56.44,9.48,2.19,8.34,1.24,5.71,1.14,3.16,0.47,2.92,0.41,11.57,11.57
247,17,19,245,2.5,16,37,22,34,214,28,289,17,109,67,84,1.45,1.11,32.82,61.00,7.00,27.69,5.56,1.99,5.17,0.97,5.31,1.17,3.21,0.50,3.22,0.46,9.62,9.62
329,16,16,120,6,22,37,17,49,201,27,407,16,102,70,72,1.75,0.85,35.63,69.86,7.02,27.06,5.07,1.80,4.75,0.85,4.71,1.02,2.84,0.44,2.89,0.42,12.08,12.08
477,17,16,105,13,25,42,11,66,277,24,530,12,121,39,68,1.97,0.83,62.89,106.38,11.80,45.10,7.21,2.30,6.39,0.98,4.55,0.93,2.52,0.38,2.38,0.36,13.02,13.02
353,15,15,114,11,24,39,12,69,107,29,436,16,123,40,75,1.42,1.10,52.93,103.19,10.59,40.12,6.77,1.99,6.09,0.93,4.65,0.98,2.76,0.39,2.71,0.38,12.84,12.84
222,20,24,453,5,13,56,41,32,113,26,232,36,132,199,123,1.27,1.24,29.69,63.93,7.45,32.68,6.75,2.62,6.45,1.17,6.41,1.34,3.49,0.53,3.28,0.45,7.89,7.89
260,15,22,273,6,16,52,36,43,95,28,327,19,128,97,82,1.43,1.01,30.45,65.22,7.14,29.22,5.83,1.92,5.35,0.99,5.25,1.09,2.97,0.44,2.85,0.41,9.87,9.87
396,18,15,117,9,11,49,15,66,251,36,618,18,154,36,82,1.39,0.88,44.40,82.51,9.53,39.06,7.48,2.60,7.13,1.32,6.85,1.49,3.98,0.59,3.69,0.54,18.34,18.34
350,18,18,110,10,20,37,12,57,438,32,615,13,99,31,69,1.39,0.81,43.34,86.42,9.70,40.79,8.44,2.56,7.39,1.28,6.40,1.34,3.46,0.50,3.04,0.42,20.33,20.33
422,18,17,127,13,21,44,15,83,337,31,441,14,147,35,75,1.68,0.85,47.17,93.57,10.11,39.55,7.64,2.29,6.77,1.14,5.85,1.23,3.25,0.47,2.86,0.41,11.66,11.66
482,18,16,100,12,25,37,13,87,317,27,417,16,102,34,64,1.70,0.89,45.20,87.58,9.36,37.20,6.77,2.32,6.38,1.08,5.45,1.13,2.91,0.45,2.73,0.42,13.33,13.33
304,18,16,111,14,24,41,18,114,193,29,320,18,102,44,77,1.80,1.00,39.67,75.01,7.94,30.21,5.80,1.85,5.50,1.02,5.23,1.13,2.96,0.47,2.92,0.41,9.86,9.86
432,21,15,97,23,26,26,13,112,309,34,631,20,68,41,71,1.77,0.93,69.55,113.56,13.84,51.17,9.34,2.60,8.16,1.28,6.42,1.40,3.72,0.56,3.58,0.53,20.35,20.35
334,19,14,74,25,23,19,7,123,294,32,422,17,52,24,50,2.62,1.06,39.46,86.44,8.38,31.79,6.67,2.25,6.31,1.23,7.05,1.61,4.34,0.70,4.59,0.66,17.16,17.16
414,20,19,297,7,11,58,29,48,149,26,339,24,145,138,88,1.70,0.98,46.10,82.02,9.17,34.69,6.17,2.38,5.91,1.02,5.52,1.18,3.08,0.49,3.04,0.43,11.49,11.49
436,17,19,123,8,17,42,21,55,228,25,327,14,117,82,75,2.02,0.79,34.72,68.84,7.38,29.08,5.36,1.88,4.92,0.82,4.28,0.92,2.50,0.38,2.48,0.37,8.32,8.32
487,18,16,124,11,17,36,18,102,265,34,349,16,81,46,64,2.34,0.84,41.54,79.98,8.88,34.66,6.51,2.14,5.87,1.01,5.27,1.15,3.02,0.47,3.23,0.45,12.69,12.69
280,15,22,183,9,13,67,31,56,123,29,255,13,175,103,91,1.68,0.73,34.89,65.20,7.62,30.98,6.00,1.93,5.47,0.97,5.32,1.10,2.95,0.46,2.96,0.42,7.12,7.12
337,18,22,256,7,16,52,35,66,72,33,280,25,122,118,71,1.98,1.22,45.38,95.58,10.35,40.96,7.86,2.53,7.11,1.25,6.76,1.44,3.75,0.58,3.61,0.51,8.49,8.49
356,11,12,105,12,15,34,18,59,69,30,509,15,94,26,53,1.30,0.84,38.31,78.51,8.55,32.38,5.77,1.49,5.30,0.93,4.92,1.09,2.94,0.47,3.04,0.44,12.96,12.96
409,18,13,133,6,19,73,24,88,313,33,527,21,127,64,79,1.40,1.44,53.14,99.39,12.13,51.25,7.55,2.53,6.69,1.28,10.40,2.11,6.03,0.89,5.84,0.84,24.91,24.91
594,20,14,129,6,13,59,18,118,320,29,366,23,119,57,90,1.58,1.30,68.67,123.15,14.13,55.69,8.57,2.55,7.25,1.26,7.90,1.44,4.49,0.60,4.27,0.58,17.01,17.01
329,18,12,127,8,29,41,16,81,348,28,436,18,81,44,59,1.40,1.29,54.52,109.13,12.53,52.32,9.76,2.46,7.90,1.44,8.60,1.54,4.74,0.68,4.78,0.64,18.09,18.09
403,45,14,112,19,36,50,18,111,31,644,22,111,319,39,87,1.87,1.47,53.09,89.93,11.20,44.57,8.76,2.21,8.22,1.16,6.70,1.31,3.77,0.59,3.37,0.58,22.84,22.84
343,38,14,116,27,30,38,19,84,33,399,21,96,284,34,77,1.37,1.30,41.93,78.04,8.74,34.33,7.06,1.79,6.97,1.03,6.29,1.27,3.67,0.61,3.59,0.59,13.72,13.72
367,42,15,103,18,33,39,19,75,34,385,15,75,393,39,81,1.48,1.31,36.85,62.70,7.99,32.65,6.64,1.71,6.42,1.02,6.01,1.24,3.52,0.58,3.46,0.55,10.84,10.84
389,32,14,128,17,40,61,20,105,36,304,19,112,166,54,79,1.93,1.42,48.70,82.43,10.46,41.31,7.75,1.70,7.44,1.04,5.95,1.21,3.39,0.54,3.07,0.50,7.54,7.54
375,34,13,102,19,37,48,20,104,37,346,20,106,167,37,85,2.10,1.23,51.94,85.10,10.88,42.77,7.98,1.63,7.28,0.99,5.36,1.06,2.95,0.47,2.80,0.43,8.18,8.18
462,30,12,100,13,40,43,17,117,32,315,19,98,227,44,94,2.31,1.24,46.46,81.31,9.74,37.71,7.02,1.45,6.99,0.96,5.49,1.18,3.35,0.56,3.43,0.59,9.81,9.81
333,26,13,103,23,39,45,17,115,37,404,20,97,135,37,75,2.10,1.10,50.66,87.76,10.82,41.96,7.73,1.44,7.54,1.02,5.86,1.22,3.50,0.60,3.57,0.62,11.45,11.45
305,35,14,103,18,33,53,18,112,35,364,21,118,125,42,74,1.93,1.26,46.56,83.77,10.21,39.98,7.30,1.41,7.28,0.98,5.76,1.15,3.47,0.60,3.63,0.60,11.07,11.07
427,31,13,101,16,38,43,21,120,37,367,20,110,114,40,77,2.28,1.29,56.74,97.60,12.18,47.35,8.57,1.57,8.18,1.07,5.92,1.20,3.56,0.55,3.26,0.57,10.60,10.60
363,22,10,107,19,36,42,22,97,35,418,20,124,101,39,74,1.71,1.10,43.88,75.60,9.66,37.78,7.21,1.32,6.92,0.91,5.39,1.11,3.20,0.56,3.12,0.56,12.52,12.52
603,21,14,140,7,18,61,18,121,294,35,487,23,119,65,100,1.66,1.33,105.58,187.41,20.13,78.16,12.13,2.79,10.84,1.85,10.57,1.93,6.28,0.88,5.81,0.79,21.79,21.79
412,17,15,126,2,21,51,18,103,407,33,550,21,91,61,76,1.43,1.26,72.97,137.58,15.78,64.75,10.67,2.69,8.81,1.66,10.73,1.94,5.96,0.88,5.90,0.83,23.53,23.53
436,18,13,126,8,21,64,21,87,335,34,508,20,143,50,69,1.60,1.44,51.79,104.56,12.72,53.99,10.25,2.89,8.14,1.65,11.26,2.06,6.18,0.94,6.40,0.90,21.59,21.59
392,38,14,106,20,30,42,22,67,32,501,20,110,198,38,85,1.53,1.36,44.65,76.23,9.16,35.60,6.75,1.53,6.36,0.85,5.06,1.04,3.12,0.54,3.07,0.53,16.62,16.62
285,38,16,116,16,31,48,19,64,31,418,18,93,318,44,90,1.33,1.52,40.58,69.35,8.82,35.75,6.96,1.78,6.65,0.90,5.37,1.10,3.30,0.53,2.91,0.56,13.63,13.63
402,36,16,92,21,35,53,19,79,31,326,16,88,270,44,82,1.47,1.18,38.53,65.23,8.21,33.40,6.41,1.35,5.86,0.80,4.73,0.99,2.86,0.52,2.70,0.49,9.97,9.97
301,35,16,98,23,30,55,19,92,33,332,20,102,192,38,77,1.75,1.21,43.57,78.20,9.29,36.68,6.70,1.29,6.14,0.80,4.67,0.99,2.89,0.50,2.85,0.46,9.77,9.77
315,33,16,99,19,40,46,21,102,37,341,18,104,155,42,77,1.88,1.16,48.41,79.51,10.36,39.78,7.39,1.40,6.71,0.87,5.29,1.07,3.13,0.53,3.04,0.53,9.45,9.45
336,33,14,100,21,37,45,17,115,35,340,19,103,166,41,80,2.12,1.21,45.93,73.09,9.60,37.84,7.08,1.43,6.56,0.89,5.29,1.12,3.19,0.53,3.02,0.54,9.41,9.41
348,27,14,99,20,43,52,16,119,33,349,20,117,152,38,80,2.15,1.24,45.94,81.31,10.05,39.27,7.38,1.46,7.36,1.03,6.11,1.17,3.28,0.59,3.68,0.53,10.28,10.28
304,35,14,96,15,35,49,18,114,34,377,20,117,132,37,78,2.04,1.19,45.81,83.11,9.83,39.35,7.56,1.39,7.03,0.96,6.03,1.14,3.26,0.57,3.68,0.51,10.99,10.99
354,29,13,105,17,38,45,17,100,36,432,21,121,131,36,78,1.78,1.19,52.10,88.70,11.22,43.74,8.01,1.47,7.88,1.06,6.30,1.24,3.43,0.61,3.75,0.56,13.04,13.04
285,32,12,96,19,39,37,17,90,33,498,19,125,96,36,72,1.77,1.24,48.86,83.89,10.59,41.68,7.76,1.41,7.69,1.08,6.68,1.29,3.71,0.66,4.22,0.61,15.56,15.56
427,17,14,125,5,19,44,18,96,369,27,443,17,96,64,84,1.48,1.24,57.29,101.68,12.17,50.90,8.69,2.29,7.66,1.33,7.98,1.45,4.50,0.67,4.57,0.65,19.63,19.63
423,16,15,130,2,12,99,26,80,262,46,428,29,200,77,91,1.53,1.62,48.91,94.09,12.42,55.76,11.93,3.31,9.11,2.16,16.86,3.21,8.93,1.47,9.53,1.25,19.43,19.43
448,19,13,109,9,22,45,19,97,319,35,471,21,101,38,62,1.78,1.31,49.64,89.76,11.40,48.20,9.40,2.77,7.37,1.51,10.57,1.97,5.98,0.93,6.11,0.86,17.69,17.69
297,45,15,93,16,35,53,17,82,38,409,22,128,253,36,82,1.52,1.40,50.82,90.70,10.87,42.27,8.22,1.82,8.08,1.16,7.13,1.40,3.86,0.69,4.37,0.65,13.88,13.88
324,34,16,112,18,36,57,16,75,36,344,18,129,275,43,88,1.44,1.32,29.45,49.63,6.39,26.56,5.41,1.57,5.85,0.92,5.98,1.16,3.34,0.58,3.86,0.51,8.85,8.85
308,37,16,82,23,36,51,20,89,30,303,17,91,252,32,78,1.66,1.19,36.89,64.60,7.83,31.49,6.11,1.40,6.36,0.91,5.54,1.10,3.11,0.51,3.48,0.49,9.68,9.68
363,27,14,97,20,35,54,18,107,29,347,18,117,179,32,71,1.87,1.25,41.02,74.51,9.11,34.68,6.61,1.29,6.46,0.90,5.49,1.03,3.01,0.53,3.42,0.47,9.77,9.77
392,28,12,92,18,39,52,18,111,33,347,19,103,179,37,79,1.94,1.17,50.27,83.05,10.36,40.51,7.69,1.55,7.62,1.02,6.09,1.12,3.18,0.53,3.35,0.50,11.87,11.87
271,31,14,92,18,37,52,17,105,31,323,20,106,196,41,81,1.97,1.18,39.94,67.97,8.46,32.40,6.38,1.26,6.10,0.86,5.47,1.03,2.91,0.48,3.31,0.48,11.95,11.95
335,32,14,98,21,40,48,17,116,34,343,19,110,144,37,77,1.95,1.17,49.36,82.62,10.15,39.12,7.29,1.42,7.15,1.00,6.06,1.15,3.13,0.54,3.39,0.50,8.53,8.53
352,36,11,91,20,34,41,17,114,33,402,21,113,139,31,78,1.85,1.07,43.01,75.53,9.63,37.80,7.02,1.37,7.08,0.96,5.55,1.16,3.21,0.49,2.96,0.54,12.88,12.88
301,27,10,97,18,40,40,20,87,33,523,19,114,94,32,71,1.54,1.15,51.82,90.96,11.40,44.18,7.88,1.41,7.92,1.04,5.80,1.23,3.57,0.58,3.44,0.62,17.54,17.54
239,30,12,114,20,33,44,19,82,34,551,21,110,86,40,75,1.44,1.20,44.69,80.20,10.18,39.90,7.40,1.35,7.52,1.02,5.79,1.23,3.51,0.54,3.43,0.59,16.10,16.10
462,18,12,113,5,26,38,21,84,329,45,603,29,71,36,74,1.95,1.49,58.18,111.98,13.66,58.70,10.88,3.31,8.95,2.00,16.05,3.15,9.22,1.52,9.86,1.39,30.19,30.19
466,19,13,140,6,29,60,20,138,201,40,416,41,133,51,74,2.56,1.50,77.39,138.82,16.01,60.47,9.30,2.54,10.06,1.72,10.68,2.12,6.91,1.13,7.73,1.10,19.71,19.71
496,18,13,112,7,25,51,18,88,353,33,392,26,99,42,66,2.01,1.38,49.22,100.87,12.29,54.06,9.73,3.02,7.98,1.59,10.41,2.00,6.07,0.90,6.23,0.89,16.35,16.35
404,38,15,105,14,37,45,18,81,42,283,18,107,304,44,96,1.75,1.43,34.38,62.40,7.97,32.62,6.85,1.87,7.65,1.13,7.02,1.52,4.49,0.69,4.01,0.71,9.93,9.93
363,34,15,99,12,33,49,17,71,32,273,17,86,295,45,81,1.55,1.29,36.42,63.72,8.19,33.23,6.43,1.78,6.41,0.90,5.35,1.12,3.23,0.45,2.93,0.50,7.54,7.54
384,31,14,102,20,36,56,18,102,33,335,20,117,175,37,81,1.82,1.18,38.24,71.36,8.61,33.53,6.33,1.32,6.56,0.90,5.24,1.12,3.25,0.48,3.01,0.52,10.18,10.18
356,40,13,101,20,33,54,17,112,32,328,18,109,170,41,74,1.93,1.24,38.62,71.63,8.59,33.89,6.32,1.34,6.47,0.90,5.27,1.08,3.17,0.46,2.97,0.51,9.09,9.09
377,26,14,76,17,39,48,15,100,31,302,16,111,202,41,81,1.70,1.10,42.06,72.68,9.20,36.35,6.78,1.39,7.08,0.99,5.93,1.25,3.58,0.52,3.16,0.57,10.23,10.23
301,28,14,87,20,34,57,13,109,31,301,17,109,192,34,79,2.01,1.22,34.73,64.88,7.72,30.45,5.81,1.22,5.83,0.84,5.13,1.07,3.02,0.47,3.00,0.47,8.41,8.41
336,34,12,87,19,40,39,18,100,36,443,19,95,149,26,78,1.86,1.05,51.63,83.44,10.87,41.26,7.38,1.41,7.40,1.02,5.96,1.28,3.60,0.53,3.23,0.56,14.55,14.55
302,39,13,92,20,36,47,16,106,30,346,18,120,152,32,81,1.86,1.17,37.92,68.40,8.36,33.15,6.18,1.19,6.07,0.84,4.74,1.03,3.07,0.45,2.50,0.48,9.88,9.88
254,32,11,101,18,43,45,14,84,35,617,20,131,102,33,74,1.52,1.29,54.77,97.91,12.06,46.07,8.65,1.50,8.92,1.17,6.91,1.42,4.17,0.68,4.16,0.72,20.80,20.80
375,38,13,97,20,42,43,17,89,37,712,20,130,107,33,75,1.73,1.04,51.25,90.17,11.24,43.19,8.07,1.40,8.44,1.17,6.75,1.32,3.81,0.66,4.00,0.68,21.81,21.81
463,18,13,113,5,19,50,20,86,356,42,540,31,97,47,79,1.82,1.36,66.14,125.85,15.16,64.62,11.29,3.04,7.53,1.75,14.78,2.67,7.54,1.10,7.51,1.06,26.90,26.90
580,18,13,102,6,25,53,19,101,333,35,321,26,99,47,88,1.96,1.42,60.66,109.14,13.56,55.95,9.13,2.27,6.41,1.36,10.31,1.92,5.83,0.88,5.70,0.82,11.07,11.07
505,16,12,118,2,19,64,20,53,368,27,417,23,112,47,67,1.40,1.28,47.36,89.68,11.63,50.81,9.21,2.21,6.24,1.27,8.90,1.61,4.87,0.73,5.03,0.72,19.57,19.57
437,17,15,105,8,19,41,15,61,257,30,337,16,128,44,60,2.02,1.18,42.47,77.69,9.14,37.72,7.24,1.79,6.24,1.13,6.04,1.13,3.25,0.46,3.15,0.45,9.67,9.67
405,11,10,96,9,16,39,10,60,291,33,488,15,128,26,47,1.70,1.15,40.91,77.67,9.00,38.78,7.36,1.44,6.69,1.20,6.71,1.16,3.71,0.60,3.99,0.55,13.20,13.20
407,13,16,100,12,23,50,12,95,166,31,347,15,137,33,56,2.03,1.37,48.56,97.21,10.55,43.95,8.10,1.44,6.69,1.23,6.25,1.17,3.34,0.58,3.71,0.53,10.88,10.88
423,15,15,100,9,20,50,16,92,160,29,332,15,140,39,55,1.91,1.41,40.81,79.16,8.84,36.54,6.46,1.35,5.80,1.12,5.75,1.04,3.05,0.50,3.27,0.47,10.20,10.20
436,13,16,108,9,23,55,19,95,191,30,331,15,142,40,61,2.04,1.31,45.94,87.98,9.84,41.02,7.85,1.51,6.59,1.20,6.32,1.18,3.45,0.54,3.58,0.52,8.87,8.87
352,15,13,94,12,18,48,15,87,174,29,342,15,127,36,56,1.78,1.34,43.68,85.13,9.38,39.35,7.01,1.38,5.80,1.16,5.69,1.05,3.10,0.46,3.27,0.49,8.68,8.68
342,12,13,91,12,18,41,14,87,170,32,396,16,134,25,49,1.68,1.34,50.08,93.07,10.67,43.54,8.02,1.42,6.86,1.24,6.17,1.16,3.50,0.56,3.65,0.54,10.82,10.82
397,12,14,97,12,17,45,15,85,139,30,440,14,142,27,57,1.57,1.47,50.62,96.49,10.90,44.47,8.10,1.45,6.98,1.23,6.29,1.12,3.42,0.50,3.71,0.52,11.67,11.67
344,12,15,124,11,19,41,9,70,84,30,462,14,125,33,49,1.81,1.40,49.00,92.76,10.63,44.75,8.38,1.33,6.67,1.23,6.02,1.07,3.12,0.50,3.27,0.49,13.58,13.58
261,13,17,140,11,16,45,19,54,98,28,516,17,144,29,55,1.30,1.37,42.99,80.57,9.32,37.75,7.58,1.42,6.61,1.20,6.26,1.13,3.50,0.54,3.77,0.57,14.42,14.42
557,16,13,107,5,17,52,20,74,442,312,312,18,90,56,74,1.55,1.34,63.85,105.52,12.52,50.99,8.21,2.01,6.04,1.11,7.09,1.30,4.07,0.58,3.88,0.56,12.40,12.40
481,17,13,104,6,23,55,17,92,268,245,245,19,90,58,72,1.81,1.29,60.90,104.08,12.44,46.98,7.14,1.71,5.72,1.01,6.70,1.18,3.80,0.54,3.62,0.54,10.21,10.21
441,17,12,109,9,23,58,19,107,186,273,273,18,109,57,63,1.80,1.44,55.32,100.83,12.00,48.69,7.57,1.73,5.81,1.09,7.67,1.40,4.35,0.66,4.40,0.63,9.93,9.93
457,14,15,99,13,22,49,12,92,198,33,373,15,136,29,54,2.23,1.40,49.88,94.86,10.65,44.38,8.19,1.53,7.05,1.27,6.71,1.20,3.61,0.54,3.74,0.57,10.21,10.21
393,11,10,89,12,18,40,6,78,244,34,467,15,124,25,46,2.31,1.40,54.24,103.60,12.12,47.25,9.37,1.42,7.56,1.34,7.48,1.33,3.91,0.63,3.92,0.59,12.76,12.76
439,13,16,98,11,21,52,15,94,220,29,306,15,137,38,60,1.82,1.36,44.28,83.22,9.64,38.27,7.19,1.39,6.20,1.02,6.03,1.08,3.21,0.50,3.41,0.47,8.01,8.01
367,14,15,108,11,21,47,16,85,162,33,322,15,124,31,55,1.97,1.24,47.57,89.11,10.20,41.42,7.75,1.50,6.84,1.14,6.64,1.18,3.46,0.55,3.42,0.53,8.69,8.69
420,13,16,100,13,23,52,10,93,174,34,338,14,124,30,53,1.77,1.32,46.64,88.55,10.09,41.70,7.71,1.49,6.65,1.15,6.56,1.20,3.59,0.52,3.54,0.56,9.63,9.63
364,12,13,85,11,20,47,11,94,225,29,315,14,118,34,58,1.79,1.29,42.85,78.99,9.34,37.21,6.90,1.34,6.08,1.02,6.10,1.08,3.11,0.49,3.08,0.41,7.87,7.87
410,13,13,105,13,17,46,11,90,146,30,339,15,129,26,55,1.74,1.43,44.38,82.28,9.87,39.82,7.57,1.33,6.46,1.14,6.15,1.13,3.31,0.53,3.39,0.51,9.32,9.32
418,13,14,101,12,20,49,10,96,129,31,385,17,134,31,58,1.78,1.39,48.44,91.58,10.45,41.76,7.81,1.34,6.60,1.11,6.33,1.11,3.29,0.55,3.27,0.50,10.18,10.18
367,12,15,110,12,18,41,13,84,120,30,423,15,119,33,62,1.61,1.42,50.42,93.54,10.94,42.62,8.53,1.40,7.03,1.19,7.05,1.20,3.70,0.61,4.01,0.58,12.71,12.71
375,17,17,110,13,24,45,19,116,100,33,348,17,121,41,72,2.34,1.68,61.87,118.27,13.71,53.92,10.21,1.67,7.98,1.31,7.05,1.31,3.80,0.60,3.67,0.59,9.32,9.32
363,17,13,110,5,16,54,18,65,342,253,253,19,102,61,73,1.42,1.26,42.14,76.62,9.27,39.76,6.74,1.80,4.83,0.98,7.23,1.32,3.99,0.60,3.90,0.59,9.44,9.44
284,14,14,80,2,21,39,15,78,342,171,171,14,68,68,67,1.53,1.07,38.53,67.40,8.18,32.91,5.36,1.33,4.19,0.76,4.77,0.87,2.71,0.40,2.68,0.39,7.07,7.07
407,17,12,115,9,23,66,17,135,194,276,276,19,110,42,57,1.93,1.60,46.57,88.03,9.91,40.22,7.06,1.36,5.09,0.97,6.60,1.23,3.69,0.58,3.63,0.52,8.30,8.30
466,16,14,107,11,22,49,14,88,195,31,336,17,118,40,60,2.06,1.44,48.39,92.77,10.82,43.31,8.65,1.65,7.20,1.19,7.26,1.26,3.89,0.58,3.57,0.56,11.08,11.08
438,13,13,87,9,23,40,10,74,311,31,388,14,109,41,47,2.23,1.34,47.40,88.69,10.52,41.82,8.41,1.53,6.56,1.14,6.17,1.08,3.16,0.49,3.02,0.50,10.08,10.08
333,13,15,93,13,17,40,11,74,243,30,313,14,115,31,43,1.78,1.04,44.36,80.89,9.54,38.16,6.62,1.46,5.52,1.11,6.02,1.16,3.45,0.46,3.10,0.49,7.94,7.94
539,16,16,106,10,26,58,16,104,141,33,316,15,147,39,57,1.99,1.33,50.46,94.97,10.89,43.23,7.62,1.78,6.38,1.25,6.83,1.21,3.62,0.51,3.27,0.53,9.30,9.30
376,12,14,95,14,20,46,11,77,293,30,301,13,116,26,50,1.91,1.12,40.22,76.05,9.05,36.03,6.82,1.42,5.22,1.02,5.79,1.06,3.24,0.41,2.95,0.41,8.34,8.34
368,12,13,88,15,18,37,15,84,148,29,388,15,112,31,45,1.58,1.32,46.90,87.24,10.04,39.76,6.60,1.45,5.83,1.18,6.63,1.27,3.75,0.52,3.42,0.57,11.00,11.00
393,12,14,112,11,19,47,15,81,144,30,390,16,160,39,57,1.50,1.38,51.39,97.27,11.17,44.95,7.65,1.65,6.60,1.28,7.20,1.28,3.62,0.58,3.79,0.57,10.60,10.60
379,14,14,107,13,21,45,15,95,123,32,379,15,142,37,59,2.02,1.44,50.72,96.50,11.17,45.05,7.40,1.61,5.91,1.24,6.76,1.24,3.72,0.52,3.27,0.56,10.88,10.88
426,17,14,106,12,20,51,15,111,95,34,365,17,130,33,65,2.11,1.62,60.88,109.48,13.13,52.84,8.91,1.86,7.35,1.44,7.82,1.38,4.14,0.58,3.90,0.57,11.46,11.46
403,18,16,142,10,24,64,20,98,125,30,300,16,192,44,73,2.37,1.57,44.57,83.39,9.86,40.57,7.15,1.76,5.75,1.10,6.39,1.17,3.52,0.50,3.04,0.51,9.24,9.24
444,18,12,104,7,29,63,20,101,350,290,290,18,108,45,60,2.00,1.42,52.93,95.79,11.14,45.48,7.66,1.80,5.94,1.06,6.88,1.23,3.83,0.56,3.69,0.56,10.72,10.72
436,15,12,104,9,21,54,16,100,211,289,289,17,110,41,46,2.01,1.16,49.82,93.03,10.76,41.13,6.34,1.69,5.73,0.98,5.99,1.17,3.56,0.52,3.41,0.53,10.91,10.91
302,13,11,109,7,19,43,14,96,202,373,373,17,107,39,52,1.71,1.58,51.00,94.97,11.18,43.93,7.04,1.65,6.23,1.13,7.48,1.43,4.39,0.65,4.42,0.66,14.59,14.59
368,15,12,109,8,20,42,14,92,270,371,371,17,95,44,51,1.85,1.26,57.99,110.55,12.75,50.22,7.88,1.75,6.97,1.18,7.44,1.41,4.22,0.65,4.33,0.64,15.34,15.34
358,14,12,85,5,21,74,17,71,377,303,303,16,130,44,54,2.15,1.29,46.96,91.05,11.45,46.48,7.89,2.19,7.02,1.17,7.37,1.35,4.05,0.59,4.05,0.61,10.90,10.90
279,12,11,99,7,15,45,13,74,292,326,326,18,91,22,35,2.04,1.20,50.73,92.30,11.07,44.47,7.06,1.86,6.38,1.09,6.97,1.33,3.96,0.61,4.04,0.62,11.49,11.49
348,12,13,84,13,20,46,15,79,214,32,347,14,114,22,49,1.99,1.25,47.73,87.20,10.39,41.49,7.38,1.61,5.98,1.13,6.47,1.18,3.54,0.51,3.36,0.52,10.05,10.05
352,12,13,97,13,16,43,12,74,171,28,299,14,114,34,56,1.69,1.19,39.75,75.31,8.60,34.68,5.68,1.44,5.04,1.02,5.69,1.15,3.24,0.46,2.91,0.47,8.80,8.80
347,13,14,102,13,17,42,13,74,159,33,465,16,160,33,47,1.49,1.43,52.15,96.97,11.88,45.90,7.94,1.57,6.71,1.39,7.93,1.50,4.35,0.60,4.11,0.65,15.86,15.86
384,13,18,123,12,21,60,20,84,123,30,325,15,182,47,64,1.99,1.57,68.67,126.28,14.35,55.48,9.58,1.80,8.23,1.44,7.93,1.46,4.70,0.68,4.29,0.63,13.08,13.08
418,16,15,101,12,18,52,18,119,95,34,344,16,138,35,60,1.76,1.37,44.17,85.86,9.78,40.35,7.15,1.35,6.31,1.08,6.52,1.12,3.53,0.53,3.37,0.50,9.16,9.16
431,15,16,127,13,17,48,16,94,114,32,438,19,135,37,59,2.28,1.56,58.84,109.98,12.61,49.26,8.78,1.51,7.61,1.31,7.53,1.24,4.06,0.61,3.64,0.57,10.59,10.59
511,15,11,97,10,15,32,15,134,64,22,400,14,52,12,28,1.49,1.63,52.31,102.39,10.97,42.25,7.18,1.50,5.94,0.96,5.03,0.85,2.74,0.46,2.61,0.38,13.05,13.05
422,18,12,114,10,22,57,18,92,238,27,315,19,107,40,52,2.22,1.34,54.99,102.83,11.79,47.20,6.18,2.16,5.22,0.99,8.28,1.60,4.84,0.68,4.89,0.71,13.41,13.41
429,16,12,115,9,22,46,17,97,256,27,345,18,99,47,47,1.87,1.41,52.76,98.76,11.23,46.26,7.48,1.69,6.58,1.09,7.21,1.35,4.02,0.67,4.34,0.60,12.47,12.47
298,13,12,100,7,17,40,15,88,243,26,325,15,97,73,51,1.59,1.42,50.09,93.11,10.99,44.12,7.18,1.50,6.12,1.05,6.52,1.22,3.61,0.59,3.94,0.56,11.37,11.37
372,14,12,94,7,21,49,17,87,325,25,282,15,80,43,56,1.62,1.29,50.96,91.58,10.66,43.99,7.00,1.70,5.96,1.02,6.55,1.20,3.47,0.56,3.49,0.52,9.52,9.52
325,10,13,91,2,15,36,15,42,914,20,403,16,63,33,40,1.24,1.01,49.98,89.69,10.63,42.93,6.92,1.65,5.81,0.97,6.32,1.21,3.58,0.58,3.98,0.58,16.35,16.35
286,12,12,108,6,20,36,16,69,213,25,348,17,83,33,45,1.51,1.34,61.35,110.49,12.87,50.87,7.52,1.62,6.64,1.11,7.34,1.38,4.00,0.67,4.35,0.61,13.16,13.16
78,2.5,19,44,2,12,29,11,41,1225,15,175,10,44,33,30,1.01,0.73,33.88,62.67,7.58,31.10,5.45,1.05,4.11,0.67,4.49,0.84,2.42,0.39,2.50,0.36,7.86,7.86
271,15,12,97,7,27,45,15,100,251,23,239,11,96,44,101,1.26,1.38,41.69,76.60,9.07,35.92,5.43,1.22,4.75,0.81,5.18,0.97,2.91,0.45,2.98,0.42,10.17,10.17
266,13,14,99,6,16,60,19,77,223,24,250,14,144,52,70,1.65,1.66,43.19,81.87,9.69,39.36,6.64,1.57,5.44,0.98,6.35,1.15,3.69,0.55,3.70,0.54,8.29,8.29
333,16,14,124,8,20,61,19,88,146,29,294,16,133,65,64,1.74,1.50,50.59,96.84,11.17,45.48,7.54,1.87,6.57,1.16,7.84,1.51,4.42,0.65,4.25,0.65,9.06,9.06
237,12,11,103,6,18,49,11,120,113,28,281,16,106,33,51,2.20,1.76,65.26,118.52,13.75,55.01,9.17,1.87,7.65,1.29,7.67,1.43,4.44,0.61,4.36,0.64,12.21,12.21
306,16,13,155,7,21,42,19,96,126,26,317,19,102,36,68,1.63,1.76,61.45,111.29,12.97,51.67,8.33,1.90,6.77,1.13,7.47,1.35,3.98,0.60,3.97,0.58,12.29,12.29
233,13,18,119,2,14,25,23,48,143,23,326,14,63,35,65,1.26,1.25,45.07,86.97,9.87,40.93,6.74,1.71,5.62,1.05,7.13,1.29,4.01,0.62,4.03,0.59,14.68,14.68
352,13,14,89,6,19,44,15,84,403,23,268,14,70,36,70,1.72,1.11,44.43,80.59,9.51,38.00,6.25,1.69,5.32,0.95,6.46,1.23,3.68,0.54,3.74,0.55,12.52,12.52
309,12,13,89,4,18,46,16,96,309,23,239,18,91,108,49,1.74,1.66,56.68,103.72,11.81,46.51,7.02,1.69,5.92,1.11,8.55,1.71,5.49,0.84,5.70,0.77,9.91,9.91
297,13,11,100,8,23,43,15,88,246,26,346,17,100,46,43,1.72,1.41,51.91,96.57,11.12,45.25,6.90,1.76,5.87,1.04,7.35,1.37,4.10,0.62,4.12,0.60,11.35,11.35
404,16,12,112,10,23,48,18,85,234,27,305,19,98,33,51,1.88,1.27,49.75,93.55,10.59,42.39,6.29,1.91,5.32,1.00,7.03,1.33,4.02,0.58,4.03,0.58,8.30,8.30
286,12,12,104,7,21,34,14,66,270,22,373,18,81,23,44,1.54,1.16,57.62,104.36,12.09,48.49,6.99,1.67,5.59,1.00,6.92,1.32,4.01,0.54,4.09,0.60,14.38,14.38
240,10,12,85,5,19,32,13,75,226,24,343,16,86,36,38,1.42,1.09,55.52,99.12,11.70,46.75,6.52,1.60,5.46,0.96,7.06,1.27,3.90,0.57,3.96,0.60,15.18,15.18
242,14,16,109,4,11,70,26,57,232,23,200,14,211,72,64,1.30,1.57,34.36,68.49,8.01,34.01,5.05,1.61,4.32,0.85,6.71,1.26,3.78,0.59,3.75,0.54,6.34,6.34
314,15,15,107,8,19,60,21,79,156,27,310,18,155,63,56,1.73,1.81,52.98,99.61,11.77,46.69,7.62,1.67,7.19,1.18,7.70,1.46,4.55,0.67,4.57,0.67,11.62,11.62
286,11,13,91,4,23,50,16,82,408,23,304,14,119,42,55,1.62,1.32,48.53,93.78,11.31,44.91,6.88,1.62,6.30,1.04,7.13,1.37,4.02,0.60,4.13,0.59,13.09,13.09
371,15,12,124,8,20,50,19,92,163,30,396,20,139,50,53,1.62,1.55,60.12,115.26,13.43,53.38,8.64,1.80,7.96,1.36,9.03,1.81,5.37,0.81,5.23,0.72,14.99,14.99
399,18,13,120,10,26,55,17,137,114,31,278,19,123,49,62,2.50,1.84,57.28,106.23,12.61,49.71,7.54,1.85,7.15,1.21,8.18,1.54,5.08,0.73,4.73,0.69,11.86,11.86
400,18,13,124,10,19,62,19,113,124,31,312,20,142,52,69,1.81,1.67,55.46,104.90,12.57,50.39,7.63,1.91,6.94,1.16,7.98,1.58,4.73,0.72,4.57,0.63,9.32,9.32
363,17,13,125,9,22,53,17,124,122,29,316,20,123,47,58,1.84,1.60,56.94,106.74,12.64,49.29,7.09,1.82,6.81,1.14,7.55,1.49,4.59,0.67,4.41,0.64,10.28,10.28
399,24,18,139,11,17,65,32,118,55,27,211,15,149,62,63,2.27,1.62,40.51,75.78,8.64,34.33,6.54,1.38,5.62,0.91,4.86,0.91,2.75,0.44,2.53,0.41,6.27,6.27
332,19,14,184,6,8,70,49,63,42,23,192,16,168,77,63,0.91,1.66,26.54,51.68,5.71,23.14,4.71,1.13,4.37,0.85,4.70,0.89,2.66,0.39,2.67,0.39,5.07,5.07
347,17,13,157,9,18,76,41,61,69,30,295,13,148,64,72,1.10,1.21,37.71,74.19,8.16,32.59,6.08,1.26,5.33,1.01,5.26,1.02,3.07,0.46,2.79,0.44,6.93,6.93
333,21,12,118,16,21,55,26,81,66,29,276,15,111,38,63,1.48,1.33,51.06,94.23,10.98,43.31,7.86,1.61,6.72,1.03,5.51,0.91,3.16,0.45,2.84,0.39,7.95,7.95
300,12,11,128,16,33,51,25,83,71,29,363,15,117,39,118,1.38,1.35,44.44,82.11,9.79,38.28,7.26,1.32,6.43,1.08,5.63,1.03,3.20,0.45,3.13,0.45,9.94,9.94
343,19,11,107,16,19,48,27,70,99,29,382,13,103,42,77,1.20,1.28,42.95,78.12,9.26,35.51,7.06,1.45,6.10,1.03,5.88,1.07,3.34,0.48,2.93,0.51,13.66,13.66
296,20,16,175,9,12,57,35,51,159,28,270,13,104,78,56,1.52,1.36,36.41,68.81,8.21,32.43,6.46,1.66,6.13,1.12,6.20,1.16,3.72,0.59,3.59,0.56,9.54,9.54
518,31,15,135,11,23,50,29,74,277,35,344,14,90,62,57,1.44,1.47,44.67,81.12,9.75,40.33,8.23,1.78,6.93,1.21,6.39,1.14,3.63,0.50,3.35,0.54,12.35,12.35
338,23,14,145,11,13,54,22,60,154,30,271,14,108,60,55,1.69,1.24,45.50,78.61,9.39,35.85,6.86,1.57,6.08,1.12,5.93,1.09,3.46,0.52,3.34,0.54,8.55,8.55
306,23,13,137,11,20,54,32,67,202,28,415,15,121,48,55,1.79,1.33,57.26,107.43,12.24,47.09,8.69,2.03,7.78,1.37,7.18,1.27,4.01,0.63,3.83,0.62,15.71,15.71
336,20,12,140,16,39,51,26,119,189,35,321,16,124,57,73,2.85,1.27,46.84,90.65,10.30,40.70,7.98,1.52,8.04,1.19,7.10,1.58,4.20,0.72,4.24,0.67,10.49,10.49
362,25,14,131,12,42,40,28,132,310,35,465,17,65,43,81,2.31,1.35,46.65,91.45,10.20,39.75,7.79,1.59,7.87,1.10,6.53,1.45,3.85,0.67,4.07,0.66,14.51,14.51
247,23,13,109,15,46,29,23,159,201,35,435,17,63,33,78,2.61,1.31,48.44,96.45,10.56,40.62,7.79,1.39,8.11,1.20,7.19,1.59,4.44,0.78,4.69,0.76,15.79,15.79
417,22,14,165,14,23,87,39,71,55,28,222,10,133,94,173,1.28,1.28,33.35,64.27,7.68,29.92,6.18,1.25,5.50,1.02,5.56,1.08,3.21,0.42,2.96,0.44,7.82,7.82
401,17,13,145,15,27,70,33,70,76,31,261,10,118,79,107,1.18,1.45,41.33,78.65,9.18,37.08,6.69,1.37,6.13,0.99,5.07,0.98,2.85,0.38,2.55,0.42,7.67,7.67
362,25,13,109,11,37,72,26,72,74,25,264,10,164,54,186,1.09,1.21,33.49,61.84,7.19,30.20,5.61,1.14,5.08,0.85,4.74,0.85,2.68,0.39,2.52,0.38,7.73,7.73
334,9,9,93,10,15,47,25,94,52,25,332,11,119,36,68,1.47,1.35,40.46,73.96,8.37,33.01,6.27,1.18,5.21,0.88,4.52,0.83,2.51,0.39,2.52,0.39,10.63,10.63
313,11,9,125,14,17,46,21,78,73,30,455,16,114,40,53,1.22,1.32,52.10,95.28,11.30,44.02,7.92,1.25,7.15,1.18,6.13,1.11,3.40,0.48,3.26,0.48,13.52,13.52
446,23,13,126,11,20,49,28,72,154,28,377,16,122,50,75,1.60,1.30,37.69,71.45,8.16,33.62,6.15,1.33,5.63,0.96,5.11,0.95,2.98,0.43,2.80,0.47,13.33,13.33
344,19,12,151,12,27,47,27,78,162,28,371,16,99,47,98,1.39,1.26,38.04,65.18,8.28,32.08,6.34,1.50,5.99,1.14,6.62,1.22,3.96,0.57,3.43,0.51,10.75,10.75
424,18,13,113,11,20,37,25,82,199,27,344,14,68,42,46,1.43,1.06,42.33,72.87,8.74,33.84,6.13,1.50,5.48,0.98,4.99,0.94,2.89,0.46,2.87,0.46,9.08,9.08
303,22,12,135,16,19,47,26,91,219,30,334,16,96,47,54,1.95,1.17,48.21,85.29,10.36,40.43,7.71,1.74,7.13,1.21,6.55,1.16,3.81,0.55,3.46,0.51,12.45,12.45
305,23,12,138,14,26,50,22,110,192,30,347,17,116,52,69,2.82,1.27,49.63,88.37,10.55,40.90,7.33,1.50,6.38,1.13,6.40,1.22,3.89,0.55,3.84,0.53,11.64,11.64
239,19,12,115,17,49,33,25,161,121,43,222,14,64,40,71,1.83,1.11,48.19,95.65,10.11,37.92,7.35,1.11,8.13,1.20,7.82,1.76,4.91,0.82,4.73,0.76,6.52,6.52
290,28,13,124,16,48,36,31,131,219,44,514,16,77,32,70,1.85,1.11,41.23,80.02,8.88,33.92,6.61,1.31,6.58,0.96,5.66,1.21,3.24,0.56,3.44,0.54,8.76,8.76
310,22,13,106,15,27,34,26,101,246,31,307,13,60,35,70,1.73,1.20,38.40,69.48,8.32,34.06,6.76,1.55,5.91,1.07,5.80,1.07,3.13,0.47,3.20,0.46,9.75,9.75
305,23,17,164,14,19,70,32,76,70,29,224,9,121,92,84,1.38,1.23,35.77,66.52,8.05,31.49,6.30,1.42,5.62,0.93,5.50,1.01,2.81,0.48,2.72,0.40,7.56,7.56
322,20,12,126,11,22,68,30,67,78,28,236,11,145,55,131,1.19,1.31,35.75,66.95,7.90,31.26,5.40,1.35,5.51,0.93,6.28,1.24,3.16,0.52,3.16,0.43,7.01,7.01
319,20,13,124,14,61,70,33,98,74,24,211,9,145,70,250,1.31,1.35,29.89,54.25,6.69,26.62,5.20,1.37,4.36,0.75,4.60,0.83,2.35,0.37,2.49,0.34,6.27,6.27
360,19,14,87,16,92,52,25,91,91,25,266,10,92,45,399,1.17,1.23,32.47,58.85,7.02,27.52,4.83,1.10,4.91,0.78,4.70,0.82,2.51,0.41,2.71,0.42,6.87,6.87
204,20,13,119,17,35,52,25,135,101,43,262,11,100,55,109,1.73,1.31,54.44,98.41,11.65,45.26,8.89,1.35,7.59,1.42,7.71,1.45,4.27,0.64,4.09,0.61,7.71,7.71
331,21,16,119,16,16,58,26,63,138,26,236,14,126,38,78,1.10,1.21,30.20,56.05,6.91,27.18,5.35,1.21,4.73,0.74,4.49,0.80,2.27,0.37,2.36,0.31,6.98,6.98
474,20,10,106,10,20,27,15,85,182,26,347,16,64,26,36,1.46,1.13,37.57,70.08,7.80,31.48,5.72,1.29,5.21,0.95,4.83,0.91,2.99,0.50,2.95,0.46,10.72,10.72
443,22,11,119,17,16,39,26,74,198,29,406,13,77,47,59,1.44,1.25,44.10,79.56,9.22,36.84,6.97,1.56,6.21,0.98,5.28,1.03,2.89,0.46,2.99,0.44,14.47,14.47
383,21,13,106,17,27,45,30,156,181,35,259,17,98,40,68,2.70,1.29,34.97,67.27,7.31,29.29,6.10,1.13,5.23,0.99,5.87,1.11,3.40,0.49,3.57,0.52,7.37,7.37
321,21,12,117,19,36,34,27,159,151,32,250,14,59,47,62,1.85,1.11,41.23,80.02,8.88,33.92,6.61,1.31,6.58,0.96,5.66,1.21,3.24,0.56,3.44,0.54,8.76,8.76
286,21,11,93,17,41,36,23,119,167,35,284,13,64,34,60,1.99,1.16,34.81,69.52,7.47,28.79,5.80,1.20,6.39,0.99,6.13,1.44,3.96,0.69,4.11,0.65,9.17,9.17
377,29,12,90,14,38,39,20,126,242,32,284,14,71,32,80,1.93,1.25,44.14,80.14,9.70,37.85,7.90,1.50,6.54,1.11,6.11,1.16,3.16,0.51,3.17,0.46,10.06,10.06
397,24,14,124,22,36,42,28,131,211,31,373,16,74,51,84,2.22,1.41,61.28,103.49,11.89,47.03,8.72,1.75,7.76,1.43,7.41,1.30,4.14,0.61,3.70,0.58,14.45,14.45
412,18,11,121,16,21,63,26,102,71,29,272,13,128,59,91,1.52,1.25,36.71,66.43,8.19,33.06,6.08,1.36,5.29,0.91,5.47,1.10,3.14,0.49,2.95,0.43,8.19,8.19
366,25,12,121,13,28,64,35,92,71,27,253,13,126,50,121,1.19,1.45,36.17,65.75,8.03,31.61,5.76,1.34,5.66,0.89,5.02,1.00,2.87,0.43,2.69,0.40,7.86,7.86
351,18,11,110,11,70,67,32,82,75,23,235,11,141,48,353,1.06,1.07,25.88,49.36,5.75,22.38,4.23,1.02,4.14,0.69,3.89,0.72,2.11,0.31,1.98,0.30,7.51,7.51
280,26,14,122,6,30,84,36,81,118,24,211,10,152,62,119,1.04,1.43,28.95,53.98,6.43,25.33,4.88,1.32,4.38,0.80,4.34,0.81,2.27,0.36,2.38,0.35,6.60,6.60
353,19,12,108,11,16,55,32,65,52,30,214,13,111,47,74,1.13,2.14,27.00,48.69,6.25,25.26,4.76,1.32,4.76,0.92,5.17,0.97,2.66,0.46,2.70,0.41,6.68,6.68
414,17,10,117,15,15,46,36,83,191,28,338,14,96,44,64,1.41,1.43,36.29,71.48,7.49,31.24,6.06,1.34,5.31,0.96,4.85,1.00,2.86,0.45,2.73,0.47,9.06,9.06
379,21,10,94,14,16,40,34,62,160,26,341,14,81,28,38,1.44,1.15,42.04,82.83,8.44,32.36,5.74,1.17,4.98,0.83,4.52,0.88,2.53,0.39,2.57,0.40,8.04,8.04
415,24,13,124,12,18,45,33,80,212,26,348,15,88,39,46,1.53,1.24,35.44,69.33,7.45,30.62,6.11,1.51,5.62,0.99,5.50,1.02,2.95,0.49,2.95,0.44,9.68,9.68
260,17,11,92,15,27,40,31,106,150,41,383,14,94,40,46,2.17,1.10,42.44,84.21,9.05,35.43,7.56,1.24,7.21,1.39,8.19,1.59,4.85,0.79,5.16,0.71,9.51,9.51
314,21,11,88,16,34,36,22,123,158,32,301,14,82,37,67,1.58,1.26,36.78,72.42,7.62,29.70,6.26,1.26,5.73,0.99,5.83,1.16,3.44,0.56,3.41,0.52,9.15,9.15
383,28,12,86,24,35,43,26,110,146,31,355,13,87,35,67,1.76,0.98,43.37,81.06,9.33,35.81,6.37,1.38,5.90,1.02,5.17,0.94,2.80,0.44,2.82,0.43,11.60,11.60
322,26,13,129,14,26,48,18,109,148,32,323,15,97,47,57,2.28,1.39,55.86,94.91,11.55,46.11,8.30,1.67,7.52,1.38,7.37,1.29,4.13,0.65,3.90,0.58,12.35,12.35
479,22,11,105,16,33,36,18,86,267,29,334,15,78,36,52,2.69,1.40,63.46,104.06,12.80,50.19,8.70,1.85,7.09,1.23,6.09,1.05,3.35,0.54,3.23,0.51,11.37,11.37
406,21,13,135,16,19,83,38,73,77,25,192,12,142,68,79,1.13,1.86,29.18,55.99,6.49,26.96,4.93,1.33,4.71,0.77,4.31,0.78,2.36,0.40,2.36,0.32,4.76,4.76
327,26,14,151,10,22,83,38,74,83,27,186,10,218,55,105,1.10,1.63,27.44,51.45,6.20,25.26,4.90,1.26,4.74,0.85,4.49,0.86,2.33,0.40,2.51,0.39,4.67,4.67
346,26,16,132,12,26,83,33,78,76,24,167,8,192,69,118,1.23,1.74,27.97,50.99,6.35,26.31,4.83,1.26,4.53,0.81,4.18,0.76,2.18,0.36,2.05,0.28,4.48,4.48
421,28,14,137,11,30,94,37,72,108,26,184,13,180,76,97,1.55,1.80,34.52,62.77,7.47,30.54,5.70,1.55,5.29,1.00,5.42,1.03,2.74,0.45,2.86,0.40,5.75,5.75
443,23,13,108,17,24,51,24,99,218,26,261,11,100,63,78,1.58,1.50,40.96,74.91,8.83,34.77,5.81,1.58,5.48,0.95,5.09,0.96,2.81,0.41,2.79,0.41,8.25,8.25
384,21,12,117,15,18,51,36,77,200,28,317,13,100,52,63,1.33,1.20,38.60,76.02,7.96,32.70,6.21,1.51,5.91,1.03,5.92,1.18,3.49,0.54,3.60,0.54,9.35,9.35
401,23,15,137,8,16,42,30,64,209,30,284,13,88,34,46,1.35,1.42,31.31,62.37,6.74,28.22,6.10,1.69,5.39,1.02,5.42,1.04,3.04,0.50,3.01,0.44,7.86,7.86
405,24,14,131,12,31,47,33,89,218,33,293,13,94,47,57,1.62,1.16,35.05,69.50,7.43,29.93,5.91,1.38,5.77,1.10,6.18,1.16,3.37,0.56,3.62,0.50,8.19,8.19
320,25,14,121,13,30,47,29,96,170,43,342,14,105,46,47,1.73,1.40,48.39,94.86,9.59,38.76,7.33,1.50,7.27,1.40,7.53,1.44,4.21,0.62,4.13,0.57,10.98,10.98
362,22,13,118,16,33,43,31,102,208,30,317,14,86,48,63,2.00,1.27,48.97,86.36,9.87,39.65,7.34,1.55,6.87,1.26,6.79,1.21,3.93,0.62,3.82,0.56,10.42,10.42
313,18,13,133,13,23,45,23,87,168,30,335,16,97,45,56,1.69,1.17,40.87,72.73,8.60,34.83,6.47,1.44,5.65,1.00,5.35,0.99,3.11,0.44,2.92,0.42,8.39,8.39
384,17,12,124,14,22,50,31,94,132,29,400,17,104,42,51,2.10,1.32,54.73,94.58,11.20,43.94,7.55,1.60,6.76,1.20,5.94,1.12,3.38,0.52,3.32,0.51,13.00,13.00
496,21,10,107,18,23,41,19,100,180,29,433,15,84,39,61,2.72,1.14,66.73,109.04,12.59,48.90,8.01,1.58,6.64,1.07,5.06,0.90,2.75,0.41,2.62,0.40,10.03,10.03
293,17,15,185,7,10,70,36,85,50,27,202,13,143,105,71,1.37,2.23,31.81,59.69,7.02,29.68,5.79,1.42,5.32,0.96,5.20,0.96,3.00,0.42,2.68,0.41,4.84,4.84
318,18,12,141,8,23,62,23,76,65,24,204,14,143,66,98,1.39,1.91,30.56,55.26,6.89,27.99,5.18,1.13,4.92,0.87,4.85,0.92,2.85,0.41,2.60,0.39,5.70,5.70
265,18,14,116,9,19,77,27,69,81,24,159,10,133,82,84,1.22,2.45,25.93,47.41,6.05,25.36,4.37,1.33,4.36,0.80,4.14,0.81,2.26,0.35,2.30,0.34,4.37,4.37
371,18,16,169,8,14,52,25,51,177,26,270,12,101,90,64,1.21,1.37,24.65,46.73,5.64,24.00,4.85,1.41,4.71,0.93,5.35,1.01,2.84,0.44,2.85,0.44,8.49,8.49
473,21,15,129,9,17,31,18,78,295,31,449,14,65,37,59,1.67,1.25,47.77,88.09,9.12,35.99,6.72,1.66,6.03,1.05,5.53,1.04,3.29,0.48,3.22,0.49,12.13,12.13
320,21,11,116,12,15,26,18,53,309,28,349,13,71,18,44,1.09,1.23,35.49,69.21,8.31,34.71,7.02,1.85,6.18,1.20,6.59,1.21,3.47,0.55,3.54,0.53,11.43,11.43
407,20,12,126,10,19,30,21,76,263,29,337,12,57,42,60,1.72,1.21,45.26,87.74,8.71,34.52,6.48,1.57,5.55,1.03,5.20,1.01,3.23,0.47,3.12,0.48,9.85,9.85
316,24,13,131,12,18,36,23,81,200,31,317,15,85,49,52,1.86,1.23,44.58,87.61,9.13,36.11,6.93,1.56,6.08,1.13,5.81,1.10,3.46,0.50,3.57,0.54,9.12,9.12
306,24,12,107,13,46,33,16,105,187,40,269,15,72,33,66,2.16,1.21,43.00,83.80,9.20,35.10,7.32,1.29,6.48,1.32,7.01,1.41,4.09,0.63,4.19,0.59,7.47,7.47
342,20,10,89,21,25,35,21,142,210,34,458,16,75,32,61,2.46,1.30,49.26,87.00,10.39,40.71,7.74,1.40,6.74,1.20,6.28,1.15,3.64,0.59,3.88,0.60,15.53,15.53
358,23,10,84,22,21,37,21,113,195,35,504,20,91,30,71,2.44,1.19,64.48,107.47,12.84,48.14,8.04,1.45,6.64,1.08,5.49,1.00,3.04,0.53,3.32,0.53,15.38,15.38
350,26,14,150,14,20,35,16,79,203,29,445,16,85,46,53,2.11,1.16,52.36,102.49,10.88,42.81,7.70,1.65,6.39,1.07,5.41,0.99,2.97,0.42,2.90,0.47,12.39,12.39
401,23,12,146,13,23,44,24,95,177,30,375,18,89,45,63,2.34,1.23,61.63,110.82,12.30,47.64,8.17,1.76,7.13,1.17,5.74,1.09,3.36,0.50,3.40,0.53,9.85,9.85
344,18,12,119,11,17,64,26,66,78,26,177,11,122,52,79,1.05,2.29,30.81,60.27,6.72,26.98,5.50,1.16,4.53,0.80,4.52,0.85,2.47,0.35,2.44,0.39,4.95,4.95
446,24,11,137,10,22,73,37,68,103,26,181,12,153,74,115,1.39,1.78,29.75,56.87,6.77,27.30,5.65,1.33,4.87,0.78,4.69,0.85,2.62,0.36,2.51,0.35,4.79,4.79
292,20,10,127,12,23,45,33,85,126,27,302,12,88,36,105,1.57,1.31,40.36,76.40,8.76,35.34,6.43,1.40,5.43,0.93,4.95,0.85,2.64,0.42,2.63,0.39,9.53,9.53
491,27,13,104,18,22,40,22,82,192,29,300,12,67,36,61,1.67,1.27,39.63,70.56,7.94,30.07,5.60,1.34,4.89,0.82,4.78,0.90,2.55,0.40,2.84,0.44,10.00,10.00
480,30,13,96,16,18,40,24,58,348,34,401,12,86,31,56,1.23,1.37,38.58,71.99,8.76,34.35,7.06,1.66,6.24,1.09,5.89,1.14,3.69,0.47,3.63,0.53,10.96,10.96
469,25,14,115,14,21,38,25,67,316,31,313,13,66,41,55,1.59,1.20,41.51,74.73,8.80,33.82,6.62,1.57,5.74,0.99,5.04,0.94,2.93,0.42,3.09,0.46,9.15,9.15
472,33,15,118,14,19,40,27,72,352,33,517,12,72,36,60,1.31,1.43,42.74,80.41,9.19,37.01,7.09,1.69,6.37,1.07,5.78,1.14,3.73,0.52,3.55,0.61,15.45,15.45
372,31,12,101,11,17,43,26,59,272,33,361,12,73,42,61,1.41,1.20,33.03,65.18,7.85,31.33,7.03,1.58,6.05,1.00,5.48,1.05,3.22,0.45,3.04,0.48,11.12,11.12
409,27,11,84,16,31,37,18,105,243,41,338,15,75,32,58,1.65,1.16,40.88,78.05,8.71,35.74,7.34,1.36,6.45,1.20,6.95,1.39,4.27,0.58,4.19,0.63,10.07,10.07
367,22,10,111,17,25,47,15,103,202,30,375,17,111,37,49,1.89,1.19,47.93,91.29,9.70,38.03,6.95,1.52,5.97,1.03,5.39,0.99,3.03,0.44,2.90,0.45,9.54,9.54
526,19,12,113,18,31,42,18,106,231,28,396,17,84,44,63,2.00,1.10,58.15,105.94,11.58,44.77,7.66,1.76,6.25,1.03,5.02,0.92,2.82,0.43,2.86,0.41,11.36,11.36
468,22,10,98,21,22,37,17,98,236,29,398,17,81,30,49,2.23,1.19,57.27,112.84,11.51,45.09,7.94,1.67,6.38,1.03,4.99,0.93,2.83,0.43,2.87,0.44,9.97,9.97
476,19,13,174,11,22,57,31,84,140,32,330,18,109,65,72,1.66,1.23,41.05,76.09,8.89,35.23,7.05,1.66,5.74,0.97,5.03,1.02,3.06,0.42,2.93,0.47,8.61,8.61
512,32,14,121,10,32,68,32,58,138,49,369,16,113,124,124,1.51,1.51,34.76,71.40,9.00,39.30,8.60,2.13,7.98,1.55,9.14,1.78,5.33,0.70,5.58,0.91,11.15,11.15
661,26,17,158,9,30,142,40,70,134,26,167,12,221,143,134,1.42,1.40,31.25,56.81,6.85,28.39,5.28,1.51,5.31,0.88,4.90,0.91,2.61,0.37,2.55,0.35,4.80,4.80
618,32,13,116,15,24,38,27,53,179,27,244,11,64,57,88,1.37,1.22,36.47,67.98,7.22,29.06,5.32,1.50,5.27,0.89,4.53,0.90,2.61,0.38,2.50,0.39,6.72,6.72
591,28,17,143,11,14,50,32,57,290,34,348,12,79,73,91,1.33,1.32,56.71,107.21,11.15,42.48,7.40,2.12,7.30,1.19,6.38,1.24,3.68,0.47,3.26,0.53,10.24,10.24
395,34,15,106,11,20,34,23,56,474,46,577,14,70,33,56,1.34,1.60,42.49,86.98,9.74,41.82,8.91,2.27,8.58,1.60,9.19,1.73,4.97,0.68,4.79,0.68,16.74,16.74
515,28,13,109,16,22,39,29,84,326,29,390,14,69,34,71,1.55,1.35,43.61,82.89,9.52,36.01,6.37,1.78,5.79,1.06,5.58,1.03,2.82,0.43,3.12,0.44,11.62,11.62
266,27,14,135,17,18,50,31,55,163,31,233,16,105,58,59,1.92,1.15,34.70,62.05,7.08,27.98,5.39,1.36,5.24,0.99,5.46,1.06,3.05,0.45,2.97,0.44,6.21,6.21
239,30,12,90,26,14,38,28,69,106,29,250,18,64,69,43,2.05,1.18,41.80,72.71,7.98,29.94,5.12,1.17,5.20,0.87,4.80,0.86,2.56,0.36,2.69,0.38,6.67,6.67
325,27,12,82,20,28,38,23,78,179,32,282,15,74,122,52,1.94,0.97,33.50,60.98,6.80,26.83,4.64,1.20,4.68,0.91,5.49,0.99,2.89,0.43,2.90,0.45,6.84,6.84
482,36,15,129,18,27,55,23,88,267,36,349,13,106,46,73,1.84,1.29,44.00,76.13,9.01,35.80,6.60,1.80,6.22,1.07,5.64,1.08,3.07,0.45,3.09,0.47,9.65,9.65
331,30,12,79,28,32,40,18,140,206,45,345,19,71,33,65,2.36,1.04,60.06,109.13,13.70,51.41,9.41,1.77,8.64,1.44,7.87,1.49,4.22,0.67,4.39,0.63,13.56,13.56
382,16,11,92,20,27,32,14,115,230,29,381,17,65,25,47,2.50,1.13,58.82,99.07,12.04,44.81,7.75,1.54,6.72,1.16,5.78,1.07,3.18,0.50,3.46,0.55,12.10,12.10
439,18,11,102,12,20,28,13,100,194,26,285,15,52,30,54,1.81,1.03,43.39,74.84,8.91,33.88,5.87,1.33,5.26,0.91,4.82,0.91,2.74,0.41,2.86,0.44,8.03,8.03
625,31,13,113,12,25,52,25,90,175,33,187,12,92,87,100,2.01,1.28,37.31,73.19,7.90,32.63,6.50,1.53,5.47,1.00,5.82,1.08,3.55,0.52,3.25,0.48,6.78,6.78
545,24,12,88,15,18,46,26,76,121,25,264,14,82,59,79,1.83,1.36,39.14,70.97,7.94,31.84,5.74,1.39,4.92,0.78,4.24,0.73,2.27,0.35,2.22,0.36,8.41,8.41
588,33,15,121,15,13,54,27,65,236,35,579,17,93,49,84,1.65,1.48,65.05,124.47,13.96,54.38,9.68,2.12,7.97,1.28,6.62,1.20,3.87,0.56,3.55,0.55,19.71,19.71
589,33,13,118,15,14,54,33,83,328,35,476,16,97,51,90,1.84,1.34,54.26,109.67,11.02,44.60,8.13,1.76,6.95,1.15,6.24,1.13,3.44,0.50,3.28,0.49,15.83,15.83
371,24,13,133,9,24,69,30,121,220,33,347,16,141,53,98,1.56,1.27,44.05,80.62,9.52,37.92,7.56,1.59,6.80,1.26,6.43,1.23,3.69,0.56,3.50,0.53,11.76,11.76
470,30,10,86,32,33,38,18,155,207,34,407,17,73,35,80,1.70,1.08,55.79,106.24,10.91,41.11,7.40,1.41,6.13,1.02,5.26,0.94,2.79,0.42,2.61,0.41,11.70,11.70
420,35,13,94,26,26,50,33,133,246,32,506,17,93,34,61,1.77,1.41,70.18,123.49,14.64,53.83,9.25,1.77,7.47,1.21,6.36,1.08,3.39,0.50,3.18,0.51,15.72,15.72
582,29,13,91,19,23,112,34,143,200,33,404,14,242,54,91,1.71,1.49,54.76,99.03,10.90,42.70,7.97,1.53,6.61,1.10,5.75,1.06,3.23,0.48,2.92,0.46,12.98,12.98
357,26,12,92,17,21,40,26,69,276,28,350,14,64,41,49,2.23,1.43,40.09,74.38,8.30,32.59,6.03,1.40,5.21,0.91,4.92,0.91,2.79,0.41,2.72,0.43,10.73,10.73
543,29,15,119,16,25,44,29,79,289,33,417,15,92,41,70,2.30,1.51,36.26,69.37,7.69,31.74,6.31,1.70,5.67,1.02,5.62,1.03,3.22,0.50,3.10,0.46,13.46,13.46
340,30,9,39,40,17,25,20,151,132,32,448,24,52,18,46,2.44,1.17,43.16,78.54,8.71,32.77,6.00,1.01,5.39,0.98,5.37,1.03,3.25,0.53,3.64,0.61,15.10,15.10
282,22,11,104,25,17,37,18,65,123,29,357,18,66,25,55,1.88,1.05,45.51,84.19,9.97,38.64,6.70,1.27,5.99,1.01,5.30,0.92,2.93,0.43,2.97,0.46,12.14,12.14
681,21,10,71,18,29,27,15,100,136,23,277,14,49,40,53,1.83,1.02,43.26,71.32,8.07,30.51,5.16,1.22,4.50,0.73,3.81,0.71,2.17,0.32,2.28,0.37,8.09,8.09
559,27,12,121,11,27,37,30,95,178,29,256,13,62,52,75,1.93,1.41,39.50,69.90,8.23,31.99,5.94,1.48,5.36,1.00,5.22,0.97,3.05,0.48,3.15,0.49,7.89,7.89
428,24,16,141,12,18,57,30,56,271,34,504,12,107,48,74,1.62,1.41,35.13,62.78,7.65,32.52,6.65,1.81,6.47,1.16,6.51,1.15,3.46,0.51,3.34,0.52,20.34,20.34
409,22,12,100,13,22,58,33,132,187,32,321,16,130,48,125,1.80,1.29,60.10,104.71,11.88,45.87,7.84,1.73,7.11,1.21,6.12,1.14,3.40,0.51,3.20,0.48,10.63,10.63
456,36,16,130,11,22,56,29,59,282,36,458,14,97,79,82,1.38,1.28,42.02,77.63,8.53,34.49,6.85,1.54,6.23,1.16,6.25,1.12,3.37,0.50,3.38,0.53,18.19,18.19
387,24,13,120,18,21,43,29,116,201,34,355,16,98,45,75,1.49,1.22,44.30,81.58,9.24,36.49,6.88,1.52,6.36,1.13,6.02,1.09,3.30,0.52,3.28,0.51,12.58,12.58
327,21,12,114,13,19,51,26,120,254,33,437,16,105,46,84,1.68,1.31,51.50,88.79,10.38,40.37,7.33,1.70,6.72,1.22,6.34,1.12,3.43,0.53,3.28,0.51,16.25,16.25
315,25,12,87,25,34,32,22,158,148,25,280,13,52,35,79,1.73,0.99,76.91,129.90,14.15,50.57,7.71,1.30,6.51,1.02,4.86,0.87,2.68,0.38,2.46,0.36,7.92,7.92
339,25,11,101,10,32,45,26,130,197,31,241,16,87,50,85,2.15,1.25,28.36,56.60,6.15,24.43,5.11,1.16,5.05,1.02,5.56,1.05,3.26,0.56,3.53,0.54,7.90,7.90
328,26,14,119,16,31,45,27,96,211,47,333,13,106,50,86,2.01,1.24,33.60,63.20,7.40,29.96,6.51,1.35,6.60,1.42,8.19,1.61,5.04,0.81,4.95,0.71,12.01,12.01
333,30,12,117,12,23,41,30,109,173,49,264,16,80,55,87,1.92,1.24,35.96,66.39,7.96,31.20,6.78,1.26,6.52,1.38,7.88,1.52,4.61,0.74,4.53,0.69,8.21,8.21
400,29,12,60,54,17,31,16,138,221,42,684,28,59,29,66,3.09,1.11,59.73,104.56,11.87,44.14,7.84,1.25,7.06,1.16,5.84,1.10,3.48,0.55,4.09,0.66,19.97,19.97
229,21,8,62,37,16,25,19,117,114,31,390,22,50,24,64,2.61,0.85,60.03,98.28,11.72,44.24,7.95,1.33,6.72,1.07,5.34,1.03,3.20,0.50,3.25,0.51,11.63,11.63
216,22,11,116,29,22,31,18,134,142,34,377,17,68,44,83,3.00,1.23,61.75,95.51,12.02,45.60,8.24,1.49,7.02,1.19,6.19,1.17,3.59,0.60,3.88,0.63,12.44,12.44
513,24,12,130,16,28,31,23,119,169,34,218,17,58,68,100,1.98,1.30,55.15,99.97,10.84,42.23,7.80,1.82,6.72,1.19,6.37,1.18,3.74,0.58,3.79,0.57,6.90,6.90
309,19,11,105,16,26,38,21,123,277,32,538,14,74,37,79,1.44,1.08,60.79,107.82,12.13,47.24,8.82,1.91,7.38,1.31,6.54,1.21,3.57,0.59,3.52,0.52,17.53,17.53
269,25,10,111,14,29,36,24,139,249,36,389,17,89,35,82,1.63,1.10,50.62,90.95,10.27,41.14,7.82,1.81,6.85,1.19,6.45,1.21,3.60,0.54,3.37,0.48,11.85,11.85
286,28,13,175,11,19,59,32,54,268,31,371,18,115,64,88,1.44,1.32,53.95,93.44,10.98,43.51,8.26,1.90,6.58,1.13,5.85,1.04,3.22,0.49,3.05,0.49,12.70,12.70
305,28,12,102,28,30,27,22,151,174,26,318,13,59,35,68,1.63,1.12,48.06,80.66,9.36,36.07,6.74,1.55,5.76,0.96,5.08,0.92,2.77,0.41,2.59,0.40,9.99,9.99
299,33,14,133,14,22,46,32,101,306,32,484,10,92,45,98,2.21,1.15,55.52,97.71,11.39,46.06,8.85,1.99,7.30,1.22,6.14,1.10,3.22,0.49,2.94,0.44,17.25,17.25
303,29,13,120,20,27,49,31,106,228,32,502,12,96,49,84,1.35,1.11,50.69,91.26,10.77,43.77,8.95,1.88,7.54,1.25,6.31,1.11,3.26,0.52,3.06,0.49,16.55,16.55
390,26,14,138,13,25,56,31,75,249,32,361,14,127,47,76,1.34,1.43,47.47,84.05,9.53,38.73,7.11,1.79,6.20,1.05,5.70,1.06,3.35,0.52,3.24,0.50,12.31,12.31
391,25,13,138,10,23,66,30,89,216,33,364,15,142,62,97,1.47,1.28,42.73,74.41,8.82,35.72,7.23,1.81,5.94,1.03,5.67,1.05,3.11,0.49,3.13,0.50,11.94,11.94
446,20,11,88,14,24,37,16,99,210,28,315,14,73,31,84,2.24,0.97,52.10,85.55,9.89,38.21,6.87,1.53,5.35,0.88,4.40,0.79,2.44,0.38,2.45,0.36,9.42,9.42
561,21,11,109,19,27,33,26,94,257,29,669,17,70,35,74,2.05,1.15,54.51,97.87,11.14,42.57,7.68,1.62,6.44,1.00,5.10,0.93,2.91,0.44,3.19,0.48,21.26,21.26
561,24,10,75,15,26,33,20,75,202,22,326,11,51,27,71,1.38,0.96,35.20,62.56,6.84,26.20,4.47,1.08,4.03,0.64,3.16,0.59,1.67,0.27,1.82,0.29,9.98,9.98
385,24,12,133,15,25,44,27,91,171,32,364,16,94,59,85,1.91,1.23,54.50,93.01,11.13,42.76,7.31,1.62,6.36,1.01,5.27,0.95,2.94,0.44,3.10,0.44,10.61,10.61
426,30,14,125,15,24,39,28,102,234,31,369,17,74,51,87,1.72,1.44,63.32,112.66,12.52,48.44,8.70,1.71,7.61,1.24,6.49,1.20,3.41,0.49,3.12,0.46,13.56,13.56
276,22,12,107,24,26,33,20,158,159,26,328,13,68,40,66,1.74,1.21,64.17,109.78,12.33,46.66,8.02,1.51,6.94,1.07,5.83,1.06,3.18,0.47,3.20,0.41,11.29,11.29
295,26,11,104,20,30,39,22,162,187,31,346,15,83,40,79,1.94,1.18,43.84,78.12,9.06,35.17,6.95,1.55,5.97,1.05,5.96,1.12,3.51,0.51,3.57,0.50,11.03,11.03
295,27,12,99,21,26,38,28,143,235,28,426,14,73,42,92,1.67,1.20,57.82,108.66,12.14,46.27,9.33,1.53,7.43,1.18,5.68,0.99,2.91,0.41,2.86,0.40,13.87,13.87
294,24,13,100,23,30,32,17,123,295,32,478,11,62,44,80,1.42,1.13,67.31,115.05,13.38,51.86,9.44,1.97,7.94,1.25,6.38,1.14,3.38,0.48,3.10,0.46,16.51,16.51
401,24,13,129,13,24,60,28,128,192,44,642,22,121,54,92,1.42,1.29,53.70,99.83,11.61,47.69,9.63,2.03,8.70,1.53,8.35,1.50,4.59,0.69,4.84,0.69,22.26,22.26
331,27,12,110,21,27,50,25,133,182,29,403,15,109,46,76,1.36,1.16,67.84,115.14,13.65,51.20,9.20,1.60,7.74,1.18,5.92,1.04,3.10,0.44,2.95,0.42,14.56,14.56
332,24,11,106,24,26,42,20,141,204,27,500,13,96,47,94,1.41,1.14,59.50,103.24,11.70,44.80,7.92,1.71,6.46,0.99,4.90,0.87,2.73,0.41,2.76,0.39,15.57,15.57
396,22,11,123,12,24,64,25,115,214,30,426,16,151,56,100,1.41,1.26,45.82,80.60,9.53,38.10,7.39,1.70,6.52,1.07,5.63,1.04,3.17,0.47,3.25,0.45,13.91,13.91
495,19,10,95,12,31,47,20,91,311,29,425,13,96,35,88,1.97,1.13,53.93,94.13,10.73,42.07,7.30,1.83,6.60,1.03,5.29,0.97,2.87,0.47,2.89,0.46,14.75,14.75
354,27,11,112,20,36,42,18,101,215,32,323,14,87,41,94,1.88,1.15,58.71,98.92,11.49,43.07,7.83,1.62,7.04,1.13,5.78,1.02,3.07,0.47,2.86,0.43,10.64,10.64
474,22,10,99,13,30,32,19,97,156,24,421,11,59,68,90,1.55,0.90,48.58,80.45,10.24,39.67,6.99,1.66,5.84,0.87,4.41,0.78,2.42,0.38,2.52,0.37,13.27,13.27
510,19,11,111,14,22,31,18,88,149,28,493,12,70,49,87,1.42,0.91,42.05,77.40,8.96,35.79,6.59,1.68,5.61,0.86,4.55,0.81,2.51,0.39,2.72,0.39,15.60,15.60
344,29,14,152,14,27,53,25,125,272,36,486,13,103,57,101,1.53,1.19,56.36,99.52,12.07,48.67,9.60,2.08,8.90,1.58,9.09,1.77,5.66,0.90,5.86,0.83,19.43,19.43
255,24,14,132,14,32,49,27,114,205,33,303,11,97,64,104,1.41,1.07,40.40,72.76,9.00,37.41,7.94,1.83,7.17,1.19,6.16,1.09,3.06,0.47,2.86,0.42,10.66,10.66
237,28,11,118,23,21,39,23,90,174,33,328,14,83,51,81,1.66,1.14,52.08,86.91,10.57,41.31,8.17,1.73,6.94,1.16,5.87,1.10,3.12,0.49,3.06,0.46,11.38,11.38
186,18,10,97,29,20,37,19,63,94,33,324,19,81,80,55,1.75,0.92,64.32,102.29,12.19,45.12,7.55,1.41,6.60,1.04,5.22,0.91,2.86,0.42,2.76,0.41,8.33,8.33
316,26,14,141,12,18,54,23,65,311,31,618,11,98,64,99,1.28,1.05,52.19,99.10,11.38,45.90,8.76,2.11,7.45,1.18,6.08,1.03,3.20,0.46,2.97,0.44,21.59,21.59
377,26,13,156,11,21,72,29,94,213,38,593,15,150,57,112,1.31,1.21,61.81,104.68,12.52,49.28,8.78,2.05,7.83,1.22,6.38,1.20,3.75,0.57,3.92,0.56,18.72,18.72
376,24,13,120,12,17,64,30,87,317,35,679,14,118,53,102,1.44,1.09,54.00,97.92,11.79,48.90,9.26,2.16,8.08,1.32,6.91,1.23,3.81,0.58,3.73,0.56,24.04,24.04
277,26,14,124,13,21,71,28,82,291,34,735,17,152,55,85,1.44,1.18,56.06,99.56,11.70,47.95,8.98,2.47,7.75,1.26,6.66,1.18,3.61,0.59,3.80,0.60,26.75,26.75
395,25,11,95,34,38,36,21,140,203,25,282,12,67,48,96,1.68,1.11,64.59,104.34,12.37,45.15,7.88,1.52,6.87,1.02,5.11,0.92,2.64,0.38,2.29,0.37,8.71,8.71
404,28,10,96,20,52,29,16,123,257,33,300,15,65,36,103,1.67,1.18,56.44,93.31,11.14,41.92,7.93,1.42,7.20,1.11,5.88,1.03,3.06,0.44,2.58,0.41,11.12,11.12
279,27,11,120,33,34,33,20,131,204,31,335,14,74,41,89,1.60,1.16,63.59,109.28,12.60,46.96,8.81,1.59,7.95,1.25,6.61,1.19,3.42,0.51,3.06,0.48,10.91,10.91
382,23,10,120,17,27,44,27,114,181,32,425,16,83,61,94,1.81,1.19,59.48,103.06,12.01,45.58,7.93,1.63,7.01,1.09,5.44,1.03,3.07,0.44,2.83,0.47,13.49,13.49
224,25,12,102,38,37,28,15,184,139,38,295,15,66,33,87,2.06,1.20,81.58,133.75,15.30,55.37,9.43,1.44,8.44,1.33,6.92,1.29,3.98,0.58,3.53,0.56,9.69,9.69
424,24,14,143,11,22,52,24,89,228,31,243,12,130,72,104,1.36,1.23,45.79,80.33,9.58,38.60,7.41,1.71,6.98,1.09,5.93,1.11,3.20,0.46,2.89,0.47,7.96,7.96
463,20,13,145,6,25,51,31,86,299,38,357,14,93,60,116,1.66,1.32,60.49,104.05,12.62,50.73,9.15,2.12,8.47,1.37,7.37,1.39,4.28,0.60,3.75,0.57,12.06,12.06
360,25,13,130,9,25,39,39,105,197,37,249,14,95,54,88,1.99,1.22,47.09,77.55,9.05,34.52,6.58,1.36,6.81,1.19,7.09,1.35,4.08,0.59,3.58,0.53,9.18,9.18
456,25,13,136,8,19,38,25,102,225,38,367,13,71,58,88,2.05,1.32,66.37,108.24,12.46,46.93,8.06,1.72,7.83,1.33,7.64,1.45,4.63,0.72,4.28,0.67,13.87,13.87
289,26,15,142,11,20,56,31,76,291,35,605,15,121,64,94,1.35,1.21,62.76,106.07,12.84,51.40,8.99,2.28,8.20,1.31,7.12,1.31,3.91,0.60,3.81,0.60,20.51,20.51
262,33,14,151,7,17,87,32,73,296,33,711,15,178,63,97,1.47,1.30,71.67,124.30,14.17,55.40,9.59,2.23,8.38,1.21,6.37,1.16,3.51,0.52,3.28,0.56,27.67,27.67
356,23,13,127,8,22,64,36,75,307,32,597,15,110,58,100,1.26,1.29,54.69,98.88,11.76,48.00,8.74,2.11,7.92,1.20,6.37,1.17,3.55,0.49,3.25,0.51,21.36,21.36
348,25,14,136,6,23,67,29,82,255,40,557,14,128,50,97,1.44,1.22,39.48,75.89,9.60,41.24,9.05,2.16,7.87,1.50,8.31,1.59,4.91,0.72,4.73,0.69,16.98,16.98
240,20,11,103,28,35,33,18,117,179,39,295,15,72,41,82,1.66,1.21,52.59,89.10,10.33,39.45,7.37,1.37,6.55,1.20,6.46,1.22,3.72,0.55,3.51,0.55,9.42,9.42
275,21,11,96,19,45,42,24,127,227,33,301,15,72,45,99,1.72,1.08,53.72,87.31,10.52,39.44,7.57,1.31,6.37,1.09,5.50,1.03,3.01,0.43,2.83,0.41,8.19,8.19
284,20,10,95,28,42,37,21,135,170,32,284,16,70,33,96,1.78,1.18,62.78,106.66,12.67,47.36,9.16,1.52,7.68,1.20,6.19,1.10,3.13,0.46,2.76,0.40,8.44,8.44
362,15,10,100,16,25,32,20,97,135,27,483,14,62,37,85,1.61,0.97,44.59,80.91,9.25,36.69,6.84,1.67,5.56,0.93,4.89,0.85,2.48,0.40,2.56,0.39,14.57,14.57
460,18,11,166,8,35,86,34,96,127,29,284,11,139,101,112,1.61,1.16,87.32,10.35,41.64,7.78,1.83,6.33,1.06,5.40,0.97,2.91,0.41,2.71,0.41,9.37,1.01,1.01
498,22,14,113,17,26,40,13,170,64,37,250,18,87,36,72,2.73,1.42,52.57,93.29,11.51,44.10,7.98,1.59,8.20,1.14,6.74,1.28,4.25,0.72,4.21,0.66,8.27,8.27
469,20,12,131,15,20,53,15,140,84,32,294,19,107,40,60,2.32,1.26,48.47,86.48,10.68,40.51,7.45,1.41,7.04,1.04,6.57,1.23,3.88,0.78,4.13,0.61,9.91,9.91
475,19,12,156,14,42,51,18,139,82,30,274,23,108,38,111,2.25,1.42,59.96,107.45,13.15,50.09,9.26,1.72,8.86,1.24,6.99,1.31,4.10,0.75,4.30,0.61,9.17,9.17
367,16,10,124,15,15,40,14,108,63,28,254,20,88,30,52,1.73,1.07,52.20,92.97,11.39,43.57,7.60,1.43,7.41,1.06,5.89,1.07,3.41,0.63,3.66,0.47,7.98,7.98
545,20,12,153,14,14,36,16,140,66,31,333,20,75,33,55,2.31,1.36,45.65,81.50,10.54,41.61,7.79,1.51,7.59,1.10,6.01,1.30,4.03,0.75,3.92,0.64,12.45,12.45
556,21,17,153,14,17,37,15,146,68,31,292,20,79,36,60,2.19,1.32,39.68,74.18,9.32,35.74,7.12,1.37,6.95,1.00,5.50,1.23,3.45,0.69,3.66,0.60,11.26,11.26
495,20,14,145,13,23,36,14,150,63,32,325,17,78,35,48,2.08,1.17,41.51,68.02,9.62,37.57,7.36,1.35,6.81,1.03,5.30,1.24,3.54,0.63,3.39,0.62,11.85,11.85
582,22,14,140,15,24,36,18,161,81,29,218,16,88,29,64,2.79,1.30,51.44,90.51,11.25,43.73,8.17,1.49,7.46,1.04,5.58,1.21,3.51,0.64,2.99,0.50,7.89,7.89
518,20,15,138,15,26,36,13,155,93,31,269,19,88,21,58,2.36,1.10,47.97,87.29,11.10,42.87,8.36,1.59,7.81,1.10,5.49,1.21,3.40,0.62,3.04,0.54,11.43,11.43
495,21,14,144,14,18,37,13,172,74,32,389,16,92,28,50,2.53,1.22,42.26,72.95,9.59,37.98,7.09,1.39,7.04,1.06,5.54,1.34,3.82,0.74,4.07,0.66,14.96,14.96
587,21,13,134,18,27,29,10,179,93,33,457,18,85,19,40,2.25,0.96,74.53,135.24,16.31,61.55,11.18,1.71,10.23,1.43,8.16,1.81,5.26,0.92,4.58,0.80,16.00,16.00
562,24,15,161,18,30,33,13,196,99,34,232,22,96,21,44,2.47,1.23,107.53,189.61,23.75,90.30,16.44,2.44,14.41,1.77,8.14,1.51,4.66,0.69,3.78,0.66,8.29,8.29
532,23,15,147,18,24,36,12,170,128,36,251,18,103,25,60,2.39,1.24,120.89,215.15,25.44,94.60,16.38,2.28,14.64,1.84,8.88,1.76,4.88,0.91,4.47,0.74,9.63,9.63
404,34,16,106,22,42,59,14,153,89,31,375,20,110,36,75,2.27,1.98,49.94,91.44,11.01,43.79,8.75,1.59,7.32,1.21,6.97,1.26,3.96,0.62,3.84,0.61,10.41,10.41
492,36,18,109,17,42,71,16,164,87,34,333,21,118,39,83,2.44,2.00,50.64,94.12,11.29,44.09,8.26,1.54,7.21,1.24,6.73,1.18,3.59,0.57,3.64,0.53,8.73,8.73
312,37,14,86,28,35,42,17,150,92,35,338,24,99,34,75,2.12,1.97,64.29,125.30,14.12,55.32,10.73,1.79,9.06,1.56,8.27,1.55,4.82,0.79,4.65,0.69,8.65,8.65
376,37,11,70,20,40,184,24,103,62,31,435,17,259,30,68,1.62,1.87,40.40,76.60,8.88,35.63,6.73,1.26,6.22,1.14,6.59,1.25,3.68,0.60,3.71,0.58,12.40,12.40
356,34,13,86,20,34,46,20,124,77,28,371,19,93,32,75,1.80,1.77,37.65,73.02,8.36,33.11,6.49,1.22,5.36,0.95,5.09,0.99,2.99,0.48,3.07,0.44,10.21,10.21
379,37,14,86,14,36,31,20,133,85,28,359,18,75,29,77,2.11,1.71,39.17,71.38,8.69,33.77,6.60,1.23,5.64,1.02,5.25,1.03,3.15,0.46,3.03,0.46,10.06,10.06
586,25,15,148,18,24,40,14,176,90,37,260,16,99,21,59,2.85,1.43,57.46,100.36,13.16,51.10,9.30,1.71,8.87,1.35,7.24,1.63,4.59,0.89,4.36,0.70,9.68,9.68
320,33,12,67,21,32,22,13,130,92,32,605,18,68,14,63,2.03,1.71,72.88,137.18,15.34,58.40,10.43,1.70,8.83,1.43,7.57,1.52,4.76,0.68,4.60,0.70,17.26,17.26
321,36,14,82,25,37,39,14,163,113,30,286,20,117,17,69,2.16,2.25,74.27,142.68,15.57,58.32,10.41,1.75,8.21,1.20,5.28,0.93,2.63,0.35,2.36,0.34,8.13,8.13
279,31,15,79,29,33,26,14,154,109,34,341,26,92,19,70,2.98,1.99,92.85,172.33,19.50,72.33,11.74,1.75,10.14,1.56,8.26,1.64,5.06,0.71,4.62,0.63,9.50,9.50
421,30,11,75,20,46,23,14,157,91,23,436,16,66,18,68,2.41,1.57,68.82,131.54,14.35,54.59,9.87,1.57,8.02,1.30,5.93,1.07,3.23,0.43,2.96,0.47,12.06,12.06
291,40,16,93,36,50,25,15,180,119,38,271,27,84,16,64,2.44,2.00,154.51,287.09,32.83,126.95,22.69,3.42,18.62,2.91,13.49,2.44,6.85,0.93,5.87,0.85,7.58,7.58
342,36,17,107,27,46,28,12,204,130,39,263,25,85,19,77,3.20,1.67,105.13,200.26,23.47,90.52,16.01,2.54,15.08,2.11,9.55,1.79,5.46,0.72,4.74,0.68,7.52,7.52
217,35,9,87,15,37,1464,79,71,67,21,171,11,1666,91,86,1.19,1.61,23.84,44.11,5.31,21.00,4.31,0.74,3.52,0.60,3.16,0.63,1.78,0.25,1.76,0.25,4.04,4.04
337,33,10,72,20,33,280,31,95,59,34,444,21,398,28,65,1.52,1.64,40.00,78.48,8.99,34.90,7.02,1.33,6.22,1.16,6.39,1.29,3.91,0.56,3.89,0.62,12.65,12.65
242,27,10,80,21,41,575,35,99,75,29,329,19,697,29,68,1.51,1.58,48.18,95.01,10.68,41.56,7.80,1.32,6.31,1.10,5.55,1.00,3.08,0.42,2.94,0.43,7.79,7.79
279,35,11,89,24,30,36,19,112,80,33,445,25,107,32,70,2.46,1.78,58.24,112.00,12.92,50.75,9.58,1.54,7.58,1.36,6.91,1.28,3.96,0.59,3.86,0.58,12.49,12.49
431,18,12,132,13,19,41,19,146,79,29,266,22,85,30,48,2.03,2.02,48.07,93.14,10.65,41.37,7.74,1.40,6.07,1.02,6.17,1.16,3.57,0.52,4.05,0.63,7.96,7.96
515,20,12,130,15,29,40,16,166,77,32,353,23,94,30,63,2.40,1.73,54.27,103.63,11.97,46.30,8.53,1.43,6.12,1.05,6.29,1.17,3.62,0.54,4.07,0.52,12.00,12.00
403,35,11,55,22,44,23,11,153,84,24,581,16,59,15,56,2.00,1.47,45.24,86.85,9.58,36.70,6.83,1.21,5.45,0.92,4.38,0.83,2.47,0.40,2.63,0.40,15.54,15.54
347,35,11,76,32,33,29,14,156,104,32,259,21,94,20,66,2.32,2.41,96.57,187.05,21.05,80.63,13.61,2.03,11.18,1.71,7.96,1.65,4.89,0.64,4.07,0.72,6.83,6.83
324,34,11,61,35,30,26,13,120,102,34,370,24,66,19,66,1.81,1.95,83.50,163.98,18.31,69.63,11.57,1.63,9.38,1.43,7.04,1.49,4.44,0.69,4.15,0.62,9.50,9.50
378,35,10,57,28,44,27,16,166,92,20,514,21,64,16,64,1.36,1.34,49.04,97.07,10.84,42.29,6.56,1.00,5.21,0.78,3.84,0.79,2.38,0.37,2.21,0.34,11.16,11.16
335,32,17,100,28,44,29,14,203,144,32,278,21,98,21,71,2.99,2.32,90.56,173.01,19.77,75.31,13.54,2.39,11.23,1.72,8.59,1.72,4.76,0.67,4.05,0.58,7.74,7.74
327,32,15,94,31,43,22,13,159,125,38,260,20,80,25,72,2.44,2.34,115.91,214.70,24.22,92.10,15.83,2.39,12.80,1.77,7.99,1.47,4.03,0.59,3.54,0.53,7.31,7.31
374,35,16,97,27,46,28,13,201,133,39,265,20,89,27,73,2.86,2.14,106.16,203.41,23.50,92.01,16.36,2.47,12.91,1.92,8.95,1.66,4.72,0.64,3.74,0.56,7.38,7.38
451,14,11,58,3,22,1214,60,51,47,18,147,9,1635,30,62,1.15,1.95,29.28,57.19,6.62,26.24,4.81,0.88,4.04,0.69,3.63,0.71,2.39,0.29,2.38,0.34,3.87,3.87
550,16,14,73,4,27,1208,66,78,51,23,222,11,1669,30,62,1.27,1.73,40.05,78.82,8.84,34.67,5.23,1.20,4.94,0.88,5.90,1.14,3.66,0.52,3.48,0.54,8.92,8.92
534,18,15,122,13,20,105,16,146,75,32,301,21,133,34,57,1.97,1.99,51.93,101.31,11.34,47.36,8.05,1.53,6.96,1.11,7.13,1.27,3.83,0.61,4.18,0.57,9.14,9.14
517,18,16,130,14,19,87,18,146,77,32,286,19,139,37,54,2.25,2.09,51.21,101.77,11.38,46.26,7.32,1.55,6.36,1.10,6.78,1.33,4.13,0.72,4.41,0.63,9.36,9.36
413,16,12,120,12,20,49,17,119,69,26,295,17,84,26,50,1.88,1.67,40.23,73.32,8.64,34.52,6.14,1.26,5.15,0.87,5.77,1.16,3.24,0.48,3.28,0.54,9.83,9.83
512,25,12,121,21,12,22,11,221,85,34,610,39,41,12,48,2.63,1.42,121.99,261.18,27.02,103.55,15.48,1.67,11.68,1.50,7.73,1.35,3.67,0.46,3.04,0.46,26.28,26.28
551,24,13,130,17,13,28,12,216,100,37,577,44,63,15,52,2.53,1.38,115.32,229.04,25.68,101.45,15.30,1.73,11.44,1.57,8.05,1.50,3.78,0.53,3.07,0.47,23.43,23.43
567,24,12,139,17,15,24,12,225,100,43,839,51,51,19,66,2.40,1.59,120.19,242.94,27.61,108.65,16.79,1.94,13.70,2.10,11.42,1.99,5.10,0.63,4.19,0.58,39.90,39.90
633,23,12,129,16,16,27,11,193,114,33,461,31,64,17,46,1.95,1.52,132.03,251.16,29.53,113.00,17.35,2.52,13.45,1.76,8.84,1.62,4.29,0.62,4.01,0.53,17.21,17.21
665,26,14,132,18,17,35,16,223,104,37,368,35,80,26,65,2.40,1.59,133.66,251.14,29.54,114.47,17.67,2.11,13.02,1.62,7.56,1.42,3.63,0.44,3.12,0.46,12.74,12.74
582,25,15,134,21,27,42,13,195,117,39,296,20,112,20,39,2.34,2.00,138.57,266.42,29.61,111.39,18.04,3.26,15.16,2.06,11.35,2.10,5.79,0.77,4.48,0.74,10.99,10.99
552,21,12,114,19,34,29,9,155,150,37,297,20,86,19,37,2.26,1.80,122.93,243.69,26.87,101.49,17.44,3.02,14.95,2.32,12.83,2.67,7.11,1.12,6.84,1.00,11.67,11.67
573,22,14,137,20,29,40,15,173,107,41,287,19,92,25,48,2.30,2.03,113.60,215.85,24.63,94.31,15.83,2.76,13.25,1.86,10.06,1.94,5.44,0.80,5.09,0.78,10.45,10.45
417,15,10,79,8,31,488,38,76,46,24,129,13,538,37,69,1.64,2.28,43.36,82.11,9.34,36.66,5.66,1.29,5.02,0.87,5.81,1.04,3.33,0.46,3.10,0.45,5.08,5.08
424,14,10,80,8,32,511,37,72,43,24,129,12,540,47,71,1.60,2.18,40.37,78.64,8.80,34.67,5.58,1.26,5.13,0.89,5.93,1.11,3.56,0.52,3.29,0.50,4.82,4.82
527,22,14,143,16,18,43,20,153,68,36,253,19,94,28,65,2.74,2.31,59.52,111.20,12.82,51.48,8.26,1.92,7.29,1.29,8.52,1.59,5.08,0.75,4.94,0.76,9.87,9.87
397,15,12,110,11,17,32,12,102,68,25,309,19,76,20,41,1.52,1.60,39.57,73.83,8.77,34.79,6.34,1.23,5.28,0.90,5.23,1.12,3.11,0.56,3.52,0.51,14.19,14.19
376,13,13,101,8,15,27,11,112,86,24,303,18,68,30,40,1.70,1.56,38.58,72.63,8.68,34.53,6.57,1.24,5.33,0.92,5.54,1.12,3.37,0.52,3.35,0.53,12.96,12.96
326,14,9,122,12,12,35,14,98,55,25,360,18,80,25,37,1.51,1.66,35.92,66.16,8.10,31.76,5.81,1.06,4.44,0.77,5.03,0.90,2.94,0.49,3.12,0.49,12.59,12.59
544,25,11,133,19,9,30,12,208,89,35,529,39,55,15,42,2.67,1.44,137.05,238.86,30.83,117.35,16.26,1.60,11.37,1.55,7.92,1.22,4.13,0.46,3.27,0.52,18.36,18.36
540,25,11,148,19,9,24,12,198,88,36,570,42,51,12,41,2.67,1.41,130.27,232.11,28.93,111.93,15.87,1.60,10.98,1.63,7.90,1.35,4.06,0.54,3.85,0.56,20.17,20.17
596,21,11,145,15,17,29,17,197,138,41,758,44,53,16,43,2.54,1.75,140.31,270.37,33.72,137.09,19.87,2.48,15.22,2.17,11.63,2.06,6.39,0.85,5.77,0.84,35.92,35.92
528,21,9,133,15,19,29,16,197,123,37,779,44,59,18,37,2.14,1.63,126.44,230.38,28.70,113.54,15.67,2.04,12.29,1.79,9.70,1.78,5.71,0.77,4.96,0.74,37.35,37.35
944,23,13,197,17,11,32,19,168,192,41,693,37,58,22,55,2.19,1.88,168.15,249.74,53.86,208.02,26.88,4.27,20.09,2.59,11.72,1.96,6.32,0.77,5.14,0.76,20.65,20.65
601,23,15,180,9,12,38,22,147,260,36,438,37,115,33,70,3.35,2.46,133.43,247.65,29.93,120.11,17.41,3.48,14.09,2.06,11.36,1.95,5.94,0.79,5.13,0.72,20.75,20.75
534,22,11,122,20,23,29,9,169,102,31,346,20,72,13,40,2.17,1.91,101.88,190.49,21.59,81.50,12.89,1.84,9.05,1.44,8.13,1.46,4.76,0.66,4.50,0.63,11.40,11.40
329,30,14,80,19,37,38,13,129,104,32,323,22,84,32,82,2.02,2.02,62.42,123.25,13.77,53.93,9.61,1.71,7.96,1.25,6.06,1.21,3.68,0.55,3.31,0.50,9.08,9.08
607,25,11,64,15,35,70,17,93,76,28,299,19,102,42,63,1.45,2.14,40.15,78.03,8.89,35.45,6.77,1.31,5.70,1.03,5.66,1.13,3.54,0.54,3.06,0.50,9.32,9.32
390,15,10,142,12,14,55,16,113,63,26,320,22,116,35,43,1.46,1.82,38.25,73.96,8.78,34.83,5.87,1.30,4.58,0.95,6.29,1.09,3.48,0.53,3.58,0.54,11.52,11.52
442,18,12,164,13,16,73,20,127,61,32,309,24,109,45,56,2.01,2.31,47.13,91.13,10.32,41.14,6.92,1.61,5.89,1.12,7.45,1.38,4.47,0.69,4.49,0.68,11.72,11.72
344,15,10,123,10,15,54,18,93,60,25,320,18,101,24,42,1.53,1.94,41.64,80.18,9.08,35.80,5.87,1.25,5.04,0.86,5.73,1.05,3.37,0.53,3.60,0.55,12.44,12.44
439,18,13,141,11,19,56,21,123,65,30,339,20,119,36,53,2.20,2.02,50.72,93.96,11.10,44.35,7.02,1.54,6.11,1.09,6.89,1.35,4.11,0.63,4.30,0.66,12.63,12.63
378,19,10,131,14,15,41,18,165,74,33,346,24,94,21,37,3.57,1.73,89.76,170.85,19.71,77.83,12.77,1.98,10.15,1.58,8.69,1.48,4.29,0.62,3.92,0.59,13.92,13.92
482,19,12,157,9,20,40,19,142,203,33,398,36,116,22,57,2.94,1.87,97.16,191.95,22.51,90.52,12.06,2.76,10.60,1.60,9.50,1.68,5.26,0.70,4.69,0.67,17.66,17.66
667,23,12,167,11,15,34,19,193,238,44,583,50,63,20,56,2.52,2.25,199.28,313.73,47.57,191.12,25.90,4.13,19.94,2.75,13.93,2.39,7.26,0.93,6.07,0.89,22.94,22.94
677,21,12,168,13,15,35,17,194,205,39,406,44,66,23,57,2.45,2.01,175.13,297.63,40.20,159.03,21.53,3.22,16.49,2.20,10.82,1.85,5.69,0.72,4.69,0.63,15.76,15.76
634,23,11,116,15,22,26,10,184,133,38,536,19,78,16,40,4.56,2.07,83.93,139.71,17.44,66.69,9.60,1.93,8.37,1.39,8.86,1.76,5.57,0.87,5.60,0.84,24.11,24.11
655,21,11,125,13,24,38,15,162,143,31,436,19,84,21,43,2.83,1.91,84.87,155.17,17.65,67.67,9.45,1.96,8.05,1.22,6.86,1.27,3.84,0.56,3.84,0.57,17.81,17.81
678,22,11,137,14,28,37,14,180,155,35,468,20,96,15,45,2.75,2.04,81.87,148.79,17.26,67.10,9.81,2.03,9.12,1.58,9.59,1.92,5.75,0.93,5.42,0.87,19.71,19.71
440,17,12,118,13,23,183,25,117,61,29,349,20,378,27,55,1.66,1.24,44.52,80.06,10.25,39.37,7.36,1.34,7.25,1.15,6.44,1.52,4.42,0.87,4.21,0.68,12.26,12.26
453,19,11,140,19,23,51,15,91,38,32,361,13,107,16,57,1.83,1.09,52.75,96.95,12.26,46.73,9.08,1.52,8.44,1.25,6.97,1.57,4.64,0.94,4.43,0.71,14.27,14.27
482,22,15,174,18,9,39,16,119,54,34,302,19,93,27,54,2.34,1.35,50.40,90.99,10.97,43.08,8.25,1.46,8.06,1.04,6.47,1.29,4.12,0.69,3.79,0.63,10.98,10.98
391,21,12,172,14,13,46,16,150,79,36,62,25,82,39,304,2.08,1.13,44.97,84.04,10.38,40.76,6.73,1.26,6.66,0.97,4.97,1.16,2.82,0.60,2.84,0.49,8.82,8.82
464,19,11,127,12,18,44,21,143,73,30,332,20,86,33,54,2.08,2.07,48.70,93.75,10.58,42.08,6.47,1.39,5.94,1.02,6.26,1.26,3.71,0.60,3.95,0.61,12.09,12.09
400,19,13,141,14,28,36,17,141,86,31,244,20,91,22,58,2.35,2.41,66.41,126.78,14.15,55.21,8.49,1.70,7.66,1.29,7.73,1.49,4.44,0.72,4.42,0.69,9.74,9.74
398,22,9,102,16,24,28,12,199,100,34,327,21,76,14,38,2.70,1.86,79.70,141.45,15.70,58.63,7.88,1.38,7.20,1.11,6.61,1.31,3.96,0.59,3.75,0.58,12.08,12.08
572,19,11,163,8,13,29,17,139,268,32,506,43,76,21,52,2.43,1.90,115.69,221.85,26.54,104.02,13.79,2.71,11.68,1.66,8.70,1.55,4.45,0.63,3.79,0.57,23.39,23.39
478,18,12,158,8,16,36,18,138,206,34,411,36,108,21,66,2.67,1.85,90.44,180.35,21.33,85.59,12.38,2.35,10.41,1.61,8.61,1.60,4.55,0.67,4.24,0.65,16.50,16.50
381,23,9,95,18,26,29,10,217,100,36,331,24,57,17,37,2.83,1.79,90.14,162.78,17.88,66.83,8.55,1.38,7.53,1.19,7.16,1.38,4.07,0.66,3.92,0.60,16.44,16.44
421,19,13,126,13,18,41,14,146,110,32,435,32,93,19,58,2.83,1.59,100.11,195.52,22.21,87.11,12.26,1.68,10.60,1.64,9.18,1.64,4.82,0.69,4.15,0.61,18.93,18.93
450,19,10,134,14,19,32,15,150,102,31,544,32,88,20,47,2.85,1.57,96.60,193.30,21.66,83.28,11.77,1.57,9.85,1.46,7.56,1.38,3.98,0.61,3.89,0.60,23.26,23.26
635,21,11,135,13,21,32,14,156,142,31,362,20,82,25,64,2.63,1.99,100.34,182.11,21.05,81.41,10.98,2.22,9.85,1.64,10.41,2.03,6.06,0.96,5.72,0.85,13.27,13.27
407,15,11,191,12,16,36,16,95,73,25,41,24,69,30,330,1.57,1.07,38.75,69.36,8.55,34.09,6.46,1.17,6.75,0.89,5.52,1.07,3.59,0.59,3.42,0.66,11.78,11.78
411,17,12,156,13,25,103,19,110,66,31,53,20,167,27,347,2.10,1.20,44.46,80.54,9.62,36.92,6.81,1.33,6.43,0.93,6.23,1.29,3.52,0.64,3.72,0.64,12.57,12.57
465,20,14,186,15,16,36,14,155,73,34,56,25,89,38,290,2.54,1.43,55.77,97.85,11.40,43.16,7.78,1.45,6.64,0.97,6.45,1.36,3.56,0.63,3.71,0.63,9.10,9.10
456,18,13,187,14,12,36,15,133,67,33,57,26,84,35,319,2.58,1.35,53.45,94.75,11.09,41.12,7.31,1.35,6.07,0.93,6.54,1.38,3.68,0.67,3.68,0.61,9.52,9.52
441,17,11,122,12,15,37,14,128,79,31,341,20,87,34,49,2.03,1.97,49.38,92.96,10.85,43.04,6.65,1.36,6.17,1.11,6.80,1.31,3.87,0.64,4.06,0.63,12.90,12.90
504,21,12,143,14,22,32,13,173,115,51,442,38,90,25,53,3.18,2.27,82.57,157.19,18.22,73.29,11.93,2.24,11.53,2.34,16.57,3.28,9.49,1.52,9.56,1.32,19.15,19.15
453,22,11,93,14,23,23,11,238,108,44,444,32,59,24,46,2.92,1.63,70.99,134.86,15.34,60.35,9.78,1.59,8.73,1.63,9.74,1.84,5.53,0.82,5.37,0.78,16.48,16.48
482,22,11,142,8,13,82,19,147,146,57,598,57,164,18,53,4.78,2.15,75.43,138.26,17.19,71.09,12.41,2.24,11.90,2.54,18.41,3.78,11.91,1.98,12.79,1.84,27.65,27.65
563,26,11,149,16,20,47,13,197,100,74,1382,71,83,19,53,4.80,1.84,117.89,233.77,27.47,111.91,20.89,3.05,19.11,3.73,24.76,5.04,16.00,2.69,18.64,2.69,70.41,70.41
675,26,16,159,17,24,46,15,226,144,36,275,28,118,30,67,4.16,1.97,121.91,228.84,26.74,103.90,15.28,2.52,12.40,1.77,8.72,1.40,4.00,0.56,3.57,0.51,12.60,12.60
541,23,13,150,15,23,41,15,230,133,41,636,41,99,33,65,2.91,1.95,112.74,205.69,23.79,91.73,13.87,2.23,11.81,1.82,8.91,1.59,4.66,0.66,4.44,0.63,25.44,25.44
644,24,12,138,14,17,31,11,202,117,53,526,43,76,22,57,4.19,1.66,112.85,213.27,25.43,98.35,16.38,2.15,13.17,2.38,15.89,2.90,9.46,1.41,8.99,1.40,25.34,25.34
698,24,13,160,14,24,34,16,213,132,48,644,39,81,26,64,3.46,2.00,119.42,220.26,25.24,99.13,14.20,2.43,12.54,2.25,15.75,3.20,9.65,1.52,9.80,1.36,28.88,28.88
464,18,12,150,13,27,70,17,131,70,32,341,20,113,36,58,2.52,1.22,44.37,78.84,9.11,34.51,6.14,1.14,5.03,0.82,5.86,1.23,3.24,0.60,3.36,0.59,10.55,10.55
506,19,12,152,14,25,86,19,139,63,34,327,21,140,34,59,2.85,1.31,44.65,77.88,9.08,34.01,6.16,1.14,4.99,0.81,5.89,1.27,3.26,0.60,3.50,0.59,9.45,9.45
448,19,13,157,14,18,37,18,149,86,33,270,23,97,42,58,2.99,1.50,56.44,97.18,11.53,42.96,7.44,1.28,5.78,0.86,5.80,1.18,3.19,0.58,3.23,0.53,8.67,8.67
419,17,12,148,14,21,38,17,139,94,31,260,22,87,37,56,2.97,1.44,56.60,98.31,11.55,43.18,7.64,1.27,5.81,0.83,5.61,1.14,3.03,0.53,3.00,0.50,7.76,7.76
578,23,14,158,14,24,50,19,178,120,32,226,21,107,35,66,2.84,2.61,59.71,112.11,12.36,47.68,7.40,1.63,6.36,1.12,7.38,1.43,4.37,0.69,4.69,0.64,9.93,9.93
528,22,11,117,15,21,30,12,201,104,41,422,27,76,24,44,2.90,1.62,49.30,92.04,10.66,42.65,7.20,1.40,6.56,1.34,9.10,1.86,5.63,0.89,5.72,0.83,15.10,15.10
407,18,9,96,12,15,47,12,125,72,32,402,21,95,14,40,2.56,1.65,37.17,70.23,8.33,33.35,6.04,1.18,5.48,1.02,7.54,1.45,4.75,0.72,4.66,0.73,14.83,14.83
515,23,12,111,12,16,36,13,171,111,77,647,64,69,30,60,4.03,1.88,96.44,178.59,21.62,89.11,15.21,2.32,14.61,3.08,22.56,4.65,14.15,2.35,15.30,2.21,32.84,32.84
520,23,12,126,13,13,29,13,166,110,76,701,64,56,21,54,3.87,1.78,89.79,163.89,19.56,79.75,14.29,2.18,14.53,3.08,23.37,4.88,15.11,2.59,16.91,2.39,32.86,32.86
570,22,12,124,11,11,35,17,169,130,70,704,61,79,21,66,5.17,1.30,77.81,110.06,16.95,65.87,13.55,1.71,10.68,1.95,15.92,3.51,9.10,1.71,9.51,1.55,25.59,25.59
492,23,12,114,14,18,32,12,180,107,63,500,49,71,19,52,4.35,1.59,89.03,168.22,20.17,83.09,15.66,1.92,13.19,2.54,17.28,3.46,10.98,1.66,10.49,1.46,19.61,19.61
664,26,12,143,17,29,28,12,211,116,46,549,27,78,24,51,5.16,1.69,88.33,158.85,19.46,75.58,11.47,1.94,10.29,1.84,13.29,2.76,9.22,1.38,8.81,1.42,22.02,22.02
581,18,10,100,12,27,28,12,155,128,28,419,18,89,22,41,2.07,1.61,60.93,111.06,12.84,49.44,7.43,1.50,6.62,1.17,7.57,1.46,4.81,0.71,4.55,0.70,15.63,15.63
504,21,13,145,13,27,166,21,140,63,34,70,18,232,33,277,3.30,1.51,45.43,79.14,9.49,35.52,6.49,1.21,5.04,0.78,5.59,1.21,3.24,0.59,3.49,0.58,9.13,9.13
443,17,11,147,11,27,165,18,121,75,31,57,22,247,39,301,2.71,1.36,48.30,84.82,10.04,37.18,6.52,1.15,5.02,0.76,5.20,1.05,2.81,0.51,2.85,0.50,9.38,9.38
413,18,11,163,13,23,53,15,130,77,33,55,25,132,39,302,2.08,1.27,50.66,89.30,11.05,42.18,7.66,1.55,7.61,1.08,6.63,1.40,4.11,0.70,4.22,0.67,10.18,10.18
517,19,11,157,13,20,52,13,163,91,30,64,26,102,43,237,2.23,1.14,53.33,93.93,11.34,42.76,7.72,1.43,7.69,1.02,5.74,1.20,3.47,0.59,3.54,0.55,7.88,7.88
562,20,12,162,14,21,45,14,159,82,31,58,24,92,36,238,2.31,1.19,56.62,100.46,11.97,45.33,7.85,1.49,7.92,1.04,6.24,1.36,4.09,0.69,4.17,0.65,7.86,7.86
609,23,14,148,16,25,42,14,222,110,37,269,26,103,27,64,3.83,2.36,87.02,164.15,18.89,72.45,10.06,2.27,8.62,1.45,8.98,1.62,5.07,0.70,4.34,0.71,11.72,11.72
364,21,13,94,13,19,35,13,236,112,35,272,20,70,32,51,3.22,1.82,60.68,117.18,13.51,51.50,7.35,1.43,6.57,1.16,7.35,1.36,4.11,0.59,3.84,0.62,11.86,11.86
449,20,11,144,14,16,30,16,147,101,39,367,28,78,31,50,2.70,2.00,100.55,187.53,21.98,85.56,12.91,2.41,11.15,1.96,12.62,2.30,6.95,1.00,6.29,0.96,15.80,15.80
573,23,12,140,14,21,38,12,224,138,43,62,34,91,27,403,3.59,1.18,103.85,150.68,22.91,87.13,16.20,2.25,15.13,1.93,10.17,2.06,6.15,1.02,6.17,0.98,16.72,16.72
545,25,11,130,13,17,42,13,239,151,45,60,33,95,28,336,3.43,1.02,97.33,138.18,20.81,80.28,14.54,1.94,13.84,1.71,9.06,1.80,5.21,0.85,4.94,0.78,9.37,9.37
485,24,12,109,13,18,35,16,179,111,59,408,47,80,36,63,3.86,1.80,85.70,162.97,19.64,78.12,13.04,1.85,12.34,2.58,18.89,3.76,11.86,1.82,11.48,1.84,20.17,20.17
534,24,11,136,14,19,32,13,200,124,56,58,45,72,19,613,3.58,1.14,104.36,147.01,23.04,87.97,15.80,1.88,15.52,2.09,12.29,2.59,7.66,1.28,7.65,1.21,22.40,22.40
679,22,9,129,15,37,25,7,188,150,38,36,15,81,14,814,2.84,0.80,39.13,74.02,8.49,31.87,6.04,1.57,6.52,1.02,7.19,1.62,4.76,0.86,5.17,0.86,25.29,25.29
248,24,9,60,14,40,26,15,93,71,24,180,18,63,32,70,1.52,2.38,52.58,96.83,11.33,43.63,7.69,1.29,6.02,0.95,4.54,0.92,2.67,0.41,2.47,0.36,5.53,5.53
323,26,9,53,18,40,28,18,100,70,27,163,19,65,34,71,1.71,2.46,49.25,93.11,10.70,41.94,7.24,1.25,5.77,0.88,4.38,0.87,2.56,0.35,2.38,0.33,4.08,4.08
387,17,11,140,12,21,67,16,123,85,29,54,21,139,28,300,3.35,1.19,48.76,87.24,10.52,40.03,7.16,1.35,7.07,0.95,5.51,1.12,3.30,0.55,3.46,0.54,9.72,9.72
395,17,11,163,12,19,51,16,140,76,32,57,25,104,31,266,2.22,1.26,45.32,79.90,9.63,36.47,6.57,1.28,6.50,0.91,5.45,1.11,3.28,0.56,3.29,0.54,8.48,8.48
308,16,12,127,9,21,68,17,122,108,30,52,20,139,42,343,1.78,1.15,42.73,74.82,9.28,35.62,6.44,1.26,6.59,0.95,6.05,1.27,3.63,0.62,3.65,0.58,11.55,11.55
456,22,13,116,11,21,71,18,211,94,36,244,19,152,29,66,3.47,2.10,60.81,108.99,13.09,50.93,7.66,1.87,6.89,1.25,8.05,1.44,4.25,0.62,3.86,0.63,12.34,12.34
466,20,12,112,12,12,46,18,188,135,32,244,16,92,34,50,2.87,1.53,59.60,104.71,12.78,50.22,7.75,1.57,6.67,1.14,6.85,1.26,3.74,0.55,3.43,0.56,10.56,10.56
391,18,12,145,12,17,48,28,144,108,30,303,23,99,33,43,2.33,2.13,63.37,118.75,13.85,53.95,8.03,1.80,7.17,1.28,8.78,1.62,4.86,0.70,4.44,0.70,12.42,12.42
490,18,11,147,14,26,36,17,175,78,34,494,20,78,19,45,2.19,1.71,75.73,145.16,15.84,64.64,10.11,2.00,8.67,1.47,9.09,1.70,5.19,0.80,5.09,0.86,18.20,18.20
488,19,11,145,13,22,34,15,169,137,41,459,34,81,25,47,2.63,1.90,77.60,146.01,17.54,70.04,10.83,2.27,10.13,2.03,15.38,3.01,9.39,1.38,8.86,1.37,20.30,20.30
424,19,11,156,14,19,33,20,134,92,41,342,33,76,29,41,2.50,2.14,139.76,261.22,29.65,114.07,18.18,2.81,15.29,2.48,14.39,2.69,7.90,1.12,6.92,1.00,12.70,12.70
316,17,8,68,14,25,30,15,123,69,29,52,16,69,31,230,1.64,0.77,44.84,77.76,9.58,36.63,6.42,1.10,6.48,0.83,4.80,0.98,2.74,0.45,2.64,0.42,5.84,5.84
397,16,10,112,11,66,39,19,122,131,27,351,18,85,29,65,2.07,1.54,41.64,77.05,9.09,35.92,5.62,1.43,5.03,0.93,6.63,1.31,4.18,0.64,3.97,0.62,14.35,14.35
267,30,8,52,21,35,20,10,81,63,23,161,16,54,30,72,1.23,2.39,46.95,87.93,10.18,39.76,7.11,1.17,5.82,0.87,4.34,0.87,2.56,0.35,2.12,0.34,3.42,3.42
265,27,9,49,18,35,24,15,86,65,23,176,16,54,33,67,1.38,2.30,43.69,82.07,9.56,37.47,6.59,1.14,5.18,0.91,4.30,0.76,2.32,0.35,2.18,0.37,4.52,4.52
365,16,10,149,11,17,37,14,115,74,29,47,21,95,29,399,1.83,1.25,46.07,81.38,9.80,37.51,6.73,1.23,6.64,0.92,5.74,1.19,3.58,0.62,3.81,0.64,13.87,13.87
401,16,12,151,13,13,39,19,89,63,27,46,19,102,24,409,1.81,1.17,47.42,86.83,10.32,39.98,7.17,1.28,6.92,0.95,5.48,1.18,3.48,0.59,3.59,0.59,14.30,14.30
359,19,12,131,10,19,50,21,163,107,31,252,17,98,41,46,2.24,1.57,43.56,80.45,9.40,37.95,6.36,1.51,5.75,1.06,7.23,1.48,4.51,0.69,4.40,0.69,10.86,10.86
394,23,12,129,12,22,40,19,231,102,34,232,18,94,35,42,2.81,1.73,38.75,72.54,8.52,33.65,5.58,1.37,4.74,0.89,6.12,1.22,3.72,0.59,3.77,0.59,9.45,9.45
372,18,11,137,12,18,51,20,141,85,30,279,19,114,28,48,2.13,1.80,54.14,101.77,11.80,45.60,6.86,1.45,6.03,1.02,6.40,1.20,3.72,0.53,3.63,0.53,9.62,9.62
406,16,11,170,13,18,45,22,118,65,31,344,24,101,25,48,1.86,2.05,52.66,98.95,11.46,44.92,6.78,1.57,5.82,1.04,7.27,1.45,4.53,0.70,4.57,0.71,13.11,13.11
436,18,11,132,13,26,33,17,171,93,32,437,19,85,25,42,2.10,1.85,70.98,138.42,15.26,59.73,8.76,1.92,7.76,1.35,9.17,1.76,5.48,0.82,5.23,0.80,17.02,17.02
380,16,10,133,15,19,23,12,116,70,27,32,17,57,14,401,1.80,0.76,44.24,79.32,9.75,37.43,6.31,1.24,6.41,0.85,4.91,1.05,3.04,0.52,2.98,0.47,13.53,13.53
480,21,13,156,17,17,32,13,152,110,35,48,21,82,14,267,2.58,1.14,63.54,111.33,13.52,51.53,9.18,1.63,9.31,1.21,6.88,1.42,4.05,0.63,3.67,0.59,10.45,10.45
497,23,13,174,19,18,28,12,148,95,32,57,20,87,15,214,2.72,1.23,75.04,111.12,16.22,61.26,10.75,1.76,10.37,1.34,7.27,1.47,4.24,0.65,3.63,0.55,7.11,7.11
570,24,13,165,21,26,33,10,160,89,33,43,20,95,19,370,2.74,1.14,87.51,128.19,19.16,72.91,12.97,2.18,12.48,1.54,8.08,1.67,5.02,0.78,4.48,0.70,13.04,13.04
251,23,9,60,17,37,27,18,88,83,23,193,15,61,38,74,1.49,1.96,46.65,86.97,10.16,40.03,7.06,1.20,6.24,0.88,4.38,0.81,2.40,0.38,2.29,0.32,4.75,4.75
388,16,10,101,13,18,68,18,104,66,27,55,13,97,33,210,1.74,1.04,37.15,63.41,8.15,31.78,5.90,1.20,5.76,0.82,5.00,1.05,3.02,0.54,2.99,0.50,6.99,6.99
381,18,13,142,13,16,49,18,109,73,28,48,17,103,26,332,1.82,1.20,37.76,67.82,8.23,32.32,6.09,1.15,6.01,0.88,5.56,1.17,3.44,0.57,3.42,0.56,11.00,11.00
421,19,12,131,12,24,54,18,133,98,30,52,16,113,31,302,2.02,1.21,37.26,66.35,8.10,31.63,5.83,1.20,5.89,0.82,4.97,1.04,3.06,0.52,2.95,0.51,10.26,10.26
399,18,10,111,12,21,34,17,167,122,29,316,18,94,23,34,2.09,1.72,46.29,88.49,10.21,39.94,6.15,1.47,5.39,0.96,6.60,1.31,3.97,0.62,3.88,0.60,11.79,11.79
419,21,11,126,12,24,43,20,201,100,31,260,17,96,27,52,2.64,1.75,39.61,73.84,8.65,34.21,5.36,1.34,4.69,0.88,6.05,1.17,3.59,0.55,3.58,0.53,10.08,10.08
435,18,12,124,12,25,32,17,162,101,27,288,21,75,24,47,2.15,1.60,47.06,87.85,10.12,39.18,6.21,1.37,5.44,0.93,6.32,1.23,3.84,0.57,3.64,0.53,10.90,10.90
454,22,12,163,14,30,44,17,216,82,34,228,25,96,25,80,2.83,2.08,66.52,125.90,14.55,56.16,9.05,1.80,7.37,1.17,7.52,1.35,3.91,0.57,3.56,0.51,9.69,9.69
446,19,11,161,17,23,31,12,142,84,32,47,20,84,22,356,2.33,1.06,63.68,111.67,13.64,51.95,9.06,1.55,9.14,1.18,6.63,1.38,3.97,0.65,3.72,0.61,12.34,12.34
417,19,11,150,17,22,33,15,120,57,32,46,20,90,16,386,2.16,1.10,50.03,88.66,10.64,40.50,7.45,1.41,7.55,1.13,6.93,1.50,4.41,0.75,4.27,0.70,13.34,13.34
378,15,9,93,14,21,24,13,114,80,25,44,16,71,21,218,2.31,0.87,52.59,91.79,10.93,41.13,7.27,1.30,6.84,0.91,5.38,1.12,3.22,0.53,2.97,0.46,6.61,6.61
378,16,18,127,7,16,71,21,97,169,23,70,16,121,52,232,2.87,1.49,46.05,81.20,9.77,37.87,6.73,1.42,6.47,0.84,4.62,0.91,2.62,0.41,2.41,0.37,10.61,10.61
438,44,21,173,21,31,93,35,124,160,27,271,19,187,71,101,2.71,1.60,59.53,113.47,13.63,54.93,10.30,1.95,8.58,1.41,7.22,1.42,4.37,0.64,3.74,0.54,8.02,8.02
384,31,15,78,19,39,54,18,125,94,33,249,19,87,34,78,2.07,2.11,47.93,91.13,10.47,41.63,7.64,1.48,6.54,1.16,6.45,1.24,3.82,0.61,3.54,0.53,7.34,7.34
331,15,12,105,10,18,46,16,105,144,24,47,13,98,32,272,1.59,0.93,30.59,54.69,6.23,24.47,4.54,1.00,4.76,0.66,3.85,0.76,2.23,0.37,2.24,0.36,8.81,8.81
373,18,13,136,13,20,46,21,127,94,29,52,17,114,30,330,1.75,1.17,40.54,73.65,8.96,34.77,6.55,1.18,6.43,0.88,5.25,1.09,3.05,0.52,3.19,0.50,12.49,12.49
292,19,16,143,6,15,59,24,142,152,29,70,20,101,75,196,2.06,1.27,29.46,51.26,6.41,25.88,4.85,1.12,4.75,0.69,4.30,0.86,2.41,0.39,2.23,0.35,5.71,5.71
332,19,11,122,11,27,40,17,170,88,33,46,19,79,22,276,2.30,0.91,35.26,61.63,7.63,29.80,5.84,1.08,5.72,0.85,5.17,1.07,3.04,0.49,2.96,0.46,7.78,7.78
331,17,11,106,11,19,41,15,146,76,30,47,16,81,21,281,1.64,0.79,29.63,53.22,6.48,25.72,4.81,0.96,4.88,0.68,4.16,0.86,2.46,0.41,2.40,0.38,7.89,7.89
272,12,11,82,9,18,28,10,117,92,25,44,16,63,27,303,1.39,0.63,31.07,54.55,6.58,25.86,4.66,0.95,4.66,0.66,3.97,0.83,2.30,0.38,2.22,0.34,7.77,7.77
323,33,8,47,15,32,21,15,97,90,25,421,16,44,15,61,1.30,1.51,46.51,90.23,9.94,38.79,6.85,1.12,5.51,0.94,4.63,0.86,2.81,0.41,2.56,0.43,10.58,10.58
338,26,10,70,21,33,23,16,110,111,26,392,18,74,21,64,1.71,1.78,91.68,175.14,19.42,75.24,13.03,1.86,10.04,1.61,8.06,1.42,4.28,0.62,3.63,0.57,10.97,10.97
476,35,19,113,23,39,63,26,108,171,25,277,19,134,28,82,3.18,1.34,66.55,120.93,13.96,54.20,9.88,1.64,7.86,1.14,5.07,0.84,2.59,0.35,2.26,0.35,7.88,7.88
325,38,19,119,27,43,55,19,143,151,18,229,18,99,50,92,2.96,1.24,65.65,128.85,14.70,57.34,9.64,1.30,7.11,0.94,3.79,0.65,1.80,0.25,1.58,0.23,8.54,8.54
343,17,15,127,7,15,63,22,90,171,23,75,20,122,40,272,2.08,1.30,39.20,69.45,8.25,32.40,5.96,1.15,5.82,0.78,4.69,0.97,2.80,0.46,2.74,0.43,8.08,8.08
359,14,16,144,4,15,78,25,82,185,26,73,23,169,47,264,1.94,1.52,37.25,66.67,8.39,34.42,6.40,1.47,6.42,0.88,5.13,1.03,2.85,0.46,2.79,0.42,9.16,9.16
358,12,6,73,11,19,19,13,75,178,21,457,16,104,12,26,1.82,1.68,60.40,114.02,12.80,50.45,1.62,9.41,7.66,1.27,6.53,1.27,3.68,0.52,3.86,0.52,10.30,10.30
331,12,7,73,10,17,19,13,74,177,22,457,16,98,17,25,2.06,1.87,63.94,120.40,13.76,52.91,1.66,9.87,7.99,1.29,7.07,1.31,4.22,0.62,4.31,0.61,11.96,11.96
348,12,7,73,11,19,20,14,76,175,22,460,16,96,14,22,1.99,1.94,53.82,99.96,11.62,46.31,1.64,8.76,7.45,1.29,7.46,1.44,4.20,0.65,4.44,0.61,10.70,10.70
314,11,6,80,11,19,20,13,75,178,21,456,16,99,15,24,1.70,1.85,67.87,127.90,14.38,57.17,1.76,10.55,8.82,1.45,7.48,1.47,4.39,0.57,4.37,0.58,13.34,13.34
332,11,6,74,10,21,20,12,76,177,21,457,16,102,12,24,1.98,1.74,82.26,159.95,18.43,72.16,2.37,14.41,11.31,1.77,9.19,1.73,5.07,0.72,5.22,0.70,12.35,12.35
324,33,17,101,19,38,40,14,148,89,32,324,20,91,34,76,2.34,1.83,57.71,112.72,13.02,51.17,1.62,9.44,7.56,1.3,6.65,1.21,3.91,0.56,3.67,0.58,8.75,8.75
295,36,17,87,20,37,37,15,133,85,32,318,18,87,32,75,2.17,1.93,48.94,92.57,10.83,43.58,1.42,8.09,6.75,1.13,6.19,1.12,3.56,0.53,3.39,0.54,8.95,8.95
297,29,14,85,18,37,33,15,116,86,32,354,18,94,34,72,1.76,1.63,41.98,75.19,9.16,36.9,1.28,7.17,5.87,1.05,6.12,1.14,3.42,0.51,3.26,0.54,10.07,10.07
317,27,17,105,20,40,43,16,129,86,32,352,18,98,37,77,2.28,1.8,46.39,85.56,10.47,42.07,1.57,7.61,6.34,1.11,5.8,1.05,3.24,0.49,3.45,0.54,10.57,10.57
286,38,14,93,17,39,37,19,136,90,32,340,18,92,33,73,2.09,1.84,43.66,79.36,9.74,38.86,1.39,7.42,5.95,1.05,5.76,1.08,3.26,0.51,3.21,0.49,9.15,9.15
303,35,15,87,13,37,34,19,146,106,29,289,20,92,30,82,2.26,1.84,42.49,76.64,9.44,38.22,1.29,7.28,6.51,1.05,5.82,1.09,3.33,0.51,3.17,0.53,8.33,8.33
358,32,13,90,21,37,50,20,127,105,29,346,21,109,27,74,1.91,1.71,40.7,72.71,8.93,35.88,1.22,6.66,5.34,0.96,5.09,0.94,3.06,0.43,3.01,0.45,9.06,9.06
342,33,15,100,15,39,36,18,143,77,31,313,18,84,31,73,2.59,1.67,44.65,76.24,9.73,38.59,1.51,6.99,7.46,1.06,6.05,1.26,3.63,0.59,3.63,0.58,1.47,1.47
335,11,7,77,10,19,19,13,76,175,21,458,15,101,15,26,2.12,1.90,53.66,102.27,10.94,45.91,1.31,8.76,6.89,1.01,6.11,1.02,3.45,0.52,3.15,0.49,9.20,9.20
341,13,8,134,11,18,34,19,97,104,25,447,23,91,24,29,1.90,1.58,51.93,97.91,11.18,43.67,1.45,8.48,7.14,1.30,7.41,1.43,4.40,0.67,4.91,0.66,18.75,18.75
391,15,10,110,9,21,409,32,86,100,23,307,15,471,27,35,1.37,1.46,36.52,68.94,7.68,30.70,1.08,5.71,4.74,0.80,4.40,0.83,2.40,0.38,2.81,0.39,9.34,9.34
459,17,12,96,6,17,1156,72,75,65,25,252,15,1166,29,45,1.89,1.76,45.31,84.91,9.80,37.82,1.30,7.25,5.83,1.00,5.11,0.97,2.72,0.40,2.85,0.38,7.14,7.14
499,19,12,124,11,19,416,32,126,78,31,306,20,422,30,56,1.84,1.89,58.73,111.80,12.83,49.17,1.71,9.31,7.52,1.17,6.56,1.16,3.59,0.50,3.55,0.50,10.73,10.73
352,31,15,94,18,41,34,15,151,99,33,311,20,89,39,83,2.35,1.87,62.62,118.75,13.79,54.37,1.75,10.33,7.82,1.34,6.86,1.26,3.79,0.55,3.79,0.59,8.29,8.29
325,34,14,92,20,34,36,18,145,92,33,322,19,80,39,78,2.18,2,48.6,92.35,10.8,43.26,1.43,8.19,6.65,1.17,6.19,1.16,3.6,0.49,3.52,0.58,8.93,8.93
386,26,14,87,17,31,34,18,134,101,32,328,20,89,39,74,2.09,1.91,52.41,93.87,11.21,44.32,1.56,8.58,7.54,1.31,7.29,1.39,4.04,0.65,4.12,0.62,10.8,10.8
367,38,10,79,21,34,31,21,127,78,33,381,21,75,29,76,1.52,1.71,39.54,74.44,8.9,35.35,1.4,7.22,6.52,1.17,6.47,1.27,3.75,0.6,3.83,0.58,11.19,11.19
342,29,11,84,21,37,30,18,126,76,29,339,19,76,31,79,1.69,1.62,38.8,71.75,8.59,34.46,1.29,6.86,5.79,1.07,5.91,1.15,3.4,0.51,3.21,0.54,9.63,9.63
407,33,15,103,15,40,34,16,157,96,30,271,18,92,35,81,2.26,1.75,40.81,73.54,9.19,36.95,1.44,7.17,6.2,1.07,6.03,1.16,3.36,0.52,3.3,0.52,7.58,7.58
350,30,12,82,19,34,32,18,131,93,28,340,17,77,24,78,2.01,2.38,40.72,70.67,9.19,35.72,1.26,6.44,6.70,0.94,5.45,1.06,3.32,0.65,3.90,0.53,8.72,8.72
310,34,12,90,15,37,36,27,126,116,30,326,19,77,30,74,2.20,2.25,38.26,67.56,8.45,32.89,1.20,6.05,6.24,0.84,5.05,1.03,3.14,0.55,3.16,0.53,10.94,10.94
388,19,12,123,14,24,44,21,146,83,34,276,20,105,39,56,2.09,1.99,65.27,121.73,14.24,53.44,1.93,9.45,8.50,1.44,7.44,1.39,4.26,0.72,4.14,0.64,9.13,9.13
368,17,11,137,14,32,35,22,118,100,31,372,20,95,31,40,1.71,1.64,63.00,119.87,13.78,52.54,2.00,9.67,7.89,1.47,7.25,1.32,4.26,0.70,4.33,0.66,12.11,12.11
456,20,13,147,14,17,220,29,153,71,35,302,23,304,37,62,1.97,2.03,56.85,106.56,12.72,47.89,1.88,8.62,7.80,1.43,7.61,1.41,4.18,0.70,4.15,0.66,9.84,9.84
455,17,12,71,5,14,1120,64,73,69,23,228,11,1532,33,50,1.28,1.75,36.49,66.48,7.84,29.94,1.15,5.41,4.81,0.93,4.38,0.80,2.49,0.39,2.64,0.40,8.88,8.88
414,15,12,90,8,20,490,35,92,97,27,298,14,579,28,45,2.15,1.38,49.24,91.74,10.48,42.15,1.37,7.56,6.72,1.10,6.08,1.12,3.42,0.52,3.51,0.52,9.49,9.49
407,18,14,87,13,23,50,17,142,150,32,248,15,102,37,61,2.20,2.88,45.64,83.54,9.80,40.36,1.47,6.63,5.67,0.98,5.65,1.09,3.60,0.52,3.40,0.44,8.15,8.15
330,30,14,92,19,38,35,19,145,86,32,281,19,84,46,88,2.68,2.06,39.37,67.68,8.66,33.90,1.23,6.20,6.45,0.85,5.47,1.11,3.28,0.57,3.12,0.48,9.16,9.16
393,29,13,77,18,33,34,23,123,107,28,328,19,75,32,73,2.16,1.79,36.77,66.49,8.06,31.11,1.14,5.65,5.62,0.79,4.97,1.09,3.21,0.53,2.89,0.50,8.44,8.44
310,28,11,92,19,34,34,19,132,88,29,324,19,80,30,72,1.93,1.8,42.76,76.28,9.43,37.9,1.4,7.44,6.55,1.13,6.45,1.23,3.75,0.57,3.64,0.53,9.76,9.76
351,30,9,70,15,36,27,25,105,63,29,360,18,56,25,70,1.76,1.44,31.72,56.01,7.08,27.42,1.01,5.20,5.18,0.76,4.58,0.97,2.88,0.53,2.84,0.48,11.49,11.49
367,35,13,93,16,38,33,22,129,90,30,367,20,80,29,82,2.12,1.47,36.66,64.78,8.21,31.83,1.20,5.69,6.24,0.85,5.44,1.11,3.40,0.58,3.30,0.55,11.29,11.29
362,38,12,73,19,36,30,18,138,74,29,414,21,66,27,77,2.47,1.54,43.55,74.95,9.45,36.81,1.28,6.58,6.48,0.86,5.05,1.04,3.12,0.53,2.87,0.50,9.69,9.69
242,32,10,69,10,25,17,12,76,50,17,188,12,49,15,40,2.38,1.69,50.90,89.11,11.05,43.39,1.47,7.86,7.60,1.02,5.84,1.13,3.20,0.54,3.13,0.55,8.05,8.05
370,16,9,139,13,14,37,19,124,92,30,333,22,97,28,41,1.53,1.50,53.82,101.84,11.42,44.55,1.47,7.94,7.04,1.27,7.27,1.36,4.20,0.68,4.44,0.66,11.33,11.33
411,16,10,90,9,15,749,41,89,68,25,209,13,949,31,44,1.33,1.24,35.66,65.88,7.53,29.74,0.99,5.19,4.71,0.78,4.38,0.78,2.40,0.36,2.43,0.36,6.64,6.64
441,18,12,108,13,21,169,24,124,91,32,228,16,221,47,64,1.82,1.59,47.89,88.52,10.13,40.75,1.42,7.17,6.62,1.13,6.47,1.13,3.60,0.54,3.66,0.53,7.62,7.62
462,18,12,114,12,24,250,26,141,85,34,287,19,365,39,55,1.94,1.70,68.22,128.08,14.88,58.08,1.85,10.13,8.92,1.50,8.05,1.40,4.47,0.66,4.31,0.63,9.46,9.46
443,19,12,141,15,29,55,22,139,65,37,381,23,114,39,69,2.46,1.68,76.07,145.55,16.90,66.40,2.20,11.94,10.19,1.65,8.67,1.54,4.71,0.72,4.85,0.71,13.49,13.49
373,16,10,112,10,21,47,15,148,92,31,266,17,113,43,52,2.56,3.11,59.15,111.58,12.75,49.14,1.82,8.44,7.25,1.22,7.77,1.51,4.07,0.58,4.28,0.67,8.17,8.17
301,26,12,82,18,32,34,25,133,67,31,311,21,72,31,82,2.26,1.94,34.87,62.91,7.82,30.57,1.20,6.01,6.02,0.89,4.94,1.07,3.63,0.51,3.43,0.53,9.33,9.33
387,32,12,83,15,34,33,18,140,83,30,306,19,75,35,83,2.76,1.25,32.20,55.89,7.10,27.90,0.96,5.10,5.20,0.68,4.22,0.81,2.73,0.48,2.78,0.44,8.65,8.65
364,32,12,81,18,34,30,13,128,84,32,311,20,73,31,70,1.97,1.76,38.39,69.27,8.48,34.14,1.32,6.6,5.83,1.01,5.91,1.07,3.33,0.52,3.26,0.49,9.01,9.01
365,29,12,91,20,31,37,22,133,73,29,316,18,79,31,81,2.12,2.15,34.15,59.91,7.59,30.65,1.25,5.51,5.77,0.85,4.97,1.09,3.39,0.54,3.22,0.60,9.58,9.58
318,33,13,85,18,36,29,16,123,75,28,369,20,79,27,76,2.17,2.41,40.99,70.46,9.15,35.60,1.26,6.42,6.63,0.93,5.65,1.17,3.59,0.62,3.56,0.59,10.69,10.69
294,35,10,71,18,34,28,23,126,71,28,395,18,62,22,76,1.82,1.39,43.10,75.08,9.36,35.59,1.23,6.51,6.37,0.84,4.92,1.02,2.83,0.50,3.04,0.47,7.26,7.26
348,32,13,87,20,38,33,23,145,127,27,313,18,82,28,83,2.03,1.65,37.21,63.55,8.01,32.46,1.25,5.90,6.37,0.89,4.95,1.13,3.02,0.49,3.47,0.49,9.90,9.90
303,14,8,110,13,19,33,14,97,87,28,301,16,78,27,42,1.24,1.32,54.98,103.31,11.69,45.91,1.45,8.09,6.90,1.22,6.84,1.22,3.74,0.55,3.58,0.52,8.10,8.10
404,19,11,138,15,23,47,19,136,68,36,328,22,93,36,53,1.95,2.06,76.05,142.10,16.43,63.30,2.10,11.48,9.52,1.60,8.73,1.58,4.65,0.76,4.86,0.68,9.80,9.80
420,20,12,141,16,18,43,16,137,69,38,364,19,112,32,53,2.21,2.00,84.72,159.76,18.71,72.92,2.38,12.92,10.51,1.72,8.82,1.54,4.74,0.74,4.84,0.68,11.88,11.88
441,16,9,84,7,24,665,41,102,70,28,263,14,874,28,43,1.62,1.89,54.03,101.19,11.68,45.59,1.53,8.00,6.81,1.09,5.78,1.03,3.02,0.49,3.13,0.43,9.42,9.42
475,19,11,133,15,20,66,19,137,77,36,352,22,156,43,49,2.32,2.21,110.70,210.92,22.14,90.18,2.83,15.90,12.91,1.91,8.99,1.54,4.70,0.73,4.60,0.67,11.58,11.58
510,22,13,136,14,23,41,18,184,69,37,291,20,92,52,59,2.41,2.03,49.05,89.86,10.81,42.13,1.50,7.82,6.84,1.23,7.20,1.26,4.09,0.65,4.56,0.66,8.50,8.50
382,26,11,82,20,32,32,19,124,69,29,306,19,70,28,71,2.18,1.89,35.11,62.16,7.71,30.78,1.21,5.74,5.87,0.87,5.39,1.15,3.58,0.52,3.66,0.55,9.06,9.06
393,27,12,89,19,33,32,24,137,76,31,325,21,74,30,74,2.18,2.58,38.93,69.40,8.78,33.88,1.24,6.27,6.61,1.04,5.61,1.19,3.52,0.61,3.74,0.56,9.12,9.12
328,29,9,83,17,32,32,21,134,82,28,306,20,77,26,83,2.10,2.43,46.89,83.01,10.27,39.62,1.39,7.12,7.30,1.02,6.03,1.20,3.83,0.57,3.43,0.57,9.71,9.71
339,33,11,82,12,31,35,23,106,79,29,349,18,68,29,68,1.99,1.40,28.37,50.53,6.24,23.17,0.92,4.15,4.74,0.68,4.60,0.92,2.84,0.42,2.79,0.43,9.17,9.17
348,34,12,84,11,33,30,20,137,68,29,387,18,71,21,75,1.96,2.60,37.41,63.37,8.06,32.92,1.30,6.10,6.51,0.90,5.62,1.19,3.78,0.59,3.57,0.59,10.49,10.49
331,29,13,84,15,34,36,24,143,89,27,347,19,71,26,73,2.11,7.23,55.39,134.89,8.29,27.08,0.82,4.23,5.03,0.88,6.57,1.44,4.77,0.81,4.69,0.77,15.19,15.19
354,41,13,96,17,33,34,25,153,82,29,315,21,85,30,80,2.21,2.71,39.48,68.37,8.95,34.92,1.26,6.39,6.56,0.91,5.41,1.04,3.20,0.60,3.56,0.53,10.71,10.71
287,11,7,140,10,15,30,10,100,66,28,403,23,81,20,31,1.70,1.73,63.82,121.24,14.14,56.02,1.82,9.87,8.44,1.45,7.82,1.40,4.42,0.71,4.68,0.66,14.75,14.75
376,17,11,136,14,20,33,14,130,95,31,326,20,80,31,56,1.78,1.84,60.23,110.69,12.85,50.32,1.62,9.04,7.59,1.25,6.88,1.26,3.79,0.61,3.82,0.54,10.87,10.87
402,18,10,95,10,20,496,30,96,67,30,354,15,613,34,47,1.51,1.64,60.57,114.06,13.26,52.35,1.69,9.36,7.94,1.28,6.68,1.21,3.66,0.57,3.73,0.53,11.94,11.94
398,17,11,94,8,17,677,38,87,61,28,322,16,659,31,48,1.42,1.71,50.09,92.97,11.06,43.75,1.68,8.26,6.96,1.19,6.23,1.15,3.50,0.56,3.72,0.53,10.18,10.18
398,18,13,102,13,24,68,18,135,97,34,326,17,146,37,52,1.95,2.07,70.28,132.28,14.98,59.50,2.07,10.70,9.14,1.49,8.05,1.46,4.50,0.74,4.74,0.69,12.45,12.45
391,33,13,96,20,38,38,20,151,87,32,285,21,91,35,80,2.41,1.62,51.02,89.44,10.80,43.10,1.54,7.80,7.82,1.02,6.01,1.26,3.87,0.57,3.72,0.51,8.34,8.34
319,32,11,85,19,32,33,22,131,67,31,329,19,68,34,77,2.19,1.99,37.83,68.75,8.49,33.29,1.25,6.13,6.16,0.90,4.99,1.13,3.41,0.51,3.11,0.53,7.71,7.71
358,30,12,73,16,33,28,22,127,61,30,309,20,58,30,70,2.19,1.77,40.64,71.75,8.93,34.69,1.32,6.45,6.41,0.89,5.46,1.12,3.56,0.53,3.15,0.61,10.07,10.07
381,27,13,97,18,36,35,22,154,81,28,298,19,82,31,79,2.26,2.45,38.60,66.53,8.57,34.00,1.21,6.17,6.83,0.93,4.92,1.07,3.38,0.54,3.43,0.55,9.57,9.57
388,25,13,90,17,35,33,23,139,86,29,308,17,78,31,75,2.08,2.56,33.86,60.25,7.52,29.63,1.14,5.62,5.83,0.89,5.31,1.18,3.62,0.54,3.56,0.64,12.41,12.41
306,35,12,94,24,32,33,19,132,83,28,306,19,71,29,87,2.09,2.48,35.65,63.29,7.86,31.10,1.16,5.86,6.07,0.86,5.41,1.10,3.71,0.51,3.69,0.61,11.98,11.98
406,39,12,90,14,34,37,23,151,79,30,268,20,71,32,85,2.13,2.08,32.98,61.48,7.37,28.91,1.19,5.55,5.72,0.88,5.49,1.12,3.53,0.53,3.57,0.57,11.21,11.21
279,32,10,84,15,33,31,25,128,65,29,340,25,73,25,72,1.81,2.07,38.96,70.62,8.52,33.16,1.30,6.24,6.51,0.95,5.49,1.22,3.86,0.59,3.40,0.60,11.00,11.00
414,18,10,102,14,24,40,16,141,72,33,322,19,97,30,53,1.40,1.48,38.70,71.39,8.37,33.56,1.22,5.98,5.23,0.91,4.89,0.89,2.71,0.44,2.90,0.41,7.92,7.92
373,17,14,116,11,25,76,22,113,112,32,303,18,157,35,48,1.40,1.55,40.96,75.55,8.94,35.45,1.20,6.16,5.41,0.88,4.74,0.85,2.53,0.42,2.64,0.37,6.30,6.30
361,17,14,114,13,23,79,18,106,106,31,301,16,148,35,49,1.87,1.53,52.70,95.45,11.30,44.10,1.66,8.12,7.34,1.22,6.98,1.22,3.82,0.58,3.81,0.57,10.46,10.46
448,18,11,103,6,15,977,54,92,65,27,246,18,988,27,47,1.43,1.77,53.54,98.91,11.44,44.40,1.49,8.07,7.10,1.12,6.01,1.01,3.27,0.50,3.05,0.46,8.84,8.84
509,19,11,114,16,18,46,14,136,65,37,298,19,97,33,53,1.97,1.96,72.34,136.04,15.56,60.27,2.13,10.68,9.32,1.48,7.83,1.42,4.57,0.68,4.54,0.68,9.69,9.69
472,21,12,130,13,21,43,21,162,70,35,280,20,80,42,72,2.35,2.34,50.47,91.94,10.80,44.81,1.57,7.77,6.22,1.05,6.55,1.20,4.01,0.51,3.73,0.55,8.48,8.48
403,17,10,123,12,14,32,16,131,64,30,333,19,69,27,49,1.93,2.62,47.79,89.95,10.60,41.39,1.50,7.51,6.48,1.03,6.20,1.17,3.46,0.50,3.59,0.52,11.53,11.53
441,18,10,121,12,19,33,16,139,62,29,295,17,69,27,50,1.75,1.69,36.01,69.31,8.12,32.73,1.12,5.97,5.36,0.95,5.35,1.07,3.01,0.47,3.02,0.48,9.47,9.47
316,14,7,119,9,15,32,16,119,101,23,317,14,68,21,40,1.29,1.41,31.46,57.46,6.74,27.13,0.99,5.35,4.45,0.85,4.87,0.86,2.83,0.44,3.11,0.44,10.27,10.27
347,15,8,119,10,17,26,13,125,82,25,320,17,62,21,37,1.46,2.38,31.48,59.13,6.99,28.16,1.06,5.17,4.25,0.72,4.97,0.97,3.27,0.44,3.31,0.50,11.67,11.67
408,18,9,131,10,22,30,16,156,80,29,302,20,76,29,53,2.11,2.49,37.06,68.56,8.34,32.61,1.29,5.44,4.67,0.85,5.60,1.10,3.08,0.51,3.55,0.53,8.94,8.94
368,16,9,151,10,16,31,18,144,69,27,294,19,68,27,56,1.80,2.64,33.64,65.46,7.73,30.39,1.23,5.01,4.59,0.81,5.81,1.13,3.35,0.51,3.62,0.53,10.21,10.21
357,16,11,137,10,21,35,16,137,113,28,274,21,79,31,56,2.03,2.62,39.86,75.31,8.66,34.56,1.27,5.65,5.02,0.91,5.38,1.05,3.09,0.44,2.92,0.48,9.88,9.88
419,16,10,169,13,21,39,19,134,71,32,353,27,82,27,39,1.82,3.91,61.20,113.44,13.11,50.72,1.50,9.32,8.05,1.42,7.94,1.47,4.64,0.69,4.38,0.65,12.48,12.48
425,19,11,132,14,23,61,24,134,65,39,305,21,100,31,52,2.12,3.29,69.30,128.72,14.92,57.53,1.75,10.71,8.88,1.48,7.97,1.49,4.56,0.67,4.30,0.63,10.91,10.91
386,16,12,120,11,19,327,33,98,74,31,325,17,410,36,49,1.71,2.82,53.17,97.20,11.52,45.03,1.44,8.36,6.90,1.16,5.97,1.10,3.42,0.51,3.20,0.50,11.45,11.45
510,19,12,120,9,24,531,33,141,71,29,216,19,888,38,65,1.90,2.56,55.64,100.52,11.29,43.53,1.44,8.27,6.73,1.11,6.01,1.05,3.43,0.51,3.27,0.48,7.18,7.18
240,12,6,88,9,17,32,13,85,66,21,273,14,60,16,28,1.20,2.25,27.41,50.22,6.00,23.63,0.80,4.52,3.86,0.71,4.26,0.79,2.48,0.36,2.41,0.35,9.78,9.78
484,21,12,140,14,26,47,23,171,71,35,278,21,90,40,72,2.15,2.07,52.52,96.71,11.29,44.65,1.60,8.29,7.13,1.19,6.65,1.30,3.95,0.58,3.95,0.65,8.48,8.48
494,19,10,124,13,14,38,20,150,57,33,319,19,66,30,42,1.91,1.81,42.20,72.66,9.23,35.27,1.19,7.20,6.26,0.99,6.42,1.13,3.53,0.62,3.96,0.60,11.07,11.07
408,16,9,117,9,17,29,12,155,64,28,276,19,63,25,45,2.08,2.62,35.51,67.39,7.98,31.02,1.23,5.61,5.15,0.97,5.98,1.23,3.50,0.54,4.29,0.59,10.18,10.18
349,15,10,115,10,18,39,17,114,110,27,348,16,79,31,52,1.42,1.34,34.44,65.45,7.83,31.33,1.12,5.68,5.06,0.94,5.63,1.03,2.97,0.48,2.95,0.45,10.50,10.50
387,16,10,125,11,24,36,14,131,108,28,283,18,87,20,46,1.70,1.64,39.99,71.84,8.54,34.97,1.32,6.28,5.22,0.85,5.19,1.08,3.40,0.42,3.42,0.51,10.36,10.36
398,19,10,149,11,20,38,19,170,72,31,261,19,78,33,63,2.00,1.65,35.04,67.28,7.87,31.29,1.28,5.32,4.98,0.84,5.60,1.16,3.18,0.50,3.71,0.54,9.36,9.36
424,20,13,129,13,25,35,20,161,76,34,271,21,87,26,50,2.50,1.80,48.70,86.35,10.86,43.30,1.64,7.52,6.53,1.17,6.91,1.28,3.50,0.56,3.65,0.55,9.21,9.21
398,19,12,170,11,22,32,19,171,75,30,232,28,92,24,64,2.11,1.65,38.64,67.48,8.57,35.81,1.35,5.48,4.76,0.99,7.80,1.54,4.87,0.70,4.62,0.65,8.42,8.42
336,14,9,158,13,20,33,19,115,55,34,327,27,68,31,48,1.47,1.72,68.46,135.62,15.81,61.73,1.81,11.27,9.17,1.57,8.19,1.49,4.60,0.66,4.30,0.61,11.39,11.39
421,19,11,152,14,25,44,21,158,67,41,291,25,104,36,61,2.24,2.34,67.52,124.50,14.67,56.40,1.76,10.33,8.52,1.46,7.98,1.46,4.58,0.68,4.26,0.62,10.27,10.27
407,16,11,98,6,16,916,45,85,59,26,249,16,1209,31,45,1.35,2.87,38.96,71.64,8.49,32.71,1.09,6.22,5.29,0.91,4.95,0.92,2.87,0.43,2.73,0.39,8.64,8.64
414,16,11,132,13,21,40,16,114,60,32,358,20,87,26,50,1.88,2.08,62.47,117.26,13.32,52.21,1.69,9.77,8.05,1.38,7.81,1.38,4.29,0.63,4.21,0.61,13.19,13.19
379,13,9,78,5,16,857,40,78,61,24,255,14,985,26,40,1.11,2.48,38.78,71.24,8.40,32.89,1.04,6.27,5.03,0.83,4.34,0.77,2.47,0.34,2.35,0.35,8.19,8.19
492,21,11,122,14,21,40,16,167,61,34,289,17,86,34,64,2.38,2.54,45.61,83.26,9.93,39.51,1.47,6.76,5.57,0.95,6.49,1.13,3.87,0.52,3.91,0.56,9.41,9.41
316,15,7,105,10,14,27,14,115,53,23,298,19,50,22,41,1.30,1.93,21.96,44.30,4.90,19.95,0.80,3.58,3.22,0.62,4.19,0.76,2.70,0.40,3.04,0.45,8.93,8.93
455,18,10,150,12,22,37,18,156,87,30,330,19,72,27,46,1.82,2.35,38.69,71.16,8.38,32.94,1.22,6.29,5.11,0.87,5.50,0.99,3.37,0.45,3.21,0.48,10.09,10.09
287,12,7,122,8,25,27,13,115,90,25,329,17,72,25,50,1.60,2.57,33.69,64.12,7.57,30.13,1.19,5.21,5.02,0.88,5.64,1.20,3.67,0.56,4.31,0.61,11.77,11.77
336,17,10,153,11,23,32,19,149,62,30,306,22,70,30,60,1.69,2.54,36.71,68.59,8.11,32.90,1.23,5.68,4.81,0.85,5.13,1.06,3.41,0.50,3.66,0.51,9.23,9.23
332,18,10,151,11,22,29,20,152,72,28,243,23,74,30,66,1.87,2.16,33.24,64.51,7.20,30.11,1.19,5.19,4.62,0.80,5.13,0.95,3.13,0.44,2.86,0.45,7.83,7.83
353,16,10,148,11,20,29,17,141,107,29,296,23,82,21,51,1.86,2.46,35.38,65.64,7.99,31.25,1.20,5.44,4.92,0.86,5.28,1.02,3.21,0.48,3.18,0.45,9.15,9.15
409,19,11,118,12,18,32,17,160,126,29,268,17,82,31,59,2.06,2.46,32.68,62.40,7.26,29.25,1.11,5.23,4.65,0.84,5.00,0.92,2.68,0.41,2.64,0.42,7.95,7.95
467,19,12,142,15,24,54,22,160,60,36,292,21,98,38,62,2.28,2.19,52.87,100.92,11.36,45.15,1.54,8.56,7.34,1.25,6.78,1.27,3.92,0.62,3.84,0.60,9.72,9.72
463,18,11,127,15,19,46,19,157,89,36,319,20,103,30,50,2.18,2.06,55.89,104.83,11.79,46.75,1.58,8.56,7.51,1.27,7.04,1.27,3.94,0.60,3.88,0.61,10.89,10.89
501,19,12,112,14,32,94,22,173,83,36,242,21,149,43,59,2.56,2.37,59.96,108.63,12.66,49.51,1.67,9.30,7.75,1.32,7.11,1.31,4.04,0.62,3.88,0.61,8.79,8.79
370,18,11,134,13,22,39,18,140,63,33,321,22,79,34,56,1.98,2.08,53.59,101.48,11.68,46.40,1.59,8.72,7.34,1.25,6.65,1.25,3.75,0.59,3.68,0.62,10.75,10.75
462,20,13,138,14,23,44,19,178,88,38,311,22,96,33,53,2.39,2.24,55.75,104.79,11.99,47.64,1.67,8.60,7.37,1.30,6.80,1.30,3.92,0.64,3.88,0.60,10.58,10.58
444,18,11,131,11,18,36,15,140,65,31,270,17,73,30,51,2.64,2.32,52.61,93.76,11.38,43.75,1.50,8.57,7.69,1.28,7.66,1.38,4.30,0.71,4.91,0.76,12.47,12.47
432,19,11,121,12,19,36,16,153,93,29,315,18,70,32,50,1.53,1.75,29.30,58.51,6.63,26.21,1.02,5.13,4.74,0.89,4.94,1.01,2.79,0.44,3.31,0.52,10.54,10.54
378,18,11,142,10,20,41,20,144,95,30,266,17,80,32,58,1.79,1.66,38.03,71.57,8.61,33.86,1.27,6.55,5.71,1.10,6.16,1.12,3.68,0.55,3.91,0.58,8.87,8.87
342,15,10,159,10,22,38,21,129,91,27,323,20,81,28,48,1.49,1.42,36.89,69.87,8.10,32.65,1.05,6.15,5.22,0.92,5.34,0.96,2.96,0.51,3.28,0.47,9.83,9.83
396,19,11,149,12,25,52,23,162,69,33,257,21,88,25,65,2.13,1.47,38.99,72.44,8.93,35.57,1.36,6.69,6.05,1.06,6.49,1.16,3.56,0.53,3.43,0.45,7.98,7.98
389,19,11,146,11,19,38,22,159,90,29,216,23,89,31,60,1.90,2.14,37.90,69.68,8.52,33.81,1.22,6.51,5.55,0.97,5.28,1.03,3.40,0.52,3.47,0.52,7.66,7.66
308,16,9,150,9,16,38,22,135,90,28,330,20,69,26,53,1.51,1.51,33.96,64.80,7.48,29.81,1.11,5.84,5.34,0.96,5.24,1.07,2.98,0.49,3.25,0.49,11.55,11.55
351,18,10,135,10,18,37,19,146,54,29,310,18,74,30,57,1.58,1.55,32.04,61.82,7.33,29.05,1.07,5.61,5.09,0.91,5.12,1.02,3.01,0.45,3.05,0.44,9.98,9.98
449,17,13,150,13,21,50,17,149,74,35,298,24,90,33,54,2.04,1.97,52.53,98.81,11.30,43.79,1.49,8.39,7.36,1.37,7.70,1.49,4.64,0.74,4.42,0.73,10.32,10.32
512,20,14,127,13,20,204,24,158,65,37,295,21,244,35,61,2.39,2.41,62.13,117.05,13.26,52.32,1.70,9.59,8.24,1.42,7.77,1.40,4.24,0.70,4.22,0.65,10.50,10.50
486,16,13,69,4,17,1197,60,88,63,26,178,13,1307,41,67,1.54,3.12,29.48,53.75,6.44,25.46,0.94,4.79,4.32,0.74,4.02,0.76,2.28,0.37,2.23,0.33,6.23,6.23
514,20,14,142,14,21,45,19,177,74,38,267,23,92,49,59,2.56,2.57,60.62,106.66,12.73,49.65,1.75,9.18,7.73,1.35,7.10,1.32,3.99,0.65,4.03,0.62,8.80,8.80
502,19,14,139,14,26,60,17,177,103,37,277,23,104,41,65,2.44,2.29,60.31,117.93,12.89,50.60,1.62,9.27,7.62,1.32,6.75,1.25,3.86,0.62,3.84,0.60,8.73,8.73
539,22,13,146,13,20,43,20,163,65,32,269,17,87,28,59,2.17,1.81,37.76,69.51,8.01,32.59,1.16,6.40,5.34,0.93,5.89,1.00,3.14,0.53,3.38,0.53,9.06,9.06
392,18,11,169,11,15,41,23,139,71,32,327,18,85,31,49,1.78,1.54,38.55,71.89,8.46,34.53,1.36,6.87,5.89,1.06,6.14,1.07,3.57,0.51,4.00,0.58,10.42,10.42
415,20,11,162,11,22,42,22,156,74,33,331,22,90,26,51,1.75,1.67,40.46,73.35,8.82,35.18,1.37,6.99,6.01,1.08,6.38,1.31,3.76,0.58,4.09,0.58,10.24,10.24
337,18,10,164,12,18,47,22,123,81,30,385,24,99,23,48,1.55,1.44,47.23,86.22,10.30,39.90,1.24,7.59,6.46,1.05,6.12,1.10,3.52,0.61,3.71,0.55,12.64,12.64
232,13,8,146,8,16,31,18,118,80,22,288,20,59,18,41,1.29,1.41,26.32,47.51,5.88,23.05,0.92,4.60,3.92,0.72,4.17,0.79,2.43,0.39,2.47,0.38,9.40,9.40
310,15,8,132,10,16,31,16,113,55,25,340,17,59,22,40,1.40,1.80,36.65,66.18,7.93,30.19,1.12,6.36,5.38,0.91,5.96,1.08,3.45,0.55,3.89,0.61,14.39,14.39
307,16,8,110,10,13,33,19,112,53,25,337,14,64,21,38,1.20,1.31,27.78,48.68,5.89,23.20,0.90,4.57,4.06,0.73,4.53,0.80,2.68,0.46,3.08,0.52,11.72,11.72
420,18,11,132,10,11,41,20,142,102,31,260,17,77,29,49,2.05,1.81,38.69,72.19,8.46,34.19,1.27,6.13,5.61,1.02,5.64,1.15,3.17,0.52,3.57,0.55,8.47,8.47
406,15,10,140,12,21,47,18,133,67,34,295,25,84,34,57,1.83,1.96,53.31,99.78,11.30,45.04,1.48,8.42,7.32,1.21,6.59,1.20,3.71,0.60,3.62,0.60,9.71,9.71
493,19,13,173,13,23,40,18,184,64,38,292,29,83,41,56,2.51,2.36,69.33,131.50,14.92,58.21,2.02,11.07,9.03,1.50,7.74,1.46,4.60,0.69,4.42,0.70,9.84,9.84
480,19,12,110,10,20,501,31,151,62,32,237,17,543,34,60,1.98,2.50,44.74,84.65,9.73,37.78,1.27,7.06,6.02,1.02,5.44,1.05,3.31,0.51,3.04,0.50,7.67,7.67
489,24,14,110,16,28,40,17,187,70,40,281,21,96,41,57,2.62,2.55,55.54,107.83,11.96,46.49,1.61,8.94,7.52,1.25,6.35,1.25,3.81,0.60,3.77,0.59,8.78,8.78
506,19,13,143,11,23,43,18,187,101,36,241,20,81,32,67,2.58,2.56,49.47,99.49,10.65,42.19,1.50,7.89,6.73,1.16,5.96,1.18,3.63,0.56,3.57,0.57,8.88,8.88
411,16,9,138,11,19,39,23,109,83,30,459,20,67,27,43,1.56,1.52,35.21,67.54,7.95,31.69,1.23,6.17,5.54,1.00,5.68,1.16,3.59,0.57,3.77,0.56,14.63,14.63
341,14,9,142,10,19,37,20,111,78,28,353,17,71,25,43,1.28,1.34,32.59,60.28,7.26,29.70,1.17,6.08,5.17,0.97,6.02,1.10,3.60,0.54,3.62,0.55,11.54,11.54
362,18,10,165,12,17,47,22,133,69,29,407,21,93,27,43,1.65,1.58,39.13,69.13,8.73,34.19,1.27,6.62,5.82,1.02,5.67,1.14,3.50,0.49,3.71,0.57,12.82,12.82
298,16,10,146,10,14,36,18,120,72,28,319,20,70,23,43,1.54,1.43,37.48,69.82,8.27,33.18,1.17,6.36,5.38,0.97,5.43,1.07,3.28,0.49,3.48,0.52,10.43,10.43
375,16,10,136,10,19,37,19,133,82,27,319,17,76,25,50,1.46,1.53,34.52,64.53,7.63,30.14,1.12,5.96,5.14,0.89,5.28,1.10,3.33,0.48,3.35,0.48,10.45,10.45
402,18,9,131,11,18,38,19,158,71,28,288,18,68,30,57,1.73,1.61,33.95,61.97,7.39,29.53,1.15,5.73,5.17,0.96,5.32,1.07,3.07,0.51,3.50,0.51,9.10,9.10
368,17,11,124,9,19,41,21,156,86,27,256,16,71,27,55,1.63,1.56,31.98,59.78,7.07,27.66,1.11,5.09,4.63,0.85,4.61,0.92,2.78,0.45,3.01,0.45,8.62,8.62
463,18,10,141,12,22,34,16,142,61,28,287,16,75,22,47,1.70,1.60,38.92,71.83,8.51,33.95,1.20,5.99,5.33,0.94,5.58,1.01,3.02,0.45,2.84,0.46,9.89,9.89
464,19,13,146,14,20,51,18,181,77,37,269,24,101,35,58,2.46,2.28,55.12,102.07,11.85,46.50,1.64,8.79,7.53,1.30,6.79,1.34,4.16,0.63,4.02,0.62,7.97,7.97
423,17,12,169,13,26,41,16,138,65,35,357,26,89,30,44,2.06,2.04,55.98,103.77,12.16,47.21,1.59,8.89,7.73,1.31,6.77,1.31,4.04,0.61,3.86,0.60,11.18,11.18
438,19,12,159,14,20,47,18,163,82,34,310,26,99,33,57,2.22,2.20,60.61,111.25,12.99,51.48,1.73,9.64,7.98,1.35,6.93,1.35,4.12,0.62,3.85,0.59,10.07,10.07
462,19,13,137,13,29,46,16,167,87,34,264,23,92,40,65,2.44,2.42,58.63,110.07,12.46,48.59,1.66,9.19,7.56,1.30,6.86,1.30,4.17,0.65,3.92,0.63,7.18,7.18
504,19,11,142,12,24,43,17,165,76,32,349,21,83,34,55,2.78,2.01,40.91,85.89,8.95,35.90,1.32,6.89,5.92,1.04,5.53,1.05,3.48,0.54,3.45,0.53,1.42,1.42
517,21,12,137,13,21,45,19,149,78,32,276,16,94,28,57,1.95,1.62,41.93,78.85,9.38,37.76,1.43,7.06,6.07,1.14,6.56,1.23,3.44,0.49,3.31,0.52,9.14,9.14
309,13,8,125,10,16,36,20,106,78,25,368,16,92,22,39,1.25,1.32,35.97,67.03,7.82,29.90,0.93,5.80,5.05,0.90,5.13,0.93,2.85,0.49,3.25,0.53,12.42,12.42
418,17,11,134,11,21,44,18,144,88,31,328,18,88,28,53,1.59,1.37,38.16,71.09,8.57,33.89,1.23,6.10,5.61,1.00,5.43,1.05,3.12,0.49,2.98,0.48,5.74,5.74
400,18,10,136,10,18,41,22,156,85,31,283,16,80,31,53,1.86,1.68,33.75,64.67,7.53,30.57,1.15,5.68,5.39,0.95,5.41,1.09,3.02,0.46,3.40,0.54,8.78,8.78
346,17,9,127,10,18,39,24,126,71,27,321,17,64,28,42,2.00,1.88,40.25,70.51,8.68,34.97,1.19,6.22,5.76,1.05,5.76,1.14,3.43,0.53,3.77,0.56,11.04,11.04
434,20,10,125,13,30,33,16,162,85,27,292,17,77,27,50,1.88,1.75,49.89,95.69,10.56,41.08,1.28,7.03,6.27,1.03,5.23,0.92,2.62,0.40,2.47,0.40,8.72,8.72
480,22,13,168,16,18,36,19,154,84,33,295,21,92,24,50,2.02,2.21,77.16,143.19,15.87,58.98,1.69,11.20,9.63,1.69,10.39,1.87,5.97,0.93,6.00,0.86,8.68,8.68
521,27,15,147,16,31,44,17,230,146,38,227,21,118,31,75,2.67,2.34,70.40,135.71,14.95,58.32,1.88,10.83,8.78,1.49,8.54,1.54,5.01,0.75,4.97,0.64,6.68,6.68
435,20,12,133,14,41,38,16,168,69,38,304,24,89,38,56,2.38,2.18,57.67,110.93,12.39,48.06,1.66,9.17,7.50,1.32,6.77,1.30,4.00,0.60,3.86,0.59,8.49,8.49
384,15,11,90,4,16,1217,49,69,62,22,171,14,1070,32,50,1.20,2.68,26.10,47.88,5.66,22.27,0.87,4.29,3.72,0.66,3.55,0.70,2.26,0.35,2.27,0.34,4.91,4.91
488,17,12,113,7,18,571,32,122,70,27,255,16,663,35,55,1.78,2.51,43.28,74.42,8.71,33.94,1.25,6.08,5.55,0.89,4.90,0.95,2.95,0.46,2.81,0.44,7.56,7.56
425,17,11,188,13,22,38,14,146,65,33,350,30,85,31,48,2.01,1.96,48.18,93.92,10.37,40.90,1.52,7.58,6.63,1.16,6.55,1.26,3.95,0.62,3.91,0.60,9.97,9.97
447,18,11,148,12,22,50,16,144,73,31,348,22,90,33,56,1.88,2.16,38.01,75.57,8.22,32.88,1.28,6.19,5.30,0.96,5.43,1.06,3.34,0.52,3.41,0.56,10.44,10.44
463,18,10,124,13,17,38,19,121,57,30,377,15,80,27,39,1.61,1.65,65.23,123.27,14.03,55.29,1.82,9.92,8.22,1.39,7.41,1.43,4.33,0.66,4.19,0.64,9.55,9.55
322,16,10,124,9,15,40,19,118,80,25,346,15,75,21,45,1.45,1.65,31.46,60.27,7.11,27.73,1.04,5.13,4.94,0.93,4.95,0.96,2.82,0.45,3.11,0.50,11.44,11.44
462,21,11,141,11,26,43,25,165,88,32,279,18,84,31,57,2.24,1.95,39.71,75.06,8.91,35.43,1.40,6.81,5.90,1.03,5.77,1.15,3.52,0.54,3.50,0.53,9.49,9.49
407,17,9,128,10,22,38,15,153,74,27,303,18,74,31,44,1.82,1.85,53.78,98.79,11.19,42.62,1.27,7.85,6.61,0.99,5.40,0.90,2.92,0.46,2.84,0.50,11.50,11.50
534,25,14,147,15,32,46,17,201,101,33,265,19,104,39,63,2.61,2.03,55.50,111.30,11.24,45.07,1.76,7.72,7.49,1.16,5.80,1.08,3.25,0.49,3.10,0.48,8.02,8.02
503,20,11,131,15,30,29,14,166,97,33,535,14,74,16,42,1.94,1.84,49.88,95.51,10.63,41.42,1.36,7.82,6.45,1.14,6.04,1.01,3.44,0.47,3.42,0.48,17.26,17.26
440,18,9,101,14,26,39,18,148,79,28,430,15,74,18,36,1.68,1.67,43.60,81.09,8.76,33.59,1.05,6.27,5.64,0.93,5.37,1.02,3.21,0.52,3.40,0.51,13.23,13.23
438,22,12,145,16,23,38,19,175,89,31,216,20,102,19,39,1.97,2.37,81.79,159.34,17.32,65.61,1.71,11.47,9.03,1.30,6.40,1.07,3.67,0.46,3.14,0.43,6.49,6.49
628,24,16,125,39,28,29,12,169,82,28,242,31,100,26,57,3.00,1.56,150.03,285.83,30.04,112.96,3.79,18.86,15.16,1.95,6.98,1.11,2.73,0.31,1.99,0.28,7.36,7.36
715,26,17,133,37,28,34,13,200,84,26,262,42,107,31,64,3.27,1.66,108.84,212.25,22.36,83.05,2.96,14.09,11.45,1.56,6.14,1.04,2.71,0.35,2.25,0.32,8.17,8.17
569,25,21,140,43,35,45,19,207,88,32,304,43,123,31,53,2.76,1.74,141.66,275.82,28.69,108.27,3.63,18.33,14.89,1.93,7.53,1.33,3.57,0.46,3.00,0.42,8.21,8.21
396,20,17,120,78,1,27,12,151,89,32,280,43,95,22,55,2.88,1.58,262.96,500.67,52.09,197.65,5.78,33.08,26.45,3.38,11.59,1.72,4.19,0.48,3.00,0.41,9.78,9.78
447,19,13,96,37,26,17,7,154,122,28,218,29,87,22,58,2.24,1.66,85.48,163.76,17.07,63.95,2.19,10.86,8.90,1.26,5.38,1.02,2.70,0.38,2.47,0.34,5.19,5.19
365,19,16,98,59,1,19,5,154,135,48,260,38,84,16,40,2.50,1.92,170.87,335.96,34.87,130.83,3.72,22.35,18.72,2.83,12.85,2.53,6.74,0.95,5.85,0.79,6.91,6.91
379,19,18,133,35,11,32,14,145,105,36,272,28,101,27,51,2.18,1.70,112.89,218.15,22.46,85.46,2.79,14.49,12.34,1.87,8.99,1.85,5.14,0.72,4.61,0.63,8.00,8.00
238,18,19,214,40,7,30,15,94,136,36,285,37,104,34,58,1.69,1.42,114.83,216.92,23.05,87.85,2.83,14.83,12.58,1.90,8.95,1.75,4.68,0.66,4.02,0.55,8.67,8.67
400,19,15,104,36,34,20,6,130,86,27,272,30,82,19,45,2.49,1.39,52.83,110.31,11.86,44.37,1.68,7.82,6.73,1.04,5.29,1.09,3.02,0.44,2.72,0.37,7.90,7.90
430,18,2,110,34,30,33,14,135,86,32,232,15,105,26,55,2.16,1.14,57.88,117.84,13.12,48.97,1.91,8.53,7.15,1.03,4.77,0.96,2.55,0.38,2.44,0.35,7.80,7.80
955,27,14,115,25,24,34,14,184,98,30,258,26,122,13,78,2.78,1.13,54.58,112.58,12.17,47.31,2.02,8.25,7.01,1.05,4.97,1.01,2.76,0.40,2.69,0.37,8.78,8.78
590,23,17,107,36,42,34,11,182,93,31,278,42,98,36,78,2.92,1.42,77.68,147.86,16.49,62.83,2.40,10.87,9.00,1.29,5.44,1.07,2.85,0.41,2.57,0.35,8.04,8.04
423,21,18,113,37,23,32,11,183,92,28,392,39,100,37,64,2.72,1.30,84.62,167.47,16.47,63.90,2.12,10.65,8.92,1.22,5.31,1.01,2.65,0.37,2.45,0.34,11.08,11.08
477,20,16,100,56,12,19,8,153,87,31,291,28,81,19,46,2.29,1.62,168.66,323.55,31.96,121.55,3.76,20.15,16.58,2.22,9.02,1.57,4.11,0.53,3.41,0.46,8.44,8.44
489,22,15,116,66,29,26,12,152,119,27,346,34,101,26,52,4.06,1.39,171.36,332.91,33.77,128.06,4.32,21.46,17.34,2.18,7.75,1.24,3.06,0.35,2.29,0.31,9.16,9.16
561,26,17,142,55,40,29,14,179,76,20,303,34,118,38,41,2.24,1.14,146.98,279.58,28.63,107.05,3.47,17.78,13.77,1.56,4.86,0.75,2.07,0.24,1.60,0.22,7.21,7.21
458,23,16,124,51,24,28,12,144,76,24,264,22,101,29,38,1.99,1.20,147.04,278.93,28.49,107.91,3.64,17.87,14.18,1.63,5.23,0.81,2.15,0.25,1.69,0.23,7.24,7.24
487,20,16,130,67,13,29,12,151,81,25,308,33,102,26,50,2.32,1.26,207.64,390.61,39.72,151.24,4.65,24.66,19.18,2.17,6.52,0.93,2.55,0.27,2.02,0.29,21.04,21.04
438,20,14,108,61,9,23,11,141,78,25,271,27,88,32,48,2.35,1.02,137.19,260.53,27.01,100.84,3.22,17.24,13.66,1.62,5.73,0.83,2.05,0.21,1.35,0.19,6.47,6.47
326,14,10,88,46,14,20,7,112,70,25,255,26,79,20,44,1.85,1.12,114.82,219.61,22.73,84.85,2.56,14.30,11.58,1.49,5.92,0.99,2.47,0.28,1.78,0.24,5.57,5.57
297,15,20,232,25,31,32,17,94,115,26,335,36,125,39,63,1.57,1.02,48.17,101.56,10.84,41.74,1.64,7.46,6.18,0.87,3.99,0.77,2.03,0.30,1.97,0.28,8.54,8.54
394,18,17,136,42,28,28,11,132,71,25,290,31,107,34,45,1.75,1.11,88.25,170.01,17.74,67.77,2.27,11.35,9.06,1.22,4.87,0.86,2.28,0.30,1.90,0.27,8.58,8.58
373,13,9,93,16,20,26,12,128,57,20,272,13,75,32,44,1.97,1.32,67.50,140.26,14.98,56.07,1.98,9.47,7.87,1.13,4.77,0.87,2.38,0.32,2.17,0.31,8.64,8.64
437,19,12,85,11,19,30,13,147,99,30,337,13,78,19,69,2.83,1.38,56.10,115.35,12.34,46.83,1.89,7.88,6.97,1.14,6.06,1.37,4.09,0.62,4.07,0.58,11.01,11.01
302,20,7,97,23,16,22,12,115,101,24,360,15,84,26,41,2.54,1.30,89.26,174.29,18.48,68.54,2.03,11.33,9.25,1.27,4.94,0.94,2.71,0.38,2.57,0.37,11.31,11.31
430,19,10,92,18,16,27,14,207,74,16,263,17,75,38,52,3.23,1.27,90.13,170.77,17.90,65.06,2.04,10.28,8.62,1.14,4.33,0.81,2.28,0.31,2.04,0.29,8.82,8.82
435,22,16,106,56,5,22,9,180,113,45,309,43,85,16,48,2.24,1.82,157.23,305.63,30.90,116.40,3.76,20.38,17.61,2.56,12.12,2.27,5.86,0.85,5.33,0.75,8.26,8.26
402,18,15,102,70,1,20,8,138,98,47,312,29,88,17,50,2.31,1.65,223.89,421.53,42.78,161.25,5.03,27.31,22.77,3.16,13.67,2.55,6.57,0.86,5.49,0.72,8.72,8.72
428,19,16,101,57,1,22,11,144,89,35,285,24,86,24,61,2.70,1.46,190.55,353.94,36.31,134.64,4.39,22.67,18.74,2.39,9.47,1.64,4.22,0.56,3.59,0.50,8.85,8.85
592,21,17,120,53,1,20,9,141,76,31,260,19,103,25,50,3.72,1.58,234.58,445.86,45.46,171.21,5.74,29.13,23.57,2.99,11.27,1.84,4.53,0.54,3.37,0.45,10.11,10.11
494,18,16,103,51,6,20,7,135,77,33,346,25,92,26,46,2.52,1.42,188.78,355.41,36.81,139.44,4.55,23.02,19.00,2.38,8.50,1.45,3.69,0.47,3.09,0.43,10.89,10.89
393,18,16,108,55,17,23,11,139,80,23,332,26,85,23,48,2.30,1.15,149.85,288.70,29.70,110.31,3.71,19.02,14.45,1.74,5.22,0.73,1.86,0.19,1.37,0.20,8.05,8.05
369,16,13,106,49,6,26,11,137,80,26,294,23,100,26,55,2.21,1.20,132.92,254.56,26.46,97.55,3.18,16.84,12.80,1.56,5.47,0.90,2.37,0.30,1.91,0.27,7.15,7.15
356,17,11,94,46,12,19,10,124,66,21,196,21,76,22,42,1.92,1.20,146.52,282.00,29.32,106.22,3.44,18.09,13.41,1.56,4.46,0.64,1.66,0.17,1.12,0.17,4.81,4.81
374,19,9,136,21,22,30,13,108,107,22,267,13,87,39,65,1.78,1.22,71.02,146.70,15.75,59.89,2.23,10.47,8.74,1.20,4.72,0.86,2.40,0.32,2.09,0.29,7.72,7.72
443,15,11,158,15,12,30,12,89,116,28,471,16,99,36,50,2.13,1.21,90.85,168.10,18.36,70.57,2.43,12.06,10.34,1.53,6.65,1.31,3.76,0.53,3.53,0.50,13.14,13.14
489,20,8,125,11,11,22,13,117,97,23,323,16,83,29,47,3.00,1.18,40.78,89.10,9.11,34.53,1.58,6.09,5.51,0.93,4.83,1.03,2.86,0.43,2.75,0.39,9.29,9.29
347,17,8,92,37,19,17,10,137,101,22,299,13,69,27,32,3.24,1.28,135.11,248.01,26.25,96.58,2.53,16.28,12.69,1.71,6.40,1.15,3.27,0.41,2.72,0.39,9.22,9.22
340,25,10,67,23,22,23,11,266,74,23,249,19,65,20,47,5.04,1.36,67.90,142.62,15.19,55.91,1.82,9.39,7.43,1.12,4.93,0.98,2.70,0.38,2.45,0.34,7.85,7.85
401,23,8,85,55,25,19,5,182,141,66,699,18,78,20,39,3.26,1.83,186.82,345.10,36.96,139.87,4.44,25.30,21.24,3.38,15.84,3.31,9.17,1.34,8.56,1.20,19.67,19.67
392,23,11,102,53,22,24,9,152,94,40,339,18,86,17,49,2.89,1.71,183.38,341.26,35.83,134.01,3.99,23.31,18.46,2.65,10.21,1.81,4.92,0.64,4.09,0.59,10.71,10.71
306,20,8,99,64,20,20,12,134,85,46,301,21,78,24,53,2.39,2.51,202.35,377.22,40.42,153.88,4.41,27.11,21.39,2.99,11.44,2.08,5.68,0.74,4.69,0.65,8.42,8.42
398,21,9,97,42,26,22,12,136,103,35,325,12,84,19,44,3.21,1.81,171.48,304.55,30.94,113.64,3.34,18.93,15.72,2.28,9.60,1.76,4.66,0.61,3.88,0.55,9.79,9.79
381,23,10,107,70,26,25,12,143,87,31,375,11,101,30,54,3.32,1.71,331.79,627.09,60.11,241.26,6.92,42.65,32.65,4.16,12.92,1.82,4.20,0.43,2.87,0.39,10.88,10.88
427,19,8,112,51,26,30,13,152,97,25,398,14,97,29,63,3.14,1.57,222.55,407.34,43.08,161.01,4.87,27.46,20.97,2.67,8.20,1.19,3.31,0.34,2.37,0.34,11.59,11.59
510,21,11,89,40,41,24,12,155,98,14,276,12,83,36,61,3.01,1.39,122.95,223.82,23.89,88.89,3.04,15.24,11.51,1.42,4.02,0.56,1.65,0.17,1.23,0.18,7.82,7.82
390,15,10,88,36,35,29,14,143,83,14,235,11,83,41,49,2.44,1.27,152.10,276.17,29.12,109.18,3.26,18.41,13.72,1.64,4.51,0.62,1.91,0.18,1.36,0.21,6.84,6.84
365,22,8,79,42,30,25,11,147,65,18,210,11,84,35,42,2.01,1.46,135.16,252.25,26.47,98.92,3.07,16.79,12.74,1.64,5.25,0.79,2.18,0.22,1.50,0.21,5.55,5.55
297,18,12,133,7,22,69,20,106,121,23,346,16,127,44,69,2.09,1.36,42.04,92.15,9.90,38.75,1.86,7.22,6.00,1.04,5.18,1.09,2.94,0.45,2.96,0.42,9.82,9.82
352,17,9,102,20,23,26,13,127,93,20,315,13,84,30,50,2.55,1.24,38.54,86.83,8.71,33.06,1.42,5.97,4.88,0.81,4.01,0.82,2.26,0.35,2.26,0.33,7.98,7.98
378,20,9,94,22,27,20,10,162,86,26,357,14,76,21,49,2.79,1.36,82.07,163.83,17.96,66.79,1.98,11.55,9.36,1.43,6.44,1.31,3.63,0.53,3.47,0.47,10.77,10.77
374,17,10,205,12,19,33,19,74,132,24,329,13,91,48,61,1.59,1.15,50.97,104.36,11.41,43.52,1.57,7.88,6.46,1.06,5.21,1.05,2.84,0.43,2.72,0.40,8.89,8.89
323,26,10,96,190,13,28,11,182,173,181,700,8,88,19,57,3.88,2.43,716.08,1287.74,148.84,559.70,12.82,88.43,72.28,10.88,49.14,9.52,26.31,3.65,23.68,3.19,19.68,19.68
221,16,10,93,74,21,23,11,144,123,67,259,24,78,15,45,2.41,2.01,290.11,521.93,55.97,210.67,5.67,37.36,30.15,4.39,18.15,3.46,9.74,1.31,8.27,1.11,7.50,7.50
299,24,9,119,78,24,25,12,152,118,70,287,33,77,25,37,2.11,1.87,332.73,605.52,64.21,241.96,6.49,42.88,34.94,5.21,23.05,4.43,12.27,1.65,10.13,1.33,8.05,8.05
331,19,10,92,28,36,24,15,144,102,29,280,17,77,21,49,2.96,1.62,104.67,189.90,19.76,72.85,2.44,12.38,10.20,1.53,6.84,1.30,3.56,0.48,3.09,0.44,8.12,8.12
323,23,9,82,72,30,29,13,145,97,37,429,11,87,22,58,3.45,1.67,296.76,512.30,53.24,196.72,5.58,32.98,25.96,3.37,11.15,1.65,4.49,0.44,3.01,0.42,11.71,11.71
415,19,8,86,52,43,31,16,138,100,19,362,14,86,34,71,2.93,1.42,196.15,342.18,35.97,133.90,3.93,22.28,17.71,2.24,6.81,0.98,2.83,0.29,2.09,0.30,11.16,11.16
359,24,9,88,30,37,32,13,149,82,13,260,13,90,34,53,2.97,1.52,228.62,399.12,41.76,154.41,4.51,25.77,20.51,2.59,7.88,1.09,2.97,0.28,1.97,0.27,8.98,8.98
370,22,8,85,54,37,24,13,128,93,22,333,14,73,27,57,2.71,1.29,120.51,216.47,22.59,83.16,2.76,14.20,10.95,1.36,4.26,0.67,1.97,0.21,1.54,0.22,7.13,7.13
331,24,9,86,30,31,28,14,152,69,23,249,16,77,36,44,2.35,1.46,120.69,215.42,22.67,84.11,2.69,14.29,11.35,1.57,6.22,1.06,2.81,0.33,2.21,0.30,6.39,6.39
446,27,9,98,12,28,39,12,149,82,20,413,21,94,23,49,3.17,1.25,43.80,93.52,9.28,34.40,1.62,5.76,4.78,0.77,3.85,0.80,2.27,0.34,2.19,0.31,10.70,10.70
360,24,8,80,19,28,22,11,170,95,24,332,17,81,26,52,3.27,1.45,56.89,107.75,11.66,42.71,1.46,7.29,5.97,0.97,4.75,0.98,2.82,0.42,2.74,0.39,8.50,8.50
415,21,8,54,31,25,20,9,183,102,31,395,15,70,12,34,3.07,1.29,96.81,178.04,19.24,71.79,1.89,12.40,9.76,1.50,6.58,1.31,3.72,0.52,3.41,0.47,10.56,10.56
407,22,9,63,20,25,24,10,210,71,25,430,14,69,20,49,2.89,1.68,66.67,124.11,14.33,53.77,1.68,9.31,7.38,1.20,5.58,1.15,3.23,0.46,3.12,0.45,12.52,12.52
328,28,11,94,75,33,20,10,177,137,70,521,15,91,14,48,3.92,2.12,362.24,639.37,66.44,257.09,7.25,43.54,34.72,5.22,20.40,3.67,10.31,1.32,8.63,1.19,12.99,12.99
375,26,12,94,32,42,29,11,179,155,38,340,18,114,19,26,2.85,1.77,122.09,223.38,24.08,91.18,3.11,16.06,12.66,2.00,8.87,1.77,4.85,0.65,4.19,0.57,7.38,7.38
271,22,10,91,13,32,24,10,149,113,36,248,23,75,17,51,2.49,2.07,67.06,137.69,14.07,52.44,1.76,9.13,7.74,1.38,7.53,1.71,4.89,0.77,4.92,0.69,6.98,6.98
352,19,9,95,39,40,24,11,147,108,30,323,16,89,26,52,3.29,1.62,144.69,253.09,26.42,96.77,2.94,16.32,13.42,1.96,7.95,1.47,4.13,0.54,3.49,0.48,9.28,9.28
321,19,10,69,23,27,25,11,130,121,40,353,17,71,22,49,2.35,1.86,129.54,226.32,23.21,86.71,2.47,14.74,12.23,1.99,9.24,1.87,5.22,0.75,4.75,0.67,10.29,10.29
334,26,10,104,31,29,29,14,168,167,39,393,16,94,25,48,3.01,1.92,140.99,285.36,28.78,103.11,3.16,17.73,15.28,2.35,10.14,2.03,5.63,0.78,4.98,0.68,11.50,11.50
266,22,7,83,57,29,21,13,143,100,35,413,16,66,21,52,5.71,1.84,221.68,388.50,40.01,146.49,3.79,24.36,19.61,2.67,9.58,1.66,4.86,0.59,3.86,0.56,11.51,11.51
367,16,9,83,29,34,26,12,133,89,18,259,12,75,25,49,2.80,1.35,109.73,202.62,21.31,78.89,2.47,13.51,10.38,1.41,4.80,0.79,2.27,0.25,1.66,0.24,7.24,7.24
320,13,10,76,11,24,28,13,106,62,24,478,14,73,25,45,1.70,1.17,55.13,115.97,11.63,44.12,1.54,7.74,6.30,1.02,4.81,1.02,2.95,0.46,3.00,0.44,13.65,13.65
370,25,9,78,17,30,23,11,140,100,23,335,17,81,22,45,3.41,1.35,51.07,106.96,10.47,39.52,1.58,6.85,5.60,0.95,4.63,0.96,2.73,0.41,2.73,0.38,9.84,9.84
419,21,8,61,16,31,20,8,155,104,25,327,14,61,16,43,3.16,1.30,62.56,122.48,12.90,47.61,1.70,8.40,7.01,1.18,5.92,1.28,3.71,0.57,3.62,0.51,9.70,9.70
481,24,10,61,26,28,46,15,183,167,23,419,17,145,19,48,3.77,1.24,82.16,159.37,16.95,61.86,2.04,9.78,8.01,1.18,5.18,1.11,3.29,0.48,3.02,0.43,13.64,13.64
345,28,12,142,16,28,46,20,142,232,34,453,32,157,30,71,3.18,1.38,87.46,172.22,19.42,74.14,2.92,12.88,10.48,1.73,7.87,1.56,4.32,0.61,3.91,0.54,14.50,14.50
525,28,14,75,26,28,18,10,154,120,32,659,15,82,20,37,2.75,1.45,94.83,185.03,19.67,74.67,2.80,13.10,10.85,1.71,7.43,1.42,3.95,0.55,3.62,0.54,19.97,19.97
387,24,11,57,31,36,17,5,151,204,34,345,15,73,16,45,3.02,1.91,90.54,178.88,18.90,71.87,2.58,12.59,10.76,1.86,9.84,2.16,6.29,0.96,6.22,0.87,9.57,9.57
405,21,13,92,52,30,24,11,149,103,24,266,18,78,21,53,3.43,1.60,172.52,332.62,34.03,134.80,3.87,23.16,18.34,2.42,7.97,1.23,3.39,0.36,2.31,0.32,7.09,7.09
345,21,8,76,73,16,20,10,120,94,44,299,16,65,21,46,2.51,1.85,233.26,450.25,38.52,152.29,4.42,29.78,23.84,3.29,12.33,2.02,5.48,0.62,4.01,0.54,8.76,8.76
319,25,9,87,50,14,24,9,137,102,43,298,18,74,20,43,2.13,2.00,148.42,285.62,28.56,108.08,2.92,18.29,15.38,2.34,10.34,1.94,5.29,0.72,4.50,0.61,8.74,8.74
333,24,13,90,23,23,24,7,153,122,29,281,19,79,20,55,2.64,1.95,67.13,124.97,13.13,48.31,1.81,8.23,7.17,1.19,6.03,1.27,3.57,0.53,3.58,0.50,8.12,8.12
327,21,9,88,47,20,21,11,117,106,32,350,17,82,19,54,2.13,1.78,176.45,328.61,31.14,126.48,3.45,21.19,17.15,2.40,9.37,1.68,4.70,0.59,3.94,0.56,10.77,10.77
369,19,9,76,45,21,23,9,122,79,24,305,12,73,30,52,2.29,1.42,117.13,223.87,23.75,89.07,2.57,15.08,11.86,1.63,5.92,0.98,2.73,0.32,2.15,0.29,8.34,8.34
318,20,8,68,25,13,27,12,109,70,24,485,17,73,25,51,2.55,1.29,54.89,106.42,11.36,42.40,1.57,7.23,6.13,0.98,4.64,0.96,2.77,0.41,2.77,0.39,12.78,12.78
442,27,15,116,20,19,51,19,131,192,23,362,19,132,57,71,2.43,1.19,53.95,108.23,11.23,42.42,1.79,7.18,6.09,0.98,4.90,1.04,3.01,0.45,2.89,0.42,10.72,10.72
300,25,14,98,28,20,29,12,144,167,36,576,24,82,22,52,3.00,1.51,87.11,170.69,18.53,69.84,2.55,11.99,9.92,1.57,7.60,1.56,4.39,0.65,4.20,0.58,16.66,16.66
395,29,13,87,42,13,26,10,133,247,31,684,36,74,26,54,2.98,1.27,91.11,195.38,19.88,75.11,2.72,12.56,10.04,1.45,6.19,1.22,3.55,0.49,3.27,0.47,20.39,20.39
464,35,13,92,28,23,40,14,194,118,31,377,19,121,29,62,5.12,1.34,76.74,142.55,16.00,59.45,2.20,10.23,8.53,1.34,6.55,1.37,3.91,0.58,3.77,0.53,13.93,13.93
775,13,7,54,28,38,16,6,163,110,40,1204,14,54,14,29,1.97,1.21,53.60,106.22,11.47,43.55,2.24,8.09,7.18,1.34,7.94,1.84,5.52,0.91,6.17,0.90,36.27,36.27
342,23,12,78,34,25,24,10,149,125,36,306,22,86,20,51,2.42,1.91,113.87,223.61,23.36,87.20,2.56,15.06,12.67,2.00,9.53,1.96,5.55,0.80,5.13,0.69,9.27,9.27
350,24,12,89,42,34,20,9,117,92,27,298,14,75,25,44,2.84,1.43,114.50,218.40,23.26,87.23,2.79,14.94,12.20,1.66,6.00,0.98,2.67,0.32,2.10,0.30,8.27,8.27
317,21,9,86,46,15,16,9,129,110,39,247,22,65,17,51,2.28,2.07,151.02,297.78,29.76,117.90,3.02,20.09,16.79,2.64,12.12,2.35,6.42,0.86,5.24,0.70,6.91,6.91
246,18,8,76,45,15,17,7,124,95,31,277,22,67,16,45,2.21,1.90,143.69,275.73,28.82,107.69,2.93,17.81,14.27,2.10,8.55,1.59,4.57,0.62,4.06,0.56,8.25,8.25
368,20,10,67,63,26,20,10,124,86,27,351,9,72,21,56,2.86,1.71,240.94,450.34,43.63,174.20,4.90,29.68,23.46,3.08,9.88,1.40,3.87,0.38,2.66,0.37,11.27,11.27
430,19,12,75,31,21,25,10,123,97,19,277,12,70,25,51,2.38,1.33,103.52,194.91,20.62,76.97,2.50,13.15,10.40,1.43,5.28,0.90,2.48,0.30,2.09,0.30,7.81,7.81
349,22,11,86,33,23,30,12,141,77,26,321,13,81,32,50,2.00,1.41,113.84,213.56,23.14,86.32,2.74,14.84,11.80,1.60,6.15,1.09,3.02,0.36,2.41,0.35,8.78,8.78
329,22,14,106,14,15,38,15,98,128,34,510,20,87,35,62,2.82,1.56,62.42,119.36,12.86,48.64,2.00,8.36,7.36,1.25,6.90,1.57,4.51,0.71,4.71,0.66,15.41,15.41
489,29,16,117,19,17,56,20,109,201,28,393,21,116,47,76,2.64,1.31,68.43,131.30,14.16,53.51,2.11,8.77,7.40,1.16,5.46,1.13,3.23,0.46,2.94,0.42,11.41,11.41
377,31,13,105,27,18,45,16,162,150,28,407,19,118,37,58,3.85,1.30,77.85,148.02,16.28,59.73,1.95,10.19,8.41,1.26,5.53,1.10,3.07,0.44,2.87,0.41,11.89,11.89
393,30,13,108,31,12,33,15,157,119,34,480,21,110,57,45,3.88,1.36,128.87,247.37,25.96,100.10,3.25,17.15,13.85,2.11,8.79,1.72,4.78,0.66,4.31,0.66,15.08,15.08
364,30,13,91,25,15,40,11,219,86,44,371,18,110,45,63,6.63,1.96,97.58,178.19,20.35,77.00,2.51,13.68,11.23,1.81,8.74,1.84,5.15,0.76,4.88,0.69,11.67,11.67
439,19,8,60,48,20,15,5,132,141,42,369,20,64,18,43,2.66,1.68,122.46,242.26,25.16,93.45,2.84,16.18,13.51,2.09,9.72,2.00,5.66,0.81,5.06,0.71,10.98,10.98
313,22,10,72,31,22,20,10,141,114,34,322,19,72,15,46,2.35,1.86,91.97,177.84,18.77,69.60,2.16,12.03,10.19,1.62,7.97,1.69,4.82,0.74,4.76,0.67,9.35,9.35
385,17,8,72,49,18,22,10,131,112,27,233,20,64,17,53,1.99,1.64,149.42,284.84,29.80,111.61,3.11,19.43,16.01,2.28,8.52,1.41,3.79,0.43,2.69,0.36,6.84,6.84
341,24,11,86,32,26,21,10,156,137,38,303,22,79,18,55,2.65,2.01,95.08,189.46,19.83,74.96,2.43,13.43,11.23,1.83,8.81,1.74,4.76,0.68,4.29,0.60,8.98,8.98
356,22,9,69,64,23,23,13,135,78,23,316,10,68,24,51,2.66,1.70,218.21,407.82,39.75,156.32,4.58,26.43,21.28,2.78,8.79,1.20,3.07,0.27,1.83,0.27,9.35,9.35
385,22,8,67,42,29,19,6,125,81,14,264,9,63,27,61,2.56,1.44,115.59,218.55,23.06,85.40,2.70,14.45,11.37,1.48,4.48,0.62,1.71,0.17,1.24,0.18,7.48,7.48
434,21,12,65,27,23,23,9,112,83,16,249,10,66,24,49,2.47,1.33,100.51,191.21,20.17,75.22,2.48,12.91,9.92,1.30,4.37,0.68,1.91,0.21,1.53,0.22,7.34,7.34
354,23,14,115,18,15,51,26,102,151,28,357,18,133,49,54,2.46,1.40,59.66,113.62,12.15,45.86,1.86,7.92,6.62,1.10,5.47,1.17,3.33,0.51,3.27,0.47,11.32,11.32
393,29,14,108,21,12,58,19,112,179,36,489,19,155,33,65,2.76,1.85,76.53,141.49,15.41,57.73,2.31,10.00,8.75,1.43,7.48,1.61,4.56,0.69,4.56,0.66,16.47,16.47
422,21,8,81,31,24,31,12,118,84,25,334,15,83,30,51,2.23,1.45,91.82,175.89,18.65,69.40,2.26,11.82,9.48,1.34,5.53,1.02,2.83,0.38,2.53,0.36,10.23,10.23
299,28,11,86,54,10,33,12,138,132,34,507,28,107,22,47,3.76,1.32,150.65,293.15,30.20,107.72,2.64,17.32,14.13,1.93,7.88,1.51,4.30,0.58,3.83,0.54,14.47,14.47
334,26,16,91,30,20,36,14,141,97,32,307,17,83,53,62,4.06,1.46,104.99,192.54,21.30,79.17,2.54,13.94,11.30,1.67,7.34,1.45,3.90,0.54,3.45,0.48,10.40,10.40
328,28,12,83,23,20,30,14,238,85,31,342,21,92,24,52,4.09,1.35,65.97,120.24,13.47,50.14,1.67,8.99,7.46,1.25,6.27,1.34,3.70,0.57,3.69,0.53,11.51,11.51
443,24,12,54,20,27,19,11,165,94,30,501,15,60,13,36,2.28,1.22,58.82,111.36,12.58,47.65,1.84,8.46,7.00,1.16,5.88,1.27,3.58,0.57,3.79,0.55,14.66,14.66
319,24,10,77,48,24,21,8,143,135,38,284,22,78,15,48,2.46,1.76,165.22,325.00,34.33,128.57,3.60,22.57,18.04,2.66,11.67,2.32,6.48,0.89,5.64,0.76,8.88,8.88
347,24,10,87,41,21,22,10,135,116,31,252,23,75,19,36,2.15,1.69,177.75,352.70,36.44,142.16,3.94,25.11,19.43,2.58,8.86,1.50,4.18,0.50,3.21,0.44,7.88,7.88
164,13,12,82,46,1,19,5,127,79,31,200,40,67,16,52,1.41,1.84,138.93,272.87,27.51,100.48,2.71,16.79,13.16,1.83,7.65,1.41,3.83,0.51,3.15,0.44,5.33,5.33
410,18,15,94,67,1,21,9,158,74,26,326,32,80,27,57,2.13,1.39,136.08,260.06,26.55,96.07,3.23,16.41,13.06,1.72,5.99,0.87,2.09,0.23,1.49,0.22,6.28,6.28
416,16,14,86,48,7,21,11,119,74,24,278,22,79,20,52,2.33,1.23,131.94,248.73,25.80,98.73,3.27,16.36,12.94,1.67,5.63,0.82,2.04,0.23,1.62,0.24,8.30,8.30
290,15,13,82,47,11,22,9,119,68,24,267,24,75,19,50,1.52,1.07,85.14,168.51,17.60,66.03,2.22,11.24,8.69,1.12,3.95,0.63,1.63,0.19,1.27,0.18,5.27,5.27
478,19,17,115,21,26,69,21,113,180,29,297,31,185,42,60,2.16,1.35,44.93,99.30,9.17,35.05,1.64,6.47,5.56,0.89,4.73,1.03,2.87,0.45,3.04,0.43,8.73,8.73
354,21,22,142,20,16,39,20,108,151,31,345,35,110,39,57,2.91,1.12,58.02,117.94,12.47,47.30,2.11,8.23,7.19,1.18,6.05,1.24,3.36,0.50,3.22,0.46,9.72,9.72
341,20,18,114,26,17,32,17,129,202,34,484,40,83,40,66,3.30,1.31,88.52,176.00,20.17,76.26,2.86,12.50,10.36,1.49,6.78,1.37,3.70,0.52,3.33,0.48,15.51,15.51
716,20,13,77,23,21,14,6,129,253,36,1244,49,52,14,45,3.15,1.14,86.13,172.79,19.30,73.02,3.04,12.39,10.09,1.52,7.43,1.48,4.03,0.58,3.89,0.56,38.47,38.47
326,20,16,68,26,28,25,10,142,113,33,423,38,80,19,47,2.92,1.14,42.40,86.86,7.99,29.88,1.17,5.63,4.81,0.83,4.57,1.01,2.83,0.46,2.89,0.43,9.68,9.68
388,29,16,119,17,14,46,19,128,113,31,367,16,116,38,57,2.37,1.31,55.97,100.72,11.62,43.42,1.90,7.77,6.54,1.10,5.71,1.23,3.55,0.55,3.64,0.53,10.97,10.97
359,18,17,86,51,22,24,13,156,151,30,238,22,59,16,61,2.66,1.36,143.53,277.60,30.64,115.83,3.71,20.98,16.18,2.05,6.87,1.11,2.94,0.37,2.22,0.30,6.31,6.31
394,22,9,95,53,26,26,15,163,84,57,546,24,68,16,55,3.25,1.41,153.38,296.30,31.91,119.67,3.59,20.71,17.44,2.54,11.58,2.31,6.21,0.87,5.29,0.72,13.61,13.61
576,15,7,50,18,31,12,12,142,77,28,677,16,39,11,30,1.44,1.03,34.70,72.50,6.69,25.35,1.29,4.59,4.17,0.72,3.99,0.91,2.51,0.41,2.87,0.40,15.05,15.05
359,19,16,99,46,11,24,9,157,131,40,250,41,89,17,47,2.14,1.83,100.60,198.71,20.80,76.75,2.66,14.18,12.04,1.91,9.52,1.88,4.83,0.69,4.32,0.59,6.53,6.53
437,18,16,85,51,19,24,9,144,85,27,302,26,75,31,61,2.37,1.39,109.55,208.44,21.46,78.91,2.84,13.74,11.12,1.54,5.80,0.96,2.34,0.29,1.93,0.28,7.91,7.91
549,20,15,92,45,33,24,9,149,88,27,303,26,89,26,61,2.34,1.41,106.35,201.17,20.58,76.55,2.72,13.15,10.60,1.45,5.71,0.91,2.35,0.29,1.93,0.29,7.91,7.91
372,16,13,90,38,20,25,10,123,56,23,240,26,88,27,51,2.04,1.34,89.48,179.15,18.73,68.94,2.34,12.07,9.31,1.16,4.10,0.67,1.84,0.23,1.52,0.22,6.65,6.65
407,22,15,88,39,1,33,13,107,99,35,345,34,93,28,54,3.68,1.43,125.97,225.46,24.30,92.28,3.00,14.54,12.16,1.76,7.46,1.50,3.90,0.55,3.62,0.50,10.92,10.92
435,21,18,136,22,20,52,23,88,241,34,467,35,106,39,60,1.99,1.09,66.21,131.66,14.96,57.37,2.25,9.27,7.96,1.21,5.65,1.15,3.10,0.45,2.94,0.39,12.23,12.23
821,21,15,103,23,34,15,10,100,474,39,598,54,65,8,57,2.65,1.18,120.94,230.93,26.10,100.65,3.67,15.35,12.59,1.78,7.84,1.57,4.16,0.58,3.54,0.50,17.30,17.30
632,22,19,118,19,38,18,12,116,409,40,446,53,80,8,78,2.36,1.30,129.37,252.92,29.13,114.32,4.02,17.33,13.84,1.88,7.97,1.55,4.09,0.54,3.41,0.46,12.89,12.89
509,18,14,61,22,23,19,4,140,201,33,1338,56,57,14,37,2.10,1.15,71.04,144.20,16.11,62.05,2.91,10.32,8.40,1.26,6.08,1.24,3.29,0.49,3.21,0.48,31.71,31.71
115,19,24,215,13,16,85,18,81,137,26,180,21,296,115,32,1.53,1.22,35.22,71.19,6.87,25.90,1.24,4.79,4.31,0.75,4.05,0.88,2.35,0.37,2.46,0.35,6.79,6.79
437,25,16,122,22,20,44,17,136,165,30,283,18,100,39,66,2.75,0.97,53.11,107.24,12.15,47.32,1.86,8.89,7.18,1.10,4.91,0.98,2.60,0.37,2.31,0.32,6.82,6.82
147,13,6,79,151,1,14,6,100,84,59,562,16,45,8,54,1.62,1.57,357.36,702.98,18.13,288.46,8.82,50.19,38.62,4.71,14.50,2.35,6.53,0.79,5.19,0.73,12.95,12.95
365,23,9,87,62,25,27,10,152,116,39,289,18,76,18,60,2.01,1.44,130.39,257.61,27.23,106.94,3.38,18.25,14.34,1.98,7.63,1.38,3.62,0.48,2.88,0.39,6.59,6.59
379,17,7,103,24,19,19,6,128,104,22,212,27,51,17,56,1.54,1.56,45.90,95.96,10.17,37.71,1.36,6.38,5.41,0.84,3.84,0.80,2.20,0.34,2.19,0.30,4.90,4.90
418,19,10,64,31,21,21,6,114,80,20,306,12,62,21,49,1.93,1.22,95.35,178.62,18.92,71.45,2.41,11.94,9.47,1.24,4.36,0.73,1.92,0.26,1.68,0.23,6.79,6.79
485,22,11,93,31,22,29,13,126,111,28,411,19,79,28,59,2.99,1.40,81.72,152.16,16.58,63.62,2.39,10.55,8.64,1.22,5.08,0.95,2.58,0.37,2.49,0.36,10.53,10.53
542,27,14,108,37,17,17,13,145,262,61,1549,47,41,12,69,3.48,1.57,217.41,420.18,47.24,181.96,5.24,26.66,21.18,2.95,12.29,2.45,6.79,0.92,5.94,0.83,33.85,33.85
695,22,13,120,22,23,21,9,97,361,47,906,32,56,12,64,2.60,1.41,118.48,237.02,26.62,106.92,4.10,16.75,13.48,2.05,9.32,1.82,4.98,0.71,4.36,0.61,20.46,20.46
708,23,17,99,24,38,15,7,100,438,48,678,67,53,9,58,2.94,1.34,174.21,343.86,39.31,149.26,4.99,21.64,17.81,2.43,10.11,2.01,5.22,0.71,4.26,0.60,17.44,17.44
837,24,20,87,23,51,24,9,136,386,45,1230,77,78,12,66,2.53,1.37,139.55,267.26,30.95,120.17,4.99,19.01,15.16,2.12,9.41,1.90,4.91,0.69,4.51,0.61,28.95,28.95
321,21,9,61,34,20,20,10,200,86,28,404,21,66,17,45,2.84,1.22,50.85,103.91,11.67,44.10,1.36,7.89,6.43,0.98,4.59,0.95,2.60,0.40,2.51,0.36,10.47,10.47
274,23,15,165,12,11,58,30,92,70,35,292,15,103,104,42,1.98,1.12,37.61,79.36,7.59,31.11,1.63,5.98,5.46,1.01,5.74,1.25,3.50,0.56,3.55,0.50,7.49,7.49
356,19,8,82,49,20,33,10,135,125,32,367,16,91,24,59,2.14,1.38,112.77,225.41,24.47,93.31,3.14,16.24,13.29,1.77,6.81,1.26,3.46,0.48,3.12,0.44,9.17,9.17
380,16,9,87,29,23,31,12,115,132,31,375,18,87,17,56,2.06,1.28,71.33,141.02,15.54,59.91,2.20,10.33,9.02,1.37,6.13,1.18,3.18,0.46,2.99,0.42,9.29,9.29
393,15,9,86,20,29,29,10,112,118,29,347,19,75,20,50,1.92,1.25,42.63,84.91,9.60,37.22,1.45,6.50,5.93,0.95,4.75,1.02,2.81,0.44,2.83,0.42,8.83,8.83
394,16,11,80,29,28,32,11,114,114,28,358,15,87,24,51,1.83,1.16,82.16,156.91,16.33,62.37,2.23,10.53,8.50,1.24,5.04,0.89,2.42,0.35,2.19,0.30,8.81,8.81
606,21,10,85,39,18,13,7,69,326,45,893,30,48,6,40,2.70,1.27,119.68,235.93,26.08,101.26,3.64,16.20,13.15,1.92,8.47,1.62,4.54,0.64,3.93,0.56,19.64,19.64
683,19,11,98,26,21,16,12,82,396,42,892,33,53,13,58,2.63,1.14,95.50,189.06,21.78,87.15,3.45,13.58,11.00,1.70,7.63,1.53,4.22,0.59,3.68,0.52,18.85,18.85
644,25,12,117,33,25,17,12,80,329,52,1385,37,68,9,60,2.14,1.29,126.17,250.78,28.98,113.68,4.04,17.99,14.61,2.16,9.83,2.00,5.35,0.77,4.81,0.69,28.96,28.96
790,28,12,91,32,22,15,9,121,339,40,1149,32,49,6,51,2.53,1.25,124.08,250.95,27.26,105.34,3.73,15.64,12.71,1.82,7.96,1.57,4.33,0.61,3.72,0.53,25.54,25.54
512,24,10,55,15,31,23,7,157,212,38,619,30,61,16,61,2.66,1.60,99.57,200.12,22.55,84.78,2.63,13.34,10.58,1.49,7.07,1.39,3.67,0.55,3.37,0.48,17.10,17.10
293,23,12,91,18,22,41,15,147,78,39,304,19,109,31,53,3.19,1.74,59.46,106.47,12.43,46.13,1.45,8.11,7.54,1.21,6.67,1.48,4.02,0.63,3.95,0.55,9.68,9.68
238,16,10,104,16,24,44,13,76,85,32,290,17,117,55,65,1.72,1.47,53.25,96.69,11.18,42.47,1.45,7.56,6.85,1.05,5.48,1.14,3.14,0.48,2.98,0.43,9.48,9.48
340,18,11,95,30,30,27,8,167,112,36,237,17,88,15,71,2.75,1.63,79.07,156.81,16.96,63.93,2.25,10.93,9.31,1.45,7.01,1.46,3.83,0.57,3.63,0.50,6.43,6.43
355,22,9,91,72,12,19,10,135,100,48,308,21,63,14,58,2.25,1.52,171.73,339.59,35.60,138.28,4.05,23.47,19.28,2.54,9.77,1.80,4.80,0.65,4.16,0.57,7.33,7.33
358,18,11,79,29,20,33,11,120,87,31,394,15,85,22,50,1.80,1.20,69.74,131.69,14.84,56.05,2.03,9.70,8.53,1.25,5.44,1.07,2.81,0.42,2.72,0.39,8.97,8.97
353,14,9,84,41,21,25,7,101,105,30,454,16,81,21,57,1.95,1.31,119.96,227.31,24.32,92.38,3.12,15.71,13.23,1.83,7.18,1.29,3.40,0.48,3.31,0.49,24.47,24.47
388,20,12,102,17,19,30,16,141,141,35,446,21,95,20,64,2.98,1.31,45.91,95.27,10.66,41.25,1.76,7.32,6.68,1.13,6.03,1.29,3.56,0.57,3.78,0.53,11.90,11.90
467,23,13,121,26,25,23,12,71,322,45,878,34,84,8,67,3.03,1.24,82.84,162.77,19.23,76.53,3.37,12.62,11.27,1.76,8.49,1.74,4.56,0.67,4.36,0.61,20.97,20.97
604,17,16,150,19,12,37,21,68,340,41,544,28,107,19,70,2.04,1.17,77.57,157.70,18.00,72.20,3.26,12.24,10.82,1.69,8.24,1.72,4.64,0.67,4.22,0.59,13.95,13.95
625,27,14,116,48,22,17,11,104,397,53,1406,32,43,6,78,2.97,1.53,161.02,321.52,35.55,141.49,4.72,21.24,17.84,2.50,10.73,2.10,5.72,0.76,4.90,0.71,33.65,33.65
561,25,12,86,17,26,27,9,116,292,40,679,26,66,24,54,2.66,1.78,119.17,230.07,26.14,96.94,2.88,14.70,12.00,1.69,7.86,1.55,4.00,0.59,3.56,0.52,20.13,20.13
453,24,11,63,16,24,22,6,157,165,38,950,27,63,21,56,2.63,1.65,82.27,161.59,18.92,74.74,2.54,12.36,10.21,1.45,6.96,1.39,3.72,0.56,3.68,0.55,28.34,28.34
336,22,10,95,15,26,47,15,126,84,34,235,17,105,37,58,1.96,1.60,54.97,87.45,11.42,43.57,1.60,7.75,7.04,1.12,6.09,1.31,3.66,0.57,3.58,0.52,7.63,7.63
285,17,11,88,17,26,47,12,117,89,27,206,15,105,45,74,2.01,1.36,43.28,73.35,9.04,35.00,1.33,6.16,5.47,0.87,4.59,0.94,2.68,0.41,2.62,0.39,6.56,6.56
413,19,17,93,22,23,39,16,156,101,21,298,14,96,30,49,2.20,1.38,47.61,88.13,10.00,36.86,6.35,1.07,5.77,0.86,4.42,0.88,2.64,0.40,3.07,0.40,8.59,8.59
440,18,13,99,29,21,33,16,174,100,22,261,17,92,31,47,3.31,1.28,54.42,101.31,11.06,40.79,7.05,1.20,6.27,0.84,4.13,0.81,2.43,0.31,2.23,0.32,7.92,7.92
486,23,12,95,31,19,36,20,135,226,26,499,26,76,35,55,3.08,1.31,80.82,151.58,17.13,65.47,10.42,1.88,9.19,1.12,5.35,0.95,2.82,0.36,2.69,0.38,14.13,14.13
387,23,16,102,18,22,47,24,147,170,25,398,15,99,62,50,3.08,1.51,55.61,105.12,11.34,42.27,7.42,1.43,6.74,0.99,4.72,0.88,2.77,0.36,2.66,0.39,11.72,11.72
346,23,14,74,36,17,41,22,186,74,29,245,17,90,44,51,3.69,1.73,83.75,164.56,18.64,72.05,13.80,1.39,11.51,1.32,6.17,1.03,3.06,0.44,2.79,0.36,7.08,7.08
362,20,14,116,26,12,40,20,120,112,33,282,16,110,44,67,1.77,1.33,77.72,148.25,16.12,63.10,11.09,2.02,9.94,1.39,6.61,1.13,3.40,0.43,3.33,0.44,7.81,7.81
284,15,17,159,16,16,60,28,82,125,25,613,15,131,42,46,1.33,1.33,37.54,68.75,7.72,29.86,5.85,1.50,5.39,0.78,4.44,0.87,2.55,0.37,2.86,0.47,18.81,18.81
237,19,16,153,14,12,58,24,84,121,28,210,14,108,75,56,2.61,1.90,32.80,60.06,6.95,28.42,6.15,1.31,5.21,0.90,5.08,0.97,3.01,0.42,2.87,0.43,6.69,6.69
415,19,17,126,22,17,45,25,124,123,32,296,17,119,46,65,1.86,1.57,65.49,125.17,13.24,54.59,10.38,1.81,8.40,1.52,8.83,1.77,5.79,0.89,5.32,0.81,8.16,8.16
397,19,15,110,30,18,39,24,138,102,43,301,14,121,39,67,2.66,1.75,134.72,259.33,27.21,107.99,18.98,3.15,14.09,2.19,10.96,1.90,5.89,0.81,4.58,0.81,8.83,8.83
340,24,16,117,58,10,34,21,144,79,74,212,11,106,33,68,2.73,1.81,307.90,545.44,62.21,243.98,42.29,6.68,31.20,4.69,21.44,3.32,9.62,1.21,7.52,1.10,6.22,6.22
247,21,15,117,34,20,40,21,114,62,41,233,17,101,40,70,2.45,1.71,146.72,256.89,30.00,117.54,20.37,3.38,15.44,2.25,11.07,1.88,5.84,0.71,4.20,0.67,6.81,6.81
362,18,13,137,18,20,56,20,116,76,31,261,18,120,103,49,1.96,1.40,47.69,89.85,9.56,39.10,7.37,1.46,6.46,1.12,5.63,1.09,3.53,0.46,3.08,0.48,6.82,6.82
463,21,8,75,39,21,20,11,165,132,22,472,24,54,22,42,2.70,1.28,118.09,216.56,23.49,86.41,13.07,1.92,9.38,1.20,5.06,0.83,2.46,0.31,1.86,0.29,14.41,14.41
448,23,15,109,27,21,37,20,166,151,27,473,25,98,27,64,2.64,1.24,103.83,198.44,19.81,74.17,11.81,1.93,8.69,1.21,6.00,1.09,3.95,0.54,3.00,0.54,13.18,13.18
302,20,12,114,23,15,43,19,137,141,27,412,19,103,34,61,3.09,1.62,53.20,98.74,11.29,46.03,9.26,1.48,6.81,1.05,5.40,1.01,3.20,0.45,2.81,0.58,14.10,14.10
314,22,15,101,40,17,32,19,195,113,32,272,24,85,42,83,5.51,1.84,119.78,229.79,25.39,99.85,17.93,2.12,13.00,1.78,7.89,1.35,3.82,0.57,2.86,0.45,8.38,8.38
378,22,13,82,33,20,29,18,184,72,33,255,16,82,25,48,4.57,1.65,92.41,170.31,19.40,73.82,13.50,1.97,10.73,1.44,6.40,1.16,3.54,0.55,3.50,0.52,8.49,8.49
423,22,18,133,23,15,59,23,117,94,31,326,18,145,49,62,2.78,1.49,58.68,116.01,12.22,47.39,8.90,1.42,6.70,1.02,5.22,0.93,3.01,0.36,2.57,0.41,8.19,8.19
409,20,13,119,15,10,48,23,102,105,32,324,16,117,42,62,1.62,1.98,53.99,98.41,11.39,44.31,8.47,1.54,6.97,1.07,5.77,1.11,3.37,0.43,3.03,0.49,9.10,9.10
408,19,12,130,23,11,34,18,119,104,33,362,17,116,37,69,2.15,1.55,70.40,138.53,14.76,57.71,10.55,2.04,8.73,1.37,7.53,1.48,4.99,0.70,4.13,0.67,9.24,9.24
446,17,12,101,27,12,31,15,131,102,30,269,16,103,25,71,2.11,1.50,80.64,154.92,16.42,65.98,11.78,2.09,9.39,1.44,7.40,1.24,3.91,0.55,3.22,0.58,8.18,8.18
419,22,13,141,15,30,43,21,119,95,29,249,16,116,48,132,2.21,1.59,56.75,110.16,11.86,47.63,8.70,1.73,7.32,1.08,5.75,1.02,3.14,0.45,3.01,0.43,6.39,6.39
280,19,12,121,14,11,48,25,93,59,28,243,14,107,51,80,1.98,1.51,45.84,86.90,9.65,38.30,7.18,1.35,6.13,0.93,5.11,0.91,2.87,0.39,2.61,0.46,6.62,6.62
309,15,15,179,12,9,65,35,69,81,26,237,12,193,87,69,1.44,1.33,31.01,56.12,6.75,27.96,5.89,1.25,4.91,0.86,4.77,0.93,2.91,0.39,2.42,0.42,6.00,6.00
405,22,13,83,31,14,32,16,185,116,25,349,16,82,27,58,3.83,1.45,84.74,156.26,16.45,61.85,10.19,1.60,7.98,1.24,5.44,0.95,2.85,0.39,2.72,0.42,10.23,10.23
399,20,16,115,16,12,51,22,107,150,25,332,16,88,47,56,2.20,1.13,43.71,86.71,8.87,34.56,6.19,1.28,5.12,0.86,4.12,0.77,2.43,0.36,2.51,0.35,8.68,8.68
352,24,13,84,26,14,25,17,187,90,28,311,19,80,38,55,4.18,1.84,67.93,135.84,14.54,55.81,10.06,1.53,8.67,1.27,6.66,1.15,3.56,0.55,3.23,0.48,9.50,9.50
282,25,10,64,23,16,18,8,209,71,18,284,15,49,13,37,3.17,1.66,39.35,82.33,8.06,30.05,5.75,0.93,5.18,0.81,4.11,0.66,1.92,0.27,1.71,0.27,10.06,10.06
406,23,15,140,19,8,45,27,117,144,34,502,18,115,57,68,2.11,1.37,59.99,121.62,12.63,50.18,9.11,1.78,8.09,1.33,7.44,1.35,4.06,0.63,4.07,0.63,16.18,16.18
392,25,17,136,15,7,54,26,128,87,30,217,15,121,54,85,2.05,2.30,67.26,135.83,13.87,54.26,9.57,1.84,8.64,1.44,8.12,1.46,4.49,0.67,4.16,0.64,6.78,6.78
332,19,16,130,18,5,59,29,90,73,29,288,13,128,64,40,1.99,1.48,50.84,98.22,10.80,43.76,8.02,1.64,7.34,1.13,5.92,1.05,2.96,0.42,2.62,0.38,8.39,8.39
351,20,14,104,21,9,38,17,107,96,28,306,14,104,32,48,1.83,1.44,50.22,100.92,10.73,41.79,7.41,1.41,6.54,1.05,5.53,0.96,2.91,0.44,2.79,0.40,8.92,8.92
399,21,17,111,24,5,35,16,148,91,30,259,17,106,15,46,2.76,1.61,77.41,147.99,15.94,60.79,10.29,1.95,8.95,1.36,6.65,1.15,3.59,0.50,3.01,0.47,7.12,7.12
415,19,12,111,23,12,32,14,105,111,36,365,16,101,25,62,2.11,1.54,92.59,175.32,19.29,74.34,12.50,2.33,10.85,1.65,8.35,1.43,4.26,0.59,3.73,0.58,10.68,10.68
429,20,16,109,22,13,39,23,124,82,32,227,14,112,38,60,2.11,1.50,74.90,140.39,15.35,60.03,10.16,1.95,8.84,1.35,6.90,1.17,3.62,0.54,3.31,0.47,5.99,5.99
267,19,18,222,11,9,75,37,60,60,25,201,12,148,108,74,1.01,1.27,21.44,41.13,5.12,21.74,4.63,1.25,4.41,0.84,4.86,0.95,2.87,0.46,2.85,0.41,5.30,5.30
497,19,13,218,9,72,98,33,59,112,24,168,13,240,91,264,0.95,1.44,22.67,46.40,5.51,23.46,4.91,1.43,4.87,0.82,4.72,0.87,2.49,0.38,2.42,0.33,5.00,5.00
297,19,13,135,23,14,43,24,97,141,23,304,20,112,90,48,2.53,1.37,41.19,75.83,8.61,33.92,6.24,1.46,5.48,0.82,4.41,0.79,2.36,0.36,2.17,0.32,9.04,9.04
415,21,14,88,28,15,32,20,148,107,29,332,18,85,29,55,4.44,1.67,92.27,178.22,19.04,73.49,13.19,2.00,10.75,1.60,8.20,1.40,3.96,0.57,3.56,0.49,9.90,9.90
375,25,14,86,18,6,32,19,117,92,29,241,17,64,57,78,4.74,1.86,51.21,96.96,10.61,42.22,7.47,1.42,6.67,1.02,5.40,0.93,2.81,0.42,2.70,0.36,6.04,6.04
392,28,14,104,19,7,48,34,136,89,30,239,14,110,95,67,3.31,1.91,55.36,102.57,11.51,45.95,8.36,1.63,7.35,1.14,5.82,1.01,3.02,0.44,2.75,0.41,7.29,7.29
269,24,15,140,18,8,72,31,104,85,27,201,16,151,48,128,2.22,1.71,55.03,102.72,11.36,43.94,7.79,1.53,6.86,1.10,5.60,0.97,2.85,0.41,2.64,0.38,5.42,5.42
276,25,14,160,25,7,55,26,103,92,33,300,18,141,69,71,2.44,1.49,54.84,104.52,11.34,44.65,7.85,1.40,7.00,1.11,6.05,1.14,3.27,0.52,3.35,0.47,7.68,7.68
348,22,15,147,14,9,79,26,107,72,30,246,15,152,63,53,2.18,1.54,52.08,101.01,10.73,42.88,7.77,1.67,6.96,1.08,5.98,1.11,3.17,0.48,3.05,0.43,6.47,6.47
400,19,14,89,22,6,31,16,111,114,28,330,18,96,23,59,2.06,1.54,58.43,114.97,12.21,48.03,8.28,1.61,7.00,1.05,5.75,0.96,2.83,0.44,2.86,0.41,8.60,8.60
341,19,10,80,23,6,23,13,86,100,26,292,19,83,54,52,1.72,1.44,71.29,135.81,14.31,54.66,9.65,1.61,7.51,1.16,5.45,0.90,2.77,0.40,2.46,0.37,7.75,7.75
354,18,12,87,22,13,28,20,104,111,29,263,18,91,21,40,1.53,1.46,55.56,106.01,11.28,44.66,8.39,1.67,6.76,1.16,5.85,1.05,3.30,0.49,2.97,0.44,6.65,6.65
346,20,14,142,19,6,61,25,104,66,28,230,13,161,68,44,1.63,1.53,74.97,141.97,15.20,58.61,10.62,1.89,8.43,1.35,6.25,1.06,3.28,0.47,2.94,0.42,6.77,6.77
419,21,14,195,13,41,70,33,65,98,29,254,14,147,104,128,1.24,1.41,35.07,68.95,7.79,31.94,6.42,1.45,5.58,0.98,5.33,0.98,3.08,0.47,2.84,0.43,6.81,6.81
957,19,12,136,13,292,48,22,69,101,25,294,15,103,67,639,1.45,1.45,37.27,70.39,7.81,30.80,5.86,1.39,5.19,0.90,4.94,0.94,2.88,0.43,2.71,0.43,9.20,9.20
396,25,14,182,30,8,41,28,139,176,35,438,24,118,46,77,3.21,1.62,119.30,223.86,24.66,93.70,17.39,2.55,14.09,2.16,10.46,1.79,5.73,0.81,4.70,0.71,14.04,14.04
349,26,13,133,21,17,30,19,169,94,24,208,19,70,34,63,5.63,1.74,47.91,92.22,10.11,38.94,7.50,1.16,6.16,1.00,4.94,0.84,2.60,0.42,2.50,0.34,6.34,6.34
239,21,9,55,35,21,16,13,193,73,25,261,17,49,15,39,2.67,1.56,51.21,101.60,11.28,42.94,9.25,0.75,7.42,1.24,5.79,0.90,2.80,0.42,2.41,0.35,7.71,7.71
342,19,15,160,19,9,52,22,95,101,29,326,16,113,51,56,2.13,1.41,41.70,80.51,8.48,34.38,6.81,1.43,6.14,1.14,6.47,1.12,3.65,0.57,3.54,0.51,9.54,9.54
279,22,15,172,18,9,65,29,93,92,31,342,17,142,78,43,1.79,1.40,44.75,86.97,9.31,36.52,7.25,1.56,6.29,1.12,6.15,1.13,3.60,0.55,3.32,0.52,9.86,9.86
295,21,21,177,14,6,83,35,83,72,35,215,14,168,185,37,2.00,1.85,47.49,89.80,9.94,40.41,7.38,1.75,6.95,1.20,6.44,1.17,3.61,0.51,3.37,0.51,6.37,6.37
306,16,13,105,22,6,40,21,127,69,29,223,14,111,41,56,2.02,1.73,79.96,144.50,15.77,60.62,10.60,2.15,8.89,1.45,6.91,1.20,3.73,0.53,3.21,0.52,6.45,6.45
388,19,11,92,21,2,24,13,109,75,23,231,18,74,38,61,1.65,1.57,55.02,108.62,10.86,42.11,7.11,1.45,5.95,0.96,4.77,0.79,2.42,0.35,2.37,0.38,6.35,6.35
284,17,11,96,17,6,27,14,101,63,20,221,24,79,39,45,1.67,1.54,38.27,72.29,7.70,29.86,5.27,1.04,4.36,0.75,3.74,0.71,2.23,0.32,2.14,0.33,6.07,6.07
331,17,11,89,23,11,23,15,109,66,24,198,24,77,19,46,1.65,1.45,36.77,67.17,7.48,28.38,5.04,1.06,4.30,0.73,3.91,0.68,2.30,0.32,2.12,0.32,5.43,5.43
305,12,17,190,10,18,66,42,53,118,30,238,11,149,112,74,1.26,1.44,44.21,86.58,9.67,40.91,7.54,1.80,6.67,1.21,6.47,1.18,3.52,0.49,3.15,0.48,6.20,6.20
282,16,14,191,7,27,157,44,65,114,25,200,14,337,128,138,1.60,1.25,31.76,57.52,7.05,29.47,5.81,1.66,5.30,1.01,5.18,0.96,2.95,0.41,2.77,0.40,5.54,5.54
949,21,11,125,21,32,18,13,104,413,37,1182,31,44,21,96,1.87,1.32,129.50,236.61,27.48,108.47,16.69,3.53,12.94,1.92,8.45,1.43,4.53,0.61,3.99,0.60,29.49,29.49
392,25,13,119,29,12,39,18,193,95,35,380,19,88,44,49,4.78,1.70,83.08,156.59,16.73,64.36,11.45,1.68,9.66,1.42,6.41,1.09,3.30,0.47,3.09,0.48,10.76,10.76
295,23,11,77,30,15,20,14,172,71,32,353,16,65,21,46,2.98,1.87,76.12,146.50,15.43,60.36,10.97,1.38,9.55,1.46,7.06,1.19,3.67,0.55,3.38,0.48,10.54,10.54
241,21,11,121,21,9,32,15,114,100,26,274,16,93,34,55,2.72,1.54,38.58,75.69,8.02,31.50,6.21,1.05,5.49,1.00,5.34,0.98,3.09,0.46,2.88,0.42,7.42,7.42
349,20,11,129,19,13,41,17,106,108,34,309,15,113,45,83,1.96,1.49,61.10,119.29,12.54,51.05,9.16,1.84,7.75,1.30,6.50,1.13,3.53,0.49,3.06,0.44,8.34,8.34
252,21,18,196,13,7,55,27,62,101,27,226,13,146,63,51,1.29,1.40,32.35,61.39,7.04,28.67,5.66,1.37,5.32,0.95,5.25,0.99,2.97,0.45,2.84,0.45,6.24,6.24
313,17,13,100,16,13,63,39,94,61,37,226,12,126,201,44,2.00,1.45,46.80,80.86,9.88,39.40,7.47,1.49,6.74,1.21,6.64,1.25,3.57,0.52,3.20,0.45,5.40,5.40
443,22,14,98,22,6,39,23,134,72,34,244,14,111,24,46,2.53,1.78,62.41,96.83,12.61,48.38,8.34,1.59,6.86,1.06,5.50,0.96,3.04,0.46,2.88,0.42,5.90,5.90
388,14,9,82,15,7,31,22,86,59,26,231,24,76,58,57,1.60,1.48,43.90,76.80,9.05,34.62,5.98,1.06,4.90,0.81,4.01,0.75,2.24,0.36,2.23,0.34,4.97,4.97
412,23,14,147,9,9,58,35,98,58,29,206,13,148,67,82,1.71,1.54,34.73,69.08,7.23,28.46,5.49,1.21,5.06,0.89,5.00,1.01,2.89,0.44,2.54,0.40,6.02,6.02
246,14,14,191,12,11,71,41,47,80,32,291,10,155,83,54,1.44,1.41,38.85,73.79,8.73,36.25,6.76,1.45,6.56,1.15,5.69,1.09,3.08,0.46,2.85,0.42,7.41,7.41
421,14,9,122,14,12,42,33,64,90,29,400,12,109,62,61,1.04,1.08,46.98,90.49,9.68,38.50,6.92,1.25,5.94,1.01,5.36,1.00,2.96,0.40,2.69,0.46,11.13,11.13
619,17,11,91,28,20,24,23,99,208,56,1422,40,55,31,55,2.02,1.13,175.95,295.70,33.07,121.11,16.40,2.90,13.76,1.97,9.42,1.86,5.13,0.81,5.06,0.77,36.92,36.92
825,21,9,93,46,22,18,18,123,335,47,1782,38,47,19,56,2.52,1.19,170.78,264.76,29.65,107.95,15.69,2.99,12.63,1.79,8.51,1.53,4.65,0.76,5.32,0.88,49.96,49.96
349,23,9,52,28,29,29,31,230,89,36,298,24,53,25,59,4.50,2.61,64.93,124.83,13.78,52.03,9.53,1.28,7.80,1.30,6.92,1.32,4.13,0.64,3.98,0.59,10.11,10.11
342,22,11,85,26,29,37,28,183,100,35,552,19,84,34,69,3.72,1.67,87.59,159.56,17.92,69.23,12.68,1.73,10.15,1.61,7.80,1.38,4.15,0.56,3.95,0.62,15.74,15.74
286,25,13,128,22,19,58,32,105,102,31,362,20,127,55,67,1.91,1.66,51.52,87.34,10.23,39.36,6.98,1.41,6.49,1.06,5.75,1.10,3.42,0.52,3.26,0.55,10.57,10.57
376,24,12,136,20,20,56,31,113,130,33,359,17,113,53,69,2.46,1.61,46.22,81.18,9.49,37.62,7.11,1.48,6.08,1.09,5.64,1.01,3.14,0.42,3.00,0.48,10.23,10.23
401,15,12,129,25,16,56,30,97,79,44,342,14,141,55,67,2.05,1.36,57.58,100.91,12.24,49.13,9.11,1.79,7.70,1.29,6.53,1.23,3.43,0.53,3.16,0.44,8.03,8.03
430,20,15,98,18,9,46,24,108,68,36,195,12,101,28,63,2.07,1.44,54.56,93.36,11.07,43.62,7.89,1.49,6.70,1.11,6.04,1.15,3.35,0.51,3.01,0.43,4.68,4.68
467,18,13,107,22,13,44,29,128,80,32,208,15,102,20,57,2.20,1.66,66.70,103.38,13.33,51.22,8.89,1.77,7.51,1.25,6.05,1.10,3.13,0.48,3.04,0.44,5.42,5.42
334,20,11,114,18,17,54,24,116,66,37,298,14,128,51,69,2.23,1.63,65.04,107.46,13.61,52.14,9.24,1.69,7.82,1.33,6.70,1.25,3.68,0.57,3.62,0.51,7.36,7.36
342,17,15,163,11,10,77,40,99,42,30,219,13,193,75,79,1.60,1.64,38.44,64.03,8.35,33.53,6.55,1.53,6.00,1.08,5.80,1.11,3.25,0.50,3.25,0.45,5.41,5.41
422,15,12,138,11,47,66,31,87,61,35,306,13,142,74,130,1.80,1.50,41.16,73.54,9.13,36.01,6.69,1.46,6.26,1.09,5.81,1.09,3.21,0.51,3.17,0.48,7.19,7.19
504,25,12,132,15,14,30,28,70,170,30,325,12,65,47,60,1.53,1.21,47.57,83.03,9.38,35.36,6.24,1.40,5.54,0.95,4.97,0.95,2.76,0.45,2.96,0.45,8.03,8.03
760,28,11,137,26,26,33,25,119,307,40,780,28,58,34,76,2.39,1.44,109.61,197.45,21.75,84.01,13.52,2.69,10.63,1.62,7.84,1.38,4.30,0.62,4.05,0.63,21.45,21.45
469,32,9,73,18,35,30,22,125,174,31,232,20,50,37,73,2.36,1.04,40.07,80.46,7.96,31.30,5.90,1.32,5.56,0.94,5.17,0.97,2.89,0.49,3.13,0.45,6.73,6.73
364,29,13,102,31,19,45,27,188,102,31,360,20,107,40,89,3.33,1.74,81.81,153.07,16.78,65.95,11.89,1.70,9.14,1.35,6.31,1.00,2.92,0.43,2.59,0.41,10.84,10.84
339,23,12,84,32,26,35,23,211,89,30,311,21,88,34,71,3.84,1.54,63.62,117.51,13.07,51.11,9.64,1.43,8.27,1.37,7.43,1.31,4.16,0.67,3.91,0.60,9.21,9.21
324,23,12,150,18,17,56,33,123,137,28,302,19,143,64,40,2.17,1.57,39.65,68.66,7.53,29.75,5.49,1.19,4.83,0.85,4.21,0.81,2.48,0.41,2.60,0.38,8.48,8.48
222,24,14,156,16,25,63,34,84,80,40,264,16,131,51,64,1.89,1.35,46.29,82.43,9.63,39.62,7.94,1.73,6.92,1.18,6.34,1.18,3.53,0.59,3.21,0.52,8.08,8.08
426,28,14,216,13,20,52,35,91,153,30,231,19,106,64,90,1.69,1.39,37.55,64.98,8.06,32.81,6.46,1.60,5.85,1.03,5.70,1.06,3.24,0.51,3.04,0.44,6.91,6.91
383,29,15,143,18,18,48,26,134,97,34,248,23,110,48,88,2.80,1.63,66.11,96.82,12.99,50.98,9.31,1.78,7.41,1.21,6.03,1.08,3.17,0.50,2.99,0.49,6.81,6.81
411,16,13,141,16,15,88,32,94,57,34,240,13,191,94,61,1.87,1.54,50.43,81.62,10.85,44.17,8.18,1.68,7.04,1.22,6.71,1.16,3.60,0.51,3.39,0.49,7.66,7.66
406,23,14,158,10,21,89,42,85,51,39,272,14,163,99,105,1.99,1.42,45.17,80.28,9.87,41.06,8.21,1.76,7.33,1.30,7.27,1.33,4.15,0.60,3.91,0.59,8.87,8.87
358,21,11,127,12,21,58,29,103,64,35,332,14,131,62,76,2.01,1.61,53.38,93.43,11.24,45.75,8.52,1.68,7.38,1.24,6.89,1.26,4.00,0.56,3.63,0.56,9.94,9.94
466,23,14,149,14,25,46,31,77,157,33,262,14,104,56,91,1.69,1.45,51.49,88.73,10.69,42.98,7.33,1.72,6.55,1.13,6.00,1.08,3.35,0.50,3.17,0.48,7.75,7.75
948,23,12,119,23,19,28,25,106,380,40,750,24,92,22,60,2.09,1.50,154.05,254.12,29.44,110.00,16.03,3.30,13.33,1.86,8.66,1.46,4.69,0.64,4.36,0.65,20.99,20.99
535,29,11,118,23,20,28,21,81,195,39,652,24,60,49,47,1.84,1.21,92.67,169.32,17.21,64.69,10.80,1.96,9.06,1.43,7.15,1.35,4.18,0.64,3.86,0.61,16.91,16.91
419,31,12,137,21,21,42,31,70,242,29,431,15,80,57,75,1.69,1.26,41.70,78.10,8.59,35.10,6.59,1.58,5.77,0.96,4.92,0.94,2.68,0.45,2.62,0.42,13.03,13.03
313,25,14,131,29,17,54,37,136,99,30,356,22,113,54,40,2.38,1.45,97.66,175.26,20.42,77.24,12.93,2.19,10.87,1.64,8.34,1.39,4.04,0.58,3.77,0.55,11.12,11.12
237,25,17,133,14,11,74,38,93,112,35,268,19,156,85,43,2.14,1.56,61.11,110.75,12.79,49.25,8.28,1.64,7.24,1.16,6.37,1.07,3.56,0.50,3.20,0.51,7.25,7.25
402,24,15,136,19,20,88,35,115,109,36,218,15,200,70,84,2.21,1.60,66.38,120.10,14.99,60.22,10.55,2.42,8.64,1.37,7.46,1.33,4.07,0.59,3.62,0.53,6.16,6.16
496,24,14,104,21,27,43,23,160,106,31,219,18,109,51,93,2.56,1.72,67.25,112.78,13.80,53.86,9.05,1.87,7.40,1.23,6.50,1.05,3.41,0.49,3.22,0.48,6.37,6.37
381,25,13,105,21,31,48,22,120,83,35,262,19,111,57,75,2.05,1.54,52.31,81.69,11.16,43.34,7.82,1.65,6.57,1.10,5.89,1.07,3.44,0.50,3.00,0.47,7.18,7.18
318,20,14,203,15,20,47,31,78,100,25,249,23,106,54,57,1.58,1.47,40.39,69.01,8.79,34.34,6.45,1.46,5.71,0.92,5.01,0.93,2.96,0.41,2.61,0.40,7.75,7.75
357,22,14,180,19,26,65,34,72,105,33,307,18,131,68,66,1.35,1.40,42.01,77.49,9.47,37.15,6.84,1.51,6.08,1.01,5.74,1.00,3.02,0.44,2.80,0.42,8.69,8.69
305,21,18,231,9,25,64,40,46,158,37,228,15,102,117,95,1.06,1.39,29.41,56.71,7.10,30.01,6.21,1.76,5.89,1.07,6.38,1.13,3.61,0.50,3.07,0.47,6.81,6.81
289,22,14,242,13,123,61,35,66,99,31,283,16,114,82,252,1.28,1.50,33.77,63.06,7.61,30.97,6.06,1.42,5.16,0.91,5.41,0.93,2.92,0.41,2.99,0.42,8.25,8.25
576,25,15,227,16,24,60,31,76,285,32,379,20,270,62,84,1.65,1.46,73.42,130.79,15.28,58.32,9.97,2.09,8.08,1.27,5.89,1.09,3.35,0.43,3.06,0.47,10.09,10.09
801,25,12,122,23,27,26,20,102,316,32,626,22,43,41,60,1.87,1.30,73.68,136.60,14.45,53.76,9.12,1.88,7.01,1.17,5.74,1.07,3.47,0.48,3.38,0.52,16.98,16.98
426,19,10,80,12,13,24,28,62,193,33,321,12,59,24,42,1.73,1.22,42.65,72.33,8.52,32.14,5.88,1.27,5.26,0.97,5.48,1.09,3.32,0.55,3.54,0.54,9.40,9.40
253,20,10,152,14,8,38,30,30,99,20,217,9,84,68,82,1.15,0.95,24.18,45.27,5.28,21.00,4.15,0.99,3.63,0.64,3.57,0.69,2.03,0.31,2.03,0.31,6.36,6.36
391,24,13,149,11,7,66,35,114,121,26,250,11,154,96,41,2.31,1.55,42.34,72.37,8.32,32.09,5.97,1.27,5.08,0.86,4.87,0.90,2.65,0.40,2.71,0.40,6.69,6.69
262,21,16,165,14,7,61,37,68,72,33,226,14,119,97,61,1.86,1.45,38.85,70.55,8.49,35.16,6.85,1.57,6.23,1.18,6.56,1.25,3.60,0.55,3.47,0.51,6.89,6.89
434,24,12,121,19,14,38,31,106,152,39,265,18,121,36,89,2.85,1.90,80.22,140.72,16.87,66.63,11.47,2.24,9.30,1.54,8.04,1.44,4.35,0.66,4.13,0.59,7.78,7.78
457,24,13,108,17,14,43,29,115,88,35,236,16,119,36,94,2.94,1.70,52.82,91.32,10.82,41.57,7.43,1.47,6.47,1.17,6.69,1.27,3.95,0.58,3.84,0.58,6.47,6.47
404,17,14,96,17,17,40,17,116,84,25,189,13,100,46,62,2.07,1.50,42.19,72.89,8.43,32.93,6.00,1.18,5.00,0.84,4.38,0.78,2.50,0.37,2.39,0.35,5.38,5.38
358,18,11,103,20,15,41,29,115,75,30,260,19,106,28,50,2.00,1.54,51.20,84.42,10.39,39.93,6.81,1.35,5.97,1.02,5.03,0.97,2.81,0.45,2.79,0.40,6.43,6.43
313,15,10,129,16,21,61,30,76,69,34,383,15,138,51,67,1.66,1.38,47.33,87.99,10.13,39.70,7.33,1.37,6.50,1.11,5.93,1.06,3.22,0.51,3.17,0.47,10.53,10.53
852,20,15,167,7,11,212,52,48,180,31,199,8,305,190,73,1.05,1.39,40.31,74.98,9.12,38.30,7.35,1.96,6.52,1.11,6.10,1.09,3.19,0.47,2.98,0.41,5.10,5.10
380,20,14,139,12,73,73,41,76,205,28,306,11,255,53,223,1.54,1.68,57.85,110.71,12.87,52.14,8.84,1.87,7.10,1.12,5.62,1.03,3.06,0.47,3.00,0.44,9.11,9.11
632,23,14,126,12,18,28,25,78,394,28,304,14,74,37,59,1.69,1.33,73.85,130.28,14.83,57.78,9.44,2.00,7.44,1.11,5.44,0.98,3.12,0.43,2.87,0.45,8.95,8.95
517,19,12,177,14,14,29,29,55,216,29,290,14,71,51,61,1.21,1.18,36.25,64.15,7.52,30.50,5.59,1.47,5.33,0.91,5.24,0.98,2.99,0.49,3.17,0.45,8.63,8.63
353,20,12,156,11,13,39,32,49,187,28,342,11,82,56,58,1.27,1.20,34.44,62.48,7.27,30.38,5.78,1.47,5.37,0.89,5.09,0.95,2.68,0.45,2.86,0.42,11.03,11.03
315,15,13,169,12,14,33,28,45,181,29,307,10,79,58,48,1.35,1.20,36.77,65.37,7.76,31.53,5.97,1.42,5.49,0.91,5.32,0.97,2.85,0.44,2.85,0.44,9.08,9.08
250,22,19,188,9,7,73,41,40,74,32,204,17,151,132,49,2.09,1.72,58.83,94.18,10.69,41.52,7.82,1.52,6.82,1.21,6.57,1.18,3.56,0.54,3.47,0.49,6.24,6.24
254,24,12,102,18,20,51,31,100,74,37,286,14,122,38,93,2.94,1.70,51.02,86.92,10.63,41.98,7.75,1.48,6.38,1.13,5.90,1.07,3.21,0.47,3.08,0.46,7.55,7.55
397,17,14,97,15,21,41,35,97,79,27,246,15,123,52,84,2.21,1.76,51.49,92.13,10.31,39.93,7.14,1.30,5.76,0.93,4.78,0.87,2.70,0.40,2.66,0.39,6.89,6.89
443,16,10,93,17,19,44,27,100,73,29,271,15,112,31,57,2.09,1.42,43.40,73.63,8.99,35.70,6.64,1.25,5.42,0.90,4.80,0.89,2.69,0.39,2.62,0.39,7.12,7.12
397,20,12,99,17,14,47,19,122,86,34,239,14,115,42,67,2.48,1.54,63.27,90.40,12.70,49.67,8.94,1.70,7.20,1.21,6.19,1.11,3.44,0.50,3.23,0.47,7.21,7.21
300,12,11,137,15,10,68,39,55,60,29,315,12,137,56,50,1.49,1.19,42.15,79.41,9.06,36.49,6.50,1.28,5.82,1.02,5.48,1.03,2.98,0.48,2.99,0.42,8.75,8.75
281,13,10,118,21,15,57,36,67,70,33,425,12,135,45,83,1.37,1.30,52.10,97.24,11.24,44.58,8.02,1.45,6.85,1.12,6.00,1.11,3.28,0.52,3.27,0.48,12.27,12.27
339,18,11,115,16,22,71,41,61,122,31,364,12,219,46,255,1.74,1.20,48.59,88.55,10.22,41.35,7.19,1.53,6.32,1.03,5.60,1.03,3.00,0.47,2.98,0.42,9.18,9.18
403,20,12,110,15,14,41,29,60,202,32,305,14,104,40,40,1.64,1.33,44.05,79.78,8.85,34.51,6.29,1.46,5.31,0.97,5.23,0.98,3.15,0.46,3.08,0.45,7.19,7.19
454,22,12,102,13,18,31,26,60,316,29,280,11,53,42,51,1.76,1.43,57.86,99.45,10.56,39.00,6.69,1.61,5.69,0.94,4.85,0.96,2.98,0.46,3.06,0.47,7.10,7.10
408,16,13,150,9,12,35,24,50,231,33,262,11,80,55,59,1.17,1.16,32.12,57.49,6.92,28.70,5.80,1.58,5.42,1.01,5.85,1.09,3.42,0.53,3.38,0.50,7.33,7.33
277,15,10,112,19,11,30,27,36,151,28,441,11,83,27,43,1.46,0.99,40.91,69.20,8.34,33.27,5.89,1.37,5.46,0.86,4.79,0.89,2.62,0.41,2.77,0.39,12.21,12.21
432,18,11,91,14,26,27,25,63,296,29,501,10,61,36,45,1.59,1.19,51.02,85.82,9.84,38.32,6.55,1.57,5.85,0.91,5.05,0.94,2.69,0.44,2.92,0.43,13.97,13.97
268,18,14,117,17,16,85,29,90,75,36,318,15,225,49,55,3.59,1.49,43.42,80.31,9.55,38.53,7.38,1.54,6.45,1.11,5.92,1.09,3.28,0.53,3.20,0.47,9.21,9.21
346,15,11,101,16,13,47,40,100,75,31,284,18,102,30,57,1.84,1.49,43.18,74.05,9.06,35.32,6.64,1.22,5.61,0.99,5.66,1.19,4.10,0.67,4.29,0.64,6.58,6.58
459,17,16,105,17,15,47,30,111,84,33,268,15,111,36,49,2.14,1.57,48.02,83.11,10.00,39.61,7.12,1.42,6.34,1.07,5.71,1.10,3.45,0.56,3.59,0.50,7.03,7.03
391,15,11,94,14,18,46,29,91,63,30,280,14,106,37,64,1.74,1.26,46.21,79.62,9.45,37.39,6.80,1.26,5.69,0.89,4.60,0.86,2.56,0.38,2.45,0.37,6.51,6.51
204,15,14,166,11,9,69,34,65,55,32,259,12,162,89,69,1.47,1.41,37.11,67.47,8.13,32.97,6.57,1.38,5.67,1.00,5.30,1.01,2.96,0.48,2.97,0.45,6.26,6.26
421,9,11,122,12,13,89,38,67,53,27,264,10,207,56,58,1.18,1.11,38.21,72.08,8.44,32.77,6.21,1.24,5.37,0.98,5.32,1.05,3.10,0.46,3.01,0.43,7.75,7.75
320,10,9,98,15,14,43,28,63,68,26,287,9,97,47,98,1.09,1.21,32.63,59.81,7.12,28.29,5.27,1.16,4.50,0.81,4.21,0.77,2.32,0.35,2.20,0.37,8.37,8.37
288,16,11,113,11,22,114,37,62,75,29,289,11,199,336,95,1.66,1.39,38.44,70.93,8.53,33.74,6.22,1.39,5.66,0.95,5.18,0.98,2.96,0.45,2.87,0.43,9.02,9.02
598,17,11,104,23,24,29,22,98,371,31,433,12,64,31,57,1.87,1.28,59.36,107.59,11.59,43.69,7.44,1.85,6.53,1.06,5.36,1.01,3.19,0.48,3.09,0.48,14.23,14.23
451,18,14,124,12,17,36,33,46,273,30,360,12,71,47,48,1.38,1.37,41.15,74.33,8.68,33.91,6.54,1.67,5.95,1.11,6.25,1.24,3.76,0.59,3.85,0.58,11.59,11.59
361,19,9,102,16,16,32,25,60,204,28,363,11,92,34,49,1.63,1.15,41.17,73.91,8.75,33.58,6.19,1.34,5.30,0.91,4.68,0.89,2.77,0.42,2.74,0.41,10.19,10.19
375,19,11,128,15,13,35,30,58,174,31,434,11,80,43,56,1.52,1.20,41.89,72.09,8.82,34.18,6.37,1.49,5.53,0.95,5.02,0.94,2.91,0.43,2.82,0.43,12.35,12.35
582,20,14,125,18,28,34,29,95,338,32,593,14,83,48,75,2.07,1.37,54.38,99.34,10.95,41.84,7.46,1.81,6.28,1.07,5.40,1.01,3.13,0.48,3.17,0.52,20.15,20.15
334,17,11,89,13,13,46,26,111,66,32,270,15,114,35,50,2.25,1.54,53.27,93.10,11.25,42.99,7.64,1.44,6.48,1.06,5.60,1.03,3.15,0.45,2.97,0.44,7.43,7.43
438,18,11,129,12,15,62,29,101,55,31,268,12,143,77,59,1.82,1.35,41.73,77.10,9.16,35.94,6.64,1.48,5.78,1.01,5.07,0.96,2.98,0.44,2.73,0.41,7.92,7.92
453,16,14,127,15,23,62,30,103,78,33,299,11,134,62,88,1.97,1.58,48.75,85.07,10.27,42.27,7.81,1.60,6.95,1.25,6.90,1.25,3.96,0.59,3.66,0.55,9.27,9.27
358,18,13,164,13,14,60,27,71,104,31,387,16,138,53,70,1.93,1.30,45.42,86.87,9.56,39.58,7.44,1.68,6.47,1.18,6.42,1.27,3.95,0.61,3.87,0.54,10.77,10.77
214,16,13,119,14,16,56,24,79,104,28,342,15,109,42,40,1.30,1.08,52.43,95.25,10.94,41.78,7.32,1.38,6.37,1.02,5.25,0.97,2.81,0.42,2.68,0.40,10.14,10.14
291,19,11,136,13,23,69,25,84,80,28,350,15,147,46,62,1.52,1.24,45.80,85.35,9.81,38.60,7.12,1.32,6.10,0.98,5.20,0.98,2.84,0.41,2.79,0.39,9.72,9.72
276,15,8,97,14,18,43,30,68,63,25,429,14,100,31,59,1.08,1.01,33.58,62.34,7.14,28.42,5.04,0.96,4.58,0.78,4.19,0.82,2.41,0.37,2.45,0.37,10.93,10.93
375,20,13,108,15,19,45,29,81,198,29,359,19,91,36,67,1.52,1.15,42.81,79.72,8.98,34.81,6.41,1.32,5.64,0.96,5.13,0.96,2.84,0.42,2.72,0.40,9.77,9.77
425,17,13,101,13,25,50,40,75,235,30,334,14,76,38,47,1.84,1.32,46.10,90.96,9.48,36.31,6.63,1.52,6.72,0.92,5.54,1.16,3.29,0.53,3.28,0.55,10.68,10.68
238,17,12,105,15,17,35,25,44,258,26,452,14,60,57,43,1.63,1.22,49.12,96.64,9.90,37.76,6.93,1.68,7.11,0.96,5.75,1.20,3.38,0.54,3.42,0.57,16.87,16.87
302,21,14,141,14,28,44,33,66,317,30,397,15,87,71,77,2.24,1.36,47.62,95.03,10.39,40.41,7.61,1.75,7.74,1.04,6.21,1.29,3.54,0.57,3.52,0.57,11.97,11.97
430,21,15,186,17,28,39,29,89,315,32,777,20,82,49,72,2.82,1.49,67.14,126.25,14.14,53.04,9.79,1.96,9.64,1.24,7.12,1.46,4.04,0.67,4.12,0.72,28.97,28.97
386,26,14,132,23,40,41,26,106,286,31,470,15,75,67,90,3.31,1.46,72.38,140.31,14.06,52.69,9.25,2.05,9.28,1.18,6.61,1.35,3.76,0.60,3.65,0.62,18.96,18.96
424,19,14,108,15,12,60,26,153,75,32,231,15,144,53,60,2.57,1.72,60.62,90.11,12.17,46.76,8.02,1.65,7.01,1.11,5.65,0.99,3.08,0.43,2.71,0.40,6.63,6.63
335,21,14,149,13,17,72,30,85,54,36,283,15,140,73,68,2.04,1.52,46.50,84.00,10.01,41.07,7.49,1.63,7.19,1.20,6.71,1.23,3.83,0.55,3.59,0.56,7.82,7.82
338,21,11,129,16,21,81,26,101,58,30,278,17,179,59,96,1.85,1.44,47.91,90.14,10.11,40.98,7.46,1.60,6.64,1.10,5.86,1.10,3.32,0.48,3.12,0.44,7.01,7.01
335,19,13,135,17,17,73,23,97,69,32,338,17,169,39,73,2.14,1.29,51.70,101.66,10.84,43.70,7.83,1.65,6.84,1.10,5.90,1.10,3.38,0.48,3.21,0.46,8.93,8.93
337,19,11,154,14,22,69,35,88,61,29,319,18,134,53,35,1.33,1.16,43.44,81.93,9.37,37.60,6.70,1.35,5.92,0.98,5.10,0.97,2.83,0.43,2.67,0.39,7.44,7.44
285,15,14,144,11,24,68,27,82,59,25,232,12,127,67,180,1.32,1.32,31.49,57.18,6.83,27.28,5.03,1.11,4.70,0.79,4.42,0.84,2.46,0.40,2.36,0.36,6.56,6.56
378,15,10,112,15,19,39,26,79,127,29,386,14,91,43,51,1.31,1.18,46.79,86.58,9.81,38.38,6.98,1.34,6.13,1.03,5.76,1.11,3.16,0.49,3.14,0.47,10.63,10.63
338,23,10,102,16,18,35,17,69,179,29,405,15,81,30,39,1.43,1.11,45.88,83.77,9.57,37.41,6.60,1.29,5.87,0.93,4.82,0.94,2.67,0.40,2.70,0.38,9.39,9.39
434,17,11,87,22,27,34,34,97,228,31,473,16,70,31,40,2.49,1.49,45.11,89.03,9.41,35.88,6.72,1.46,6.93,0.98,6.09,1.30,3.72,0.63,4.05,0.67,16.55,16.55
268,17,12,119,20,18,42,32,55,184,25,406,18,100,78,49,1.89,1.18,59.75,118.32,11.62,42.58,7.44,1.73,7.60,0.97,5.39,1.11,3.11,0.48,3.02,0.50,14.03,14.03
388,25,11,104,17,27,44,28,104,271,26,407,16,99,45,74,2.33,1.18,49.27,96.12,9.85,38.05,6.95,1.69,7.03,0.93,5.36,1.12,3.14,0.51,3.11,0.52,15.54,15.54
354,18,14,128,11,34,41,30,110,280,29,444,16,87,49,70,2.98,1.33,46.90,90.75,9.62,37.67,6.99,1.70,7.27,1.00,5.81,1.24,3.49,0.57,3.47,0.58,15.30,15.30
387,19,15,128,18,32,36,29,148,234,38,348,24,69,63,60,3.77,1.40,53.81,102.93,11.23,43.88,8.25,1.56,8.53,1.25,7.42,1.54,4.40,0.77,4.88,0.79,12.38,12.38
682,13,12,100,20,28,42,17,151,136,39,353,16,100,41,78,3.14,1.86,64.52,123.96,13.78,52.51,1.73,9.88,8.8,1.42,7.56,1.6,4.37,0.7,4.57,0.66,12.66,12.66
613,12,12,98,21,25,45,17,151,150,42,308,19,106,40,81,1.83,1.41,60.24,115.87,13.1,50.29,1.64,9.34,8.53,1.4,7.66,1.68,4.7,0.75,4.92,0.69,12.73,12.73
455,10,11,85,22,20,40,13,93,124,34,409,20,95,22,57,2.35,1.65,62.29,117.86,13.15,50.07,1.64,9.25,8.09,1.28,6.73,1.42,3.84,0.61,3.96,0.56,11.07,11.07
385,15,12,93,19,22,40,15,106,104,31,338,18,100,24,72,1.84,1.21,38.69,80.76,9.65,31.6,1.48,7.49,7.35,1.17,6.01,1.26,3.46,0.56,3.74,0.53,9.76,9.76
350,15,11,92,17,30,44,12,99,100,28,349,14,101,32,55,1.77,1.15,38.64,79.92,9.41,30.94,1.48,7.39,7.39,1.17,6.05,1.26,3.4,0.55,3.67,0.52,9.62,9.62
366,13,11,91,21,26,44,15,101,126,29,349,15,112,26,63,1.87,1.11,40.64,85.21,9.87,32.68,1.58,7.82,7.81,1.24,6.56,1.4,3.87,0.62,4.14,0.58,8.92,8.92
328,6,11,76,25,24,28,11,73,129,28,484,18,110,14,49,1.85,1.2,51.17,100.58,11.26,43.52,1.43,8.26,7.6,1.24,6.91,1.5,4.13,0.67,4.41,0.63,11.76,11.76
298,13,12,93,28,44,29,12,76,75,25,463,16,94,26,152,1.54,1.62,55.11,107.71,11.94,45.66,1.33,8.36,7.46,1.18,6.25,1.3,3.48,0.57,3.71,0.53,10.42,10.42
323,15,14,94,12,42,39,13,89,150,28,280,12,87,28,99,1.92,1.72,40.54,78.09,8.26,31.98,1.13,6.09,5.55,0.89,4.9,1.06,2.86,0.46,3.01,0.43,6.86,6.86
382,15,13,94,19,31,45,16,99,303,34,404,18,105,24,72,1.91,1.16,48.97,94.15,10.86,42.22,1.42,7.95,7.19,1.15,6.15,1.3,3.5,0.56,3.62,0.51,10.09,10.09
378,16,12,102,32,26,41,17,98,135,38,434,19,116,21,81,2.22,1.57,79.29,150.92,17.1,65.81,1.98,11.97,10.88,1.7,9.12,1.89,5.05,0.8,5.12,0.72,11.62,11.62
385,12,12,93,16,25,46,14,100,153,31,313,16,118,23,72,2.21,1.36,47.92,85.11,10.27,40.2,1.45,7.68,6.9,1.13,5.92,1.25,3.34,0.53,3.51,0.51,8.88,8.88
355,12,13,99,16,23,41,15,76,208,31,322,14,110,23,53,2.38,1.32,49.74,94.67,10.84,41.85,1.37,7.81,7.12,1.11,5.93,1.24,3.37,0.54,3.57,0.51,9.49,9.49
564,18,13,99,26,28,43,14,135,155,43,403,16,106,35,71,2.81,1.69,57.14,105.86,12.03,46.29,1.65,8.65,7.72,1.26,6.75,1.46,4.05,0.65,4.29,0.61,13.23,13.23
548,15,11,98,19,25,43,18,127,120,40,316,15,97,31,69,2.33,1.58,67.48,128.34,14.23,54.44,1.67,9.91,8.79,1.39,7.09,1.46,3.92,0.61,3.98,0.57,11.45,11.45
498,13,12,125,15,21,51,21,129,112,38,286,17,122,35,88,2.18,1.63,55.83,107.24,12.12,47.19,1.63,8.93,8.14,1.32,7.09,1.52,4.13,0.65,4.3,0.61,10.79,10.79
456,13,13,116,18,32,56,19,149,106,36,334,17,128,48,108,2.42,1.62,74.88,148.17,16.87,57.71,2.12,12.69,12.49,1.91,9.48,1.9,5,0.77,5.02,0.69,9.14,9.14
449,12,13,107,14,26,50,17,141,115,33,323,14,125,38,86,2.17,1.46,52.26,105.54,12.13,46.96,1.72,9.17,8.83,1.36,6.75,1.38,3.68,0.59,3.94,0.55,8.03,8.03
374,18,12,95,11,26,45,15,121,127,34,253,13,105,25,80,2.04,1.32,35.95,75.58,8.97,28.12,1.49,7.08,7.1,1.15,6.12,1.32,3.62,0.58,3.89,0.54,6.45,6.45
426,14,12,85,19,19,32,10,103,161,31,412,16,111,23,67,1.92,2.24,53.66,103.87,11.95,46.42,1.56,8.77,8.09,1.32,7.37,1.6,4.51,0.71,4.69,0.66,12.14,12.14
358,11,12,99,14,79,31,11,97,171,32,449,18,99,14,105,2.1,1.29,50.76,95.95,11.08,42.87,1.38,8.08,7.37,1.19,6.63,1.43,3.95,0.63,4.06,0.58,9.86,9.86
429,12,14,97,18,53,36,16,108,180,32,379,19,100,22,185,2.16,1.55,56.64,107.11,12.62,45.27,1.7,9.57,8.91,1.45,7.97,1.68,4.59,0.72,4.64,0.65,10.74,10.74
417,13,12,88,14,23,34,14,105,180,32,362,16,105,20,69,2.25,1.33,42.58,76.8,9.54,37.79,1.56,7.57,6.91,1.18,6.56,1.43,3.89,0.63,4.21,0.61,11.62,11.62
396,14,10,76,24,24,29,11,91,158,31,487,17,109,15,59,2.1,1.3,55.93,99.83,12.43,48.59,1.63,9.27,8.3,1.32,6.92,1.46,4,0.65,4.38,0.63,13.95,13.95
398,15,11,73,24,25,29,13,86,164,29,417,16,90,16,54,2.07,1.23,44.12,79.8,9.88,39.15,1.46,7.87,7.23,1.19,6.71,1.46,4.09,0.66,4.41,0.64,12.75,12.75
401,9,11,81,17,18,35,13,99,206,29,353,16,97,21,60,2.18,1.2,41.76,75.25,9.19,36.31,1.38,7.1,6.4,1.05,5.69,1.21,3.21,0.52,3.45,0.5,9.65,9.65
402,13,12,90,20,23,38,15,103,195,37,425,18,110,22,65,2.04,1.19,45.35,97.94,11.69,36.14,1.88,9.31,9.2,1.44,7.35,1.52,4.14,0.66,4.45,0.62,12.17,12.17
518,17,10,89,23,28,36,15,116,181,43,389,14,96,28,64,2.33,1.55,68.38,127.83,14.54,55.81,1.79,10.36,9.1,1.42,7.22,1.47,3.92,0.61,4.02,0.58,12.38,12.38
468,13,14,106,16,17,45,16,96,165,43,382,27,116,25,74,2.42,1.38,52.61,101.89,11.86,41.17,1.89,9.34,8.59,1.43,7.83,1.71,4.68,0.75,4.94,0.7,13.64,13.64
447,14,11,80,27,30,35,13,113,178,38,392,13,85,22,65,2.66,1.61,70.53,131.45,15.35,59.77,1.88,11.24,10.22,1.66,8.71,1.85,5,0.81,5.37,0.78,12.49,12.49
403,12,12,91,23,20,35,15,109,168,32,385,14,110,19,66,2.31,1.5,63.99,118.93,13.82,53.99,1.73,10.27,9.27,1.46,7.65,1.6,4.39,0.69,4.47,0.63,11.53,11.53
401,18,12,93,14,21,38,11,109,164,30,357,15,102,21,61,2.02,1.26,45.8,87.04,9.99,38.65,1.42,7.61,6.93,1.14,6.33,1.36,3.77,0.6,3.88,0.54,10.03,10.03
435,11,11,86,22,20,35,12,97,167,32,367,16,106,16,61,2.14,1.41,56.65,100.52,12.32,48.07,1.7,9.28,8.33,1.38,7.66,1.69,4.69,0.77,4.94,0.72,11.46,11.46
458,16,12,83,25,33,39,15,123,169,34,348,17,98,23,76,2.21,1.46,51.71,88.84,11.2,43.72,1.62,8.44,7.58,1.23,6.75,1.45,3.88,0.62,4.03,0.57,10.67,10.67
450,12,13,95,9,56,37,14,110,207,32,387,15,93,19,93,2.13,1.37,50.02,95.93,11.16,43.61,1.64,8.6,7.86,1.29,7.12,1.52,4.19,0.67,4.28,0.6,10.8,10.8
396,11,11,89,15,85,34,17,95,169,28,404,18,103,18,116,2,1.36,47.3,83.78,10.5,41.43,1.6,8.22,7.51,1.27,7.31,1.64,4.47,0.72,4.71,0.67,13.49,13.49
384,15,10,79,23,26,31,15,97,170,32,433,19,107,15,55,2.02,1.3,51.39,90.96,11.31,44.36,1.6,8.61,7.69,1.27,7.04,1.54,4.22,0.68,4.46,0.64,13.74,13.74
385,15,11,87,23,19,29,13,81,169,32,423,16,102,16,53,1.99,1.32,53.77,94.16,11.76,46.11,1.6,8.87,7.73,1.26,6.87,1.47,4.01,0.64,4.24,0.6,12.49,12.49
352,12,11,84,20,20,35,14,90,133,30,379,16,103,27,55,2.08,1.61,62.23,114.35,13.19,50.89,1.64,9.59,8.44,1.33,7.06,1.49,3.91,0.63,4.01,0.57,12.87,12.87
375,8,14,102,19,16,44,18,96,154,36,408,18,117,20,64,2.21,1.26,45.95,90.16,10.56,36.23,1.58,7.98,7.37,1.23,6.85,1.49,4.08,0.65,4.27,0.6,12.03,12.03
360,14,12,96,15,19,38,14,89,179,33,389,18,109,20,65,1.95,1.12,47.5,94.29,11.18,34.03,1.75,8.88,8.82,1.39,7.09,1.49,4.03,0.65,4.32,0.6,10.21,10.21
451,16,13,94,20,20,38,13,107,196,35,391,18,104,19,64,2.12,1.44,40.97,83.71,9.68,31.8,1.62,7.23,6.33,1.08,6.25,1.39,3.86,0.62,3.93,0.56,9.52,9.52
432,16,11,87,18,19,36,16,105,203,35,392,18,94,17,66,2.38,1.36,46.08,91.38,10.73,40.13,1.65,8.25,7.67,1.27,7.13,1.53,4.27,0.68,4.42,0.63,12.15,12.15
372,9,11,79,17,21,27,10,83,162,28,344,15,83,11,47,1.88,1.2,45.93,87.04,10,39.42,1.36,7.73,7.01,1.1,5.81,1.2,3.21,0.52,3.36,0.48,9.56,9.56
427,15,12,89,17,21,33,13,99,193,33,465,18,107,15,63,2,1.29,57.25,111.86,12.97,50.72,1.77,9.83,9.05,1.47,8.01,1.69,4.71,0.75,4.92,0.7,15.71,15.71
446,13,14,97,33,20,41,17,123,133,38,374,13,109,23,68,2.36,1.64,84.97,159.35,17.9,68.9,2.04,12.63,11.38,1.75,8.71,1.74,4.53,0.71,4.58,0.64,11.51,11.51
343,17,14,87,54,18,33,14,66,356,43,732,20,105,8,67,1.87,1.67,134.02,259.71,27.75,106.53,2.55,19.37,16.1,2.59,12.61,2.54,6.69,1.06,6.91,0.98,21.58,21.58
453,16,12,100,23,34,44,16,124,102,34,347,15,106,25,85,2.71,1.75,68.02,130.83,14.63,56.25,1.75,10.55,9.54,1.51,7.81,1.62,4.29,0.67,4.35,0.61,9.93,9.93
401,9,12,94,9,114,42,14,111,137,29,377,18,110,25,140,2.11,1.47,49.68,86.51,10.96,43.19,1.55,8.37,7.45,1.22,6.8,1.46,3.96,0.64,4.23,0.6,11.23,11.23
385,15,12,90,25,24,34,12,96,192,33,449,16,106,16,62,1.95,1.28,56.16,97.98,12.25,47.68,1.59,9.16,8.08,1.3,7.01,1.53,4.08,0.65,4.23,0.61,13.94,13.94
213,16,13,101,31,13,31,17,52,115,30,280,17,87,26,60,2.43,1.84,72.93,123.3,13.95,53.89,1.68,10.08,9.2,1.48,8.05,1.74,4.61,0.72,4.62,0.64,8.65,8.65
250,18,11,78,21,15,28,15,66,102,23,155,13,72,61,47,2.38,1.71,56.27,99.04,11.86,45.54,1.42,8.31,7.31,1.15,5.97,1.22,3.2,0.49,3.23,0.44,5.39,5.39
400,11,15,115,21,16,60,21,103,152,39,289,20,145,31,76,2,1.21,36.89,76.05,8.9,30.17,1.46,7.1,6.63,1.13,6.33,1.38,3.79,0.61,3.94,0.56,9.95,9.95
418,10,12,118,15,18,49,16,81,158,34,369,22,123,21,66,1.98,1.21,38.06,81.29,9.41,31.14,1.51,7.41,6.99,1.19,6.72,1.49,4.19,0.67,4.42,0.63,11.38,11.38
438,12,13,116,21,12,45,20,94,169,49,432,20,105,21,66,1.86,1.32,55.16,107.27,12.31,44.5,1.71,9.47,8.78,1.42,7.71,1.66,4.53,0.72,4.76,0.67,12.48,12.48
390,11,12,90,26,25,35,14,95,144,36,446,16,112,16,60,1.94,1.38,67.22,131.69,14.78,57.27,1.87,10.85,10.08,1.63,8.76,1.86,5.02,0.79,5.15,0.73,14.3,14.3
373,14,12,90,34,21,33,10,72,218,39,514,16,97,12,48,1.77,1.32,102.65,193.41,20.89,80.69,2.24,14.96,13.54,2.12,10.81,2.21,5.92,0.93,6.03,0.85,14.55,14.55
365,11,13,96,42,24,38,13,94,141,40,478,14,99,21,55,1.76,1.42,103.84,194.2,21.81,83.98,2.43,15.36,13.89,2.16,10.95,2.28,6.01,0.94,6.01,0.85,13.8,13.8
467,17,11,98,22,27,43,13,129,127,35,376,16,111,27,73,2.17,1.47,73.19,138.66,15.5,59.31,1.75,10.91,9.88,1.54,7.83,1.6,4.2,0.67,4.31,0.6,10.36,10.36
391,16,12,97,22,25,43,13,134,126,36,373,18,116,20,69,2.74,1.47,78.37,145.45,16.38,62.79,1.91,11.53,10.57,1.65,8.59,1.78,4.74,0.74,4.83,0.66,11.32,11.32
435,16,12,89,20,34,41,17,141,152,37,308,15,91,23,75,2.98,1.57,76.81,142.35,15.87,60.89,1.82,11.02,9.83,1.47,7.07,1.36,3.46,0.54,3.49,0.48,8.46,8.46
387,16,12,95,27,25,41,14,105,141,33,411,17,110,21,56,2.45,1.43,59.62,105.52,12.71,49.11,1.7,9.22,8.51,1.34,7.11,1.51,4.03,0.65,4.22,0.58,10.83,10.83
351,18,12,89,35,16,33,16,70,157,37,528,19,104,15,72,2.65,1.76,106.34,200.91,22.06,82.59,2.33,15.72,13.13,2.33,11.07,2.44,6.09,1.04,6.31,0.95,14.9,14.9
271,18,13,100,27,15,36,19,87,78,34,456,16,88,37,75,2.63,2.18,89.22,167.55,18.73,71.84,2,13.29,12.29,1.9,9.62,1.96,5.07,0.8,5.32,0.73,12.91,12.91
374,18,13,105,18,24,46,19,101,89,31,436,18,119,43,54,2.11,1.38,59.36,104.14,12.68,49.35,1.63,9.24,8.46,1.33,7.03,1.5,4.03,0.65,4.24,0.59,10.82,10.82
367,13,16,140,18,12,64,24,72,172,55,488,24,178,22,67,1.84,1.31,52.11,106.25,12.26,42.13,2,10.14,9.73,1.65,9.41,2.09,5.8,0.95,6.25,0.89,16.25,16.25
429,12,13,109,28,23,47,19,113,176,55,544,20,132,28,73,2.1,1.47,80.93,153.87,17.31,67.11,1.96,12.44,11.26,1.78,9.12,1.89,4.96,0.79,5.18,0.74,16.29,16.29
479,14,13,114,22,24,51,18,120,166,44,348,19,114,31,75,2.14,1.45,69.27,133.5,15.06,56.27,1.7,10.88,10,1.57,8.12,1.68,4.47,0.71,4.61,0.65,11.56,11.56
317,7,12,93,35,17,36,9,71,261,35,529,17,102,18,42,1.64,1.18,68.88,134.06,15.25,59.14,1.71,11.16,10.08,1.6,8.4,1.77,4.78,0.75,4.95,0.71,15.09,15.09
401,11,13,93,46,25,42,13,91,199,41,517,16,111,19,55,1.82,1.32,91.55,173.3,19.47,75.32,2.17,13.97,12.58,2,10.28,2.13,5.67,0.89,5.79,0.83,14.96,14.96
429,17,12,111,14,27,54,24,133,110,36,339,17,142,30,76,1.98,1.42,56.37,103.06,11.56,45.21,1.56,8.59,7.8,1.25,6.56,1.38,3.65,0.58,3.8,0.53,8.94,8.94
496,18,13,115,16,24,53,17,170,118,36,316,17,125,40,95,2.57,1.58,77.22,141.36,16.14,61.69,1.8,11.25,10,1.54,7.72,1.56,4.11,0.64,4.09,0.57,8.74,8.74
440,14,12,96,24,23,43,16,149,127,39,301,16,101,23,83,2.93,1.64,97.84,180.67,20.48,77.91,2.28,14.1,12.68,1.96,9.95,2.01,5.18,0.8,5.05,0.7,8.09,8.09
383,13,12,94,36,24,37,15,106,151,39,473,17,100,18,66,2.31,1.63,87.36,160.98,18.34,70.61,2.1,13.25,12.25,2.02,11.19,2.49,6.88,1.12,7.19,0.99,13.03,13.03
374,17,11,89,33,17,34,14,76,158,32,472,16,112,16,53,2.03,1.32,64.03,107.82,13.5,52.37,1.72,9.94,9.18,1.46,7.77,1.67,4.54,0.73,4.86,0.69,12.93,12.93
355,12,13,85,29,17,27,14,74,153,31,151,17,94,17,55,2.23,1.35,74.38,127.96,15.94,61.75,1.91,11.6,10.8,1.76,9.53,2.03,5.55,0.86,5.56,0.77,14.15,14.15
305,15,12,89,24,14,32,14,86,66,34,539,18,94,27,77,2.55,2.27,89.17,179.79,18.55,71.13,1.79,13.03,11.88,1.87,9.64,2.05,5.6,0.87,5.88,0.83,18.75,18.75
311,16,9,96,20,24,10,2,96,53,26,438,13,72,75,47,2.02,1.53,54.85,106.93,11.88,46.63,1.44,8.59,7.89,1.22,6.06,1.23,3.22,0.52,3.61,0.51,14.37,14.37
349,11,15,137,7,15,71,24,95,167,48,330,25,185,31,84,2.05,1.21,36.07,78.58,9.15,31.56,1.64,7.58,7.34,1.24,7.01,1.55,4.23,0.7,4.57,0.65,10.2,10.2
398,16,12,106,17,16,53,20,80,173,35,395,19,126,26,69,1.93,1.07,39.46,87.51,10.04,32.84,1.69,8.04,7.66,1.3,7.32,1.62,4.5,0.73,4.86,0.69,12.96,12.96
407,13,13,106,35,14,41,18,71,160,50,593,23,124,15,55,1.56,1.22,84.33,162.13,18.22,68.12,2.09,13.5,12.32,1.95,10.14,2.12,5.65,0.9,5.91,0.85,17.96,17.96
397,15,13,101,52,17,38,19,94,201,45,456,12,100,21,59,1.72,1.42,129.62,240.03,26.96,103.75,2.4,18.87,16.23,2.54,12.33,2.4,6.12,0.95,6.16,0.86,13.12,13.12
334,14,11,87,21,24,37,14,81,187,37,452,16,123,16,49,1.75,1.21,60.31,115.34,13.07,50.65,1.66,9.7,8.72,1.45,7.98,1.74,4.66,0.74,4.83,0.68,12.32,12.32
340,10,14,113,23,28,59,18,99,132,34,414,17,164,28,70,1.94,1.32,57.38,104.05,11.72,45.88,1.73,9.05,8.23,1.39,7.83,1.72,4.68,0.75,4.94,0.71,11.71,11.71
444,15,12,95,33,24,42,13,122,153,34,360,15,116,28,76,2.2,1.61,74.36,126.58,15.63,59.76,1.72,10.93,9.87,1.53,7.51,1.54,4.04,0.62,4.1,0.58,9.52,9.52
358,9,13,85,39,21,32,12,64,471,36,515,14,101,14,46,1.83,1.33,110.91,217.19,22.49,88.58,2.16,16.02,14.38,2.33,11.08,2.28,5.86,0.92,6.04,0.85,14.98,14.98
357,17,10,99,24,14,14,5,72,182,32,460,15,100,13,48,1.93,1.26,63.14,121.17,13.89,54.87,1.74,10.32,9.42,1.5,7.72,1.62,4.32,0.69,4.73,0.66,13.15,13.15
367,18,10,122,24,17,18,2,79,138,31,502,18,110,17,56,2.04,1.22,63.89,125.2,14.36,56.47,1.88,10.74,9.95,1.64,8.52,1.83,5.02,0.8,5.39,0.75,14.15,14.15
418,18,10,108,21,16,15,2,79,141,32,459,16,98,18,56,2.43,1.34,56.37,109.82,12.6,49.99,1.76,9.66,8.94,1.42,7.57,1.61,4.44,0.7,4.85,0.68,12.63,12.63
351,19,10,110,23,18,15,1,93,112,33,424,16,96,23,62,3.95,1.68,72.53,137.48,15.59,60.98,1.85,11.28,10.35,1.65,8.53,1.74,4.6,0.72,4.84,0.67,12.71,12.71
355,15,13,116,31,28,39,16,108,79,32,459,16,107,40,79,2.07,1.72,70.61,123.1,15.16,58.71,1.69,10.89,10.2,1.62,8.41,1.74,4.62,0.75,4.96,0.67,14.01,14.01
396,13,15,135,13,16,54,20,86,163,51,460,24,132,31,76,2.17,1.03,39.46,85.35,9.76,32.34,1.8,8.36,8.23,1.46,8.71,1.99,5.66,0.93,6.12,0.87,14.84,14.84
432,16,13,105,16,17,53,16,84,156,37,481,24,144,25,65,2.1,1.07,42.22,89.8,10.18,34.63,1.73,8.31,7.92,1.34,7.69,1.73,4.85,0.8,5.32,0.76,15.08,15.08
348,11,15,140,29,17,65,21,85,166,46,350,22,183,35,72,1.6,1.33,70.78,137.66,15.51,56.18,1.88,11.64,10.66,1.69,8.79,1.82,4.74,0.75,4.85,0.69,11.04,11.04
378,18,15,120,24,22,54,20,75,212,44,495,19,150,18,57,1.64,1.25,105.26,199.68,22.4,86.71,2.17,16.2,14.44,2.34,12.63,2.65,6.94,1.08,6.91,0.97,15.05,15.05
337,14,13,106,15,23,44,17,97,153,34,365,17,127,20,61,1.99,1.2,61.43,116.51,13.31,52.19,1.73,9.93,8.69,1.4,7.47,1.56,4.07,0.64,4.12,0.58,11.3,11.3
439,19,12,106,20,32,52,19,144,109,36,377,15,126,37,78,2.17,1.58,80.28,151.35,16.86,64.48,1.75,11.74,10.08,1.6,8.56,1.8,4.71,0.73,4.72,0.67,11.46,11.46
439,13,12,108,25,25,49,17,124,132,34,441,16,126,28,70,2.21,1.44,73.2,126.25,15.69,60.69,1.83,11.28,10.18,1.6,8.13,1.65,4.39,0.69,4.52,0.65,12.49,12.49
410,12,11,83,31,20,28,12,65,172,34,460,18,100,11,41,2.17,1.31,80.02,151.21,17.22,66.76,2.04,12.76,11.84,1.93,10.29,2.2,5.78,0.93,6.21,0.87,13.99,13.99
465,14,11,99,36,20,43,17,130,108,36,406,17,110,26,68,2.04,1.53,88.55,166.05,18.52,71.16,2.11,12.89,11.46,1.78,8.91,1.77,4.73,0.72,4.8,0.68,13.8,13.8
365,18,9,110,26,16,16,5,78,123,32,543,17,105,17,48,2.08,1.23,65.7,131.1,14.94,59.52,1.86,11.24,10.28,1.67,8.87,1.89,5.25,0.86,5.78,0.82,15.95,15.95
422,22,11,116,17,19,20,2,117,147,32,294,17,107,24,72,2.76,1.26,43.4,85.57,9.82,39.1,1.62,7.82,7.24,1.18,6.51,1.38,3.79,0.6,4.1,0.56,9.67,9.67
325,17,11,104,27,16,12,2,73,130,38,467,13,91,12,56,3.8,1.61,93.84,175.75,20.09,78.66,2.25,14.37,13.08,2.14,11.09,2.29,6.31,1,6.93,0.95,14.66,14.66
248,11,15,106,61,14,32,16,60,71,41,702,21,90,11,98,3.6,2.41,195.85,388.27,40.33,156.45,4.07,28.45,26.17,4.02,19.02,3.81,9.05,1.53,9.25,1.44,25.57,25.57
345,12,14,117,19,18,49,17,75,133,33,543,19,119,24,58,1.87,1.05,43.76,92.69,10.37,33.72,1.75,8.6,8.29,1.47,8.66,1.98,5.61,0.94,6.32,0.93,20.28,20.28
388,14,16,133,15,16,60,19,86,136,34,300,17,153,32,75,1.58,1.19,43.57,90.1,10.3,35.02,1.68,8.17,7.81,1.29,7.21,1.57,4.29,0.69,4.44,0.64,10.32,10.32
445,14,13,120,17,20,52,19,84,125,27,269,16,117,31,65,1.73,1.04,47.23,98.24,11.36,40.63,1.71,8.93,8.87,1.41,7.24,1.51,4.05,0.65,4.36,0.61,9.73,9.73
419,11,14,117,26,20,45,19,95,126,35,426,30,121,31,72,2.14,1.38,86.88,158.85,17.85,70.08,2.3,13.44,11.92,1.95,10.63,2.24,5.69,0.87,5.61,0.81,14.51,14.51
414,17,13,113,22,23,44,18,118,120,38,473,22,118,33,70,2.1,1.46,110.81,203.27,22.85,88.69,2.23,16.31,13.73,2.16,11.09,2.2,5.54,0.83,5.42,0.79,16.56,16.56
364,12,14,124,27,22,47,18,110,132,39,400,33,143,29,68,2.15,1.34,98.29,185.56,20.68,80.93,2.36,15.31,13.42,2.2,11.46,2.35,5.91,0.89,5.88,0.84,12.35,12.35
464,23,11,125,32,19,21,3,124,129,39,369,20,110,31,73,2.11,1.42,112.18,208.79,23.75,91.69,2.33,16.82,15.38,2.37,11.08,2.12,5.39,0.84,5.49,0.78,10.12,10.12
413,21,10,119,28,19,17,119,107,142,36,345,20,94,23,69,2.24,1.55,93.32,175.99,20.28,79.02,2.18,14.9,13.81,2.2,10.76,2.16,5.71,0.91,6.17,0.85,9.89,9.89
451,22,10,120,27,18,22,2,120,106,35,425,17,110,23,66,2.13,1.43,66.32,130.29,14.8,57.93,1.88,11.15,10.1,1.59,7.97,1.59,4.26,0.71,4.71,0.65,11.62,11.62
391,16,11,114,24,16,15,2,70,167,34,564,18,101,14,49,1.9,1.29,60.31,120.7,14.03,55.77,1.93,10.83,10.23,1.69,8.55,1.77,4.78,0.78,5.36,0.75,14.44,14.44
359,18,11,104,32,17,11,1,89,191,37,566,18,91,12,57,2.37,1.44,84.76,161.42,18.88,74.56,2.23,14.07,13.09,2.05,9.91,1.98,5.22,0.85,5.73,0.78,14.35,14.35
395,24,11,128,23,20,29,4,143,130,35,294,14,128,22,85,3.63,1.59,64.13,121.49,14,53.65,1.8,10.31,9.7,1.49,7.1,1.33,3.42,0.54,3.77,0.5,8.15,8.15
334,20,12,137,39,18,19,2,84,109,44,554,25,114,16,63,4.3,1.79,100.54,193.18,22.04,86.44,2.51,16.28,16.16,2.75,14.84,3.22,8.81,1.42,9.39,1.28,16.88,16.88
350,16,13,129,11,15,64,22,84,146,30,328,18,197,28,65,1.69,1.19,32.89,68.15,7.57,20.15,1.51,6.08,5.53,0.99,6.07,1.44,4.16,0.68,4.4,0.63,8.64,8.64
326,17,14,115,17,15,46,17,90,131,32,382,20,154,17,64,1.85,1.22,45.31,84.16,9.5,37.25,1.6,7.29,6.51,1.14,6.58,1.46,3.99,0.64,4.08,0.58,10.72,10.72
405,14,16,125,35,22,43,16,76,144,44,1337,31,156,14,67,2.11,1.41,122.24,231.47,26.47,103.59,2.82,19.87,18.17,2.87,14.83,3.14,8.4,1.35,8.98,1.29,28.26,28.26
389,16,12,95,19,21,33,11,81,151,32,565,18,107,13,62,2.18,1.26,74.68,139.76,15.91,62.38,2.04,11.91,10.23,1.69,9.15,1.97,5.2,0.82,5.5,0.8,17.54,17.54
391,10,12,87,23,26,31,13,80,136,32,513,20,100,14,43,1.98,1.29,77.29,142.88,16.28,63.61,1.94,12.22,10.56,1.73,9.23,1.93,4.98,0.78,5.2,0.75,16.26,16.26
363,15,13,93,18,18,37,14,86,135,30,496,19,118,17,54,1.96,1.23,61.74,121.43,13.97,50.75,1.85,10.6,9.2,1.53,8.34,1.8,4.79,0.76,5.06,0.73,15.82,15.82
359,18,9,108,17,15,15,5,82,159,30,415,18,97,15,56,2.47,1.29,53.8,97.04,11.37,45.39,1.64,8.93,8.47,1.36,6.85,1.47,3.94,0.64,4.58,0.63,11.78,11.78
332,17,10,107,9,16,13,5,70,166,31,482,16,93,14,53,1.9,1.19,59.67,117.13,13.08,51.5,1.8,9.81,9.32,1.48,7.8,1.67,4.5,0.75,4.82,0.7,17.34,17.34
407,20,10,122,20,16,20,2,86,145,30,475,20,109,20,62,2.06,1.18,49.38,96.4,10.86,42.72,1.61,8.11,7.73,1.25,6.73,1.44,3.87,0.63,4.03,0.58,14.56,14.56
366,17,10,104,21,13,12,5,66,170,31,567,19,96,11,45,1.84,1.21,70.1,135.09,15.18,59.71,1.9,11.18,10.6,1.68,8.88,1.89,4.99,0.8,5.2,0.75,21.1,21.1
339,16,12,131,26,13,10,1,48,190,40,743,23,81,6,45,1.54,1.41,97.09,183.01,22.39,80.41,2.42,15.39,14.67,2.35,12.9,2.83,7.82,1.3,8.42,1.22,28.76,28.76
441,22,10,116,33,18,19,2,132,120,39,459,19,105,18,77,2.32,1.4,95.96,182.19,21.98,78.12,2.32,14.32,12.69,1.9,9.11,1.78,4.54,0.71,4.51,0.64,14.04,14.04
425,22,9,92,28,20,14,5,147,137,38,235,12,79,20,61,2.83,1.46,83.33,155.18,17.91,67.43,2.18,12.34,11.04,1.67,8.5,1.72,4.41,0.69,4.35,0.61,7.13,7.13
353,17,12,105,21,19,39,16,85,144,32,494,21,126,22,61,1.98,1.14,59.65,120.05,13.64,48.16,1.72,10.25,9.41,1.53,8.07,1.72,4.55,0.73,4.74,0.67,15.14,15.14
401,10,15,111,25,21,38,15,72,138,38,870,26,118,13,63,1.97,1.3,86.84,165.39,18.83,69.11,2.1,14.18,13.15,2.11,11.35,2.47,6.64,1.07,6.98,0.99,21.93,21.93
361,12,13,111,25,25,38,15,101,146,40,553,28,119,20,59,2.49,1.34,111.65,212.1,23.71,91.41,2.52,17.12,15.41,2.38,11.51,2.25,5.65,0.87,5.67,0.81,19.66,19.66
386,13,12,86,24,26,32,15,88,156,34,491,19,104,16,49,2.31,1.27,64.93,126.24,14.12,54.86,1.77,10.51,9.71,1.54,8.18,1.7,4.53,0.71,4.54,0.65,14.09,14.09
376,14,13,112,19,25,46,18,88,154,31,465,19,119,23,66,2.1,1.28,63.21,122.63,13.91,54.49,1.85,10.5,9.74,1.58,8.76,1.85,5.08,0.81,5.18,0.72,13.05,13.05
366,12,11,84,24,15,31,16,79,153,32,505,18,102,13,46,1.95,1.27,72.86,143.73,16.33,60.85,1.89,12.21,11.15,1.75,9.26,1.91,5.12,0.81,5.18,0.73,16.5,16.5
375,11,11,92,21,19,31,14,80,147,30,440,18,100,18,54,1.81,1.23,62.65,122.2,13.75,50.47,1.77,10.26,9.35,1.46,7.82,1.59,4.33,0.68,4.39,0.61,12.75,12.75
361,11,13,93,27,23,31,13,71,378,36,550,17,106,10,45,1.79,1.16,80.35,152.93,16.78,65.27,1.99,12.23,11.17,1.77,9.2,1.88,5.07,0.78,5.04,0.71,16.97,16.97
354,17,10,101,20,15,14,5,70,197,30,446,15,101,11,47,1.89,1.16,60.3,115.87,12.91,51.02,1.72,9.65,8.98,1.41,7.48,1.58,4.21,0.69,4.48,0.65,17.52,17.52
370,18,9,99,32,18,13,3,89,133,36,539,16,100,15,50,2.1,1.43,82.42,159.92,17.6,67.59,1.91,12.5,11.46,1.74,8.94,1.84,4.88,0.8,5.13,0.74,17.4,17.4
445,20,9,117,30,17,20,2,98,120,34,554,17,122,19,57,2.06,1.3,81.13,153.87,17.1,66.26,2.07,12.2,11.21,1.72,8.93,1.86,4.91,0.79,5.03,0.72,16.55,16.55
412,21,10,105,44,17,16,1,125,136,43,513,16,113,13,61,2.42,1.43,124.27,229.66,30.23,98.87,2.74,17.71,15.82,2.3,11.27,2.2,5.55,0.87,5.46,0.77,15.92,15.92
465,21,9,95,40,21,14,1,128,128,42,378,14,89,18,63,2.38,1.51,112.24,221,26.43,89.04,2.52,15.76,14.07,2.07,10.4,2.09,5.41,0.85,5.22,0.73,11.48,11.48
450,14,13,111,18,24,43,15,85,144,35,500,36,109,24,71,2.24,1.19,59.48,119.39,13.66,47.89,2.14,10.82,10.11,1.65,8.81,1.89,4.97,0.79,5.17,0.73,15.39,15.39
405,17,12,115,29,23,43,19,127,130,39,479,16,119,27,82,2.2,1.32,119.79,224.78,25.11,96.99,2.32,17.91,16,2.39,11.35,2.17,5.33,0.8,5.16,0.73,16.29,16.29
364,15,13,102,30,23,36,15,93,142,37,606,21,121,21,55,1.89,1.26,119.54,224.65,25.3,97.78,2.37,17.98,15.97,2.44,11.73,2.27,5.74,0.88,5.78,0.82,19.69,19.69
372,11,11,82,42,23,26,13,65,175,42,852,19,112,9,39,1.63,1.32,134.42,250.3,28.19,109.37,2.51,20.04,18.02,2.74,13.65,2.64,6.87,1.06,6.79,0.97,25.67,25.67
343,16,13,112,25,22,50,18,122,127,39,346,14,128,29,79,2.18,1.61,113.61,216.32,24.18,92.55,2.27,16.94,15.39,2.34,11.65,2.27,5.83,0.88,5.41,0.75,9.43,9.43
360,19,12,102,34,22,44,15,117,136,37,361,14,127,26,71,2.28,1.57,113.74,213.1,23.64,90.43,2.18,16.18,14.51,2.15,10.36,1.9,4.71,0.7,4.39,0.6,9.97,9.97
403,13,12,93,25,32,35,15,97,132,34,502,17,114,22,58,1.71,1.28,77.83,149.1,16.72,64.48,1.84,12.01,10.92,1.69,8.68,1.73,4.66,0.73,4.55,0.64,13.19,13.19
385,16,13,111,20,23,45,17,81,179,35,508,29,132,19,58,1.91,1.2,64.55,127.11,14.52,52.98,2.11,11.26,10.63,1.73,9.6,2.03,5.65,0.91,5.75,0.82,15.91,15.91
420,11,12,84,33,20,34,13,81,157,35,579,17,110,16,49,1.93,1.32,110.16,206.8,23.03,88.37,2.27,16.12,14.45,2.19,11.03,2.15,5.65,0.89,5.58,0.78,17.21,17.21
387,21,10,114,35,23,20,3,129,146,40,466,17,110,24,74,2.21,1.42,108.05,206.1,25.53,87,2.38,15.75,14.5,2.17,11.01,2.21,5.82,0.89,5.7,0.8,14.04,14.04
385,19,9,105,32,19,15,2,96,119,35,512,16,89,14,52,1.88,1.31,83.23,161.93,17.59,68.04,1.96,12.3,11.28,1.71,8.92,1.84,4.92,0.77,4.95,0.71,16.9,16.9
387,22,10,123,54,20,20,6,138,100,46,449,18,107,20,74,2.14,1.64,209.17,390.42,44.9,167.54,3.8,25.72,23.57,3.47,17.6,3.57,8.22,1.38,7.53,1.17,14.05,14.05
456,23,10,101,27,20,19,1,156,129,35,256,14,89,22,72,2.42,1.42,76.5,144.03,15.51,60.49,1.78,10.68,9.66,1.42,7.05,1.39,3.6,0.55,3.45,0.48,7.88,7.88
346,11,14,103,24,14,33,14,66,162,32,583,19,118,13,48,1.69,1.14,59.41,112.78,13.05,51.62,1.71,10.06,9.15,1.46,7.82,1.65,4.43,0.72,4.69,0.67,18.22,18.22
390,17,12,113,30,19,38,14,104,129,37,459,19,131,24,67,1.83,1.34,131.97,255.66,27.54,105.88,2.52,18.29,15.34,2.55,11.04,2.03,5.44,0.81,5.19,0.72,16.84,16.84
375,14,13,108,29,22,40,14,100,134,37,498,18,125,21,63,1.81,1.25,94.23,177.66,19.91,76.21,1.98,13.91,12.46,1.88,9.49,1.87,4.83,0.74,4.83,0.69,13.5,13.5
441,15,13,103,38,22,41,16,117,149,42,497,18,112,25,69,1.97,1.37,114.08,201.77,22.62,86.46,2.13,16.04,14.8,2.28,11.25,2.22,5.67,0.87,5.51,0.77,13.43,13.43
396,15,13,110,39,24,48,17,120,111,41,451,17,123,30,65,2.26,1.53,131.23,253.02,25.77,108.8,2.3,18.08,16.6,2.57,12.8,2.56,6.58,1.01,6.41,0.89,13.51,13.51
366,9,12,93,31,27,38,15,100,129,36,526,18,120,23,57,2.33,1.4,90.56,177.04,20.45,79.15,2.04,14.72,13.33,2.05,10.07,1.99,5.17,0.8,5.15,0.74,15.8,15.8
469,15,12,97,29,24,40,17,123,133,38,498,19,113,21,61,1.99,1.34,107.44,191.23,21.4,81.79,2.05,15.12,13.75,2.1,10.47,2.07,5.36,0.83,5.34,0.76,15.78,15.78
525,15,12,114,17,27,53,18,129,126,35,399,20,130,34,71,2.13,1.27,72.02,134.02,14.76,57.04,1.8,10.81,9.82,1.54,8.06,1.66,4.41,0.7,4.48,0.64,12.07,12.07
449,11,12,97,25,22,38,15,100,131,33,482,20,109,18,47,2.15,1.25,75.05,139.33,15.52,59.76,1.8,11.15,9.97,1.56,8.11,1.68,4.45,0.7,4.64,0.66,14.67,14.67
437,20,9,120,36,20,20,1,118,109,38,569,18,120,22,61,2.04,1.33,99.7,192.09,23.31,80.52,2.12,14.46,13.37,2,10.22,2.06,5.5,0.85,5.48,0.78,13.58,13.58
395,20,11,128,67,20,19,4,106,126,46,582,17,106,23,62,1.66,1.57,212.44,394.96,49.47,168.47,3.07,28.14,25.41,3.63,17.6,3.32,8.49,1.29,8.17,1.13,15.93,15.93
412,21,11,131,135,23,17,6,120,117,71,852,19,87,18,70,1.97,1.86,507.72,954.99,101.73,400.74,7.25,59.75,56.38,7.69,33.11,5.61,12.89,1.79,11.01,1.47,20.76,20.76
400,14,11,90,74,29,35,15,98,123,59,389,18,77,17,64,2.11,1.88,290.52,580.2,56.09,213,4.17,38.28,34.41,5.37,27.1,5.5,13.22,2.17,12.57,1.85,12.83,12.83
351,17,15,127,16,18,56,17,101,136,39,449,21,161,29,77,2.3,1.24,74.85,145.31,16.72,60.28,1.97,12.41,11.63,1.87,10.04,2.09,5.42,0.86,5.49,0.77,12.74,12.74
284,11,13,108,24,25,45,14,119,114,40,494,20,121,29,72,2.23,1.39,97.16,186.1,20.78,79.87,2.02,14.7,13.34,2.08,10.42,2.05,5.28,0.84,5.51,0.77,14.48,14.48
309,14,14,134,20,23,65,21,92,135,33,430,16,178,29,76,1.85,1.19,61.11,129.93,14.74,49.61,1.9,11,10.25,1.66,8.76,1.83,4.91,0.78,5.08,0.73,13.2,13.2
391,11,17,136,21,18,56,24,94,125,37,563,32,149,29,78,1.81,1.32,81.72,156.2,17.45,68.84,2.28,13.45,12.66,2.06,11.15,2.37,6.45,1.04,6.79,0.98,16.25,16.25
405,18,13,115,42,23,47,20,145,100,41,379,17,102,32,72,2.45,1.63,164.48,300.66,32.6,123.56,2.47,22.25,20.07,3,14.06,2.62,6.46,0.96,6.08,0.85,10.76,10.76
504,17,11,97,35,23,38,15,129,136,36,500,17,100,15,61,2.01,1.36,105.5,199.66,21.76,82.41,2.02,14.55,12.8,1.89,8.98,1.73,4.5,0.7,4.58,0.66,13.95,13.95
493,19,13,102,33,22,43,16,153,127,40,447,19,107,21,70,2.29,1.44,126.69,226.52,25.19,96.24,2.13,17.32,15.2,2.3,11.13,2.15,5.42,0.83,5.35,0.75,13.58,13.58
437,16,14,110,58,26,44,18,138,126,47,582,17,130,32,70,2.04,1.56,170.84,328.12,36.24,138.86,2.68,24.88,22.15,3.3,15.41,2.86,6.94,1.02,6.5,0.91,18.45,18.45
483,19,12,105,68,23,38,16,120,152,44,597,21,114,26,61,2.08,1.37,132.56,267.78,29.12,110.85,2.41,19.99,17.81,2.71,13.43,2.65,6.83,1.06,6.79,0.97,18.6,18.6
444,23,10,117,31,21,23,3,133,114,37,427,19,105,26,68,2.08,1.32,91.69,176.29,19.77,72.77,1.98,12.95,11.87,1.76,9.01,1.83,4.84,0.75,4.85,0.67,11.29,11.29
423,8,9,104,31,17,5,5,54,182,41,504,20,129,5,77,1.47,1.45,246.43,458.13,55.25,56.24,3.56,30.13,27.06,3.68,16.81,3.1,7.77,1.17,7.39,1.02,13.2,13.2
419,19,10,116,119,24,13,7,97,93,58,626,14,64,23,62,1.25,1.97,465.77,879.1,107.37,365.2,4.92,57.85,51.6,6.85,28.8,4.86,11.46,1.67,10.41,1.43,18.37,18.37
400,22,10,111,60,19,17,2,34,114,46,346,16,93,31,66,2.3,1.62,228.28,428.59,53.33,167.9,3.39,30.93,27.24,3.78,17.12,3.06,7.19,1.04,6.37,0.88,9.1,9.1
262,14,14,85,14,18,30,9,61,157,28,414,16,101,15,46,1.79,1.39,49.16,95.92,10.47,40.83,7.73,1.42,7.15,1.14,6.32,1.39,3.78,0.61,4,0.57,10.74,10.74
305,16,14,131,13,25,46,16,75,105,28,305,15,117,40,45,1.86,1.56,49.16,94.23,10.38,40.32,7.52,1.45,6.89,1.07,5.78,1.24,3.31,0.53,3.39,0.48,9.18,9.18
346,16,13,98,14,23,49,15,106,157,32,298,15,120,35,74,2.11,1.51,43.4,83.34,9.38,36.19,6.86,1.32,6.29,1.01,5.59,1.22,3.33,0.53,3.44,0.49,8.99,8.99
293,14,14,95,13,19,40,17,89,175,29,305,16,100,36,65,2.16,1.74,37.78,75.85,8.57,33.24,6.32,1.21,5.83,0.94,5.21,1.14,3.13,0.5,3.27,0.47,9.23,9.23
351,14,16,92,17,17,36,12,71,269,28,463,19,102,22,47,1.78,1.4,56.98,108.64,12.03,46.39,8.56,1.44,7.51,1.16,6.2,1.33,3.65,0.59,3.86,0.56,12.24,12.24
267,13,14,100,15,17,30,17,59,117,27,380,16,96,28,45,1.76,1.3,51.21,97.03,10.9,42.32,8,1.48,7.42,1.17,6.42,1.37,3.73,0.6,3.86,0.55,10.76,10.76
301,16,14,106,14,22,40,17,87,105,28,271,15,110,33,62,1.85,1.41,45.73,89.45,10.02,38.89,7.47,1.38,6.98,1.12,6.15,1.31,3.59,0.57,3.65,0.52,8.2,8.2
382,18,18,133,13,24,39,18,78,136,29,298,17,106,30,67,1.82,1.26,41.94,84.93,9.6,37.51,7.3,1.52,7.16,1.2,7.08,1.62,4.55,0.73,4.7,0.66,9.49,9.49
280,15,15,172,11,26,32,20,32,150,25,366,13,107,22,97,1.18,1.23,41.75,83.49,9.62,37.77,7.53,1.58,7.6,1.26,7.29,1.61,4.41,0.71,4.61,0.65,11.54,11.54
320,16,13,130,16,22,32,15,56,126,23,321,13,89,26,49,1.59,1.17,64.74,111.02,12.45,47.74,8.89,1.59,8.18,1.24,6.57,1.38,3.74,0.59,3.85,0.55,10.63,10.63
245,13,12,90,18,26,31,13,58,107,29,501,16,90,18,63,1.61,1.2,57.2,109.51,12.33,47.5,8.76,1.46,7.9,1.23,6.74,1.46,4.04,0.66,4.32,0.62,15.44,15.44
281,15,11,87,23,25,30,12,67,125,32,613,20,94,17,45,1.84,1.28,70.58,133.71,15.03,58.92,10.69,1.77,9.93,1.6,8.91,1.96,5.53,0.9,5.86,0.85,17.09,17.09
358,15,14,103,16,21,39,13,67,269,29,433,16,83,20,47,1.7,1.31,58.71,108.9,12.36,48.02,8.91,1.54,8.09,1.25,6.87,1.5,4.15,0.66,4.33,0.62,13.26,13.26
402,15,12,82,14,25,38,12,94,187,30,372,16,99,26,70,2.08,1.33,48.23,90.69,10.41,40.57,7.6,1.49,7.18,1.12,6.04,1.3,3.5,0.58,3.68,0.53,11.97,11.97
366,14,12,87,15,28,35,14,77,155,29,405,14,94,21,60,2.17,1.53,51.45,97.27,11.29,44.45,8.42,1.58,8.01,1.27,7.04,1.56,4.38,0.72,4.8,0.69,14.17,14.17
265,16,14,98,13,24,37,12,63,211,31,402,20,101,28,64,1.72,2.28,46.04,78.66,10.33,40.28,7.48,1.37,6.48,1.13,6.09,1.34,3.75,0.6,3.81,0.53,10.17,10.17
392,16,16,95,12,22,49,16,98,180,29,278,14,108,30,64,2.17,1.66,41.8,79.36,8.81,34,6.37,1.21,5.82,0.91,5.08,1.11,3.02,0.49,3.22,0.46,9.18,9.18
379,15,12,93,17,20,41,14,83,142,31,433,14,109,20,56,2.15,1.49,57.97,109.2,12.35,47.83,8.87,1.54,8.02,1.25,6.8,1.46,3.97,0.63,4.12,0.59,12.64,12.64
247,13,10,75,16,17,28,10,58,113,29,440,16,85,17,45,1.41,1.27,53.05,100.39,11.35,44.04,8.08,1.39,7.48,1.16,6.14,1.31,3.6,0.58,3.83,0.55,13.11,13.11
306,13,13,88,15,19,30,13,64,121,28,396,17,113,22,56,1.65,1.22,54.87,96,10.98,42.6,8.01,1.45,7.61,1.21,6.53,1.41,3.82,0.61,3.93,0.57,10.92,10.92
376,16,14,102,18,24,39,15,95,126,23,348,15,102,28,60,1.9,1.32,55.24,105.97,12.02,46.59,8.77,1.59,8.14,1.28,6.74,1.42,3.79,0.6,3.86,0.55,9.59,9.59
364,16,16,104,13,17,26,13,44,163,25,337,12,74,20,39,1.35,1.01,38.63,73.95,8.79,34.34,6.65,1.43,6.42,1.03,5.75,1.24,3.37,0.54,3.5,0.5,10.27,10.27
383,13,13,87,19,23,29,12,61,149,28,477,15,87,20,47,1.63,1.23,57.14,108.55,12.18,47.15,8.78,1.54,8.27,1.31,7.04,1.51,4.13,0.66,4.31,0.63,12.64,12.64
336,12,12,78,21,22,29,10,69,160,30,497,16,90,16,47,1.69,1.19,60.79,115.35,13.03,50.38,9.35,1.61,8.74,1.37,7.2,1.54,4.2,0.68,4.42,0.64,17.58,17.58
354,14,13,86,18,24,39,14,83,119,30,436,16,99,21,51,1.88,1.19,53.04,100.81,11.21,43.43,8.16,1.56,7.79,1.23,6.78,1.47,4.07,0.66,4.29,0.61,13.31,13.31
347,16,13,83,14,26,28,11,73,195,27,363,17,75,17,51,1.53,1.06,48.07,93.38,10.14,39.46,7.49,1.54,7,1.1,5.93,1.28,3.49,0.57,3.69,0.52,9.69,9.69
361,15,15,110,18,19,35,15,75,148,33,461,19,126,17,57,2.03,1.53,73.43,141.13,16.02,62.05,11.65,2.03,11.01,1.74,9.44,2.06,5.68,0.92,5.99,0.85,18.5,18.5
406,15,13,90,15,25,36,12,87,156,31,395,16,102,21,63,2.22,1.4,57.72,110.36,12.66,49.25,9.4,1.72,9.01,1.41,7.61,1.64,4.44,0.71,4.63,0.65,13.36,13.36
330,15,13,130,26,24,34,15,57,146,35,793,22,129,16,53,2.04,1.48,90.26,175.39,19.82,77.58,14.64,2.4,12.92,2.18,11.61,2.54,7.05,1.15,6.6,1.09,22.89,22.89
400,16,12,91,15,24,31,14,79,182,30,385,17,101,23,70,1.9,1.53,47.4,89.89,10.36,40.67,7.82,1.5,7.43,1.21,6.78,1.48,4.1,0.67,4.26,0.61,11.12,11.12
327,14,10,90,16,22,33,13,69,128,26,380,15,103,24,68,1.65,1.89,49.3,93.91,10.09,42,7.94,1.44,7.48,1.18,6.42,1.37,3.77,0.6,3.9,0.56,11.43,11.43
285,12,10,78,17,20,28,11,57,144,25,450,13,84,17,45,1.66,1.2,55.24,105.62,11.79,45.47,8.44,1.42,7.8,1.21,6.35,1.33,3.61,0.59,3.79,0.55,12.76,12.76
393,16,16,102,15,17,45,16,92,159,28,293,15,108,27,60,1.97,1.25,39.8,83.04,9.3,36.27,6.99,1.38,6.67,1.06,5.91,1.27,3.45,0.56,3.52,0.5,8.48,8.48
285,14,12,86,19,23,31,13,71,96,30,310,14,96,20,50,1.74,1.3,70.17,128.51,14.58,57.93,10.17,1.65,9.02,1.43,7.49,1.56,4.16,0.66,4.16,0.59,9.64,9.64
346,15,15,102,15,20,37,15,61,147,26,310,12,105,24,43,1.5,1.12,32.82,74.97,8.35,32.69,6.46,1.46,6.37,1.06,6.04,1.33,3.65,0.58,3.72,0.53,9.63,9.63
347,16,20,123,15,21,43,20,73,143,27,300,12,102,27,55,1.68,1.18,35.19,78.47,8.81,34.47,6.7,1.41,6.54,1.06,5.87,1.29,3.49,0.56,3.53,0.5,8.48,8.48
317,14,15,85,16,20,37,12,71,161,28,362,14,92,19,56,1.8,1.12,49.52,92.45,10.65,41.55,7.91,1.46,7.44,1.16,6.19,1.33,3.6,0.58,3.76,0.54,11.94,11.94
343,14,14,98,14,24,34,16,67,142,30,352,14,81,23,66,1.7,1.03,45.51,85.35,9.63,37.42,7.16,1.41,7.06,1.12,6.14,1.35,3.68,0.6,3.86,0.54,11.79,11.79
344,17,13,74,23,28,32,15,71,166,28,366,15,91,22,52,1.95,0.9,42.3,77.79,8.8,33.03,6.16,1.15,5.71,0.92,4.97,1.08,3.03,0.5,3.27,0.48,8.44,8.44
330,15,17,103,18,26,40,16,70,114,34,482,22,121,24,53,1.91,1.43,63.2,120.88,13.63,52.79,9.89,1.69,9.13,1.43,7.72,1.67,4.6,0.73,4.82,0.69,14.72,14.72
358,16,17,98,15,28,44,13,88,158,32,393,16,108,30,61,2.02,1.29,49.29,94.72,10.77,42,8.01,1.51,7.4,1.17,6.39,1.36,3.75,0.6,3.89,0.55,12.5,12.5
330,14,14,100,18,23,40,17,78,135,33,462,17,102,24,58,1.98,1.36,57.4,110.36,12.49,48.65,9.26,1.65,8.65,1.39,7.56,1.65,4.53,0.73,4.72,0.67,14.37,14.37
384,15,12,84,16,25,35,13,85,169,28,386,15,97,22,59,1.98,1.32,43.32,88.69,10.14,39.6,7.68,1.46,7.16,1.14,6.25,1.34,3.64,0.59,3.85,0.55,12.02,12.02
335,14,13,97,13,19,29,10,54,167,26,382,14,105,17,46,1.66,1.42,45.97,83.38,9.81,38.27,7.33,1.33,6.83,1.1,5.87,1.28,3.47,0.56,3.69,0.52,10.7,10.7
308,15,12,97,18,23,38,14,74,128,29,481,15,101,22,63,1.73,1.21,53.19,101.15,11.54,44.92,8.53,1.48,8.02,1.28,6.75,1.44,3.96,0.63,4.19,0.6,13.31,13.31
288,14,10,88,20,19,35,14,68,88,28,450,16,91,19,42,1.66,1.14,54.97,106.64,12.03,46.58,8.75,1.45,7.92,1.23,6.44,1.36,3.71,0.58,3.84,0.55,11.74,11.74
347,15,10,89,18,22,36,17,81,102,28,310,15,105,25,54,1.89,1.3,44.24,94.51,10.7,41.67,7.93,1.48,7.36,1.18,6.31,1.34,3.62,0.57,3.69,0.52,8.1,8.1
344,16,19,138,13,21,38,17,57,148,26,288,12,105,30,66,1.39,1.07,32.91,68.39,7.85,31.42,6.46,1.48,6.11,1.07,6.08,1.33,3.63,0.56,3.66,0.51,7.27,7.27
330,15,18,93,13,19,20,11,44,215,26,439,15,71,17,35,1.44,1,38.44,74.4,8.73,34.54,6.96,1.46,6.76,1.13,6.32,1.38,3.76,0.61,3.89,0.55,11.85,11.85
274,14,14,95,13,23,38,13,79,113,26,282,12,81,29,74,1.66,1.22,36.8,72.46,8.32,32.34,6.19,1.17,5.86,0.94,5.18,1.11,3.05,0.49,3.17,0.45,9.35,9.35
308,14,14,92,15,23,27,9,55,184,29,371,12,76,18,41,1.36,0.86,47.05,87.22,10.02,38.61,7.23,1.38,6.77,1.06,5.75,1.24,3.39,0.55,3.59,0.51,12.87,12.87
348,16,18,97,14,21,45,14,91,161,30,338,15,109,28,56,1.85,1.15,45.39,83.02,9.04,35.25,6.82,1.32,6.39,1.03,5.58,1.19,3.27,0.53,3.41,0.49,9.79,9.79
305,13,15,107,18,23,33,15,56,119,32,588,19,108,19,49,1.66,1.42,64.65,125.61,14.2,55.32,10.52,1.67,9.8,1.57,8.48,1.84,5.05,0.82,5.37,0.77,16.52,16.52
347,15,14,93,18,27,39,14,82,119,32,471,16,115,27,58,2.04,1.44,59.63,115.46,13.15,51.34,9.59,1.66,8.85,1.4,7.56,1.61,4.41,0.71,4.59,0.65,13.26,13.26
307,14,16,96,18,21,37,16,74,100,31,435,20,104,30,54,2.03,1.36,58.7,113.63,12.84,49.67,9.33,1.66,8.8,1.41,7.7,1.66,4.56,0.73,4.7,0.66,12.71,12.71
260,14,11,85,14,18,29,10,65,109,25,334,14,97,31,57,1.66,1.64,35.63,71.17,8.36,32.39,6.19,1.17,5.85,0.96,5.35,1.17,3.3,0.53,3.45,0.48,9.07,9.07
317,16,12,98,18,30,45,15,87,122,27,339,16,114,36,77,1.9,1.73,50.87,92.18,10.67,41.5,7.83,1.38,7.3,1.15,6.15,1.31,3.61,0.57,3.71,0.53,9.45,9.45
328,14,12,90,17,26,35,11,76,129,29,432,18,101,23,52,1.76,1.35,49.5,103.47,11.86,46.2,8.73,1.55,8.09,1.28,6.88,1.47,4.05,0.65,4.16,0.59,11.55,11.55
430,15,12,91,16,23,32,13,77,161,32,420,17,95,18,64,2.04,1.34,46.05,93.96,11.12,43.94,8.63,1.65,8.23,1.34,7.39,1.62,4.46,0.72,4.62,0.64,11.88,11.88
404,15,12,108,22,26,33,15,64,168,36,574,21,101,17,55,1.9,1.5,76.9,149.56,17.44,68.43,13.31,2.27,12.51,2.02,11.13,2.44,6.82,1.1,7.09,1,17.22,17.22
414,15,16,101,14,23,37,16,81,142,28,317,14,103,22,58,1.83,1.2,37.12,85.82,9.96,38.8,7.47,1.44,7.01,1.13,6.16,1.33,3.69,0.59,3.78,0.54,10.18,10.18
337,17,17,122,12,18,36,16,58,179,24,269,12,113,24,44,1.41,1.06,25.87,61.94,7.18,29.01,6.13,1.52,6.09,1.02,5.83,1.28,3.5,0.55,3.49,0.49,7.64,7.64
350,14,15,96,13,21,36,12,72,165,26,294,12,91,24,53,1.66,1.02,30.25,68.46,8.04,31.27,6.11,1.25,5.77,0.95,5.22,1.13,3.11,0.5,3.21,0.46,9.1,9.1
371,14,14,116,23,25,37,13,54,137,34,656,21,104,20,49,1.57,1.39,78.63,154.48,17.46,68.04,12.93,2.01,12,1.89,10.09,2.14,5.9,0.94,6.13,0.87,18.82,18.82
358,15,16,94,17,25,34,16,63,172,30,479,14,110,21,44,1.65,1.16,53.03,111.32,12.78,50.27,9.62,1.74,9.1,1.43,7.69,1.63,4.39,0.69,4.48,0.65,14.57,14.57
340,15,13,102,15,20,32,15,98,92,33,356,19,101,46,68,2.4,2.4,50.52,97.87,11.61,44.89,8.52,1.59,7.46,1.32,7.16,1.58,4.32,0.68,4.37,0.62,11.45,11.45
398,18,13,112,19,31,45,17,117,103,36,433,24,112,40,68,2.44,2.11,59.53,122.07,13.52,51.66,9.64,1.66,8.11,1.37,6.92,1.49,4.06,0.62,4.04,0.58,11.98,11.98
386,16,15,105,22,22,36,15,83,158,42,585,26,113,29,57,2.05,2.13,79.1,159.61,17.56,68.49,12.42,1.95,10.76,1.83,9.6,2.1,5.79,0.92,5.85,0.83,17.22,17.22
268,14,12,114,30,23,30,12,48,151,41,930,31,122,26,55,1.83,2.56,125.09,231.23,25.37,96.43,17.55,2.38,15.03,2.49,12.72,2.67,7.41,1.14,7.37,1.03,24.37,24.37
290,16,14,93,15,28,37,13,74,192,37,450,23,119,25,56,1.86,1.51,69.03,132.47,15.31,59.81,11.16,1.82,10.47,1.66,9.21,1.97,5.34,0.86,5.58,0.79,16.02,16.02
260,14,13,86,13,23,40,13,79,108,28,254,18,95,32,79,1.67,2.18,42.27,88.74,10.79,42.11,7.82,1.39,7.18,1.12,5.96,1.25,3.29,0.52,3.39,0.48,7.57,7.57
261,16,13,103,14,20,38,12,59,153,29,299,22,119,25,54,1.81,1.49,48.1,97.13,11.2,43.47,8.21,1.44,7.65,1.22,6.63,1.4,3.76,0.6,3.88,0.55,9.18,9.18
313,14,13,85,18,23,35,15,77,140,35,328,25,84,29,51,2.09,2.04,70.55,131.44,15.17,58.74,10.98,1.74,8.04,1.51,8.01,1.65,4.57,0.72,4.62,0.66,10.03,10.03
368,15,13,88,17,26,34,12,86,169,35,494,25,104,17,58,2.07,1.93,55.94,105.58,12.44,48.42,9.3,1.68,6.86,1.34,7.76,1.69,4.67,0.76,4.91,0.71,15.6,15.6
314,16,16,108,15,21,35,15,62,176,31,441,23,101,21,47,1.64,1.88,52.74,97.39,11.42,44.83,8.64,1.64,6.38,1.3,7.58,1.65,4.5,0.73,4.8,0.67,13.74,13.74
345,15,13,105,15,21,39,14,71,170,30,374,14,102,24,55,1.66,1.19,42.11,80.91,10.44,41.25,8.03,1.54,7.05,1.21,6.56,1.39,3.75,0.6,3.88,0.55,11.3,11.3
378,13,14,83,18,21,29,11,59,182,32,507,17,96,16,43,1.67,1.17,55.34,112.23,12.76,49.74,9.44,1.58,8.77,1.38,7.26,1.52,4.11,0.65,4.29,0.61,15.41,15.41
409,17,17,124,11,19,44,20,77,156,25,250,14,104,29,66,1.86,1.09,32.25,76.45,8.96,36.14,7.22,1.56,6.98,1.11,6.1,1.3,3.51,0.54,3.51,0.5,7.83,7.83
285,17,14,117,18,29,36,19,78,66,31,454,22,94,46,82,2.1,2.6,68.16,135.37,15.03,58,10.84,1.87,9.42,1.56,7.71,1.59,4.35,0.68,4.24,0.62,12.96,12.96
339,18,12,105,14,28,39,20,102,103,33,327,18,98,30,93,3.02,2.33,44.15,77.06,9.89,38.11,7.26,1.37,6.37,1.16,6.38,1.39,3.94,0.63,3.95,0.56,8.34,8.34
388,16,13,90,19,26,37,14,81,178,38,547,25,112,22,75,2.84,2.14,70.11,144.41,15.75,60.73,11.23,1.82,9.66,1.67,8.68,1.88,5.13,0.8,5.15,0.72,13.42,13.42
336,14,14,85,22,22,28,13,66,177,39,623,25,101,15,65,2.6,2.1,85.52,171.14,18.98,72.54,13.52,2.03,11.76,1.98,10.31,2.23,6.17,0.98,6.19,0.86,17.33,17.33
267,14,15,80,18,21,32,13,70,142,31,419,25,96,24,51,1.81,1.92,63.57,118.66,13.58,52.3,9.75,1.53,7.01,1.35,7.51,1.58,4.31,0.68,4.48,0.64,13.25,13.25
316,14,13,98,16,21,42,14,96,158,34,338,22,100,30,58,1.79,1.92,53.52,103.46,11.61,45.07,8.54,1.44,6.04,1.19,6.67,1.42,3.79,0.61,3.89,0.56,10.82,10.82
318,14,14,93,17,27,45,12,84,177,33,444,24,111,26,62,1.89,1.89,58.55,110.72,12.58,48.88,9.1,1.46,6.47,1.3,7.28,1.55,4.21,0.67,4.4,0.63,14.13,14.13
292,13,12,82,14,27,31,12,69,128,32,338,20,84,17,64,1.62,1.55,50.52,89.98,10.76,42.3,7.95,1.38,5.58,1.1,6.3,1.32,3.59,0.57,3.71,0.53,11.07,11.07
364,14,12,87,19,26,35,15,83,140,33,485,24,103,21,54,1.84,1.62,57.25,106.62,12.21,47.74,8.99,1.55,6.4,1.27,7.23,1.56,4.29,0.68,4.47,0.64,13.49,13.49
366,16,13,112,29,27,39,13,78,175,40,807,28,134,22,54,1.86,2.06,101.49,190.84,22.29,82.29,16.03,2.25,11,2.08,11.2,2.34,6.29,1.01,6.6,0.9,24.38,24.38
370,15,18,105,14,21,42,14,71,159,29,365,13,108,22,54,1.75,1.21,40.12,95.75,10.89,42.92,8.48,1.53,8.01,1.28,6.91,1.49,4.03,0.65,4.19,0.61,11.26,11.26
380,13,14,80,12,21,31,12,61,160,24,301,10,94,18,41,1.72,1.14,44.02,80.69,9.22,36.09,7.01,1.34,6.59,1.05,5.71,1.22,3.34,0.53,3.42,0.49,8.98,8.98
443,14,13,72,16,22,20,10,46,228,26,437,15,82,11,34,1.64,1.02,40.33,86.5,10.01,39.08,7.48,1.43,7.05,1.13,6.16,1.32,3.61,0.58,3.8,0.54,12.96,12.96
342,14,13,105,15,27,46,17,104,72,35,285,19,107,37,92,2.29,2.63,51.25,97.93,11.35,43.96,8.29,1.52,7.2,1.25,6.56,1.42,3.96,0.63,3.94,0.57,11.31,11.31
355,15,15,107,12,26,34,17,85,100,29,365,20,100,29,73,2.22,2.28,47.31,79.42,10.39,40.22,7.62,1.42,6.67,1.18,6.4,1.37,3.77,0.6,3.86,0.53,10.74,10.74
332,14,11,78,20,23,25,12,66,143,37,505,20,97,15,61,2.4,2.17,78.76,151.6,17.08,65.86,12.22,1.9,10.2,1.74,8.88,1.86,5.15,0.79,5.02,0.71,14.65,14.65
326,14,13,83,30,25,26,11,65,147,50,723,28,107,16,52,2.35,1.92,138.19,228.95,25.3,96.74,17.43,2.37,14.62,2.41,12.19,2.53,6.94,1.07,6.78,0.98,21.83,21.83
300,18,13,101,16,21,41,16,113,151,33,238,18,116,27,79,2.63,1.98,49.69,87.16,10.52,41.21,7.69,1.41,5.39,1.08,6.18,1.29,3.4,0.56,3.46,0.5,7.81,7.81
366,15,13,99,15,21,50,15,95,263,36,350,21,115,28,64,1.94,1.78,52.74,94.74,11.36,44.15,8.28,1.37,5.68,1.19,7,1.54,4.18,0.68,4.36,0.64,11.16,11.16
284,14,15,98,15,47,40,16,79,115,32,390,20,112,31,121,1.56,2.37,62.56,116.31,13.13,51.13,9.53,1.48,6.52,1.31,7.63,1.62,4.4,0.72,4.7,0.68,13.97,13.97
234,13,10,84,11,26,31,14,57,134,26,261,19,76,28,69,1.71,1.94,45.19,89.12,9.88,38.64,7.22,1.24,4.97,1.02,5.84,1.27,3.41,0.56,3.55,0.52,8.38,8.38
265,15,12,96,14,21,38,15,76,167,30,283,20,105,44,55,1.61,1.9,47.16,93.47,9.89,38.89,7.34,1.35,5.54,1.07,5.91,1.28,3.5,0.55,3.59,0.51,7.98,7.98
362,15,14,107,22,26,38,13,76,160,39,645,27,111,23,58,1.76,1.96,94.89,167.77,18.35,71.69,13.48,2.15,10.2,1.93,10.36,2.22,6.18,0.97,6.36,0.92,16.98,16.98
359,15,16,103,14,21,40,13,74,166,30,364,16,104,22,57,1.68,1.23,45.17,92.21,10.8,42.72,8.36,1.58,8.02,1.3,7.14,1.54,4.2,0.66,4.37,0.62,11.29,11.29
382,15,17,111,15,19,38,19,61,144,27,409,13,110,23,47,1.61,1.17,58.75,103.55,11.83,46.48,8.94,1.72,8.45,1.32,7.19,1.53,4.11,0.65,4.22,0.59,11.56,11.56
353,13,11,81,19,22,25,11,54,170,29,525,15,90,11,44,1.77,1.21,50.23,106.27,12.1,47.22,9.05,1.57,8.53,1.36,7.5,1.63,4.51,0.72,4.74,0.68,16.77,16.77
398,17,17,124,35,30,36,19,89,118,49,678,28,103,31,86,2.72,3.16,202.42,332.09,36.55,138.06,24.72,3.14,20.44,3.13,14.08,2.76,7.36,1.06,6.83,0.95,19.71,19.71
394,11,11,75,13,24,26,10,84,118,29,275,17,74,22,60,1.77,2.18,40.68,66.43,8.71,33.58,6.19,1.15,5.45,0.98,5.46,1.19,3.3,0.51,3.29,0.45,8.2,8.2
362,17,12,81,30,25,31,11,88,141,43,585,26,114,19,89,3.05,2.38,109.43,199.46,22.29,85.51,15.38,2.24,13.06,2.16,11.12,2.29,6.29,0.95,6.04,0.87,16.36,16.36
442,18,15,96,21,26,48,16,135,119,42,366,24,116,31,73,3.07,2.16,67.84,133.66,14.69,56.91,10.57,1.75,9.16,1.59,8.41,1.78,4.84,0.75,4.63,0.65,10.06,10.06
349,19,17,110,27,25,47,22,112,106,44,456,25,129,32,78,2.8,2.68,100.65,195,21.71,84.03,15.23,2.3,12.75,2.2,11.1,2.37,6.5,0.99,6.35,0.88,12.99,12.99
323,17,16,104,17,20,43,15,97,157,34,359,24,115,28,68,2.2,2.31,61.54,118.5,13.25,51.78,9.49,1.64,7.89,1.37,7.07,1.5,4.12,0.62,4.05,0.56,9.23,9.23
286,15,14,97,16,36,37,14,78,110,31,350,22,113,35,76,1.89,2.58,44.55,93.73,10.38,40.56,7.62,1.37,6.35,1.13,5.97,1.27,3.56,0.55,3.61,0.5,8.92,8.92
275,15,14,97,15,50,45,17,99,95,30,318,21,109,45,96,2,2.65,38.65,85.75,9.6,37.76,7.08,1.35,5.93,1.09,5.91,1.29,3.58,0.56,3.61,0.51,7.36,7.36
271,14,14,116,18,22,35,14,62,105,31,474,22,113,55,47,1.47,2.47,77.94,146.69,16.59,64.36,11.61,1.67,9.5,1.64,8.07,1.69,4.67,0.73,4.78,0.67,12.51,12.51
273,16,15,92,12,21,34,13,68,191,31,295,20,144,23,48,1.85,1.9,37.28,76.12,9.28,36.58,6.86,1.34,5.61,1.01,5.35,1.14,3.16,0.48,3.12,0.44,7.97,7.97
391,16,13,108,17,24,34,16,69,176,36,483,19,97,18,57,2,1.35,57.83,120.49,14.34,54.56,11.11,1.99,10.47,1.69,9.25,1.98,5.45,0.88,5.66,0.8,16.8,16.8
316,16,19,111,13,19,38,14,59,148,27,362,15,123,22,47,1.41,1.15,48.39,90.02,10.42,41.44,8.15,1.62,7.61,1.22,6.71,1.44,3.87,0.6,3.93,0.57,12.11,12.11
388,17,19,104,13,24,29,13,54,207,27,335,11,106,20,50,1.51,1.16,35.15,77.77,9.03,36.22,7.29,1.62,6.83,1.13,6.37,1.39,3.77,0.61,3.99,0.57,11.38,11.38
339,14,12,90,38,26,33,17,62,190,49,760,26,110,13,56,2.72,2.58,193.16,294.9,34.69,135.7,22.74,3,19.03,3.04,14.73,3.04,8.38,1.25,7.99,1.13,24.38,24.38
311,14,13,102,15,32,31,16,68,132,33,385,19,92,51,68,2.09,2.18,53.61,86.47,11.31,43.68,8.16,1.45,7.07,1.25,6.78,1.47,4.09,0.63,4.09,0.58,11.72,11.72
390,21,15,98,20,23,39,18,118,131,40,317,23,101,24,96,3.82,2.6,80.29,155.69,17.07,65.8,11.71,1.9,10,1.66,8.42,1.76,4.8,0.72,4.5,0.63,9.59,9.59
401,18,13,80,35,30,37,13,131,129,55,346,21,97,28,84,4.73,2.52,162.72,263.02,28.88,109.83,19.9,2.7,17.09,2.86,14.56,3.07,8.34,1.26,7.94,1.07,9.71,9.71
371,20,13,92,26,33,39,16,130,143,17,363,22,104,29,86,3.41,2.39,100.48,195.96,21.74,83.82,15.07,2.26,12.44,2.13,10.7,2.2,6,0.89,5.61,0.78,9.45,9.45
368,16,17,93,30,21,34,16,100,168,45,476,20,105,27,100,2.83,2.53,119.1,212.15,23.41,88.82,16.03,2.34,13.72,2.3,11.52,2.39,6.53,0.99,6.23,0.87,12.75,12.75
250,17,14,171,22,25,33,17,53,222,33,381,22,146,30,98,2.18,3.56,109.38,200.97,22.33,84.87,15.23,2.11,12.83,2.05,9.85,1.96,5.25,0.76,4.73,0.65,11.16,11.16
195,15,17,88,12,26,31,10,76,313,28,263,20,90,52,96,1.64,2.92,31.1,60.99,7.55,29.71,5.63,1.1,4.84,0.92,5.25,1.19,3.27,0.49,3.09,0.42,6.01,6.01
232,16,12,93,11,38,35,14,67,128,25,216,19,92,44,77,1.69,2.61,30.13,58.57,7.39,28.94,5.4,1.08,4.58,0.84,4.68,1.03,2.82,0.44,2.83,0.39,6.06,6.06
304,15,15,91,35,30,29,13,64,150,47,529,25,93,25,61,2.07,2.53,136.78,245.74,27.55,106.26,19.04,2.44,15.74,2.65,12.73,2.59,7.12,1.03,6.6,0.91,14.09,14.09
354,14,12,89,28,22,25,11,59,217,37,523,22,86,13,49,1.86,1.42,99.86,190.4,21.81,84.91,15.84,2.28,14.02,2.2,11.66,2.42,6.48,1.02,6.55,0.93,16.63,16.63
395,15,15,103,19,23,35,16,85,159,34,418,16,103,20,65,2.05,1.35,63.3,121.33,14.16,55.22,10.58,1.79,9.59,1.53,8.46,1.8,4.88,0.79,5.1,0.72,12.12,12.12
390,13,12,78,16,19,26,10,62,157,30,442,15,101,14,42,1.69,1.19,48.37,95.95,11.13,43.72,8.48,1.52,7.67,1.23,6.85,1.45,3.98,0.64,4.18,0.6,12.73,12.73
394,13,13,79,53,30,25,11,63,180,59,703,25,82,14,47,2.26,2.72,210.73,372.54,40.08,143.33,25.64,3.38,21.88,3.13,14.73,2.95,7.63,1.27,7.62,1.14,19.19,19.19
384,17,13,93,24,30,30,15,87,118,40,528,27,105,34,62,2.8,2.36,95.85,186.99,20.68,78.85,14.4,2.09,12.25,2.02,10.25,2.14,5.9,0.89,5.8,0.81,15.39,15.39
368,20,15,121,34,26,34,19,75,146,47,711,34,114,23,87,3.18,3.18,215.52,336,36.56,136.19,23.34,3.22,20.09,3.07,14.48,2.88,7.82,1.15,7.33,1.02,21.86,21.86
308,19,15,107,39,30,30,14,67,221,56,712,23,93,19,82,3.34,2.76,207.71,322.61,35.66,136.41,24.23,3.11,20.9,3.28,15.89,3.2,8.64,1.29,8.04,1.11,19.9,19.9
342,16,12,77,33,26,31,12,83,138,52,604,27,91,17,66,2.96,2.28,161.48,253.16,27.91,106.28,19.21,2.72,16.89,2.8,15.08,3.26,9.14,1.39,8.81,1.23,16.87,16.87
319,21,13,94,34,27,33,15,87,149,51,394,22,96,26,104,3.65,2.84,179.47,284.23,31.36,118.13,21.63,3.1,18.74,3.06,15.72,3.28,8.94,1.34,8.33,1.15,10.84,10.84
326,17,16,119,30,22,32,19,68,158,46,528,24,114,22,83,2.4,2.84,148.49,241.31,26.97,102.55,18.58,2.71,16.17,2.62,13.19,2.74,7.48,1.12,7.18,1,14.98,14.98
230,17,16,99,25,33,28,15,62,287,45,457,26,102,31,90,2.08,3.49,121.76,220.16,24.68,94.55,16.87,2.13,14.12,2.46,12.62,2.67,7.4,1.13,7.12,0.99,12.78,12.78
240,16,13,84,21,27,28,18,70,187,38,395,24,102,23,80,2.46,2.81,76.54,140.88,15.84,61.36,11.2,1.77,9.3,1.63,8.28,1.73,4.76,0.72,4.69,0.67,10.09,10.09
297,17,12,88,22,28,35,14,76,126,38,456,26,110,52,73,2.19,2.45,87.4,159,17.84,68.76,12.53,1.86,10.42,1.8,9.2,1.94,5.35,0.8,5.18,0.72,11.09,11.09
250,16,12,82,23,17,22,9,57,88,32,418,19,82,16,36,2.01,1.25,74.21,140.06,16.07,62.5,11.82,1.94,10.86,1.77,9.9,2.11,5.65,0.91,5.79,0.83,14.48,14.48
293,13,14,107,22,28,23,15,56,121,36,535,18,77,20,69,1.78,1.28,76.66,145.81,16.77,65.06,12.45,1.98,11.45,1.87,10.6,2.3,6.34,1.03,6.75,0.97,17.28,17.28
374,14,16,114,19,20,33,16,68,167,30,558,18,124,21,59,1.74,1.3,65.56,128.04,14.97,58.91,11.53,1.97,10.65,1.74,9.77,2.1,5.74,0.91,5.98,0.86,16.17,16.17
408,20,19,150,36,26,41,20,92,129,54,564,53,103,29,85,2.61,3.21,214.7,340.48,37.84,145.21,26.92,3.83,23.33,3.74,18.88,3.85,10.44,1.55,9.5,1.33,16.61,16.61
363,19,13,101,47,34,34,16,104,146,62,519,34,98,13,81,3.72,3.2,288.49,444.88,48.39,183.89,33.22,4.03,27.93,4.26,19.58,3.77,9.92,1.38,8.51,1.19,14.62,14.62
371,17,12,76,43,29,28,11,78,176,48,486,25,78,19,66,3.56,2.66,220.98,342.11,37.26,139.45,24.97,3.21,21.4,3.19,14.56,2.72,7.41,1.07,6.65,0.93,13.68,13.68
410,20,16,91,28,27,35,14,115,138,39,369,21,97,25,72,3.55,2.39,115.51,207.71,22.72,86.4,15.45,2.29,13.07,1.97,8.83,1.68,4.54,0.64,4.11,0.56,9.87,9.87
415,17,12,61,33,32,25,13,121,191,51,354,21,71,22,58,4.3,2.15,128.87,226.36,24.8,93.6,17.21,2.44,14.86,2.39,11.92,2.43,6.64,0.96,6.12,0.84,9.65,9.65
393,13,12,77,29,24,26,12,73,159,45,520,26,95,16,56,2.28,2.15,113.15,207.37,22.85,87.21,15.73,2.28,13.85,2.24,11.52,2.4,6.49,0.99,6.25,0.89,13.68,13.68
342,16,12,78,29,21,26,14,74,171,41,439,22,90,16,75,2.8,2.35,112.54,207.86,23.08,88.4,16.09,2.36,13.72,2.2,11,2.26,6.24,0.94,5.93,0.81,11.78,11.78
291,18,16,100,26,23,32,26,78,203,39,405,24,100,26,88,2.84,2.59,107.83,187.01,21.15,80.87,14.9,2.22,12.56,2.12,10.52,2.18,5.87,0.86,5.61,0.76,11.16,11.16
330,15,12,89,22,23,33,9,82,172,36,459,25,117,26,69,2.13,2.34,68.13,143.47,16.12,61.91,11.52,1.76,9.59,1.62,8.23,1.68,4.69,0.71,4.58,0.64,13.74,13.74
206,15,13,104,31,23,27,16,42,83,35,683,35,117,38,71,1.82,2.82,120.96,220.51,24.15,92.45,16.7,2.29,13.94,2.26,10.9,2.22,6.05,0.89,5.77,0.81,18.26,18.26
242,17,14,156,85,30,31,19,29,84,72,1224,43,115,20,66,2.2,2.17,388.66,741.64,98.14,316.48,57.04,6.56,49.13,7.28,35.86,7.01,18.17,2.82,17.92,2.52,35.39,35.39
253,17,13,129,25,52,32,17,48,85,30,493,23,102,33,133,2.19,2.53,96.07,192.48,21.23,76.64,14.52,2.27,12.88,2.35,11.67,2.61,6.91,1.08,6.85,0.97,14.82,14.82
364,13,8,73,16,21,25,12,82,123,25,409,14,98,17,61,1.94,1.28,44.16,92.02,10.45,40.55,7.64,1.37,6.98,1.11,5.98,1.28,3.47,0.56,3.66,0.52,11.04,11.04
427,18,19,109,36,27,36,21,98,157,52,436,37,107,30,95,2.4,2.7,159.63,313.11,35.41,130.54,23.56,3.01,20.41,3.31,15.94,3.18,8.1,1.24,7.52,1.05,13.15,13.15
323,17,16,98,51,39,30,16,95,169,70,619,36,94,27,72,3.83,3.07,234.97,473.71,52.55,196.92,36.58,3.84,30.57,4.91,24.38,4.99,12.82,2,12.54,1.68,20.4,20.4
395,16,15,78,46,28,25,10,84,165,62,602,30,94,17,62,3.14,2.64,205.16,410.14,45.44,170.13,31.17,3.71,25.8,4.15,20.81,4.16,10.81,1.67,10.29,1.41,19.23,19.23
365,16,14,83,44,31,28,15,83,134,49,489,25,85,20,55,2.94,2.55,206.77,413.44,46.46,172.09,31,3.39,25.34,4,18.55,3.52,9.04,1.37,8.28,1.17,17.19,17.19
418,17,13,83,40,30,31,14,94,154,47,489,24,96,43,58,3.03,2.31,154.58,308.39,34.16,128.56,23.44,2.81,19.44,3.15,15.46,3.21,8.35,1.28,8.09,1.11,15.66,15.66
383,15,10,74,28,23,29,10,95,141,41,478,23,101,20,60,2.64,1.98,80.3,173.95,19.82,74.63,13.62,2.01,11.8,1.93,10.02,2.1,5.65,0.88,5.57,0.78,13.97,13.97
384,15,13,82,26,27,32,15,84,200,39,453,23,97,26,60,2.53,1.97,99.04,200.54,22.7,85.29,15.61,2.17,13.06,2.08,10.55,2.09,5.62,0.87,5.46,0.76,13.61,13.61
355,16,13,110,56,25,32,18,64,146,57,919,33,103,18,65,2.34,3.06,272.63,481.11,53.32,203.96,36.42,4.21,29.91,4.64,20.85,3.94,10.69,1.53,9.6,1.33,27.87,27.87
272,14,11,87,24,20,28,10,65,227,40,524,23,93,25,62,2.06,2.29,80.92,157.67,17.63,68.09,12.54,1.89,10.67,1.81,9.33,1.97,5.43,0.82,5.25,0.72,13.79,13.79
178,19,18,129,17,45,55,19,37,97,26,290,24,79,45,103,2.33,2.56,56.05,120.03,13.54,52.45,9.84,1.73,8.33,1.38,6.97,1.41,3.85,0.58,3.71,0.53,11.37,11.37
215,15,12,118,28,72,33,18,42,64,26,448,24,123,49,229,1.92,2.23,108.14,202.39,22.59,86.71,15.72,2.07,13.98,2.09,10.14,2,5.11,0.8,5.13,0.72,11.34,11.34
256,15,15,139,22,48,33,20,51,75,26,484,32,120,37,149,2.21,2.49,96.67,185.88,20.65,79.63,14.56,2.09,13.33,2.06,10.77,2.26,5.94,0.95,6.11,0.87,13.36,13.36
303,14,12,109,16,30,29,14,66,117,29,347,12,98,25,129,1.92,1.53,51.47,102.78,11.71,45.78,8.75,1.66,8.24,1.31,7.02,1.48,3.96,0.63,4.06,0.58,9.97,9.97
488,17,18,116,78,31,39,20,96,162,81,415,45,105,25,102,2.11,3.08,355.36,705.58,86.76,297.28,53.99,6.08,44.11,6.84,31.82,6.02,14.89,2.14,12.63,1.7,13.41,13.41
369,18,16,152,40,29,35,18,78,138,61,490,40,98,28,66,2.48,2.75,180.64,338.88,42.21,169.45,30.72,4.06,25.97,4.31,20.63,3.32,9.76,1.68,9.26,1.23,16.41,16.41
393,14,16,60,41,30,25,10,125,161,57,436,21,103,18,74,4.53,2.42,153.78,310.54,34.92,128.5,23.41,2.92,19.78,3.1,14.84,2.89,7.44,1.1,6.81,0.95,14.16,14.16
376,15,11,76,27,29,25,11,83,124,38,401,23,96,82,58,2.85,2.34,111.97,222.06,25.18,92.76,17.06,2.25,14.14,2.3,11.51,2.31,5.99,0.95,5.94,0.83,14.35,14.35
468,17,16,93,23,31,37,17,118,115,39,417,21,109,119,64,3.08,2.22,74.59,170.15,19.5,73.48,13.27,2.02,11.58,1.93,10.18,2.1,5.75,0.92,5.75,0.81,14.15,14.15
391,18,14,84,25,26,36,14,141,117,41,394,25,100,52,70,3.43,2.16,81.61,179.36,20.52,75.2,14.02,2,11.82,1.97,9.57,1.94,5.2,0.81,4.92,0.69,13.41,13.41
399,14,16,88,25,16,32,14,108,119,39,399,24,118,21,69,2.58,2.03,76.06,167.47,18.99,71.41,13.01,2.1,11.17,1.83,9.3,1.93,5.13,0.8,5.09,0.71,11.45,11.45
366,15,15,97,26,17,32,15,102,125,45,537,27,106,20,60,2.47,2.23,94.35,178.94,20.22,77.71,14.66,2.38,12.45,2.11,10.92,2.26,6.24,0.94,6.09,0.84,14.98,14.98
274,15,11,94,21,19,95,14,77,177,37,460,24,102,34,58,2.03,2.37,65.44,139.97,15.53,59.79,10.99,1.75,9.27,1.58,7.96,1.62,4.54,0.69,4.4,0.6,12.22,12.22
157,19,15,137,14,14,37,16,48,119,27,290,25,141,56,49,2.29,2.7,44.74,88.83,10.84,42.29,8.16,1.47,7.04,1.24,6.61,1.39,3.71,0.56,3.57,0.48,7.88,7.88
208,16,12,145,25,56,38,18,66,73,29,459,37,127,41,183,2.23,3.39,120.59,206.7,22.9,86.75,15.41,2.36,13.05,2.02,9.32,1.83,4.95,0.73,4.56,0.64,12.73,12.73
256,15,11,100,19,85,33,15,74,108,26,366,28,110,62,143,2.06,2.72,65.47,130.5,14.61,56.16,10.35,1.66,8.87,1.47,7.42,1.57,4.34,0.66,4.27,0.59,9.43,9.43
300,14,12,117,20,21,28,16,50,99,28,373,17,77,24,130,1.95,1.58,74.79,139.71,15.67,60.47,11.26,1.83,10.37,1.64,8.73,1.83,4.84,0.77,5.01,0.7,11.29,11.29
362,15,11,96,8,26,41,14,83,222,26,311,16,106,39,54,1.85,1.09,40.49,76.73,33.75,8.65,6.50,1.45,5.76,1.14,6.66,1.26,3.87,0.59,4.05,0.60,11.65,11.65
417,17,12,106,9,21,46,15,114,238,30,288,23,117,43,65,2.14,1.24,60.79,114.14,49.02,12.66,8.82,1.55,7.63,1.30,7.26,1.29,4.05,0.63,4.02,0.62,10.29,10.29
367,16,9,151,10,16,31,18,144,69,27,294,19,68,27,56,1.80,1.20,36.23,72.03,34.28,8.14,7.09,1.43,6.11,1.20,7.22,1.37,4.26,0.65,4.54,0.71,4.96,4.96
389,16,10,123,12,14,32,16,131,64,30,333,19,69,27,49,1.81,1.05,36.73,71.20,33.35,8.12,6.97,1.43,6.14,1.15,7.32,1.46,4.50,0.71,4.77,0.72,7.03,7.03
373,17,13,129,13,25,35,20,161,76,34,271,21,87,26,50,1.79,1.02,40.17,74.00,35.87,8.92,7.33,1.55,6.43,1.26,7.24,1.45,4.62,0.69,4.89,0.72,7.92,7.92
390,15,11,118,12,18,32,17,160,126,29,268,17,82,31,59,1.70,1.08,51.28,96.06,45.40,11.13,8.42,1.69,7.72,1.37,7.69,1.53,4.96,0.73,5.24,0.76,13.98,13.98
312,16,12,109,9,10,39,14,71,143,28,313,22,88,24,39,1.90,1.34,102.78,181.63,75.13,20.02,12.24,2.27,10.50,1.76,9.14,1.74,5.71,0.86,5.45,0.81,10.93,10.93
305,16,14,116,7,15,68,22,52,165,26,270,24,168,47,44,1.68,1.21,39.26,76.21,33.81,8.32,6.32,1.41,5.97,1.16,6.60,1.24,4.00,0.60,3.85,0.55,10.49,10.49
338,14,10,109,8,20,42,18,82,169,26,315,19,108,28,49,1.91,1.35,55.45,102.26,45.07,11.43,7.55,1.51,6.68,1.14,5.82,1.06,3.35,0.53,3.18,0.50,11.14,11.14
290,13,9,116,5,20,43,14,91,185,23,228,19,94,36,49,1.92,1.41,40.99,76.95,35.61,8.92,7.02,1.46,5.80,1.03,5.73,0.97,3.17,0.51,3.01,0.47,9.00,9.00
313,14,9,102,8,19,36,13,78,182,24,303,16,89,25,53,1.70,1.42,49.40,91.21,41.76,10.31,7.18,1.38,6.18,1.09,5.97,1.08,3.53,0.54,3.46,0.56,11.11,11.11
366,15,9,108,9,25,36,16,94,151,26,308,18,103,26,47,1.74,1.45,57.98,105.88,47.96,12.45,8.10,1.65,7.17,1.23,6.07,1.05,3.42,0.49,3.39,0.50,11.78,11.78
348,15,10,111,9,21,41,18,96,146,27,308,18,97,26,48,1.87,1.44,46.23,85.95,40.11,10.16,7.31,1.48,6.30,1.19,6.31,1.23,3.82,0.61,3.94,0.59,11.75,11.75
430,18,12,111,9,24,69,19,117,214,32,281,17,142,54,77,2.07,1.31,46.31,87.83,39.65,10.05,7.54,1.52,6.51,1.21,6.36,1.28,4.05,0.65,4.12,0.61,9.26,9.26
417,16,11,118,9,23,54,18,101,199,31,338,34,137,35,54,2.31,1.31,50.60,97.99,43.02,10.66,8.05,1.67,7.16,1.40,8.07,1.61,5.19,0.80,5.34,0.81,13.09,13.09
333,15,9,131,10,22,30,16,156,80,29,302,20,76,29,53,2.28,1.26,59.92,114.11,49.93,12.86,10.03,1.63,8.72,1.55,8.99,1.71,5.27,0.80,5.23,0.77,11.12,11.12
437,19,9,117,9,17,29,12,155,64,28,276,19,63,25,45,2.20,1.29,49.43,93.63,42.52,11.12,8.45,1.72,7.63,1.33,7.76,1.46,4.47,0.69,4.54,0.65,9.28,9.28
311,15,7,122,8,25,27,13,115,90,25,329,17,72,25,50,1.82,1.05,50.80,92.94,38.69,9.75,7.13,1.66,7.07,1.48,9.58,2.02,6.40,1.00,5.37,1.06,11.00,11.00
316,14,10,149,11,20,38,19,170,72,31,261,19,78,33,63,1.74,1.14,95.89,173.88,73.72,19.57,13.48,2.29,11.79,1.83,9.55,1.75,5.21,0.80,4.72,0.72,14.24,14.24
333,16,10,112,10,21,47,15,148,92,31,266,17,113,43,52,2.02,1.27,110.47,214.61,84.76,21.06,13.04,2.34,11.35,1.58,8.55,1.40,4.54,0.63,3.89,0.57,9.76,9.76
331,18,11,137,10,21,35,16,137,113,28,274,21,79,31,56,1.83,1.27,62.27,111.13,47.31,12.37,8.08,1.80,7.54,1.27,6.61,1.30,3.96,0.62,3.80,0.56,8.87,8.87
363,19,11,111,9,23,49,22,136,110,26,220,18,120,54,67,2.08,2.43,52.89,99.95,44.25,11.00,8.37,1.43,6.65,1.13,5.72,1.01,3.02,0.41,2.87,0.43,7.50,7.50
442,21,14,159,12,22,47,20,130,116,35,290,24,123,45,69,2.33,1.76,102.09,185.90,85.17,20.86,15.57,2.40,12.23,1.96,9.33,1.61,4.61,0.62,4.11,0.62,10.60,10.60
461,20,13,127,12,26,48,20,147,154,34,231,19,116,41,65,2.25,1.86,74.24,135.82,62.03,15.37,11.35,1.87,9.17,1.53,8.16,1.50,4.79,0.70,4.68,0.64,7.34,7.34
358,17,11,105,11,22,37,19,105,146,31,225,16,89,34,48,3.20,1.95,91.58,165.93,74.44,18.57,13.32,2.12,11.00,1.74,7.85,1.30,3.86,0.53,3.63,0.54,7.98,7.98
450,23,13,119,13,19,51,23,182,101,31,181,17,113,40,53,2.79,1.97,89.82,162.56,73.69,18.45,13.47,2.17,10.52,1.52,6.42,1.05,3.13,0.41,2.85,0.40,6.17,6.17
361,16,14,105,7,25,63,19,112,242,27,266,19,147,62,94,1.75,1.03,42.16,83.14,35.80,8.86,6.85,1.44,5.91,1.11,6.50,1.26,3.97,0.59,4.14,0.60,9.75,9.75
384,16,12,132,8,21,59,20,93,212,35,297,38,144,36,72,2.20,1.11,58.53,113.69,49.79,12.37,10.14,1.66,8.86,1.79,11.34,2.26,7.28,1.13,7.72,1.09,11.01,11.01
252,14,10,125,11,24,36,14,131,108,28,283,18,87,20,46,1.95,1.02,57.03,105.90,48.10,12.38,9.10,1.66,8.17,1.44,8.24,1.57,4.84,0.73,4.64,0.70,9.56,9.56
301,15,14,87,13,23,50,17,142,150,32,248,15,102,37,61,1.94,1.04,41.54,78.28,35.08,9.02,6.86,1.42,6.26,1.14,6.98,1.38,4.50,0.70,4.24,0.67,10.65,10.65
300,14,12,130,13,21,43,21,162,70,35,280,20,80,42,72,1.69,1.12,47.86,89.99,41.25,10.65,8.04,1.65,7.30,1.21,6.84,1.35,4.35,0.64,4.36,0.62,11.10,11.10
285,13,10,151,11,22,29,20,152,72,28,243,23,74,30,66,1.67,1.16,52.23,97.14,45.32,11.31,8.67,1.65,7.11,1.15,6.39,1.21,3.74,0.58,3.58,0.54,10.74,10.74
315,15,8,119,10,17,26,13,125,82,25,320,17,62,21,37,1.91,1.28,47.04,85.75,39.29,10.11,7.19,1.48,6.32,0.98,5.33,1.03,3.07,0.48,2.89,0.41,8.01,8.01
228,15,10,153,11,23,32,19,149,62,30,306,22,70,30,60,1.83,1.38,51.95,94.95,41.99,10.73,7.94,1.43,7.69,1.52,8.72,1.88,5.30,0.78,5.48,0.81,8.25,8.25
311,17,10,150,12,22,37,18,156,87,30,330,19,72,27,46,1.62,3.19,45.50,83.78,38.68,9.79,7.36,1.28,6.26,1.03,5.12,1.02,2.85,0.44,3.09,0.46,7.94,7.94
456,21,13,156,11,34,49,19,140,118,31,303,24,124,58,69,3.07,1.80,56.52,105.57,48.95,11.92,9.66,1.83,7.71,1.41,7.61,1.37,4.01,0.60,4.14,0.58,9.25,9.25
447,22,12,128,13,25,49,18,142,129,38,202,18,109,45,66,3.22,1.97,95.04,173.87,78.43,19.85,14.50,2.25,11.37,1.82,8.57,1.50,4.16,0.60,3.81,0.55,6.43,6.43
382,20,12,122,10,26,49,21,131,146,31,209,17,107,38,64,2.70,2.08,84.47,153.60,71.48,17.47,12.94,2.12,10.79,1.79,9.62,1.76,4.95,0.69,4.84,0.68,7.17,7.17
402,19,12,125,10,31,37,16,132,135,29,258,17,97,35,67,2.30,1.73,53.36,96.97,45.43,10.98,8.39,1.57,6.94,1.31,7.58,1.47,4.47,0.67,4.52,0.67,8.93,8.93
426,17,12,123,8,22,79,22,122,195,34,302,25,191,54,65,2.13,1.46,45.74,78.45,37.73,9.75,7.34,1.31,7.70,0.99,6.35,1.35,3.79,0.52,3.62,0.54,10.88,10.88
369,16,11,115,8,18,54,20,96,250,31,297,27,136,27,49,3.32,1.08,46.14,80.34,37.30,9.52,6.89,1.24,7.41,0.90,6.09,1.25,3.69,0.54,3.73,0.51,9.92,9.92
344,16,10,108,10,31,43,19,91,196,33,268,36,103,25,50,2.79,1.03,48.00,93.14,39.21,10.22,7.36,1.30,7.79,1.03,7.12,1.45,4.51,0.64,4.44,0.65,8.61,8.61
321,16,11,133,11,20,39,18,65,134,33,307,33,87,27,48,2.11,1.16,80.50,149.04,65.41,16.58,11.63,1.92,9.84,1.85,9.31,1.81,5.49,0.85,5.72,0.87,9.74,9.74
329,16,13,105,7,24,52,19,91,185,30,266,20,111,39,60,1.63,1.22,36.00,68.74,31.42,7.69,6.35,1.44,5.38,1.15,6.54,1.37,4.36,0.66,4.25,0.63,8.17,8.17
385,16,15,121,7,22,66,23,84,164,31,288,26,140,34,59,1.81,1.33,52.75,97.06,43.53,10.89,8.20,1.61,7.22,1.40,7.77,1.55,4.76,0.73,4.65,0.75,10.01,10.01
367,18,13,119,10,22,47,21,127,118,31,310,19,105,53,53,2.35,1.82,76.04,138.63,62.75,15.93,11.03,1.89,9.10,1.60,7.50,1.40,4.10,0.59,3.79,0.60,11.35,11.35
406,24,16,130,10,19,66,26,157,80,33,211,19,135,33,39,2.77,1.89,81.72,143.88,65.31,16.62,11.57,2.24,9.46,1.67,7.94,1.48,4.32,0.65,4.25,0.63,7.15,7.15
290,15,13,106,5,30,46,16,110,119,25,228,17,116,55,79,1.77,3.33,39.69,73.13,33.60,8.44,6.31,1.31,5.38,1.00,5.44,1.06,3.37,0.52,3.61,0.54,8.91,8.91
250,14,12,89,7,28,35,18,79,165,25,211,15,86,55,74,2.06,1.85,56.48,101.16,45.98,11.58,8.71,1.58,7.03,1.28,6.12,1.20,3.66,0.55,3.65,0.55,8.09,8.09
450,18,12,122,10,30,53,15,138,172,33,268,20,115,41,70,2.36,1.99,63.55,118.12,54.78,13.56,10.15,1.89,8.47,1.49,7.30,1.38,4.08,0.64,4.13,0.64,9.43,9.43
374,18,11,119,10,40,51,19,111,143,30,261,16,119,33,108,2.36,1.95,61.77,111.12,50.15,12.78,8.94,1.83,7.60,1.42,6.74,1.26,3.74,0.57,3.53,0.54,8.75,8.75
344,18,9,107,11,35,36,17,93,152,31,313,17,99,30,82,2.47,1.99,97.05,176.83,80.58,20.28,14.43,2.18,11.72,2.12,9.81,1.79,5.15,0.76,4.93,0.71,10.12,10.12
394,16,12,107,8,24,57,22,107,237,30,268,21,125,39,54,2.08,1.11,47.21,81.94,38.82,9.96,7.37,1.28,8.29,1.08,7.43,1.57,4.74,0.69,4.87,0.69,9.20,9.20
443,18,12,115,9,23,60,20,102,243,32,278,34,138,32,65,2.44,1.13,47.28,83.16,37.93,9.86,6.87,1.43,7.54,1.12,6.65,1.51,4.25,0.64,4.15,0.69,7.83,7.83
392,18,11,124,10,27,52,23,99,166,33,299,27,118,27,66,2.39,1.18,49.62,87.05,40.99,10.52,7.53,1.41,7.72,1.12,5.92,1.27,3.89,0.58,3.87,0.69,8.46,8.46
297,16,12,121,8,22,46,20,84,177,29,281,24,106,30,57,0.54,0.23,10.73,20.70,9.69,2.34,1.97,0.33,1.53,0.27,1.52,0.29,0.96,0.15,1.00,0.18,2.23,2.23
307,16,12,115,7,23,58,21,82,196,29,284,23,133,43,60,2.01,1.28,37.11,72.41,31.86,8.18,6.70,1.45,6.31,1.32,8.32,1.53,5.02,0.89,5.98,0.95,9.18,9.18
281,17,12,120,8,16,58,20,96,151,32,265,29,128,33,48,2.53,1.73,56.42,105.31,46.04,11.89,8.99,1.67,8.06,1.53,9.02,1.73,5.50,0.90,5.97,0.90,9.85,9.85
308,18,13,120,9,20,48,23,88,127,27,261,17,115,42,56,1.81,1.42,57.11,106.13,47.23,12.09,9.06,1.60,7.19,1.27,6.93,1.24,3.73,0.58,3.67,0.58,7.74,7.74
295,15,11,107,8,24,48,18,92,137,26,293,16,107,33,59,1.74,1.41,49.72,91.83,41.12,10.68,7.55,1.47,6.44,1.13,6.02,1.00,3.29,0.53,3.31,0.51,8.93,8.93
297,17,13,159,7,30,68,22,119,125,25,228,20,150,52,87,2.21,2.95,55.79,103.66,46.84,11.97,8.47,1.75,7.23,1.19,5.90,1.07,3.39,0.54,3.31,0.48,9.73,9.73
375,19,11,130,8,32,54,18,145,151,28,201,19,123,57,67,3.15,2.38,94.66,171.03,76.53,19.60,13.81,2.36,11.86,1.99,9.90,1.71,4.98,0.77,5.08,0.73,7.88,7.88
463,23,14,125,12,41,63,20,168,162,32,202,17,128,70,144,2.90,1.86,67.75,123.56,54.06,14.11,9.92,1.77,8.36,1.47,7.37,1.21,3.75,0.57,3.51,0.52,6.63,6.63
374,19,11,111,12,29,42,18,130,140,36,251,17,94,31,78,2.74,2.12,92.40,163.50,73.41,19.25,13.50,2.02,11.05,1.93,10.15,1.80,5.58,0.93,5.71,0.83,8.65,8.65
430,17,10,118,9,19,38,19,100,167,40,380,18,97,33,80,2.31,2.01,134.08,244.46,107.95,28.61,19.92,2.55,16.54,2.71,13.87,2.41,7.55,1.14,7.25,1.09,11.18,11.18
379,18,11,100,10,27,59,17,109,175,32,277,22,153,37,54,2.06,1.12,40.96,77.01,33.17,8.62,6.73,1.34,5.91,1.19,7.13,1.35,4.42,0.75,4.70,0.68,7.20,7.20
371,17,11,115,8,52,53,19,89,182,29,268,26,129,39,54,2.19,1.18,43.50,81.41,34.81,9.11,6.76,1.38,6.17,1.17,6.65,1.21,3.93,0.61,4.17,0.60,8.88,8.88
278,15,13,149,7,18,43,20,67,152,28,252,25,100,36,53,1.79,1.14,32.79,61.08,28.38,7.10,5.50,1.27,5.70,1.16,6.83,1.23,3.84,0.59,3.97,0.55,8.29,8.29
326,17,10,95,9,28,52,18,93,178,24,237,15,111,32,60,1.88,1.25,33.73,63.97,29.89,7.34,5.61,1.34,5.43,1.03,6.09,1.10,3.42,0.50,3.83,0.53,8.43,8.43
286,15,12,105,7,28,49,21,76,198,26,247,19,111,38,99,1.80,1.35,46.20,85.17,38.86,9.82,7.58,1.52,7.02,1.27,7.39,1.36,4.32,0.67,4.58,0.69,11.82,11.82
310,15,11,124,7,23,43,15,82,223,26,326,22,102,31,51,1.70,1.50,51.98,93.11,42.83,10.94,7.92,1.66,7.45,1.28,6.76,1.14,3.53,0.53,3.66,0.51,7.97,7.97
273,15,14,112,5,23,51,18,97,280,24,229,17,101,46,57,1.50,1.13,35.79,68.28,31.52,7.86,6.26,1.29,5.51,1.01,5.40,1.01,3.00,0.45,3.11,0.45,8.47,8.47
238,13,11,96,4,18,43,25,53,163,22,236,17,94,37,46,2.06,1.77,35.23,62.45,29.67,7.47,5.56,1.18,5.42,1.00,5.50,1.05,3.26,0.51,3.55,0.52,9.40,9.40
253,12,8,91,6,22,35,17,68,152,23,253,15,88,19,59,2.13,2.27,56.19,101.37,46.62,11.89,8.64,1.70,7.58,1.30,6.84,1.23,3.78,0.56,3.93,0.58,6.52,6.52
329,20,12,123,9,45,65,26,112,143,28,202,19,126,51,83,2.29,1.97,52.05,97.20,44.70,11.34,8.30,1.54,7.23,1.24,6.35,1.09,3.28,0.49,3.34,0.48,8.51,8.51
320,18,12,112,8,40,51,19,112,233,28,234,16,106,42,137,2.47,1.79,78.50,141.21,63.51,16.42,11.62,1.94,10.22,1.75,8.88,1.58,4.61,0.66,4.57,0.63,5.43,5.43
386,20,13,124,11,33,43,19,130,159,33,214,18,111,52,101,2.62,1.94,91.63,167.47,74.14,19.55,13.24,2.00,11.88,1.95,9.40,1.62,5.02,0.70,4.55,0.68,8.47,8.47
392,22,13,116,11,28,55,19,156,143,37,263,18,106,45,86,1.77,1.16,40.75,78.21,35.42,9.01,7.11,1.62,7.14,1.49,8.95,1.70,5.19,0.84,5.51,0.72,8.76,8.76
250,14,10,115,2,23,61,14,90,252,28,258,28,130,41,47,1.77,1.16,40.75,78.21,35.42,9.01,7.11,1.62,7.14,1.49,8.95,1.70,5.19,0.84,5.51,0.72,8.76,8.76
391,16,11,111,9,21,45,16,95,182,27,263,18,95,35,48,1.86,1.20,40.18,76.35,32.76,8.39,6.43,1.34,5.82,1.07,5.80,1.13,3.62,0.56,3.45,0.55,7.83,7.83
293,16,11,118,8,32,37,16,98,144,26,201,20,111,36,57,1.91,1.26,35.13,65.88,30.21,7.24,5.87,1.32,5.48,1.09,6.23,1.22,3.80,0.61,3.68,0.57,6.34,6.34
302,15,11,134,7,25,40,15,65,151,24,274,21,82,31,52,1.47,1.17,47.75,86.60,37.77,9.44,7.13,1.51,6.21,1.13,6.13,1.19,3.85,0.60,3.87,0.65,10.74,10.74
313,13,13,90,7,44,48,16,89,172,24,219,15,84,39,129,1.61,1.19,49.29,90.08,40.34,10.05,7.57,1.40,6.42,1.15,5.75,1.06,3.32,0.53,3.21,0.51,5.81,5.81
347,17,12,107,10,19,47,16,90,142,26,283,18,100,32,53,1.76,1.29,39.43,74.83,31.98,7.96,6.03,1.29,5.54,1.02,5.93,1.15,3.61,0.60,3.78,0.54,9.66,9.66
310,17,11,162,6,20,42,21,105,129,24,238,20,114,38,49,2.01,1.90,46.43,83.84,36.61,9.19,7.02,1.42,6.03,1.09,5.63,1.12,3.33,0.53,3.18,0.47,9.28,9.28
312,15,11,122,6,19,51,19,82,178,24,247,19,94,41,51,1.73,1.58,41.69,75.71,34.45,8.72,6.78,1.48,6.17,1.20,6.31,1.22,3.71,0.61,3.56,0.57,8.60,8.60
270,15,14,103,6,32,56,18,112,528,25,215,16,102,43,75,1.93,1.64,41.63,76.72,34.70,8.69,6.56,1.21,5.68,1.04,5.39,1.03,3.15,0.51,3.15,0.48,6.51,6.51
312,18,12,165,8,38,62,27,122,145,23,209,17,163,58,99,1.64,2.73,43.45,79.38,36.64,8.91,6.84,1.46,5.47,0.92,4.16,0.78,2.38,0.37,2.32,0.38,7.02,7.02
425,21,15,135,11,25,55,21,155,152,30,199,18,119,46,67,2.39,1.97,57.49,104.13,47.91,12.01,8.74,1.70,7.56,1.34,6.27,1.13,3.43,0.54,3.17,0.49,6.33,6.33
397,19,12,124,10,28,54,22,117,152,34,324,20,136,42,76,2.03,1.90,68.06,123.38,56.86,14.11,10.69,1.82,9.15,1.61,7.97,1.50,4.69,0.73,4.29,0.71,10.22,10.22
392,16,13,127,8,26,57,20,142,187,34,247,29,139,35,51,2.23,1.24,43.33,84.17,37.74,9.42,7.70,1.60,7.17,1.49,8.22,1.64,4.96,0.85,5.07,0.77,8.41,8.41
375,17,11,114,8,21,56,18,124,187,30,251,24,124,33,49,1.91,1.29,43.20,82.78,37.85,9.46,6.84,1.47,6.41,1.20,6.35,1.22,3.69,0.55,3.57,0.58,8.62,8.62
263,14,9,103,8,21,41,13,73,173,22,243,19,82,33,46,2.35,1.35,91.39,161.25,65.32,17.89,10.80,1.25,9.76,1.60,7.74,1.49,4.91,0.71,4.61,0.69,11.52,11.52
413,18,12,109,10,43,50,20,114,131,26,259,17,101,54,67,2.03,1.94,45.50,86.00,38.60,9.67,6.80,1.39,5.93,1.04,5.18,0.97,3.05,0.44,2.84,0.45,8.67,8.67
388,17,12,122,7,31,42,20,101,160,23,235,16,107,43,70,1.71,1.69,28.90,55.58,25.35,6.30,4.93,1.14,4.49,0.85,4.52,0.83,2.82,0.40,2.66,0.41,8.08,8.08
436,16,10,100,9,34,40,16,120,210,23,281,17,80,36,86,1.83,1.24,44.11,83.78,36.02,9.17,6.39,1.24,5.74,0.98,4.94,0.94,3.04,0.45,2.97,0.46,11.63,11.63
327,12,11,102,6,27,33,14,73,313,23,287,17,70,38,70,1.73,1.48,33.57,63.49,29.51,7.49,5.48,1.13,5.20,0.96,5.38,1.09,3.67,0.52,3.47,0.54,10.69,10.69
379,16,11,105,8,37,44,17,110,194,27,287,17,103,41,81,1.83,1.83,42.16,79.43,35.93,9.19,6.59,1.27,6.04,1.10,6.07,1.23,4.05,0.57,3.70,0.58,10.01,10.01
328,14,10,123,8,41,31,16,86,181,26,330,22,102,45,92,1.91,1.97,59.74,111.13,50.66,12.82,9.02,1.46,7.61,1.36,6.93,1.32,4.40,0.64,4.32,0.65,12.77,12.77
310,16,10,171,9,38,46,21,80,159,27,234,20,124,28,72,2.29,2.15,57.72,106.92,50.21,12.61,9.02,1.68,7.57,1.33,6.79,1.31,4.20,0.62,4.00,0.62,7.29,7.29
277,16,11,129,7,21,41,20,89,142,24,295,19,113,44,63,1.75,2.08,45.29,84.99,38.16,9.79,6.89,1.32,6.23,1.08,5.81,1.06,3.46,0.53,3.22,0.49,10.71,10.71
318,18,13,107,11,19,45,20,86,149,26,163,16,107,49,39,2.02,1.84,51.64,93.04,43.00,10.83,7.49,1.37,6.54,1.07,5.19,0.94,3.01,0.40,2.55,0.39,4.61,4.61
298,14,12,114,7,22,45,16,97,241,26,330,22,100,40,68,1.81,1.67,56.86,104.95,50.08,12.20,8.81,1.48,7.90,1.30,6.55,1.20,3.76,0.56,3.73,0.53,12.25,12.25
325,16,12,110,8,24,64,19,153,199,32,229,24,151,31,61,2.31,1.16,39.42,74.23,36.39,8.68,7.21,1.44,6.53,1.17,7.00,1.29,4.16,0.67,4.47,0.63,9.18,9.18
473,17,10,109,9,24,37,16,97,214,29,306,21,78,30,42,1.76,1.09,47.11,87.12,41.37,9.79,7.48,1.81,7.12,1.25,6.92,1.27,4.09,0.61,4.21,0.61,11.46,11.46
430,17,10,113,11,25,45,17,96,165,29,307,18,94,28,47,1.74,1.10,60.21,108.14,51.84,12.24,8.74,1.85,7.91,1.25,6.67,1.21,3.74,0.60,3.91,0.59,10.28,10.28
394,16,12,119,8,22,43,18,88,141,26,231,16,103,41,64,1.41,1.53,35.08,64.54,31.18,7.42,5.59,1.26,5.53,0.96,5.66,1.13,3.58,0.57,3.75,0.51,8.05,8.05
416,21,13,144,10,56,46,23,148,116,32,330,19,99,64,138,2.28,2.21,54.43,102.85,47.26,11.38,8.27,1.61,7.33,1.26,6.61,1.14,3.60,0.54,3.35,0.53,11.71,11.71
381,18,13,121,8,27,44,19,118,171,28,229,16,106,50,87,2.65,1.54,46.57,81.87,38.21,9.78,6.75,1.38,6.61,0.98,5.45,1.17,3.69,0.53,3.51,0.58,7.73,7.73
286,15,14,102,6,40,49,16,117,196,25,185,16,92,36,70,2.27,1.21,43.56,71.74,35.48,9.01,6.18,1.19,6.27,0.88,4.66,1.01,2.99,0.41,2.90,0.44,5.94,5.94
339,16,14,95,7,57,40,15,123,227,26,223,16,90,51,92,2.40,1.10,46.39,76.57,37.98,9.61,6.41,1.36,6.78,0.96,5.33,1.16,3.31,0.46,3.38,0.50,7.69,7.69
318,15,13,125,7,71,51,19,105,215,24,237,18,128,43,399,2.02,1.40,45.34,77.07,37.45,9.47,6.34,1.33,6.61,0.98,4.91,1.14,3.44,0.51,3.38,0.55,7.75,7.75
396,19,13,183,8,41,56,26,134,127,28,240,21,144,45,116,2.82,1.75,53.24,91.81,44.30,11.28,7.56,1.60,7.28,1.02,5.72,1.15,3.40,0.49,3.27,0.52,7.74,7.74
223,10,12,109,4,27,41,10,83,144,25,289,20,111,26,58,1.69,1.15,42.91,72.77,35.29,9.01,6.32,1.19,7.23,1.13,6.67,1.42,4.05,0.63,3.86,0.62,9.37,9.37
259,16,12,116,8,22,49,18,79,125,23,232,18,125,59,45,2.28,1.35,37.53,64.95,33.02,8.00,6.53,1.20,6.33,0.94,5.28,1.20,3.44,0.51,3.48,0.61,6.96,6.96
308,13,13,126,6,13,38,18,69,231,29,320,22,99,27,55,2.32,1.52,72.75,120.52,57.17,14.86,9.81,1.60,9.22,1.29,6.73,1.39,4.04,0.55,3.74,0.64,10.09,10.09
401,16,10,104,9,19,42,17,102,222,35,318,26,88,30,56,2.27,1.08,55.14,101.08,46.45,11.44,8.93,1.66,8.50,1.59,9.41,1.84,6.04,0.91,6.55,0.84,10.03,10.03
393,15,12,106,7,19,45,17,78,232,26,299,18,89,31,55,1.54,1.14,52.84,93.99,41.80,10.30,6.92,1.61,6.49,1.09,6.06,1.10,3.44,0.52,3.65,0.47,11.59,11.59
376,16,12,110,8,24,43,17,106,162,28,306,16,95,52,72,2.37,1.84,57.16,103.72,49.12,11.87,8.95,1.87,7.95,1.38,7.94,1.50,4.85,0.77,5.09,0.73,13.14,13.14
470,19,13,126,8,37,43,16,148,192,33,367,19,98,67,75,3.14,2.76,65.52,118.72,56.02,13.64,9.98,2.04,8.78,1.54,8.58,1.58,5.23,0.80,5.48,0.78,17.55,17.55
454,18,11,137,9,36,43,14,145,149,30,404,19,98,46,69,2.40,2.04,63.44,115.52,53.81,13.17,9.68,1.78,8.45,1.47,7.84,1.43,4.61,0.69,4.47,0.62,15.61,15.61
420,21,15,130,8,59,40,15,167,176,31,199,19,96,56,207,2.99,1.76,41.15,66.92,33.39,8.65,5.88,1.34,6.22,0.96,5.26,1.18,3.45,0.55,3.20,0.59,5.99,5.99
385,17,12,94,7,118,48,18,109,107,21,177,15,108,49,120,2.52,1.43,26.58,45.20,21.47,5.58,3.83,1.02,4.26,0.73,3.91,0.90,2.70,0.45,2.53,0.47,5.00,5.00
412,16,11,94,7,202,43,19,90,169,21,207,14,93,52,359,2.54,1.42,29.52,51.65,24.26,6.24,4.36,0.93,5.13,0.64,4.06,0.82,2.61,0.38,2.47,0.36,5.66,5.66
303,15,15,91,7,52,47,16,112,283,25,191,14,108,41,91,2.27,1.23,36.04,60.72,30.10,7.62,5.16,1.06,5.63,0.74,5.04,1.00,2.86,0.40,2.78,0.41,6.94,6.94
344,18,12,139,10,33,59,20,105,98,28,232,20,154,37,64,2.21,1.21,43.36,74.51,35.24,9.15,5.91,1.17,6.20,0.81,4.70,0.95,2.74,0.39,2.61,0.39,6.06,6.06
270,14,14,103,7,26,50,18,120,117,25,238,18,116,40,70,2.32,1.39,58.85,101.14,48.82,12.37,8.18,1.56,8.34,1.04,5.75,1.13,3.10,0.48,3.07,0.46,8.02,8.02
266,13,12,98,7,28,47,18,100,177,24,253,17,96,45,73,2.13,1.35,41.79,70.19,34.60,8.92,5.79,1.13,5.97,0.80,5.24,0.96,2.71,0.41,2.51,0.40,9.32,9.32
239,12,11,91,5,24,34,16,84,298,23,256,15,91,45,74,1.78,1.08,35.76,60.96,30.83,7.80,5.51,1.10,5.60,0.73,4.75,0.91,2.95,0.42,2.83,0.40,8.99,8.99
331,17,11,122,7,17,53,21,110,157,31,252,22,129,37,54,1.98,1.26,38.71,76.11,35.32,8.38,6.93,1.48,6.08,1.10,6.55,1.26,4.12,0.63,4.33,0.61,8.92,8.92
276,14,11,132,8,25,38,19,89,162,30,326,17,93,36,55,2.12,1.69,49.17,93.40,43.20,10.64,7.67,1.65,7.18,1.38,8.42,1.55,4.89,0.80,4.88,0.71,9.48,9.48
352,14,14,122,9,17,39,16,97,408,28,351,18,75,46,57,2.03,1.56,63.41,117.00,53.02,13.47,8.94,1.50,8.03,1.29,7.09,1.25,3.77,0.55,3.47,0.54,11.77,11.77
521,20,11,126,11,38,42,17,163,173,30,341,17,104,42,86,2.86,2.01,53.84,96.09,44.46,11.17,8.19,1.50,6.87,1.08,6.67,1.18,3.83,0.60,3.78,0.51,12.18,12.18
534,22,11,131,12,38,43,16,153,155,35,294,20,105,45,71,3.29,1.36,63.38,109.64,50.92,13.26,8.50,1.53,8.43,1.17,6.40,1.22,3.66,0.51,3.26,0.54,9.71,9.71
468,22,13,145,12,51,41,18,166,118,36,381,20,110,38,130,2.99,1.54,61.01,103.43,49.39,12.92,8.04,1.52,8.47,1.14,7.02,1.37,3.81,0.59,3.74,0.67,12.70,12.70
7827,30,13,150,18,16154,48,20,130,227,2,122,11,80,1079,3477,2.19,1.52,29.95,52.66,24.21,6.25,4.45,2.77,4.57,0.62,3.51,0.77,2.10,0.29,2.05,0.32,5.97,5.97
6222,19,13,147,10,4836,46,16,139,252,3,139,13,91,177,1751,2.22,1.37,31.45,54.52,26.30,6.67,4.62,2.75,4.77,0.62,3.92,0.75,2.16,0.30,2.15,0.32,4.84,4.84
435,19,12,118,11,135,41,15,156,98,29,248,18,102,38,101,2.82,1.30,59.10,105.04,53.41,12.06,10.23,1.47,8.73,1.27,7.73,1.55,3.94,1.02,5.01,1.03,8.11,8.11
231,12,11,113,6,53,34,16,71,115,22,190,18,87,33,78,1.75,1.23,49.29,83.29,38.43,10.18,6.68,1.28,6.80,0.87,4.83,0.92,2.95,0.53,2.96,0.51,5.61,5.61
331,16,11,104,10,28,51,16,84,104,25,228,13,108,26,62,2.41,1.16,38.72,67.29,31.82,8.29,5.40,1.11,5.63,0.81,4.69,0.90,2.61,0.48,2.94,0.48,7.48,7.48
255,13,13,97,7,32,49,15,96,163,23,223,15,99,56,75,1.90,1.23,35.89,60.20,28.90,7.60,5.10,1.06,5.70,0.88,4.86,1.05,2.95,0.56,3.01,0.57,6.89,6.89
290,15,12,99,7,26,48,18,109,196,25,245,17,109,49,80,2.24,1.26,37.48,65.17,31.73,8.11,5.70,1.23,5.63,0.77,4.58,0.98,3.09,0.44,2.79,0.44,8.38,8.38
450,18,12,115,10,27,52,20,132,167,33,330,18,120,32,72,2.52,1.22,43.65,76.37,36.37,9.25,6.76,1.35,6.49,0.88,5.41,1.06,3.46,0.54,3.54,0.51,12.11,12.11
419,18,12,117,11,23,49,17,126,141,33,341,17,107,43,71,2.53,1.16,49.78,84.97,40.18,10.40,7.35,1.39,7.09,0.95,5.86,1.17,3.65,0.52,3.70,0.53,11.15,11.15
447,18,12,119,11,29,56,17,134,154,31,299,18,121,40,66,2.23,1.23,41.21,71.83,34.87,8.76,6.20,1.37,6.30,0.89,5.32,1.04,3.37,0.49,3.48,0.56,9.70,9.70
470,17,13,108,9,34,49,16,141,215,31,360,19,100,44,73,2.52,1.14,66.32,111.45,52.42,13.54,9.81,1.67,9.97,1.52,9.73,2.02,6.53,0.97,6.22,0.88,11.42,11.42
463,17,14,119,10,38,36,13,161,399,32,334,19,91,48,90,2.42,1.13,55.25,93.13,43.72,11.39,7.92,1.57,7.70,1.01,6.12,1.24,3.98,0.62,4.04,0.59,12.11,12.11
547,23,15,125,10,61,50,18,207,108,34,213,19,118,50,167,4.29,1.27,51.05,86.26,39.87,10.37,7.10,1.44,6.96,0.97,5.59,1.15,3.33,0.53,3.56,0.54,10.48,10.48
523,18,11,108,10,159,50,19,118,126,28,256,19,115,54,167,2.52,1.29,34.78,60.71,29.23,7.38,5.53,1.23,5.49,0.80,5.16,1.03,3.16,0.44,2.88,0.45,7.46,7.46
411,21,14,131,10,50,43,16,195,111,31,248,18,114,50,80,2.43,1.36,54.17,96.54,43.69,11.52,7.69,1.30,7.59,1.04,5.37,1.09,3.08,0.49,3.34,0.54,9.10,9.10
261,14,12,112,7,34,48,20,105,127,24,237,18,110,29,73,1.77,1.38,43.28,74.76,35.94,8.97,6.53,1.16,6.53,0.87,4.82,0.94,2.72,0.47,2.80,0.50,8.44,8.44
247,14,12,116,8,27,44,17,100,113,23,214,17,95,33,71,1.58,1.11,35.18,60.06,29.13,7.54,5.63,1.03,5.46,0.65,3.81,0.74,2.12,0.37,2.29,0.33,8.22,8.22
253,15,12,119,8,19,48,18,87,106,26,247,16,128,35,54,1.56,1.28,38.33,66.92,32.50,8.19,6.44,1.19,6.05,0.88,4.81,1.02,2.72,0.46,3.06,0.49,8.86,8.86
301,18,11,103,10,31,59,20,144,118,27,195,15,133,53,101,1.90,1.51,32.93,56.89,27.45,7.14,4.97,1.01,5.41,0.67,4.33,0.90,2.51,0.40,2.61,0.46,6.18,6.18
458,17,10,113,10,26,43,18,134,157,30,401,19,101,35,62,2.08,1.11,50.16,87.80,41.21,10.79,7.54,1.36,7.77,1.09,6.48,1.26,3.67,0.60,3.78,0.65,14.06,14.06
377,15,11,109,8,24,43,17,117,168,32,336,19,115,33,53,2.03,1.14,52.45,89.74,43.89,11.25,7.65,1.39,7.76,1.08,6.36,1.29,3.74,0.63,3.76,0.66,12.01,12.01
385,16,12,102,10,26,45,17,128,169,31,350,20,103,31,57,2.05,1.11,52.92,92.85,44.65,11.27,7.95,1.38,7.83,1.05,5.86,1.16,3.38,0.53,3.49,0.58,12.52,12.52
352,15,11,105,9,23,43,15,99,172,30,406,20,116,28,56,1.70,1.04,54.79,96.77,46.53,12.09,8.52,1.32,8.71,1.14,6.46,1.21,3.61,0.66,4.24,0.66,14.40,14.40
457,19,13,118,10,30,50,16,154,134,32,264,18,110,36,67,2.36,1.34,47.15,80.39,38.94,10.08,7.11,1.28,7.03,0.92,5.19,1.03,3.03,0.48,3.31,0.55,8.64,8.64
349,17,12,98,9,43,46,17,131,111,27,216,15,104,45,147,1.90,1.14,34.51,59.22,29.27,7.49,5.32,1.15,5.31,0.77,4.66,0.92,2.62,0.45,2.67,0.46,7.66,7.66
318,13,11,93,7,107,40,19,96,91,23,219,16,97,53,217,1.79,1.22,36.07,61.10,30.07,7.56,5.51,1.09,5.32,0.72,4.01,0.83,2.40,0.38,2.47,0.43,7.65,7.65
315,16,12,103,8,57,47,18,125,115,27,255,15,110,37,146,1.86,1.69,33.22,63.65,28.75,7.47,5.68,1.03,5.06,0.99,5.60,1.08,3.45,0.50,3.20,0.50,7.98,7.98
342,16,11,116,9,43,45,16,128,97,27,301,18,101,42,83,2.11,1.65,43.06,80.80,36.06,9.37,7.07,1.06,5.89,1.03,5.39,0.95,3.18,0.47,2.63,0.40,8.79,8.79
315,17,12,111,9,32,53,17,126,116,28,253,18,130,37,92,1.81,2.21,34.35,64.47,29.08,7.69,5.78,1.00,5.12,0.94,5.61,1.04,3.25,0.51,3.02,0.44,6.59,6.59
213,12,13,104,7,29,52,24,83,113,24,246,18,104,31,56,1.90,1.57,40.80,75.18,33.34,8.89,6.48,1.02,5.80,1.04,5.46,0.99,3.19,0.55,2.99,0.47,6.74,6.74
236,14,13,111,8,23,53,20,99,104,26,270,18,125,54,57,1.99,1.27,46.67,79.24,38.77,9.93,6.85,1.30,7.23,0.96,5.55,1.11,3.25,0.53,3.15,0.53,9.93,9.93
312,15,11,108,9,30,53,18,128,188,26,275,17,110,46,88,2.00,1.24,38.79,68.54,33.64,8.43,5.98,1.11,6.29,0.85,5.07,1.02,3.03,0.49,2.98,0.50,9.27,9.27
485,19,12,123,12,50,50,15,149,115,35,376,18,117,34,77,2.70,1.37,49.64,86.80,41.74,10.69,7.36,1.43,7.78,1.05,6.02,1.26,3.69,0.59,3.78,0.62,13.44,13.44
492,21,13,134,12,28,55,15,172,109,37,337,20,139,41,78,2.96,1.48,52.35,92.19,43.46,11.32,7.66,1.43,7.93,1.05,5.92,1.19,3.51,0.57,3.49,0.56,11.01,11.01
455,18,12,119,11,25,52,18,128,151,32,337,19,120,33,62,2.42,1.20,49.71,86.48,42.41,10.87,7.66,1.40,8.12,1.08,6.49,1.32,4.00,0.64,3.82,0.65,12.55,12.55
399,17,11,117,10,28,47,16,135,156,31,329,19,116,31,64,2.45,1.20,47.55,81.98,40.82,10.26,7.16,1.34,7.50,1.00,5.81,1.20,3.51,0.56,3.48,0.59,11.67,11.67
397,16,11,115,11,30,43,17,116,164,31,376,19,102,34,61,2.22,1.09,51.65,89.84,44.43,11.21,7.80,1.40,8.28,1.12,6.56,1.34,4.06,0.67,4.03,0.66,13.35,13.35
408,16,12,112,10,40,61,16,119,157,33,311,17,125,34,110,2.43,1.28,49.09,85.19,42.80,10.80,7.67,1.47,7.95,1.06,6.03,1.22,3.62,0.57,3.37,0.55,10.23,10.23
340,16,13,100,10,55,55,16,115,120,29,282,18,114,37,125,2.34,1.23,46.59,78.62,40.61,10.13,7.22,1.30,7.83,1.06,6.37,1.37,4.03,0.64,3.89,0.67,9.05,9.05
365,15,9,117,12,59,40,16,104,91,28,340,19,111,27,122,2.07,1.13,41.32,72.76,35.23,8.95,6.22,1.17,6.52,0.90,5.21,1.09,3.29,0.52,3.27,0.54,11.39,11.39
424,19,13,119,11,49,52,18,149,109,32,292,19,128,38,93,3.00,1.41,43.58,77.99,38.11,9.56,6.92,1.37,7.35,1.00,5.98,1.24,3.63,0.57,3.57,0.56,10.25,10.25
400,17,14,108,11,42,52,14,122,188,30,264,17,108,41,77,2.44,1.25,45.35,78.34,35.86,8.85,6.97,1.43,6.96,0.99,5.18,1.22,3.44,0.60,3.49,0.54,8.45,8.45
221,12,15,92,6,27,46,16,105,146,24,235,16,98,49,77,1.91,1.19,44.59,79.58,34.32,8.81,6.34,1.25,6.15,0.88,5.02,1.01,2.90,0.47,2.97,0.47,9.08,9.08
284,14,14,103,9,25,57,14,84,116,26,232,16,117,35,58,1.95,1.36,49.25,85.55,41.69,10.77,7.48,1.41,7.16,0.98,5.34,1.08,3.07,0.49,3.00,0.47,7.95,7.95
323,17,13,104,10,23,66,18,101,156,29,253,17,126,33,60,2.18,1.32,42.71,74.71,37.07,9.43,6.72,1.31,6.54,0.96,5.56,1.15,3.43,0.56,3.43,0.51,9.00,9.00
