SiO2  ,Al2O3 ,Fe2O3 ,MnO ,MgO ,CaO ,Na2O ,K2O ,TiO2 ,P2O5 
61.13,11.83,7.4,0.11,3.03,3.63,2.13,1.26,1.24,0.1
64.87,12.18,7.06,0.09,2.44,3.17,2.01,1.75,0.96,0.13
61.92,11.02,7.64,0.1,3.8,4.17,1.51,1.9,1.05,0.21
63.72,11.34,7.46,0.1,3,4.02,1.88,1.55,1.04,0.15
59.55,13.22,7.33,0.1,3.52,3.33,1.56,2.43,0.99,0.17
61.76,13.36,6.56,0.09,3.67,3.02,1.81,2.33,0.91,0.11
64.53,13.24,6.25,0.09,3.36,2.54,1.63,2.36,0.86,0.09
62.97,13.65,6.19,0.09,3.09,2.81,1.06,2.79,0.95,0.14
67.5,10.57,5.57,0.1,2.35,3.44,1.2,2.01,0.94,0.14
63.76,11.57,4.96,0.08,2.67,4.55,1.49,2.32,0.84,0.15
60.15,13.13,5.82,0.09,2.53,4.28,0.62,2.56,0.79,0.13
52.5,15.66,5.71,0.08,2.56,2.55,7.25,2.35,0.75,0.08
62.15,13.7,6.35,0.09,2.62,1.83,0.56,2.58,0.82,0.09
59.6,15.28,7.38,0.09,3.12,3.03,1.49,1.57,0.83,0.11
65.48,12,6.48,0.09,2.71,3.22,1.64,2.06,0.83,0.24
60.63,11.16,7.78,0.11,5.09,3.47,1.15,1.93,0.75,0.22
63.94,11.53,7.97,0.1,3.73,3.07,1.38,1.8,0.92,0.15
62.18,14.07,6.61,0.09,3.12,2.49,1.75,2.48,0.82,0.15
62.59,13.56,6.04,0.09,2.92,3.55,2.32,1.99,0.89,0.12
59.31,15.29,6.92,0.09,3.73,3.19,1.65,2.28,0.91,0.15
58.84,14.91,6.23,0.09,3.12,2.69,1.12,2.89,0.86,0.13
66.91,11.37,6.13,0.1,2.48,2.46,0.94,2.14,0.86,0.13
58.46,13.3,5.93,0.1,3.43,4.38,1.47,2.61,1,0.16
64.62,10.27,5.28,0.09,2.73,4.14,1.1,2.11,0.8,0.2
65.59,11.1,5.09,0.09,2.6,4.09,0.92,2.33,0.85,0.2
63.43,11.94,5.66,0.09,2.83,4.36,1.11,2.38,0.79,0.13
64.09,12.83,6.23,0.08,1.99,2.86,2.05,2.33,0.79,0.16
57.64,11.3,7.17,0.09,3.35,4.78,1.05,2.26,0.87,0.31
62.25,12.81,7.56,0.11,2.91,2.73,1.33,2.35,0.87,0.13
68.23,10.92,7.69,0.1,2.77,2.16,0.11,1.73,0.87,0.15
70.95,11.38,6.43,0.08,2.37,2.16,0.15,1.76,0.86,0.11
54.82,13.84,8.43,0.11,4.34,4.95,1.51,2.03,1.09,0.18
55.71,15.65,7.39,0.1,3.7,3.26,1.25,2.97,0.92,0.17
60.32,13.23,5.79,0.1,3.41,3.56,1.33,2.61,0.9,0.19
57.59,13.98,6.19,0.1,3.51,4.45,1.13,2.46,0.88,0.16
64.35,13.03,5.41,0.09,2.76,3.1,1.31,2.44,0.86,0.18
63.14,13.08,5.61,0.09,3.22,3.59,1.25,2.46,0.89,0.2
64.28,10.04,4.99,0.08,2.3,4.42,1.09,1.92,0.75,0.2
68.19,11.03,6.02,0.1,2.39,2.22,1.48,1.98,0.95,0.22
63.47,11.83,7.65,0.11,2.94,4.09,2.06,1.6,1.11,0.22
62.55,12.96,6.97,0.1,2.62,3.11,1.28,2.05,0.85,0.13
65.65,10.65,8.62,0.1,3.19,2.82,0.08,1.24,1.06,0.11
63.41,10.77,8.15,0.11,4.07,3.6,0.07,1.15,0.85,0.23
49.64,11.79,7.97,0.1,6.44,7.18,1.58,1.55,1.06,0.17
52.3,15.44,9.51,0.12,4.13,5.64,1.23,2.23,1.1,0.14
65.04,10.43,5.74,0.09,3.94,4.57,0.03,1.51,0.74,0.22
56.73,13.21,5.74,0.09,3.68,4.37,1.79,2.38,0.77,0.24
56.08,13.99,6.78,0.09,3.59,4.71,1.18,2.28,0.86,0.14
52.09,13.1,5.44,0.09,3.25,7.21,2.45,2.07,0.83,0.09
59.74,13.45,6.36,0.09,3.88,3.54,1.2,2.32,0.85,0.14
60.82,14.87,5.63,0.08,2.97,3.91,1.12,1.82,0.7,0.08
65.25,10.74,5.65,0.08,2.55,3.34,1.6,1.87,0.85,0.13
57.03,14.39,8.36,0.11,4.15,3.86,1.72,2.1,1.07,0.21
67.1,11.51,7.53,0.1,3.21,2.27,0.12,1.66,0.84,0.12
67.18,11.08,6.94,0.1,3.68,2.33,0.16,1.81,0.85,0.13
62.89,11.64,8.04,0.1,3.64,3.28,0.12,1.65,0.97,0.2
60.49,13.74,8.64,0.1,3.93,2.59,0.07,2.02,1.08,0.12
46.24,10.39,7.64,0.1,8.22,9.8,0.05,1.29,0.66,0.17
55.64,11.94,7.74,0.11,4.43,4.79,1.29,2.11,1,0.29
56.48,13.08,6.92,0.1,3.51,5.82,1.11,1.96,0.85,0.18
59.46,14.24,7.18,0.09,3.18,3.42,1.72,1.9,0.91,0.15
59.01,13.37,7.99,0.1,3.65,3.63,1.52,1.92,0.94,0.13
62.83,11.93,6.15,0.1,3.31,4.28,2.01,1.56,0.87,0.1
59.42,10.96,5.76,0.09,3.41,5.97,1.59,1.81,0.81,0.11
67.05,12.59,5.39,0.08,2.64,2.38,1.32,2.12,0.79,0.09
61.29,13.48,9.57,0.11,3.56,2.85,0.08,2.24,1.33,0.27
54.85,13.84,9.69,0.12,4.75,4.53,1.6,2.21,1.44,0.16
52.72,12.53,8.47,0.1,5.49,5.55,1.39,1.77,1.06,0.15
55.9,12.83,8.65,0.1,6.62,3.26,0.07,2.16,1.04,0.18
53.78,15.14,8.11,0.1,4.29,3.62,1.35,3.54,1.02,0.28
59.27,14.66,7.11,0.09,3.41,2.73,1.26,2.73,0.89,0.14
65.17,10.26,6.5,0.09,3.35,4.23,0.04,1.78,0.84,0.16
59.92,12.04,7.54,0.1,3.56,3.25,1.38,1.44,0.92,0.16
57.94,11.63,10.32,0.13,4.23,3.8,1.15,1.35,1.44,0.08
60.71,12.6,7.18,0.09,2.84,3.49,1.31,1.87,0.93,0.09
64.95,10.39,5.69,0.09,2.88,3.97,2.14,1.47,0.86,0.09
70.63,11.72,6.6,0.09,2.17,1.57,0.07,1.79,0.76,0.08
67.82,13.01,7.12,0.1,2.17,2.1,0.02,2.07,0.81,0.08
49.26,13.23,8.62,0.1,4.9,7.84,1.45,1.7,1.16,0.15
53.73,16.49,10.24,0.11,4.07,2.86,1.11,2.92,1.12,0.12
52.48,13.72,6.95,0.09,5.39,5.24,1.11,2.85,0.94,0.2
51.14,17.17,7.16,0.08,4.85,4.71,2.56,2.18,0.82,0.15
57.51,12.8,6.28,0.09,3.39,6.07,1.22,2.62,1.01,0.16
53.28,14.6,7.81,0.1,6.63,4.12,0.06,2.66,1.01,0.2
62.39,15.14,5.39,0.07,2.34,3.43,1.08,2.79,0.79,0.12
62.32,15.36,5.81,0.07,2.49,3.48,1.01,2.98,0.82,0.12
60.53,15.81,6.38,0.07,2.61,3.31,0.95,3.17,0.86,0.13
67.48,12.15,6.91,0.09,2.6,1.95,0.09,1.93,0.81,0.09
67.79,12.18,6.92,0.1,2.76,1.95,0.08,1.93,0.82,0.08
65.27,12.96,6.61,0.1,2.22,3.03,0.28,2.28,1.06,0.21
56.33,10.88,5.58,0.07,5.06,6.45,0.15,2.63,0.79,0.17
54.66,10.46,6.89,0.09,5.82,6.76,0.14,1.9,0.93,0.17
47.6,10.64,6.43,0.08,7.19,9.08,0.93,2,0.89,0.22
58.23,15.69,7.85,0.1,3.47,2.29,1.28,3.05,1,0.11
58.18,13.44,6.3,0.09,3.15,4.02,1.67,2.4,1.02,0.15
57.8,13.95,5.34,0.09,4,5.32,0.16,3.6,0.87,0.18
51.25,17.08,7.94,0.08,3.94,4.44,1.73,3.59,1.02,0.16
58.8,14.65,7.56,0.1,3.79,3,1.31,2.89,0.95,0.14
65.22,11.94,6.92,0.1,2.95,3.5,1.86,1.64,0.85,0.15
68.87,11.26,7.37,0.1,3.82,3.35,2.22,1.26,0.98,0.14
67.02,11.05,6.93,0.1,2.65,3.32,2.46,1.65,0.86,0.15
53.42,11.57,7.99,0.11,4.2,5.78,1.94,1.67,1.22,0.36
61.32,11.64,7.15,0.1,3.48,4.23,0.22,2.05,0.94,0.18
44.04,11.87,5.7,0.07,6.9,11.11,1.39,2.24,0.87,0.4
50.25,14.31,7.88,0.1,4.3,7.02,1.22,3.25,1.21,0.22
59.8,12.88,5.71,0.1,2.97,3.83,1.53,2.46,0.92,0.17
56.49,15.48,7.49,0.09,3.88,3.23,1.06,2.87,0.95,0.1
56.09,16.23,7.41,0.09,3.52,2.71,1.16,3.4,0.99,0.12
65.06,12.2,7.53,0.1,2.63,2.24,1.5,2.11,0.77,0.11
63.05,11.42,7.51,0.11,3.03,3.79,2.42,1.05,1.04,0.09
65.97,11.47,7.65,0.1,3.15,3.47,1.83,1.55,0.86,0.13
59.01,12.34,6,0.09,3.3,4.05,1.74,2.22,0.75,0.2
55.79,13.27,8.75,0.11,4.44,5.08,1.24,1.8,1.1,0.16
62.49,11.12,7.27,0.11,3.34,4.4,0.13,2,0.85,0.24
61.04,11.71,9.67,0.15,3.4,3.93,0.11,1.65,0.99,0.12
67.28,11.8,5.87,0.12,2.17,3.45,0.24,1.81,0.7,0.11
60.85,13.73,7.61,0.1,3.22,3.12,1.34,2.45,1.02,0.15
61.44,14.08,7.24,0.1,3.13,3.04,1.51,2.27,0.96,0.12
57.47,13.74,6.74,0.1,3.45,4.19,1.18,2.4,0.95,0.17
59.83,14.33,7.1,0.1,2.92,2.79,1.39,2.55,0.86,0.1
56.9,14.91,7.94,0.1,3.85,2.9,1.43,2.74,0.87,0.13
54.43,13.75,8.6,0.12,4.5,4.13,1.57,2.27,1.03,0.13
52.74,12.73,7.68,0.12,4.89,4.86,1.49,2.07,0.93,0.16
58.67,13.71,6.32,0.1,2.84,3.84,1.91,2.11,0.81,0.11
63.8,13.89,6.67,0.1,2.58,1.88,1.25,2.37,0.83,0.08
58.16,18.31,7.3,0.09,2.32,2.04,1.4,3.35,0.96,0.13
57.95,14.03,9.43,0.11,3.43,3.3,1.49,2.14,1.26,0.14
54.01,12.83,7.34,0.11,4.57,5.06,1.5,2.11,0.97,0.16
50.27,14.32,10.15,0.14,3.92,3.86,1.5,2.19,1.11,0.17
66.96,11.52,6.45,0.09,2.58,2.94,0.15,1.98,0.88,0.1
63.65,12.97,7.13,0.1,3.26,2.81,0.14,2.15,1.03,0.15
57.92,14.52,8.45,0.11,2.94,3.16,1.35,2.13,1.2,0.12
56.89,14.07,8.25,0.11,3.88,3.39,1.32,2.52,1.1,0.15
52.72,13.68,8.37,0.11,3.83,5.46,1.77,2.1,1.05,0.16
60.54,13.43,7.37,0.11,3.27,3.37,1.96,2.14,0.83,0.13
62.1,12.08,5.63,0.1,2.38,4.06,2,2,0.65,0.11
62.94,13.01,6.37,0.1,2.8,3.47,1.62,2.09,0.86,0.1
65.98,11.61,5.54,0.08,2.63,3.16,1.39,2.24,0.81,0.23
61.19,15.96,6.97,0.62,2.54,2.09,1.42,3.14,1.22,0.56
62.77,12.03,7.49,0.11,2.84,4.23,0.16,1.67,0.96,0.18
55.68,11.71,7.15,0.1,4.04,6.22,1.12,2.32,0.97,0.19
61.5,12.16,6.71,0.12,3.35,3.23,1.19,2.58,1,0.16
61.96,13.82,7.15,0.12,3.06,3.01,1.01,2.49,0.88,0.18
61.62,13.28,6.44,0.11,3.07,2.69,1.44,2.17,0.9,0.16
59.56,13.95,6.5,0.09,2.72,2.17,1.3,2.13,0.8,0.09
58.27,13.88,8.33,0.11,3.51,2.47,1.08,2.48,0.93,0.09
57.85,12.72,8.51,0.13,3.63,3.89,1.6,2.08,0.92,0.12
58.98,12.45,7.31,0.11,3.19,3.6,1.46,2.06,0.82,0.13
60.28,12.51,7.17,0.1,3.09,3.8,1.42,1.78,0.87,0.1
58.91,13.79,7.77,0.1,3.06,2.47,0.99,2.02,0.9,0.1
59.66,13.66,6.99,0.1,2.82,2.64,1.08,2.11,0.93,0.07
57.39,14.23,9.62,1.69,3.73,2.97,0.08,2.72,0.73,0.82
58.66,17.53,8.69,0.13,2.18,2.11,0.1,3.5,1.53,0.16
57.14,16.4,8.43,0.12,3.1,3.23,1.4,2.58,1.14,0.13
58.13,14.04,7.21,0.09,3.3,4.26,1.36,2.56,1.11,0.17
58.45,13.01,7.01,0.1,3.43,3.94,1.51,2.26,0.91,0.18
64.64,11.69,7.78,0.08,3.3,2.78,0.18,2.02,1.06,0.12
52.8,13.86,9.04,0.09,4.98,4.41,1.02,2.13,1.09,0.12
53.53,13.93,9.45,0.11,3.65,3.91,1.39,1.98,1.22,0.13
55.55,13.51,8.64,0.11,2.91,4.36,1.84,1.74,1.35,0.21
59.68,12.78,6.67,0.1,3.39,3.95,1.84,2.16,0.9,0.14
59.26,12.24,7.57,0.12,4.06,3.37,1.21,2.1,0.87,0.19
57.43,13.3,7.67,0.11,3.79,3.79,1.07,1.91,0.91,0.1
61.53,12.93,6.63,0.09,3.32,3.77,1.43,2.13,0.85,0.2
63.58,14.66,6.55,0.09,2.32,2.06,0.19,3,1.04,0.29
58.61,15.75,8.76,0.11,3.06,1.99,0.11,3.24,1.11,0.24
59.48,14.54,6.61,0.09,2.71,3.04,1.63,2.92,1.17,0.31
61.84,12.79,6.94,0.11,3.08,3.94,0.15,2.13,1.16,0.24
58.77,13.66,8.21,0.11,3.62,3.16,1.1,2.3,0.91,0.14
61.64,11.76,7.17,0.1,3.34,4.02,1.24,2.23,0.98,0.12
62.05,11.13,6.96,0.1,3.89,3.39,1.25,2.24,0.9,0.15
59.77,12.3,8,0.11,3.47,3.7,1.1,2.25,1.03,0.15
52.67,11.38,7.34,0.1,5,7,1.01,1.92,0.9,0.13
50.02,11.1,7.98,0.1,5.11,8.56,0.9,1.58,1.2,0.23
54.85,12.59,7.31,0.09,4.36,5.09,0.89,2.31,0.97,0.13
55.55,12.74,7.48,0.1,4.54,5.53,1.1,2.43,1.05,0.28
51.27,10.59,5.54,0.08,5.3,9.92,0.97,1.87,0.97,0.32
59.26,13.21,8.44,0.13,3.52,2.41,1.71,2.09,1.10,0.11
60.98,13.50,7.30,0.11,3.32,2.42,2.17,2.19,0.87,0.09
69.02,13.90,3.24,0.06,1.85,1.53,2.68,2.52,0.45,0.07
61.84,13.01,5.72,0.09,3.51,3.13,2.19,2.01,0.68,0.21
63.02,14.06,6.37,0.09,3.12,1.74,1.77,2.27,0.69,0.11
61.39,14.82,7.00,0.09,2.80,2.69,1.98,1.82,0.79,0.11
60.92,14.67,7.29,0.10,3.22,2.77,2.55,2.20,0.88,0.10
64.16,13.64,6.56,0.09,3.16,2.25,1.47,2.12,0.77,0.07
62.30,13.83,6.76,0.09,3.52,2.95,1.16,1.91,0.81,0.10
64.19,13.46,6.72,0.08,3.79,1.97,1.67,2.27,0.77,0.07
57.58,14.03,7.04,0.09,3.48,5.01,2.34,2.43,0.94,0.11
63.99,13.23,6.09,0.09,3.31,2.89,1.95,2.32,0.84,0.19
61.17,14.18,7.17,0.09,3.95,2.23,1.65,2.54,0.87,0.14
64.07,11.69,6.76,0.10,3.32,2.88,1.96,1.88,0.81,0.16
55.43,11.26,7.13,0.10,3.86,6.48,1.54,1.58,0.91,0.15
62.77,12.71,5.01,0.07,3.01,3.91,2.70,1.51,0.72,0.13
65.05,13.46,5.33,0.07,3.21,1.90,2.41,1.62,0.66,0.10
63.82,14.10,6.15,0.09,3.02,1.97,1.61,1.93,0.75,0.09
61.14,13.91,7.62,0.09,3.39,2.00,1.49,2.26,0.86,0.10
64.09,13.15,6.06,0.08,3.17,2.81,2.80,2.13,0.80,0.10
61.90,13.48,6.31,0.09,3.72,3.18,1.76,2.26,0.77,0.14
61.92,13.51,6.31,0.08,3.56,3.67,2.18,2.06,0.81,0.10
60.64,14.95,8.51,0.10,3.99,1.93,1.04,2.48,0.93,0.09
62.64,13.59,6.67,0.08,3.35,3.21,1.58,1.86,0.86,0.10
67.51,12.03,5.05,0.08,2.97,2.87,1.48,2.15,0.72,0.13
66.19,14.08,6.28,0.09,2.95,2.21,0.91,2.10,0.87,0.11
58.71,12.98,9.61,0.18,4.14,2.96,1.40,2.08,0.89,0.14
61.36,13.85,7.96,0.14,3.91,2.03,1.44,1.98,0.86,0.16
60.49,13.95,6.85,0.08,4.04,2.24,2.03,1.02,0.83,0.10
65.19,13.06,5.08,0.07,3.27,2.49,2.62,1.01,0.67,0.13
62.35,15.06,7.20,0.09,2.89,1.90,1.16,2.04,0.78,0.10
57.64,13.47,6.34,0.09,3.49,6.15,1.39,2.05,0.79,0.10
65.58,13.52,5.83,0.08,3.17,2.34,1.79,2.14,0.76,0.09
63.18,13.51,7.03,0.09,3.55,2.66,1.55,2.14,0.80,0.11
64.25,13.68,6.33,0.09,3.52,2.61,1.81,1.95,0.82,0.10
57.23,13.53,7.79,0.09,4.26,5.05,1.15,2.17,0.89,0.12
62.35,13.39,6.61,0.09,3.48,3.32,1.34,2.25,0.81,0.14
64.36,13.75,6.01,0.09,3.02,2.83,1.04,2.03,0.88,0.15
64.85,14.86,6.50,0.09,2.85,2.33,0.61,1.98,0.90,0.09
58.88,12.65,6.41,0.11,3.63,3.59,1.20,2.46,0.73,0.12
61.86,12.45,8.06,0.12,4.64,2.23,1.56,2.19,0.93,0.14
62.02,14.28,6.60,0.08,3.46,2.46,1.82,1.45,0.84,0.09
62.83,14.35,6.21,0.08,3.72,2.22,2.00,1.70,0.70,0.12
63.31,14.03,5.86,0.08,3.08,2.22,1.66,2.13,0.69,0.11
58.95,13.25,7.89,0.11,3.91,3.66,1.24,2.13,0.87,0.19
64.73,12.42,5.73,0.08,3.11,2.70,1.66,2.08,0.78,0.30
64.11,13.45,6.53,0.09,3.48,2.44,1.49,2.23,0.91,0.13
62.48,13.56,7.39,0.11,3.47,2.90,1.33,2.07,0.85,0.11
64.33,13.94,6.68,0.09,3.19,2.35,1.01,2.07,0.83,0.09
63.07,13.34,6.28,0.10,3.27,3.27,1.03,2.12,0.86,0.16
62.56,14.43,5.94,0.09,2.95,3.02,1.38,1.99,0.78,0.09
63.02,13.38,4.86,0.07,2.89,3.76,2.02,1.5,0.71,0.08
62.25,12.80,8.77,0.21,3.28,2.25,0.95,1.98,0.85,0.28
59.20,13.22,8.99,0.12,4.35,2.75,1.35,1.88,0.98,0.13
54.08,12.49,6.94,0.10,4.16,6.75,1.73,1.38,0.81,0.15
57.69,13.25,6.13,0.09,3.71,5.40,1.82,1.63,0.67,0.12
59.45,12.61,7.93,0.10,4.56,3.42,2.03,1.44,0.88,0.10
60.72,14.10,7.08,0.11,3.26,2.82,1.41,1.94,0.80,0.10
60.90,13.94,7.10,0.11,3.41,3.66,1.37,1.95,0.84,0.12
63.71,14.02,6.34,0.10,3.18,2.70,1.37,2.01,0.84,0.09
62.05,13.90,7.03,0.10,3.64,3.39,1.16,2.29,0.82,0.13
65.07,12.86,6.15,0.09,3.58,2.30,1.23,2.14,0.83,0.15
67.07,12.05,6.68,0.08,3.40,2.02,1.43,1.83,0.88,0.13
60.53,14.22,7.68,0.1,3.69,2.93,0.95,1.94,0.93,0.11
58.42,14.35,7.48,0.09,4.21,3.03,1.18,2.21,0.93,0.1
58.05,11.85,8.05,0.13,4.98,3.30,1.19,2.35,0.91,0.18
57.18,12.28,8.73,0.13,4.19,4.50,1.26,2.20,1.05,0.15
61.49,12.88,6.90,0.10,3.70,3.02,1.78,2.09,0.96,0.18
60.94,14.29,5.48,0.08,3.27,3.07,2.11,1.79,0.67,0.10
59.81,12.73,6.27,0.09,3.79,3.88,2.08,1.69,0.82,0.14
64.38,12.96,5.15,0.08,2.82,3.29,2.37,1.71,0.79,0.11
67.07,10.91,5.52,0.08,2.89,3.67,1.93,1.29,0.63,0.12
69.85,10.01,6.06,0.08,2.71,2.09,1.28,1.14,0.71,0.09
60.34,13.8,7.02,0.09,3.61,2.74,1.49,2.21,0.83,0.11
60.45,13.49,6.69,0.09,3.13,3.98,1.66,2.17,0.86,0.09
56.45,15.14,7.58,0.10,3.26,4.54,1.10,1.83,0.96,0.08
58.88,14.30,7.68,0.10,3.60,3.00,1.11,2.06,1.00,0.14
51.39,11.37,4.63,0.08,2.53,6.94,1.93,1.51,0.99,0.07
53.94,11.79,7.29,0.09,5.79,6.50,0.82,1.42,0.84,0.20
59.39,13.26,9.54,0.12,4.14,3.29,1.28,2.14,1.06,0.17
61.37,13.15,7.30,0.09,3.65,2.71,1.87,1.78,0.99,0.12
62.47,14.39,6.92,0.09,3.27,2.49,1.70,2.09,0.82,0.11
60.25,13.16,5.96,0.08,3.74,4.27,1.82,1.74,0.78,0.27
61.79,14.47,8.15,0.10,3.38,2.58,1.38,1.72,0.93,0.11
60.57,13.92,7.17,0.09,4.02,2.89,2.3,1.55,0.9,0.12
58.96,13.04,8.4,0.1,3.68,3.72,2.01,1.41,1.2,0.14
68.68,10.57,6.1,0.07,2.91,2.69,1.28,1.35,0.67,0.16
70.43,11.61,5.86,0.08,2.34,1.98,1.47,1.43,0.68,0.11
56.39,12.66,6.34,0.10,2.43,7.35,1.40,1.75,0.88,0.09
59.63,13.05,7.13,0.09,3.67,3.73,1.33,1.97,0.89,0.13
62.40,12.97,6.31,0.09,3.13,3.30,1.39,1.80,0.88,0.12
55.69,12.88,5.99,0.10,3.72,7.46,0.68,1.74,0.84,0.21
54.75,10.24,5.41,0.08,6.02,8.01,0.56,1.25,0.72,0.21
58.18,13.99,7.26,0.1,3.76,3.97,2.45,1.51,0.96,0.11
55.4,13.28,6.73,0.08,4.61,5.8,1.86,1.24,0.94,0.16
55.63,12.25,7.03,0.08,4.48,6.03,2.07,1.53,0.82,0.13
59.17,13.64,6.48,0.08,3.79,3.96,2.46,1.95,0.87,0.13
61.29,14.94,6.2,0.08,2.7,2.69,2.68,2.14,0.89,0.08
64.32,12.69,5.35,0.07,3.02,3.20,2.10,1.73,0.80,0.15
59.64,13.41,7.77,0.10,3.70,3.71,1.26,2.10,1.30,0.20
63.74,13.64,6.60,0.08,3.27,3.17,1.20,1.92,0.88,0.11
62.37,12.74,5.81,0.08,2.89,3.55,2.03,1.82,0.79,0.08
56.52,12.76,6.35,0.10,3.41,5.03,1.69,1.98,0.83,0.11
55.30,12.68,5.78,0.08,3.04,8.13,1.43,2.03,0.82,0.10
62.77,12.71,5.56,0.06,3.79,4.52,0.67,2.47,0.63,0.12
58.27,12.43,6.54,0.14,4.8,5.52,0.99,1.86,0.89,0.15
58.06,13.28,6.95,0.09,4.63,4.43,2.08,1.24,1.04,0.12
56.47,13.14,8.67,0.11,4.05,4.75,2.36,1.43,1.17,0.15
56.03,13.75,7.88,0.1,4.32,4.42,2.44,1.46,1.16,0.15
54.57,13.8,7.88,0.1,4.3,4.42,2.52,1.45,1.15,0.15
57.23,13.49,7.31,0.09,4.24,4.13,1.64,2.07,0.92,0.17
58.86,12.40,4.75,0.07,2.99,3.33,1.94,2.13,0.73,0.10
61.36,13.08,4.40,0.07,3.27,4.53,1.84,2.09,0.73,0.07
61.28,13.42,5.59,0.08,3.32,3.97,1.50,2.31,0.82,0.15
62.68,13.14,5.76,0.07,3.10,2.91,1.65,2.16,0.93,0.09
62.12,13.05,6.67,0.08,2.79,3.85,1.57,2.01,1.11,0.11
60.47,13.09,4.36,0.06,3.68,4.76,1.58,1.96,0.76,0.10
61.05,16.24,6.77,0.08,2.68,3.39,0.95,3.09,0.88,0.11
60.21,16.25,7.05,0.07,3.18,2.78,0.94,2.82,0.85,0.11
55.92,15.5,6.26,0.08,3.21,5.28,0.65,2.98,0.91,0.13
57.54,13.01,7.81,0.12,4.52,4.48,0.94,1.77,1.09,0.18
62.56,13.83,8.11,0.09,3.5,2.37,1,2.18,0.98,0.15
58.19,12.65,6.85,0.1,4.27,5.23,1.11,1.99,0.94,0.18
59.15,13.58,5.92,0.08,4.30,3.33,1.83,1.52,0.94,0.12
61.16,14.12,5.44,0.08,3.31,3.00,1.65,2.06,0.85,0.09
61.04,13.57,4.84,0.08,3.21,5.05,1.58,2.23,0.78,0.10
61.02,13.86,5.69,0.09,3.93,3.11,1.43,2.23,0.92,0.10
61.94,13.23,4.70,0.07,2.68,4.52,1.60,2.43,0.84,0.08
62.25,13.54,5.47,0.08,4.31,2.83,1.60,1.81,1.04,0.09
59.82,15.07,7.84,0.1,3.2,2.09,1.05,2.83,0.9,0.15
58.59,15.54,9.2,0.1,2.85,3.14,1.04,2.09,1.1,0.11
58.07,15.24,6.95,0.09,2.98,3.98,0.91,2.89,0.91,0.23
61.84,13.12,6.66,0.1,2.86,3.47,1.47,2.15,0.89,0.22
58.57,13.56,7.95,0.11,3.19,4.87,1.4,1.8,0.91,0.18
50.36,12.67,6.48,0.08,5.81,8.3,0.61,2.06,0.95,0.18
52.72,13.04,6.27,0.10,4.40,8.01,0.64,2.31,0.86,0.16
60.20,15.62,7.18,0.10,3.77,2.41,0.96,2.96,0.88,0.13
65.92,13.00,4.62,0.06,2.04,3.18,1.06,2.75,0.73,0.07
63.01,14.47,6.37,0.08,3.14,1.97,0.89,2.62,0.89,0.09
63.19,14.04,5.59,0.07,3.07,2.94,1.21,2.70,0.83,0.12
61.76,13.37,4.57,0.06,2.43,5.07,1.19,2.75,0.78,0.08
54.63,13.17,7.34,0.10,3.49,7.14,1.19,1.67,1.09,0.09
56.67,12.75,5.26,0.07,3.65,8.21,1.2,2.37,0.82,0.15
62.1,13.23,7.69,0.11,2.8,2.87,1.72,2.31,1.06,0.22
58.73,13.43,7.4,0.1,2.82,4.43,1.22,2.26,1.08,0.15
63.16,12.58,6.78,0.09,2.71,3.32,1.37,2.1,0.88,0.16
65.32,13.51,5.89,0.09,2.73,2.47,1.52,2.16,0.79,0.11
62.64,13.14,6.59,0.12,2.77,3.87,1.73,1.94,0.77,0.12
54.86,15.05,5.89,0.08,3.12,5.99,1.30,3.37,0.87,0.14
59.32,15.82,6.11,0.07,2.75,3.68,1.25,3.58,0.90,0.12
60.44,14.21,5.32,0.08,2.61,4.23,1.33,3.29,0.79,0.09
66.93,11.75,4.01,0.06,1.95,3.23,1.39,2.55,0.71,0.08
60.32,14.04,6.51,0.08,3.41,5.06,0.75,2.59,0.94,0.11
64.14,14.12,6.16,0.08,2.99,3.31,0.84,2.72,0.86,0.12
66.13,14.56,5.98,0.08,2.78,2.37,0.72,2.70,0.88,0.09
57.24,12.43,7.24,0.1,3.99,5.61,1.7,1.68,0.86,0.12
61.58,12.88,7.99,0.1,3.41,3.21,1.61,1.91,1.01,0.17
59.94,13.88,8.3,0.11,3.44,2.8,1.92,2.3,0.96,0.14
60.71,13.48,6.39,0.09,3.39,3.51,1.95,2.29,0.73,0.1
62.01,13.64,6.73,0.1,2.85,3.14,1.89,2.17,0.96,0.13
59.67,13.45,7,0.1,2.92,4.31,1.55,2.13,0.91,0.13
60.8,14.73,7.07,0.1,3.18,2.9,1.69,2.27,0.98,0.12
61.59,16.66,6.55,0.08,2.70,1.88,1.06,3.96,0.99,0.15
58.10,14.23,5.66,0.10,2.43,6.61,0.93,2.76,0.86,0.10
66.10,13.70,4.84,0.07,2.33,2.94,0.87,3.33,0.76,0.09
63.13,15.33,6.25,0.08,2.64,2.79,0.67,3.30,0.85,0.07
62.11,14.79,6.63,0.08,3.02,2.42,0.76,2.96,0.82,0.08
63.32,15.98,7.6,0.1,3.17,1.41,0.58,3.06,0.87,0.09
55.92,14.05,9.52,0.12,3.64,4.22,1.68,1.43,1.24,0.14
58.91,13.82,6.79,0.09,3.64,3.52,1.82,2.19,0.86,0.14
62.21,13.18,6.31,0.1,2.85,3.29,1.84,2.18,0.89,0.16
60.76,14.08,7.59,0.11,2.97,2.94,1.81,2.36,1.01,0.12
57.63,13.95,8.38,0.13,3.11,4.59,1.68,1.74,1.02,0.12
62.13,13.36,6.55,0.1,3.06,2.88,2.37,2.23,0.86,0.1
60.92,12.94,6.52,0.1,3.16,3.99,1.62,2.2,0.85,0.18
62.23,12.27,5.44,0.09,3.21,4.61,1.3,2.56,0.86,0.35
65.41,12.27,5.16,0.09,2.67,3.44,1.32,2.52,0.89,0.14
62.46,14.07,5.57,0.08,2.81,3.64,1.16,2.96,0.81,0.12
67.5,13.56,5.38,0.08,2.44,2.37,0.96,2.77,0.76,0.1
60.88,15.68,7.11,0.09,3.2,2.19,0.97,3.47,0.88,0.14
61.26,15.24,6.93,0.09,2.78,2.46,0.55,2.93,0.89,0.11
73.08,11.68,4.90,0.08,1.34,1.98,0.41,2.61,0.62,0.09
53.99,13.89,7.89,0.13,2.37,2.52,1.06,1.88,1.08,0.13
46.46,13.59,7.4,0.1,3.51,5.2,1.48,2.3,0.84,0.13
64.70,12.94,6.80,0.07,4.21,5.23,2.14,1.97,0.91,0.12
68.61,11.33,4.53,0.08,1.85,2.79,0.80,2.50,0.68,0.68
68.73,13.39,6.09,0.06,1.64,1.33,1.40,2.88,0.87,0.14
68.24,13.27,4.71,0.06,1.68,1.24,1.95,2.25,0.60,0.14
65.76,13.38,6.16,0.07,2.30,2.29,2.20,2.01,0.54,0.12
63.33,15.66,6.68,0.80,3.19,4.21,2.92,2.03,0.70,0.13
51.64,13.26,4.99,0.07,1.78,2.38,2.98,2.38,0.61,0.13
48.32,13.85,7.52,0.08,2.74,3.4,2.14,2.63,0.9,0.19
59.18,12.63,7.52,0.09,2.55,4.39,2.03,2.06,0.86,0.16
48.97,13.29,7.89,0.09,2.92,4.32,2.98,1.88,1.26,0.3
69.42,12.74,6.29,0.11,1.78,2.54,0.39,2.25,0.76,0.13
64.99,12.18,6.20,0.09,1.92,4.42,0.56,2.26,0.89,0.21
61.62,13.41,7.28,0.14,2.99,3.36,0.79,3.30,0.81,0.26
69.86,11.47,7.87,0.34,2.22,1.75,1.26,1.71,0.92,0.13
71.37,12.22,4.81,0.05,1.71,0.67,0.74,3.54,0.66,0.11
62.3,13.12,6.6,0.05,1.38,1.03,0.85,3.68,0.87,0.11
62.34,16.22,6.89,0.10,3.03,4.96,2.75,2.45,0.76,0.14
65.78,15.84,6.40,0.08,2.72,2.58,2.95,2.45,0.73,0.15
66.04,13.85,4.75,0.07,2.28,7.40,2.80,1.65,0.71,0.13
62.35,12.45,5.62,0.08,2.11,3.67,2.66,1.87,0.69,0.16
50.61,14.23,7.81,0.09,2.44,3.13,2.34,2.7,1.06,0.24
52.16,14.62,6.86,0.08,2.52,3.07,2.98,2.51,1.19,0.25
48.13,14.22,8.66,0.11,3.11,4.73,1.83,2.38,1.03,0.18
67.53,11.25,6.93,0.21,2.13,3.69,0.62,1.80,0.80,0.26
54.26,8.49,3.37,0.07,2.27,10.41,0.35,1.33,0.51,3.08
64.33,11.75,7.91,0.37,2.23,3.18,0.75,3.03,0.78,1.19
63.70,12.05,6.62,0.23,3.27,3.93,0.56,2.00,0.76,0.25
71.87,13.08,4.24,0.03,1.03,3.81,0.68,3.92,0.73,0.09
69.95,14.60,5.42,0.05,1.53,2.23,0.60,4.01,0.74,0.10
49.6,13.42,7.3,0.11,2.96,4.45,1.89,2.17,0.78,0.15
63.39,13.83,6.66,0.09,1.99,2.22,2.41,2.15,0.72,0.14
51.89,14.16,5.5,0.07,1.92,2.07,2.3,2.64,0.71,0.13
60.69,12.60,6.83,0.08,3.04,4.27,1.74,2.10,0.77,0.14
60.09,12.79,6.22,0.07,2.75,3.18,3.82,1.39,0.80,0.15
62.36,13.29,6.18,0.08,2.52,2.93,2.66,2.33,0.92,0.20
59.38,14.39,7.68,0.09,3.49,1.72,2.05,2.34,1.05,0.14
67.09,13.18,5.83,0.10,2.66,2.67,0.66,2.64,0.74,0.21
68.34,12.34,4.45,0.08,2.59,2.79,0.75,2.53,0.59,0.26
57.52,11.44,6.77,0.26,2.51,2.41,0.54,2.34,0.65,0.36
70.39,11.09,4.91,0.09,2.22,2.29,0.66,1.88,0.68,0.16
76.14,10.50,4.03,0.05,1.71,2.97,0.69,2.67,0.65,0.14
72.76,12.02,6.27,0.07,1.94,2.02,1.12,2.67,0.88,0.14
58.57,13.31,8.98,0.11,3.75,3.21,1.29,1.81,0.92,0.13
69.53,12.95,6.30,0.09,2.71,3.04,2.13,2.24,0.71,0.11
68.76,13.51,5.87,0.09,2.75,3.32,1.52,2.34,0.78,0.15
55.63,11.80,5.00,0.16,2.70,8.05,1.92,1.67,0.66,0.11
61.54,13.54,6.66,0.09,3.30,2.62,1.92,2.14,0.79,0.10
62.83,14.01,5.73,0.08,2.94,1.84,2.40,2.38,0.79,0.13
65.05,16.51,6.12,0.08,3.29,2.93,2.48,2.22,0.89,0.10
69.51,11.81,4.74,0.09,2.73,1.84,0.76,2.38,0.64,0.20
65.05,12.15,5.19,0.13,2.78,3.86,0.82,2.03,0.70,0.16
65.97,12.90,6.03,0.09,3.01,2.32,1.13,2.20,0.79,0.15
63.99,10.29,3.76,0.06,1.86,2,0.86,2.01,0.55,0.13
63.71,9.41,3.63,0.06,1.56,4.12,0.84,1.9,0.71,0.14
67.17,13.18,6.98,0.10,3.38,4.37,1.27,2.00,0.83,0.14
71.67,12.52,5.02,0.08,2.69,2.46,2.18,1.75,0.67,0.13
68.98,13.11,6.83,0.08,2.81,3.01,1.80,1.93,0.74,0.09
67.10,15.59,6.21,0.17,2.98,3.66,1.09,1.92,0.85,0.11
60.26,13.71,7.01,0.51,3.15,3.99,0.83,1.74,0.90,0.15
50.92,15.23,7.35,0.1,3.85,2.73,2.65,2.47,0.86,0.13
52.34,13.92,5.36,0.07,2.63,5.03,2.12,2.01,0.83,0.22
53.64,15.18,5.86,0.08,3.04,2.52,2.76,2.01,0.93,0.18
66.49,13.05,6.45,0.09,2.97,1.82,0.41,2.63,0.71,0.19
65.38,9.35,3.79,0.06,2.15,2.3,0.56,1.68,0.55,0.1
67.29,11.33,5.08,0.09,3.14,3.41,0.57,1.80,0.64,0.12
56.08,9.87,3.78,0.06,1.66,4.99,1.6,1.73,0.62,0.17
68.93,12.43,5.47,0.10,2.92,5.36,1.22,2.10,0.82,0.15
71.93,11.86,5.77,0.09,2.29,2.63,1.70,1.79,0.89,0.13
59.56,13.14,5.81,0.09,2.99,2.41,1.54,2.09,0.8,0.16
57.25,13.05,5.37,0.09,2.56,2.9,3.84,1.84,0.79,0.15
64.41,13.60,6.54,0.17,2.87,2.94,0.74,1.87,0.82,0.15
54.19,13.93,6.83,0.14,3.24,4.25,1.06,1.82,0.89,0.1
58.46,14.33,5.11,0.08,2.51,1.82,1.73,2.1,0.76,0.1
58.23,13.97,5.33,0.08,2.74,2.77,1.37,1.97,0.85,0.11
67.06,16.89,6.28,0.10,2.85,2.74,0.93,1.77,0.95,0.11
73.06,10.69,4.64,0.11,2.04,1.19,0.54,2.10,0.59,0.11
61.16,11.58,4.95,0.07,2.55,7.30,0.65,2.01,0.65,0.11
61.79,10.37,3.86,0.08,1.77,2.45,0.63,1.85,0.59,0.13
55.8,14.43,6.28,0.08,2.76,1.85,0.98,3.31,0.83,0.11
54.41,13.53,5.97,0.09,2.91,2.61,3.96,1.57,0.78,0.14
57.27,12.54,4.63,0.07,2.74,3.52,1.87,2.31,0.61,0.14
55.44,13.62,5.11,0.07,2.87,3.15,2.86,1.84,0.67,0.09
59.18,13.08,5.72,0.09,2.56,1.79,1.46,2.14,0.81,0.1
58.48,13.1,5.7,0.14,2.7,2.95,1.13,1.9,0.78,0.21
59.12,13.17,5.62,0.08,3.02,1.91,1.46,1.9,0.83,0.11
59.94,13.85,4.77,0.08,2.5,1.79,2.28,1.86,0.71,0.09
55.15,14.98,6.45,0.09,2.76,4.43,1.21,1.88,0.93,0.11
64.81,12.77,4.45,0.06,2.34,4.77,1.54,1.73,0.83,0.11
75.83,12.21,4.55,0.06,2.00,1.49,0.60,2.28,0.64,0.11
74.73,13.79,4.37,0.07,1.60,1.16,0.61,2.64,0.69,0.09
68.04,14.48,4.68,0.06,2.16,5.04,0.79,3.27,0.74,0.13
58.11,11.15,7.12,0.11,3.22,3.09,1.72,1.68,1.02,0.19
65.15,13.45,5.43,0.08,3.02,2.38,2.98,2.27,0.72,0.10
62.93,12.83,4.99,0.08,2.60,3.53,2.24,2.25,0.64,0.17
62.81,12.53,6.63,0.09,2.73,3.42,1.72,1.68,0.80,0.11
63.11,13.80,6.74,0.10,3.15,2.27,1.36,2.02,0.75,0.10
64.42,13.24,6.66,0.20,3.12,2.34,1.11,2.06,0.86,0.11
65.61,12.37,5.54,0.10,2.84,2.33,1.06,2.19,0.85,0.14
70.65,12.20,4.95,0.09,2.45,1.73,1.28,2.11,0.79,0.26
65.84,12.97,5.34,0.08,2.49,2.85,0.99,1.75,0.90,0.11
65.83,17.25,6.79,0.09,3.03,2.04,1.42,2.18,0.95,0.09
72.26,13.16,4.09,0.08,2.47,3.18,0.74,3.00,0.66,0.09
64.17,12.79,5.08,0.07,2.69,4.36,0.76,2.88,0.72,0.11
75.07,10.04,4.08,0.06,1.93,1.96,1.27,1.89,0.60,0.15
67.57,12.48,5.80,0.08,2.78,2.20,1.19,2.16,0.77,0.10
62.50,14.44,7.46,0.09,3.57,2.23,1.22,2.30,0.79,0.13
65.36,13.46,5.44,0.08,2.70,2.48,1.80,2.25,0.67,0.08
63.23,12.90,6.41,0.11,2.44,4.60,1.08,1.67,0.84,0.09
63.00,13.02,6.39,0.09,2.64,3.02,2.40,1.75,0.76,0.09
63.20,13.00,6.58,0.09,2.91,3.62,1.14,1.98,0.78,0.09
60.23,13.42,7.11,0.09,3.33,3.18,1.41,2.11,0.86,0.15
69.86,14.14,4.70,0.07,2.58,3.51,1.91,2.10,0.71,0.13
67.91,15.57,5.23,0.09,2.99,2.16,2.61,2.26,0.75,0.12
65.37,11.36,4.00,0.07,1.89,4.36,4.71,1.64,0.82,0.15
73.85,13.40,4.44,0.06,1.85,1.38,0.79,3.26,0.64,0.08
72.26,14.26,4.84,0.06,1.94,1.22,0.91,3.45,0.70,0.09
61.38,12.23,7.76,0.12,3.22,3.34,1.75,1.96,1.02,0.13
61.50,13.44,7.12,0.11,3.36,2.47,1.54,1.78,0.84,0.09
67.59,13.18,5.60,0.08,2.56,1.78,1.45,2.29,0.67,0.09
64.64,11.57,4.92,0.08,2.70,3.72,1.32,2.07,0.73,0.15
67.40,12.56,5.46,0.09,2.20,2.72,1.49,1.64,0.74,0.12
64.23,12.74,6.07,0.09,2.96,2.79,1.31,2.04,0.76,0.11
67.35,12.35,5.69,0.09,2.71,1.80,1.24,1.93,0.74,0.11
63.38,12.96,6.21,0.08,3.13,2.72,1.65,1.75,0.77,0.09
64.96,12.54,5.05,0.07,3.12,2.19,3.06,1.53,0.63,0.08
67.64,12.44,4.58,0.07,2.73,2.22,3.37,1.72,0.64,0.15
61.96,14.07,6.28,0.07,2.66,2.05,3.32,1.92,0.86,0.10
76.62,11.89,3.97,0.11,1.45,1.79,0.46,2.91,0.50,0.07
59.34,11.12,4.09,0.05,2.08,7.42,0.90,2.89,0.67,0.13
64.96,12.28,5.95,0.08,2.99,3.05,1.58,1.79,0.76,0.12
71.47,11.73,3.46,0.06,1.73,1.82,1.77,2.26,0.49,0.12
65.13,12.08,5.34,0.08,2.73,3.64,1.29,2.01,0.70,0.16
68.43,14.38,5.99,0.09,3.53,2.81,1.23,2.32,0.77,0.14
64.20,12.44,6.05,0.09,3.10,3.27,1.49,1.63,0.81,0.12
64.48,13.29,6.98,0.09,3.04,1.80,1.27,2.07,0.75,0.08
63.11,13.69,7.32,0.09,3.41,1.86,1.26,2.31,0.79,0.11
59.94,14.59,7.96,0.09,3.58,2.15,1.27,1.96,0.89,0.07
64.32,12.97,5.82,0.09,3.04,2.81,2.36,1.66,0.71,0.09
62.74,13.97,6.56,0.09,2.94,2.52,1.52,1.88,0.91,0.08
67.27,16.14,6.40,0.09,2.94,2.19,1.46,2.05,1.02,0.12
75.14,12.98,4.21,0.09,1.94,0.77,0.59,3.37,0.58,0.09
65.04,12.64,5.19,0.06,2.36,3.16,1.11,2.90,0.79,0.10
65.91,14.11,4.71,0.07,2.81,1.72,1.73,2.82,0.67,0.09
64.83,13.52,5.31,0.07,2.39,2.23,2.10,2.19,0.67,0.08
65.62,12.15,4.71,0.07,2.83,2.45,1.88,2.16,0.61,0.24
64.67,12.30,6.11,0.09,3.14,3.81,1.23,2.01,0.76,0.13
63.67,13.12,6.91,0.09,2.61,3.32,1.35,1.60,0.85,0.10
64.56,12.27,5.43,0.08,2.74,2.85,2.10,1.77,0.73,0.09
61.92,13.75,7.23,0.09,3.22,2.30,1.49,1.96,0.81,0.09
66.28,15.07,7.35,0.09,4.03,2.33,1.57,2.00,0.87,0.09
68.75,15.09,6.09,0.08,3.39,1.59,1.58,2.24,0.79,0.10
67.93,14.71,6.50,0.14,3.41,2.41,1.37,2.24,0.83,0.15
70.97,14.16,5.22,0.08,2.89,1.70,1.61,2.21,0.77,0.10
72.37,13.92,4.84,0.06,2.45,1.20,0.89,3.16,0.70,0.14
67.02,15.09,6.56,0.10,3.16,2.71,1.10,2.90,0.92,0.12
67.75,14.23,5.26,0.08,3.20,4.44,1.76,2.17,0.69,0.11
71.28,15.52,3.89,0.06,2.05,1.53,2.22,2.58,0.52,0.07
65.26,12.32,5.52,0.08,3.19,2.37,1.70,1.99,0.71,0.14
59.77,13.81,8.96,0.11,3.02,3.19,1.57,1.48,1.10,0.09
64.55,13.65,7.00,0.09,2.40,2.29,1.55,1.64,0.81,0.08
60.59,14.10,7.44,0.10,3.48,2.47,1.23,1.93,0.82,0.10
66.92,14.12,6.24,0.08,3.39,4.00,2.25,1.82,0.77,0.09
67.00,14.62,6.55,0.09,3.91,2.63,2.12,1.79,0.90,0.08
68.87,14.00,4.60,0.09,2.84,3.37,2.92,2.23,0.69,0.09
69.50,14.34,5.53,0.08,3.20,1.94,1.99,2.30,0.71,0.11
65.55,16.23,7.24,0.09,3.45,1.66,1.80,2.61,0.89,0.15
62.30,16.07,8.55,0.11,4.28,2.87,1.87,2.64,0.82,0.13
69.85,14.56,5.04,0.07,2.95,1.81,2.01,2.56,0.73,0.13
69.60,16.37,3.53,0.06,2.68,1.27,1.91,3.68,0.51,0.09
72.07,14.70,3.95,0.06,2.33,1.54,2.19,2.26,0.53,0.09
70.38,14.12,5.62,0.08,2.90,1.91,1.75,2.12,0.72,0.11
66.34,15.13,6.73,0.09,3.48,3.11,1.58,2.33,0.79,0.09
66.25,15.26,7.55,0.09,3.42,2.81,1.58,1.79,0.82,0.10
64.42,15.71,6.84,0.09,3.49,4.99,1.17,2.01,0.83,0.10
65.70,14.70,7.00,0.10,3.68,3.75,1.71,2.09,0.82,0.12
67.47,14.49,6.04,0.08,3.49,3.33,2.12,1.87,0.70,0.09
68.64,15.20,5.56,0.09,2.84,2.32,2.19,2.03,0.72,0.11
67.44,15.55,6.27,0.08,3.40,1.89,1.78,2.39,0.78,0.11
66.01,15.86,8.21,0.09,3.51,1.24,1.25,2.53,0.90,0.08
53.40,16.41,5.92,0.09,2.41,1.37,0.63,3.60,0.81,0.11
53.49,15.30,4.87,0.07,2.59,4.96,0.84,3.36,0.65,0.15
55.93,16.88,5.12,0.06,2.74,1.05,0.83,3.71,0.62,0.12
69.30,8.64,2.34,0.04,0.94,0.63,0.44,2.12,0.41,0.09
72.64,14.04,5.29,0.04,1.55,0.78,0.69,2.92,0.59,0.09
67.15,11.60,5.54,0.09,3.13,2.87,1.78,2.07,0.83,0.12
65.78,13.44,5.33,0.07,3.07,1.86,1.62,2.57,0.79,0.13
58.01,12.29,5.96,0.07,3.52,5.27,2.65,2.16,0.88,0.16
59.74,11.8,5.97,0.09,3.75,5.18,1.1,2.23,0.88,0.16
61.36,10.49,4.74,0.07,3.29,2.25,0.51,2.35,0.57,0.11
65.01,14.68,6.54,0.08,3.24,1.23,0.62,2.99,0.71,0.08
52.48,14.56,7.16,0.08,4.14,1.37,0.61,2.60,1.06,0.15
66.1,14.91,5.56,0.07,3.42,1.04,0.83,3.02,0.73,0.15
69.18,14.18,4.91,0.07,2.6,1.1,0.7,3.32,0.74,0.17
72.63,13.62,4.66,0.05,1.28,0.57,0.63,3.17,0.59,0.09
71.13,13.48,5.05,0.06,2.35,1.81,1.24,2.70,0.73,0.13
70.74,11.33,4.83,0.07,2.35,1.87,0.99,2.45,0.8,0.18
69.79,11.69,5.02,0.07,2.82,1.96,0.71,2.73,0.66,0.14
71.05,11.89,5.22,0.08,2.32,1.01,0.38,3.68,0.63,0.12
61.45,12,4.8,0.08,2.76,4.62,0.44,3.12,0.71,0.14
64.4,12.33,6.55,0.1,3.27,3.45,0.53,2.42,0.82,0.16
51.88,13.11,4.30,0.07,1.77,4.18,2.43,2.61,0.55,0.11
70.06,8.89,5.18,0.08,7.29,1.84,0.18,2.31,0.53,0.07
79.30,6.53,2.82,0.08,4.23,2.10,0.27,1.65,0.49,0.08
72.21,13.43,4.32,0.06,1.57,1.68,0.61,3.35,0.70,0.08
56.94,13.87,5.74,0.07,2.52,2.42,1.07,2.54,0.73,0.21
66.69,11.29,5.29,0.11,3.40,4.86,1.09,2.69,0.74,0.16
71.6,11.83,5.02,0.07,2.23,1.09,0.52,2.82,0.67,0.13
68.05,13.87,5.39,0.07,1.95,1.24,0.58,3.98,0.71,0.14
69.16,13.37,5.63,0.09,2.47,1.73,0.54,3.59,0.67,0.17
54.72,11.53,5.01,0.08,2.52,4.58,0.84,2.81,0.65,0.29
51.21,14.30,6.86,0.07,2.48,2.59,3.07,1.95,0.76,0.09
54.04,13.99,5.62,0.07,2.20,2.32,2.66,2.08,0.72,0.13
75.34,11.13,4.35,0.07,1.95,1.51,0.43,2.70,0.55,0.12
68.43,14.73,6.18,0.06,1.49,0.79,0.6,3.07,0.95,0.14
49.83,14.97,8.11,0.08,3.75,1.68,1.81,3.04,0.94,0.11
68.68,12.83,5.38,0.08,2.83,2.11,1.34,2.89,0.76,0.13
71.07,10.85,4.06,0.07,1.73,3.07,0.76,2.36,0.62,0.11
67.98,14.56,6.3,0.08,1.9,0.99,1.16,3.11,0.86,0.1
63.93,12.3,4.65,0.08,4.14,4.63,0.69,2.6,0.59,0.11
71.16,11.97,4.76,0.07,2.31,2.89,1.01,3.19,0.64,0.11
67.29,13.31,3.68,0.05,1.99,2.43,2.86,1.88,0.53,0.09
55.57,14.75,4.55,0.05,1.92,1.96,3.33,1.9,0.57,0.09
54.44,15,5.31,0.06,1.91,2.9,3.85,1.58,0.82,0.09
62.94,14.24,5.75,0.07,1.87,2.89,5.12,1.73,0.75,0.07
64.94,14.14,7.37,0.09,2.7,2.05,2.15,1.51,0.92,0.1
70.18,14.47,5.42,0.08,1.57,0.9,0.62,3.22,0.6,0.14
68.87,15.07,5.56,0.06,1.97,1.26,0.71,3.97,0.63,0.10
67.62,12.47,6.78,0.08,2.64,2.01,1.25,2.85,0.83,0.11
66.48,13.89,5.56,0.1,2.07,1.99,0.62,3.84,0.77,0.17
58.12,14.87,5.77,0.07,2.1,1.13,1.02,3.87,0.74,0.13
58.26,12.13,4.91,0.06,2.89,2.2,0.93,2.3,0.66,0.14
59.38,13.01,4.35,0.06,2.53,1.88,1.21,2.87,0.56,0.15
62.12,11.95,4.19,0.05,2.32,1.58,1.09,2.79,0.6,0.16
58.96,15.34,3.52,0.05,1.59,1.41,3.91,1.72,0.52,0.07
53.87,15.08,5.5,0.06,2.84,2.15,3.06,2.12,0.65,0.1
52.46,15.53,6.49,0.07,1.88,2.5,2.84,2.2,0.64,0.08
58.45,14.64,7.68,0.09,2.52,2.82,2.1,1.9,0.81,0.09
64.22,13.64,7.05,0.07,2.48,2.78,2.43,1.35,0.9,0.08
59.98,14.82,5.79,0.09,1.70,1.86,0.63,3.03,0.93,0.14
71.74,13.82,5.15,0.06,2.19,1.05,1.03,2.65,0.75,0.12
65.42,11.91,6.74,0.1,3.46,2.74,1.05,2.47,0.9,0.18
66.88,13.88,6.41,0.12,2.19,1.34,0.67,3.73,0.89,0.15
72.12,12.7,5,0.07,1.88,0.85,0.76,2.64,0.61,0.11
68.11,13.32,4.88,0.06,2.61,1.41,1.9,2.52,0.62,0.09
65.64,12.99,5.65,0.07,2.95,1.89,2.48,2.59,0.87,0.11
68.03,14.25,4.19,0.05,2.16,1.35,3.08,2.11,0.63,0.08
60.41,15.03,7.03,0.08,2.96,2.58,2.27,2.09,0.76,0.09
58.74,13.95,8.25,0.09,2.88,4.43,2.04,1.82,1.03,0.15
58.56,13.48,7.72,0.09,2.65,4.13,2.76,1.39,1.01,0.12
57.89,13.24,9.69,0.12,3.17,3.97,1.66,1.26,1.18,0.15
61.43,13.24,7.51,0.09,2.7,3.63,1.92,1.55,0.89,0.3
70.47,13.79,5.1,0.06,1.82,0.85,0.71,2.96,0.68,0.11
62.02,13.82,6.14,0.09,3.03,3.02,1.17,3.24,0.9,0.15
62.63,11.82,6.46,0.09,2.8,4.3,0.47,3.59,0.9,0.16
61.23,13.15,6.63,0.09,2.45,4.8,1.26,3.04,1.04,0.15
66.69,14.03,5.53,0.06,2.24,2.01,1.03,2.88,0.81,0.12
66.88,13.21,5.1,0.06,2.29,2.3,3.01,1.74,0.62,0.17
65.17,15.06,5.46,0.05,2.21,1.43,2.91,2.43,0.78,0.12
67.21,14.47,4.48,0.06,2.11,1.99,2.88,2.47,0.63,0.12
57.95,13.96,6.49,0.07,2.94,4.5,2.56,1.8,0.87,0.11
59.58,14.9,8.36,0.1,2.87,3.05,1.63,2.14,0.89,0.15
64.98,12.63,7.23,0.09,2.49,2.74,2.11,1.57,0.9,0.14
64.73,13.35,5.89,0.07,2.5,3.03,2.93,1.86,0.71,0.1
64.54,13.8,5.98,0.07,2.66,2.49,2.37,2.31,0.72,0.14
67.89,11.1,5.3,0.06,3.44,2.98,0.93,2.72,0.7,0.11
65,13.86,7.06,0.13,3.38,1.34,0.88,3.31,0.83,0.12
74.29,11.18,4.71,0.09,1.95,1.6,0.58,2.32,0.65,0.18
63.15,12.85,5.28,0.08,3.11,6.31,1.31,2.72,0.82,0.12
66.7,13.81,4.97,0.06,2.45,2.58,2.42,2.34,0.62,0.09
66.06,13.87,4.67,0.06,1.97,2.54,3.7,1.52,0.59,0.12
63.93,14.42,5.88,0.06,2.75,2.79,2.73,2.23,0.65,0.1
62.88,13.37,5.6,0.07,2.78,4.01,2.47,2.11,0.7,0.28
60.45,13.9,7.3,0.08,3.16,2.81,2.34,2.19,0.77,0.14
64.39,12.52,6.56,0.08,2.3,2.54,2.39,1.62,0.76,0.09
60.62,14.15,8.69,0.1,2.66,3.37,2.1,1.73,0.9,0.16
62.76,14.08,6.63,0.08,2.78,3.19,2.53,2.23,0.74,0.14
62.76,14.11,6.57,0.08,2.78,3.1,2.49,2.25,0.74,0.13
63.14,14.19,7.34,0.1,3.07,1.82,1.52,3.17,0.88,0.13
60.83,14.42,7.38,0.09,3.53,2.32,1.46,3.08,0.88,0.14
63.05,15.45,6.14,0.08,3.79,1.54,1.51,2.99,0.74,0.11
65.04,15.03,5.33,0.07,2.24,1.8,2.63,2.64,0.58,0.13
62.37,13.27,5.51,0.07,2.77,4.5,2.06,2.19,0.61,0.12
60.69,14.45,7.08,0.08,2.73,3.3,2.02,2.14,0.72,0.12
58.95,12.85,7.38,0.08,3.14,5.06,2.07,1.85,0.74,0.1
63.18,13.53,7.24,0.08,3.2,2.43,1.98,2.22,0.9,0.1
59.76,14.46,7.75,0.09,3.25,2.71,2.07,2.21,0.79,0.14
59.25,12.31,7.03,0.08,3.06,2.91,1.68,1.92,0.79,0.17
55.78,12.59,9.63,0.1,3.83,4.69,1.98,1.74,0.78,0.17
61.02,12.92,7.88,0.09,3.12,3.48,2.29,1.88,0.74,0.26
56.52,15.48,8.84,0.09,4.83,1.83,2.36,1.68,0.83,0.1
60.79,13.5,8.17,0.1,3.58,1.9,1.43,2.63,0.97,0.13
64.7,14.29,6.41,0.07,2.4,1.8,1.02,3.2,0.85,0.12
61.09,13.88,6.23,0.07,2.84,3.83,2.76,1.46,0.72,0.13
63.21,14.31,6.18,0.09,2.48,2.39,1.93,2.18,0.73,0.13
61.48,13.44,7.94,0.09,2.64,2.92,2.48,1.28,0.72,0.13
58.77,13.16,8.13,0.1,5.33,2.48,1.48,2.1,0.78,0.09
61.61,14.51,7.19,0.08,3.07,2.33,1.89,2.56,0.79,0.13
57.50,15.15,8.61,0.09,3.96,3.15,1.79,2.28,0.78,0.09
56.54,15.51,10.19,0.09,3.56,2.49,1.26,2.3,1.06,0.1
57.76,15.52,8.49,0.09,3.43,2.79,1.83,2.08,0.95,0.09
59.42,15,8.05,0.08,3.34,2.56,2.09,2.33,0.78,0.1
62.54,14.3,6.8,0.07,3.29,1.78,2.91,1.66,0.77,0.12
59.3,13.94,8.65,0.1,3.28,2.76,1.87,2.15,0.89,0.12
63.11,10.48,4.45,0.08,2.07,4.24,0.55,2.18,0.61,0.16
64.96,15.34,5.98,0.09,1.81,0.99,1.05,3,0.98,0.12
63,13.95,6.36,0.07,2.98,2.01,2.79,1.69,0.88,0.14
60.23,13.33,7.81,0.08,3.68,3.86,2.23,1.72,0.85,0.26
60.84,14.22,7.87,0.08,3.06,3.73,2.23,1.79,1,0.19
60.02,14.48,8.86,0.1,3.59,2.84,1.58,2.2,0.99,0.14
62.52,14.01,8.3,0.1,3,2.36,1.62,2.57,0.95,0.16
58.32,13.55,9.36,0.1,3.55,1.64,1.18,2.65,0.9,0.13
65.98,13.46,6.12,0.06,3.11,2.23,2.60,1.25,0.67,0.12
64.76,15.26,5.41,0.05,2.72,1.76,3.69,1.02,0.49,0.11
61.35,13.44,6.95,0.08,2.47,2.13,2.05,2.49,0.72,0.14
67.45,13.21,5.58,0.07,2.25,2.44,2.01,1.61,0.65,0.2
63.19,12.49,5.45,0.08,1.47,1.7,1.91,2.18,0.68,0.12
72.49,14.4,4.57,0.06,1.49,0.67,0.61,2.34,0.6,0.12
68.71,15.67,5.86,0.06,1.70,0.64,1.49,1.87,0.71,0.09
62.65,13.35,6.99,0.06,3.97,1.55,2.28,1.66,0.87,0.18
64.33,15.02,5.96,0.06,2.80,1.75,2.88,1.36,0.82,0.19
62.93,15.53,5.91,0.07,2.98,2.10,1.94,1.72,0.76,0.33
72.49,14.4,4.57,0.06,1.49,0.67,0.61,2.34,0.6,0.12
60.50,15.67,5.94,0.08,2.59,5.00,1.37,1.68,0.75,0.29
53.62,15.15,8.44,0.10,3.88,5.41,1.43,2.62,0.96,0.18
67.48,13.76,4.8,0.04,2.94,0.84,4.62,0.35,0.47,0.13
62.96,14.47,6.62,0.06,3.01,2.54,2.31,1.38,0.66,0.12
67.48,15,4.46,0.06,1.64,1.43,2.55,2.05,0.52,0.17
62.95,13.06,6.27,0.08,2.42,2.55,2.2,2.39,0.78,0.15
61.35,13.7,9.68,0.11,4.2,2.74,1.37,2.12,0.96,0.13
68.9,15.8,4.78,0.06,1.82,0.66,0.68,2.97,0.56,0.11
67.07,16.29,5.66,0.07,2,0.68,2.03,1.64,0.91,0.11
62.27,14.64,7.61,0.07,3.49,1.84,2.15,1.52,1.01,0.14
62.23,14.47,7.38,0.05,3.58,1.87,1.78,1.95,0.89,0.17
65.23,14.6,3.92,0.06,2.31,2.57,1.29,2.16,0.42,1.2
63.01,12.9,5.04,0.09,3.44,3.68,0.81,1.4,0.65,1.28
61.54,15.49,7.47,0.08,3.33,2.11,1.97,2.33,0.73,0.16
58.94,15.36,7.53,0.07,3.87,3.42,1.92,2.04,0.82,0.13
71.61,14.10,3.73,0.05,1.55,1.29,2.74,1.83,0.46,0.11
63.38,15.25,7.64,0.10,1.62,2.41,1.92,2.70,0.81,0.17
64.98,14.40,6.68,0.08,2.63,1.98,1.78,1.93,0.8,0.12
59.56,14.22,8.25,0.09,3.61,2.63,1.63,1.79,0.8,0.19
71.49,13.74,4.95,0.06,1.46,0.77,0.64,2.59,0.56,0.12
54.09,16.41,7.72,0.09,2.88,5.47,1.46,2.62,0.9,0.16
52.97,16.65,11.46,0.15,3.83,2.76,1.52,2.96,1.29,0.12
53.59,15.91,9.01,0.08,4.14,4.41,1.48,2.38,0.96,0.25
60.01,14.33,6.00,0.13,2.66,4.65,0.86,2.65,0.61,1.59
64.41,14.42,5.00,0.09,2.49,3.42,0.66,3.15,0.64,0.25
59.09,15.09,9.11,0.09,3.44,2.14,2.61,1.28,1.2,0.16
59.13,16.53,7.52,0.1,3.89,1.62,2.44,2.39,0.82,0.16
61.45,14.06,8.49,0.09,2.86,2.62,2.54,2.21,0.69,0.17
56.7,16.4,8.73,0.13,3.74,3.05,1.73,1.68,0.89,0.16
64.84,13.93,6.57,0.08,1.78,2.47,2.25,3.03,0.87,0.18
57.51,15.66,8.23,0.09,3.14,3.34,1.95,2.38,0.88,0.1
55.15,13.27,11.05,0.11,4.65,3.23,1.49,2.23,0.88,0.11
63.56,16.15,6.2,0.12,2.21,1.21,0.91,2.93,0.99,0.16
61.76,15.56,5.62,0.17,2.75,2.28,0.85,3.02,0.83,0.13
65.96,15.26,5.78,0.1,1.81,0.91,0.68,3.2,1,0.1
61.21,16.09,5.42,0.1,2.11,2.87,1.73,2.98,0.76,0.11
59.71,15.17,5.73,0.09,2.73,2.37,2.48,3.07,0.79,0.13
60.01,14.41,6.19,0.08,3.61,2.52,0.94,2.92,0.82,0.11
66.74,12.6,3.86,0.09,1.72,3.93,0.76,3.32,0.64,0.12
55.75,14.58,6.11,0.07,3.01,5.8,1.45,3.05,0.83,0.11
58.52,14.34,5.39,0.07,2.33,4.68,0.87,2.94,0.83,0.17
62.55,13.89,4.45,0.06,2.37,3.24,1.5,3.04,0.79,0.12
54.69,15.6,6.23,0.08,3.44,3.33,4.47,1.68,1.26,0.17
56.51,16.54,5.46,0.07,2.7,3.23,3.59,2.32,0.87,0.11
61.85,16.01,5,0.09,1.92,1.7,4,2.88,0.69,0.11
59.85,14.31,6.95,0.25,4.29,1.34,0.73,2.45,0.86,0.16
62.54,16.27,6.4,0.11,1.69,1.62,0.54,3.18,0.84,0.11
64.24,15.96,6.31,0.08,1.81,0.83,1.1,3.05,0.68,0.12
62.69,13.78,5.2,0.06,3.33,1.33,1.01,2.67,0.73,0.12
60.97,13.91,6.03,0.07,2.82,1.97,1.56,2.2,1,0.1
58.57,17.37,6.61,0.1,2.65,1.49,0.94,4.45,0.77,0.11
56.05,16.73,7.09,0.15,3.38,2.4,2.42,3.53,0.98,0.1
53.27,15.51,5.15,0.08,2.68,4.04,7.4,2.34,0.87,0.1
56.46,13.7,6.72,0.11,2.55,4.05,1.69,2.1,0.92,0.13
54.29,14.16,6.28,0.08,3.33,6.8,2.46,2.18,1.01,0.15
61.14,14.95,4.98,0.06,2,2.83,4.6,1.43,0.85,0.1
53.96,14.16,5.02,0.07,3.13,3.34,8.65,1.54,0.77,0.08
59.16,18.28,7.16,0.12,1.49,1.12,1.01,3.25,1.07,0.14
65.86,16.09,5.8,0.08,1.42,0.95,0.67,3.07,0.95,0.14
58.92,15.81,4.69,0.09,1.8,2.3,3.95,3.54,0.55,0.08
64.54,15.32,4.98,0.07,2.06,0.7,0.97,3.7,0.61,0.11
59.75,16.16,6.07,0.07,2.56,1.34,1.26,3.2,0.81,0.09
59.63,14.79,6.76,0.09,2.79,2.16,2.33,2.01,1.22,0.09
68.66,12,5.22,0.08,2.15,1.92,1.4,2.37,0.8,0.1
57.92,15.68,5.31,0.07,2.58,2.93,1.78,3.4,0.69,0.12
57.84,14.59,5.59,0.11,2.8,3.65,3.18,2.35,0.83,0.11
60.82,13.67,5.51,0.08,2.13,3.81,2.93,1.84,0.87,0.09
55.3,15.97,8.55,0.08,2.9,3.24,1.89,2.43,1.12,0.14
58.67,15.4,4.57,0.07,1.96,3.58,6.69,1.71,0.99,0.1
62.5,14.7,3.44,0.06,1.57,2.34,7.04,2.08,0.61,0.08
61.34,12.07,4.32,0.06,2.88,3.92,1.32,2.75,0.59,0.09
63.47,17.16,6.99,0.13,1.51,0.96,0.85,2.98,0.92,0.12
65.25,16.55,4.03,0.12,1.69,1.1,3.01,3.13,0.55,0.09
59.52,16.83,4.2,0.09,2.13,2.58,6.14,2,0.68,0.1
63.77,14.86,6.19,0.08,2.75,2.39,2.19,2.08,0.8,0.08
67.21,14.13,2.86,0.05,1.35,1.71,3,3.58,0.41,0.09
62.51,16.13,5.23,0.07,2.47,1.48,1.82,3.56,0.71,0.11
60.93,15.45,4.91,0.07,2.33,1.01,3.78,2.96,0.66,0.1
69.07,13.44,5.13,0.09,1.74,0.85,1.17,2.96,0.7,0.08
64.44,14.98,5.39,0.07,2.32,1.57,1.31,3.17,0.71,0.1
59.05,13.86,6.17,0.09,2.9,3.27,2.11,1.99,0.84,0.16
55.91,14.93,4.92,0.06,2.42,3.28,3.52,2.6,0.73,0.11
55.26,17.41,8.01,0.08,3.82,1.04,1.16,3.6,0.8,0.11
64.06,13.01,5,0.07,3.18,1.84,1.89,2.55,0.74,0.13
68.38,15.32,5.28,0.08,1.4,0.66,0.75,3.56,0.66,0.11
63.68,15.01,5.44,0.1,2.63,1.31,1.27,3.41,0.6,0.09
66.15,15.04,5.12,0.09,2.22,0.92,1.21,3.22,0.63,0.12
69.03,13.77,4.58,0.06,2.06,0.7,0.97,3.14,0.64,0.1
61.44,15.9,5.73,0.09,2.56,2.41,1.42,3.52,0.68,0.13
61.53,15.77,5.45,0.11,2.62,1.83,1.56,3.3,0.7,0.12
63.49,16.58,5.44,0.12,2.34,1.13,1.41,3.33,0.79,0.1
61.64,16.07,5,0.09,2.52,1.63,4.67,2.33,0.61,0.12
66.48,12.3,4.42,0.08,2.18,2.81,2.57,1.92,0.66,0.11
63.61,13.45,4.62,0.1,2.01,3.01,4.83,1.92,0.77,0.08
65.12,15.8,3.37,0.06,1.68,1.81,4.16,3.3,0.58,0.08
72.86,10.7,2.59,0.05,2.61,1.14,2.56,2.41,0.41,0.07
70.93,12.08,2.73,0.04,1.38,0.87,4.47,2.26,0.69,0.11
71.39,11.8,4.71,0.12,2.07,1.39,0.46,3.03,0.57,0.11
65.99,14.8,4.68,0.08,2.73,1.3,1.11,3.41,0.54,0.12
64.14,15.41,4.95,0.07,2.13,2,1.9,3.42,0.65,0.15
60.15,16.7,5.69,0.07,2.78,1.71,1.3,3.57,0.79,0.09
62.12,16.52,5.03,0.06,3.2,1.1,1.75,4.14,0.68,0.1
65.26,15.83,4.21,0.08,2.05,1.03,2.21,3.62,0.61,0.08
61.61,17.47,5.51,0.13,2.54,1.02,2.56,3.44,0.76,0.1
59.43,16.72,6.76,0.1,3.38,2.18,2.31,3.53,0.82,0.16
57.53,16.5,5.38,0.09,2.96,2.54,4.91,3.16,0.79,0.15
60.18,14.09,4.14,0.09,2.3,2.42,4.08,2.68,0.57,0.09
63.51,14.73,4.2,0.07,2.42,2.02,2.04,3.72,0.6,0.14
72.36,12.5,3.02,0.05,1.65,0.8,2.68,3,0.62,0.1
63.79,16.87,5.4,0.05,1.94,0.82,3.25,3.08,0.76,0.1
57.98,14.98,6.3,0.09,3.7,3.11,0.7,3.68,0.72,0.11
50.53,17.73,8.03,0.09,4.71,3.06,1.16,4.24,0.72,0.1
55.43,17.94,6.3,0.08,3.09,2.68,1.86,4.2,0.75,0.12
57.16,13.99,4.25,0.1,2.18,6.28,1.36,3.25,0.59,0.13
57.57,17.42,5.99,0.07,2.58,2.8,1.34,4.29,0.76,0.14
59.73,18.72,5.21,0.05,2.46,1.35,1.74,4.6,0.79,0.1
56.96,18.09,5.39,0.11,3.19,2.68,1.97,4.46,0.71,0.1
58.25,17.45,5.77,0.09,2.93,1.91,5.54,3.25,0.77,0.1
57.74,17.44,5.18,0.07,3.07,2.22,2.29,4.17,0.76,0.11
55.77,15.88,5.13,0.09,3.25,3.21,3.86,3.57,0.68,0.13
72.26,11.31,4.09,0.05,2.39,1.23,0.82,3.17,0.61,0.09
63.81,16.71,5.29,0.05,2.93,1.29,1.15,3.25,0.72,0.12
63.1,16.97,5.49,0.05,2.12,1.41,3.1,2.91,0.7,0.14
56.7,17.21,7.48,0.1,3.36,2.14,1.86,4.17,0.73,0.11
57.3,16.25,7.59,0.13,3.39,2.56,1.22,3.86,0.73,0.14
58.79,17.96,5.38,0.07,2.7,1.79,2.43,4.23,0.71,0.16
58.52,16.83,5.26,0.08,2.69,2.29,2.89,3.84,0.67,0.11
59.96,16.52,4.86,0.08,2.54,1.96,1.81,3.93,0.6,0.13
62.37,17.22,5.02,0.07,2.58,1.12,2.11,4.09,0.73,0.11
62.45,16.19,5.07,0.08,2.68,2.11,2.12,3.45,0.72,0.12
67.76,14.23,3.77,0.07,2.14,1.65,2.17,3.29,0.55,0.12
62.52,14.54,3.52,0.09,2.07,1.94,4.52,2.98,0.54,0.1
67.99,14.07,3.87,0.06,1.74,1.48,1.79,3.16,0.72,0.08
68.61,15.33,4.88,0.05,1.58,0.76,0.99,3.22,0.62,0.1
69.06,14.13,5.21,0.05,2.06,0.77,0.89,3.12,0.72,0.14
71.48,11.86,3.57,0.04,2.01,0.88,2.76,2.35,0.58,0.08
56.82,16.93,7.62,0.11,3.56,1.65,1.53,4.26,0.81,0.12
59.69,15.96,5.55,0.06,3.25,2.06,1.47,3.88,0.64,0.12
58.66,17.55,5.93,0.09,2.85,1.07,3.05,4.15,0.69,0.1
70.24,12.94,3.68,0.08,2.07,1.07,1.84,2.85,0.5,0.09
62.08,15.13,5.11,0.09,2.72,1.98,1.36,3.61,0.65,0.12
62.71,16.75,5.24,0.07,2.77,0.94,1.72,3.69,0.75,0.11
63.68,16.17,4.25,0.08,2.4,1.39,2.41,3.63,0.64,0.09
67.41,14.15,4.71,0.07,2.55,1.35,1.19,3.71,0.68,0.13
67.71,12,4.25,0.07,2.37,2.58,1.82,2.3,1,0.15
71.11,13.49,3.43,0.03,1.71,0.71,2.69,2.64,0.55,0.08
69.6,13.02,4.09,0.04,1.99,0.87,3.24,2.62,0.59,0.05
70.43,12.42,3.82,0.04,2.25,0.95,3.81,2.46,0.5,0.07
56.6,15.25,7.09,0.11,4,2.93,1.23,3.82,0.75,0.13
67.24,13.25,4.51,0.05,2.05,1.88,3.18,2.73,0.61,0.09
54.5,15.76,6.05,0.08,6.18,2.39,1.63,3.3,0.62,0.1
61.83,15.6,5.1,0.07,2.73,1.94,1.63,4.15,0.68,0.12
58.82,17.43,6.01,0.11,2.92,1.48,1.52,4.78,0.74,0.12
62.93,16.14,5.16,0.08,2.77,1.44,1.95,3.97,0.71,0.13
65.4,14.57,3.67,0.07,1.9,1.75,3.57,2.54,0.56,0.12
66.42,14.98,3.55,0.06,2.06,1.41,3.36,3.29,0.58,0.12
68.91,9.37,3.14,0.08,2.25,3.54,1.66,2,0.51,0.09
60.7,13.29,4.91,0.1,3.36,3.71,3.56,2.49,0.64,0.1
68.76,10.72,5.05,0.11,1.92,1.64,2.26,2,2.14,0.06
67.74,14.75,4.23,0.04,2.31,0.89,2.68,3.06,0.62,0.08
70.07,11,3.96,0.05,2.54,1.58,1.59,2.4,0.61,0.12
68.39,11.14,3.74,0.05,2.28,2.51,1.74,2.55,0.55,0.1
62.21,15.22,5.25,0.07,2.52,2.13,1.59,3.95,0.65,0.12
61.03,15.4,5.47,0.08,4.99,1.88,1.83,3.54,0.67,0.11
61.73,16.21,4.61,0.08,2.61,1.88,3.53,4.03,0.71,0.11
61.48,15.13,5.38,0.08,2.88,2.13,1.4,4.24,0.73,0.19
58.81,15.36,6.03,0.1,2.73,2.93,1.09,4.32,0.83,0.15
64.7,15.3,4.5,0.07,2.09,1.31,2.33,3.87,0.64,0.08
64.12,14.57,4.93,0.07,2.43,1.47,2.02,3.77,0.7,0.1
66.89,11.28,4.94,0.09,2.25,2.95,1.38,2.45,0.77,0.14
69.89,9.03,3.83,0.08,2.03,3.56,1.18,1.84,0.76,0.1
78.12,9.16,3.11,0.04,1.41,0.86,1.9,2.02,0.56,0.06
70.32,11.05,3.53,0.05,1.8,2.03,2.16,2.55,0.63,0.07
63.73,11.8,5.24,0.07,3.3,3.46,1.55,2.27,0.75,0.11
54.84,13.56,6.72,0.09,4.51,3.79,2.48,1.98,0.97,0.16
61.51,16.63,6.21,0.11,2.54,1.8,1.27,4.31,0.68,0.12
71.28,10.94,5.4,0.06,1.74,1.74,0.43,2.88,0.73,0.14
57.4,17.44,5.86,0.08,2.75,2.22,1.53,4.35,0.76,0.14
61.93,16.55,4.96,0.07,2.34,1.68,1.83,4.56,0.68,0.17
64.64,15.48,4.52,0.06,2.09,1.48,2.06,3.73,0.6,0.11
62.27,16.19,4.86,0.07,2.08,1.41,1.96,4.21,0.67,0.11
72.49,12.1,3.12,0.05,1.38,0.79,2.4,2.58,0.57,0.07
67.03,13.03,4.86,0.07,2.21,1.82,1.79,2.17,0.74,0.14
65.83,12.43,4.36,0.06,2.11,2.81,2.57,2.04,0.71,0.14
65.05,13.78,4.48,0.06,2.57,2.46,3.24,2.41,0.71,0.1
67.16,11.1,3.19,0.05,1.93,2.42,5.45,1.65,0.5,0.08
57.07,14.1,6.07,0.08,3.77,3.77,3,2.14,0.85,0.15
60.77,16.87,5.7,0.08,2.33,1.53,1.28,4.52,0.7,0.15
54.95,13.57,6.04,0.08,4.09,5.66,1.1,2.36,0.88,0.17
59.11,17.08,5.83,0.08,2.44,1.82,1.67,4.59,0.76,0.16
58.83,17.61,5.06,0.06,2.23,1.81,2.22,4.45,0.69,0.13
61.4,16.56,5.45,0.07,2.48,1.64,1.39,4,0.73,0.15
62.18,10.4,3.44,0.07,3.79,4.93,1.45,2.18,0.55,0.1
72.49,12.21,3.73,0.05,1.42,0.90,0.97,2.87,0.87,0.11
67.53,15.18,5.23,0.06,2.07,1.09,1.9,2.81,0.79,0.11
58.17,12.58,4.62,0.07,2.36,6.72,0.96,2.43,0.68,0.17
60.93,13.18,4.33,0.06,2.78,4.75,1.35,2.59,0.63,0.15
62.15,13.3,5.75,0.09,3.62,2.49,1.87,2.36,0.77,0.17
62.33,12.86,6.54,0.08,3.08,2.89,1.32,2.44,0.88,0.17
58.71,13.37,6.05,0.1,3.21,3.91,2.88,1.95,0.79,0.13
63.14,14.39,6.43,0.09,2.84,1.55,1.52,1.95,1.08,0.11
66.44,12.74,5.34,0.1,3.02,1.44,0.73,2.6,0.56,0.09
61.89,16.68,5.35,0.07,2.3,1.31,1.17,4.62,0.68,0.16
63.92,14.19,5.65,0.08,3.09,2.16,0.7,2.7,0.91,0.12
63.95,13.58,7.27,0.07,3.14,2,0.45,3.14,0.66,0.11
77.02,9.46,3.07,0.04,0.99,0.6,0.48,2.06,0.77,0.05
70.6,13.7,5.4,0.05,1.52,0.89,1.28,2.5,1.43,0.09
73.21,10.23,4.15,0.05,1.76,1.9,0.76,2.12,0.78,0.19
63.2,12.84,5.1,0.07,3.37,2.48,2.11,2.04,0.78,0.12
59.38,13.45,6.24,0.1,3.68,3.2,2.01,2.08,0.83,0.13
58.24,12.65,5.38,0.08,3.11,4.15,3.56,1.95,0.75,0.15
71.28,10.94,5.4,0.06,1.74,1.74,0.43,2.88,0.73,0.14
64.76,13.34,6.08,0.1,3.06,1.72,0.7,1.97,0.82,0.16
59.788,13.87,9.4,0.1,3.44,2.07,1.61,1.78,1.2,0.2
62.202,14.74,9.08,0.1,2.7,2.01,1.36,1.73,0.94,0.14
59.926,14.44,9.07,0.1,3.25,2.12,1.34,1.99,0.93,0.16
60.048,16.71,8.46,0.08,2.91,1.71,1.55,2.34,0.9,0.14
61.11,15.83,7.07,0.08,2.29,2.49,1.95,2.15,0.90,0.14
57.97,15.00,8.89,0.11,2.96,3.10,1.53,1.90,0.87,0.13
59.96,14.75,6.92,0.08,2.62,2.91,2.64,1.64,1.04,0.15
60.16,16.02,8.02,0.09,2.29,2.91,2.48,1.03,1.21,0.11
65.01,14.86,5.77,0.08,2.35,2.36,2.93,1.66,0.70,0.13
58.93,13.10,5.97,0.09,3.28,6.50,1.06,1.89,0.93,0.23
65.56,13.08,5.64,0.07,2.70,3.21,1.51,1.48,0.81,0.10
64.04,14.46,6.39,0.08,2.76,3.04,1.56,1.29,1.00,0.10
61.08,11.72,5.73,0.08,2.87,7.71,0.69,1.65,0.90,0.16
60.562,14.73,7.56,0.09,3.29,2.1,1.56,2.12,1.03,0.25
60.024,14.79,9.39,0.12,2.73,2.76,1.7,1.86,1.01,0.12
63.46,14.13,7.61,0.09,2.31,2.03,1.8,1.86,0.96,0.14
57.554,15.63,10.22,0.11,2.73,3.04,1.78,1.4,1.12,0.3
57.96,15.72,7.00,0.08,3.06,2.88,1.92,2.22,0.85,0.14
57.58,15.06,8.89,0.09,3.89,2.84,1.49,1.94,1.11,0.14
54.33,12.78,6.83,0.08,2.83,6.89,1.81,1.82,0.97,0.23
58.67,13.76,6.69,0.08,2.87,6.92,1.20,1.82,0.91,0.11
60.93,14.08,6.21,0.08,3.57,4.98,1.15,2.21,0.79,0.13
55.60,13.81,5.17,0.08,2.87,8.91,0.85,2.07,0.83,0.11
63.37,13.19,5.95,0.08,2.96,4.11,1.16,1.53,0.90,0.14
61.54,13.83,5.65,0.08,2.58,5.65,1.43,1.25,1.03,0.11
66.19,14.75,5.78,0.08,2.42,2.41,1.18,1.83,0.86,0.10
60.064,14.93,6.95,0.09,2.81,3.19,1.75,1.8,1.23,0.09
63.096,14.33,4.5,0.07,2.21,4.13,2.19,2.17,0.73,0.14
63.964,13.91,6.01,0.09,1.86,2.82,2.21,2.27,0.8,0.21
63.204,15.29,6.01,0.09,1.85,1.95,2.31,2.71,0.78,0.13
59.09,15.28,7.74,0.10,3.81,2.93,1.49,1.90,0.87,0.13
63.15,14.08,6.04,0.08,2.89,4.03,1.61,1.82,0.83,0.15
62.59,11.60,4.53,0.07,2.43,5.33,1.88,1.40,0.79,0.12
64.06,14.75,5.89,0.08,2.97,3.36,1.34,1.93,0.88,0.16
63.49,13.91,6.33,0.08,3.38,3.83,1.48,1.84,0.88,0.08
67.35,13.42,5.76,0.10,3.08,2.20,0.92,2.19,0.82,0.12
65.12,14.55,6.50,0.09,2.84,2.53,0.85,1.41,0.96,0.10
64.84,13.92,5.82,0.08,2.45,4.42,1.27,1.35,1.06,0.09
64.55,13.24,4.57,0.07,2.49,6.80,1.02,1.67,0.81,0.10
61.58,15.06,7.07,0.08,2.76,2.20,2.63,1.80,1.06,0.27
61.53,11.01,5.69,0.08,2.84,5.93,0.78,1.02,0.93,0.12
61.77,14.51,4.19,0.07,1.69,4.54,2.40,2.51,0.58,0.12
61.78,13.63,7.43,0.10,3.12,4.48,1.10,2.13,0.95,0.13
61.79,13.72,6.41,0.09,2.89,4.17,0.73,1.48,0.90,0.13
61.40,13.05,5.41,0.08,2.98,4.51,1.09,1.63,0.77,0.21
63.10,15.05,6.12,0.08,2.87,2.25,1.13,1.64,0.81,0.11
64.30,13.04,5.48,0.08,3.24,4.66,1.25,1.62,0.83,0.29
64.62,13.04,4.91,0.07,2.97,4.03,1.54,2.13,0.70,0.18
62.02,12.52,5.04,0.11,2.44,8.65,0.90,2.02,0.83,0.28
65.31,11.63,5.28,0.09,3.00,4.51,1.08,1.78,0.84,0.32
69.07,11.50,3.74,0.07,1.86,3.67,1.86,1.17,0.91,0.10
65.07,13.86,5.21,0.06,2.51,3.65,1.51,1.75,0.92,0.08
61.93,15.24,7.36,0.09,2.89,2.08,1.28,1.83,1.00,0.20
56.96,14.23,5.14,0.09,2.52,5.05,1.06,1.69,0.89,0.13
56.02,13.04,5.03,0.08,2.77,6.26,0.86,1.71,0.82,0.13
54.51,12.19,4.55,0.07,2.50,7.77,1.26,2.07,0.71,0.32
57.96,14.27,5.31,0.07,2.76,4.05,1.35,1.79,0.88,0.17
57.33,14.85,5.34,0.07,2.66,4.14,1.41,1.70,0.90,0.12
52.29,13.01,5.22,0.07,2.76,7.66,2.16,1.70,0.78,0.22
58.59,15.17,5.83,0.07,2.61,2.76,1.16,1.47,0.89,0.09
55.71,12.86,5.79,0.08,3.35,8.56,0.87,1.78,0.82,0.14
68.48,12.75,5.02,0.09,2.65,2.52,0.88,2.26,1.00,0.16
62.24,13.54,6.29,0.08,3.17,4.21,1.27,1.81,0.88,0.10
64.01,14.27,7.34,0.08,2.61,3.00,1.50,1.14,0.98,0.09
65.82,13.48,4.98,0.07,2.40,3.99,1.08,1.75,0.87,0.09
60.69,15.34,6.34,0.09,2.95,3.05,1.20,1.85,0.85,0.12
58.06,14.34,5.64,0.06,2.99,2.60,0.87,1.84,0.93,0.18
57.02,14.38,5.68,0.08,2.97,3.31,0.97,1.84,0.85,0.13
57.78,14.75,5.71,0.10,2.45,2.97,0.57,1.83,0.85,0.09
57.50,13.17,4.05,0.08,2.34,5.06,3.65,1.44,0.81,0.09
56.70,13.03,5.05,0.06,2.99,5.89,1.98,1.62,0.81,0.30
54.72,13.22,5.05,0.07,3.04,6.34,1.34,1.90,0.77,0.16
60.98,12.77,4.24,0.06,2.44,4.36,2.39,1.42,0.86,0.13
57.48,14.79,6.90,0.09,2.84,2.84,0.98,2.01,0.87,0.11
64.87,14.94,6.37,0.12,2.77,2.22,0.76,2.34,0.80,0.17
65.68,13.87,5.42,0.08,2.85,2.50,1.10,1.96,0.85,0.13
59.04,13.25,6.45,0.08,2.90,6.64,1.26,1.28,0.96,0.17
63.85,13.31,5.20,0.07,2.60,4.80,0.89,1.79,0.80,0.10
52.45,12.84,4.97,0.07,2.85,8.12,1.21,1.80,0.79,0.27
58.43,14.58,5.84,0.09,2.72,2.59,0.76,1.91,0.88,0.11
57.10,14.09,5.68,0.08,2.93,3.49,0.53,1.70,0.84,0.11
57.58,13.57,5.30,0.07,2.80,4.23,0.64,1.75,0.82,0.11
58.77,13.63,5.34,0.09,2.54,3.66,0.61,1.67,0.84,0.10
48.27,12.96,5.03,0.07,3.05,7.82,4.52,1.44,0.85,0.35
59.69,12.00,3.50,0.05,1.87,8.04,2.49,1.33,0.77,0.10
54.69,12.18,4.78,0.07,2.65,7.59,1.55,1.85,0.71,0.29
59.05,14.2,6.54,0.1,3.27,2.96,1.25,1.67,0.95,0.07
57.66,15.12,5.92,0.11,2.93,4,0.7,2.26,0.79,0.07
52.07,12.13,5.42,0.07,3.63,7.51,1.9,1.48,0.8,0.14
53.97,11.85,4.88,0.08,3.2,7.61,1.61,1.76,0.79,0.07
60.46,12.12,4.26,0.07,2.61,5.06,1.4,1.66,0.77,0.07
59.88,11.67,3.81,0.06,2.3,3.04,7.4,1.71,0.83,0.08
56.73,11.68,3.54,0.06,2.91,4.78,7.9,1.52,0.72,0.13
60.49,12.72,3.87,0.07,2.44,4.15,4.73,2.09,0.72,0.09
48.1,11.45,8.56,0.21,4.89,8.58,1.09,2.11,0.66,0.55
58.28,13.08,5.45,0.1,2.83,4.8,1.01,2.07,0.81,0.15
61.48,12.15,4.13,0.07,2.42,5.26,1.39,1.68,0.78,0.12
64.94,14.32,5.44,0.1,2.39,1.78,0.66,1.7,0.89,0.06
54.21,12.43,5.96,0.08,3.27,5.89,4.42,1.74,0.87,0.11
58.05,12.65,4.98,0.07,3.79,3.91,5.47,2.26,0.75,0.13
58.62,13.92,5.11,0.12,2.81,2.95,5.99,2.46,1.03,0.13
57.88,13.14,5.8,0.09,3.51,3.17,2.18,1.35,0.99,0.08
56.45,12.92,6.4,0.08,3.68,4.83,2.89,1.21,0.91,0.08
48.92,11.13,4.4,0.07,4.07,10.58,1.95,1.37,0.72,0.06
67.08,14.33,4.92,0.08,2.29,2.24,2.45,1.89,0.83,0.10
58.8,11.51,3.76,0.06,2.38,4.89,3.12,1.75,0.73,0.09
59.27,11.42,4.98,0.07,2.88,4.85,1.85,2.77,0.75,0.37
53.17,11.7,6.2,0.1,3.31,6.6,1.91,2.64,0.68,0.4
51.45,12.45,5.55,0.1,2.92,7.78,2.71,1.71,0.68,0.14
51.72,11.6,5.33,0.07,2.98,8.96,1.32,2.01,0.69,0.27
64.39,13.08,4.66,0.07,2.74,3.03,1.06,1.76,0.85,0.09
64.29,12.87,4.6,0.08,2.45,2.99,1.95,1.43,0.83,0.07
53.44,11.2,4.14,0.06,3.13,8.14,2.68,1.7,0.61,0.07
65.89,13.19,4.74,0.12,2.4,1.78,0.9,2.1,0.92,0.1
61.24,14.22,5.17,0.07,3.97,1.73,2.57,1.1,1,0.06
58.55,13.05,4.97,0.06,2.98,5.14,2.39,1.26,0.9,0.06
61.57,12.28,4.98,0.09,3.08,4.36,3.17,1.65,0.9,0.09
67.87,12.36,4.56,0.08,2.14,1.90,1.81,2.29,0.81,0.29
57.68,11.67,5.93,0.08,2.93,6.51,1.25,1.55,1.01,0.16
62.1,12.83,4.59,0.08,2.37,2.36,1.38,2.17,0.81,0.1
61.81,11.37,4.04,0.07,2.23,3.63,1.31,2.07,0.81,0.16
60.45,12.68,4.87,0.08,2.31,2.93,1,2.22,0.82,0.1
58.47,11.42,4.03,0.05,2.32,6.36,1.4,1.9,0.69,0.07
62.08,11.93,4.43,0.07,2.36,4.07,1.44,1.66,0.82,0.08
57.67,12.43,4.81,0.07,2.72,3.87,2.56,1.76,0.8,0.09
57.55,12.8,5.26,0.08,3.24,4.18,1.24,2.16,0.79,0.07
65.73,10.98,3.91,0.08,2.07,3.17,1.49,1.67,0.79,0.09
58.44,12.43,4.78,0.07,3.15,4.13,2.14,1.66,0.82,0.11
56.05,11.78,5.36,0.07,3.47,4.42,3.39,1.66,0.94,0.09
63.23,13.49,5.07,0.09,2.5,1.89,1.27,2.07,0.86,0.06
64.87,12.42,5.35,0.07,2.37,3.68,1.57,2.05,0.77,0.17
68.84,13.01,4.10,0.07,1.78,2.04,1.99,2.22,0.68,0.17
65.41,12.48,5.21,0.08,2.38,2.92,1.48,1.84,0.79,0.28
58.18,13.97,5.24,0.07,2.78,2.72,1.76,2.16,0.81,0.09
59.73,12.69,4.92,0.08,2.69,3.41,1.16,2.42,0.75,0.2
60.69,12.13,4.58,0.07,2.5,4,1.77,1.92,0.8,0.08
54.24,12.32,4.89,0.07,2.57,6.42,1.27,1.77,0.81,0.08
62.57,10.66,3.53,0.05,2.19,4.11,1.89,1.84,0.76,0.05
62.17,11.87,4.25,0.06,2.52,3.1,1.46,2.05,0.79,0.07
64,10.65,3.49,0.06,2.17,4.61,1.21,1.66,0.69,0.06
59.29,10.73,3.97,0.06,2.4,6.3,1.29,1.62,0.74,0.07
57.14,14.62,6.55,0.08,3,2.34,1.23,2.12,1.02,0.07
60.28,13.23,4.95,0.08,2.59,3.29,1.08,2.42,0.78,0.08
67.96,13.80,4.59,0.07,2.05,1.81,2.20,2.34,0.67,0.10
66.21,13.82,4.78,0.08,2.27,2.26,1.90,1.97,0.74,0.12
67.87,11.95,4.19,0.07,2.23,2.90,1.83,1.85,0.65,0.28
61.70,13.79,7.15,0.09,3.74,2.43,1.38,1.83,0.92,0.15
60.21,13.18,5.35,0.08,2.71,3.15,1.5,2.2,0.85,0.09
60.5,12.54,5.15,0.07,2.53,3.7,2.14,1.84,0.96,0.09
56.06,13.15,5.74,0.08,2.58,5.07,1.51,1.45,1.01,0.07
57.34,13.43,5.69,0.07,2.64,5.21,1.53,1.36,0.86,0.1
45.99,10.98,4.61,0.06,2.73,13.09,1.55,1.15,0.7,0.09
59.02,11.97,4.42,0.07,2.25,5.93,1.21,1.68,0.78,0.09
56.58,16.91,6.27,0.07,2.97,2.47,1.2,2.94,0.88,0.07
53.63,14.47,5.06,0.06,2.8,5.75,1.78,2.27,0.82,0.07
61.03,14.89,5.38,0.08,2.73,2.79,0.86,2.39,0.8,0.06
63.20,12.98,5.32,0.08,2.94,3.33,1.59,2.32,0.74,0.22
66.91,13.32,4.68,0.07,2.39,1.92,1.68,2.13,0.73,0.13
66.83,13.46,4.83,0.07,2.22,2.50,1.69,1.76,0.76,0.09
61.26,13.89,6.70,0.08,3.15,3.40,1.39,1.72,0.93,0.14
59.86,12.93,4.27,0.06,2.49,3.48,5.18,1.92,0.89,0.08
60.21,13.38,6.18,0.09,2.88,2.83,1.6,2.09,0.96,0.18
62.35,14.32,5.99,0.08,2.66,1.88,1.55,1.72,0.95,0.08
61.27,13.67,4.91,0.08,2.63,2.58,2.73,1.25,0.89,0.09
58.64,13.97,5.41,0.09,3.14,3.58,1.88,1.92,0.86,0.07
57.02,14.59,5.27,0.07,2.69,4.13,1.69,2.04,0.86,0.07
54.56,15.66,5.67,0.06,2.79,4.58,1.25,2.86,0.94,0.09
52.82,14.69,6.14,0.06,3.14,5.76,1.28,2.19,0.82,0.07
66.18,13.64,4.17,0.05,2.62,1.94,1.17,2.06,0.66,0.07
64.38,14.30,5.79,0.08,2.85,1.66,1.43,2.15,0.79,0.10
64.15,13.73,5.68,0.08,2.87,2.15,1.40,2.05,0.83,0.10
64.70,14.06,6.37,0.08,2.96,2.04,1.47,1.92,0.88,0.10
62.43,13.67,5.87,0.08,3.04,2.75,1.61,2.11,0.88,0.14
59.31,12.28,4.45,0.06,2.66,3.62,5.76,1.63,0.85,0.07
63.95,13.26,4.99,0.07,2.53,1.94,1.69,2.06,0.81,0.07
61.35,12.44,4.57,0.07,3.46,3.71,2.07,1.86,0.82,0.22
61.87,11.86,4.17,0.07,2.49,4.48,2.11,1.66,0.76,0.1
62.71,12.38,4.68,0.06,2.65,2.14,1.7,1.82,0.89,0.07
56.79,15.14,5.38,0.08,2.52,4.96,1.87,2.46,0.92,0.08
59.95,15.55,6.03,0.08,3,2.01,1.3,2.84,0.95,0.09
56.67,15.31,4.45,0.03,2.65,4.58,2.09,2.92,0.65,0.05
54.13,14.44,4.71,0.04,3.07,1.84,5.3,2.86,0.63,0.08
50.8,14,5.56,0.06,2.35,7.99,3.12,1.68,0.73,0.09
64.56,13.59,2.73,0.02,1.43,1.75,4.68,2.76,0.34,0.04
58.08,13.51,5.12,0.07,2.39,3.78,3.3,2.21,0.81,0.07
58.12,14.34,6.75,0.09,3.14,4.46,2.49,1.89,0.87,0.16
61.37,14.97,6.49,0.08,3.04,1.45,3.2,1.42,0.78,0.11
60.52,15.9,6.1,0.09,2.32,2.42,3.47,1.37,0.89,0.1
58.65,15.15,5.09,0.07,2.3,1.95,3.25,2.98,0.52,0.06
60.74,14.9,3.94,0.04,2.06,2.28,4.48,1.93,0.63,0.05
53,15.15,8.94,0.09,4.11,3.33,3.44,0.94,0.94,0.09
54.89,17.24,7.82,0.09,3.16,3.24,2.23,1.02,0.85,0.11
60.18,15.82,6.54,0.09,2.32,3.09,2.78,1.29,1.1,0.21
55.7,14.81,6.91,0.1,3.36,3.66,2.61,2.08,0.83,0.09
57.89,15.03,6.87,0.11,2.99,3.2,2.3,2.74,0.78,0.2
55.18,13.59,5.99,0.07,3.07,4.38,3.34,1.72,0.87,0.07
55.82,13.81,5.09,0.06,2.61,3.91,3.59,1.96,0.8,0.16
54.35,14.12,6.05,0.07,2.99,3.15,6.3,1.59,0.9,0.06
61.07,15.33,7.84,0.07,2.68,1.51,4.14,0.64,1.22,0.1
61.32,15.89,5.47,0.07,1.87,2.47,4.18,1.31,1.1,0.08
57.3,14.67,5.42,0.05,3.28,1.82,5.15,0.86,0.85,0.06
54.56,14.57,7.28,0.09,2.81,3.64,2.75,1.95,1.09,0.07
56.35,15.27,6.8,0.08,3.18,2.8,4.48,0.96,1,0.06
54.7,14.44,6.5,0.08,2.66,4.22,3.34,1.29,1.01,0.1
57.72,15.04,6.47,0.07,2.45,3.04,4.1,1.26,1.26,0.07
60.78,15.17,6.56,0.1,2.51,2.84,2.67,2,0.85,0.12
55.92,14.53,6.2,0.08,2.48,3.84,4.24,1.03,0.93,0.09
52.34,12.69,6.53,0.08,2.76,6.02,2.56,2.18,0.7,0.17
53.17,12.71,8.63,0.1,2.74,4.94,2.54,1.59,0.99,0.23
58.96,14.84,5.44,0.06,2.35,2.68,3.48,1.84,0.9,0.06
58.42,13.83,6.18,0.07,3.77,3.02,3.76,1.63,0.97,0.13
61.12,14.51,4.6,0.04,2.59,2.18,5.08,0.95,0.89,0.05
58.03,14.79,6.16,0.06,3.05,2.32,4.39,1.15,0.95,0.09
58.69,15.51,5.5,0.06,3,1.96,4.8,1.66,0.76,0.06
57.7,15.56,6.29,0.06,2.9,2.72,4.87,0.86,0.97,0.07
55.38,15.28,6.17,0.08,2.84,3.67,4.07,1.44,0.62,0.04
57.4,15.07,9.01,0.12,2.03,4.25,2.59,1.17,1.28,0.14
55.86,14.59,6.58,0.07,3.9,3.65,3.71,0.99,1.29,0.09
56.1,18.45,7.74,0.06,3.02,1.26,4.81,0.84,0.97,0.1
63.2,13.04,5.46,0.04,2.36,3,3.34,1.51,0.9,0.09
55.17,13.92,6.27,0.07,2.9,3.6,5.91,1.9,0.88,0.05
56.11,13.89,5.92,0.07,2.99,3.33,6.06,1.89,0.91,0.05
56.29,14.17,5.43,0.07,2.56,2.51,3.63,1.48,1,0.04
57.75,13.67,5.5,0.07,3.02,3.63,4.21,1.64,0.71,0.1
53.62,14.39,6.7,0.08,3.53,4.15,3.98,1.34,0.85,0.09
55.41,13.37,5.96,0.07,2.88,4.71,3.44,1.45,0.92,0.07
54.32,15.11,6.31,0.08,2.9,3.39,3.79,1.25,0.99,0.07
52.47,15.35,5.42,0.06,2.46,3.26,4.63,1.22,0.79,0.09
61.56,15.7,5.14,0.07,1.95,2.67,3.67,2.24,0.62,0.09
55.72,14.32,6.35,0.09,2.89,3.56,3.36,1.51,0.84,0.08
58.78,17.07,5.46,0.08,2.23,2.7,3.93,1.75,0.71,0.09
59.72,14.84,7.41,0.06,3.69,1.07,3.9,0.84,0.84,0.13
50.14,13.95,11.3,0.12,3.08,5.11,3.62,0.69,2.1,0.1
56.79,13.97,6.26,0.07,2.73,3.31,3.09,1.99,0.8,0.08
54.48,14.44,5.83,0.07,4.09,3.24,3.98,1.27,0.76,0.06
55.55,15.17,5.97,0.07,3.19,3.83,3.33,2.27,0.69,0.21
54.52,14.5,5.55,0.06,3.71,4.38,3.91,1.79,0.7,0.12
56.46,14.32,5.54,0.07,3.14,3.8,4.08,1.5,0.99,0.05
56.41,13.33,5.86,0.08,2.89,4.19,3.51,1.73,0.94,0.07
54.34,15.32,7.66,0.09,3.65,3.26,2.86,1.71,1.15,0.09
61.13,15.2,3.7,0.05,1.54,2.47,4.9,2.14,0.56,0.04
60.36,15.01,4.33,0.05,2.11,2.36,4.16,2.27,0.65,0.05
54.48,14.15,6.25,0.08,3.19,4.15,2.99,1.89,0.9,0.11
57.39,15.01,5.79,0.08,3.14,2.81,3.52,2,0.79,0.07
55.83,14.2,6.47,0.09,3.12,3.87,2.75,2.36,1,0.1
54.27,14.64,8.4,0.11,3.72,2.97,2.3,2.7,1.01,0.11
59.65,13.92,6.65,0.09,3.01,3.64,2.45,2.06,0.89,0.28
55.1,14.99,6.71,0.08,3.45,3.56,2.94,1.59,1,0.09
55.98,14.8,5.59,0.07,3.06,3.32,5.3,1.69,0.78,0.06
52.94,14.71,6.58,0.08,4.15,4.5,3.32,1.71,0.79,0.08
55.26,15.6,6.11,0.07,3.11,3.91,3.35,2.04,0.67,0.1
54.04,14.74,6.52,0.08,3.49,4.08,3.67,1.47,0.97,0.09
57.31,14.43,6.16,0.08,2.44,4.46,3.91,1.45,0.99,0.17
53.84,13.9,5.07,0.05,2.99,5.61,3.26,1.86,0.64,0.08
55.58,14.56,5.58,0.06,3.2,2.98,3.95,2.28,0.87,0.08
60.91,16.33,4.56,0.07,1.62,2.3,4.25,2.42,0.96,0.14
60.03,16.85,5.14,0.06,3.08,2.14,4.99,1.1,0.77,0.13
55.27,13.85,6.52,0.08,3.36,3.38,2.78,2.13,0.96,0.11
53.75,13.32,7.46,0.09,3.29,4.38,3.08,1.97,1.18,0.14
59.52,15.98,5.67,0.07,2.34,2.75,3.99,1.47,0.75,0.2
53.95,16.08,9.01,0.1,3.23,3.69,2.98,1.41,1.22,0.17
51.16,13.53,8.8,0.11,3.14,5.34,3.22,1.17,0.98,0.14
54.39,15.2,7.55,0.1,3.14,3.81,3.2,2,0.83,0.09
55.1,15.89,6.85,0.08,3.19,3.22,3.36,2.24,0.81,0.07
53.34,16.3,6.84,0.07,4.06,2.85,3.94,1.94,0.77,0.08
57.33,14.81,4.11,0.05,1.93,3.45,5.27,1.66,0.68,0.07
57.44,16.07,5.99,0.08,2.32,2.93,3.27,2.19,0.72,0.08
59.43,15.82,4.46,0.06,2,2.5,3.62,3.04,0.56,0.08
67.96,16.18,1.93,0.04,0.65,1.34,4.39,4.11,0.25,0.05
54.91,14.61,5.69,0.06,2.57,3.36,4.61,1.55,0.9,0.06
54.58,14.54,6.82,0.08,3.02,3.86,3.44,1.19,1.06,0.08
58.1,15.72,5.52,0.07,2.3,4.27,3.63,1.3,0.89,0.2
55.05,13.54,8.56,0.09,2.87,3.55,4.35,1.03,1.12,0.07
53.55,14.43,5.98,0.08,2.91,4.48,3.32,2.13,0.73,0.09
61.17,15.02,7.12,0.10,3.27,3.70,3.59,2.12,1.27,0.20
52.98,15.13,9.41,0.11,3.82,4.06,2.25,2.05,1.19,0.13
59.94,16.64,6.20,0.08,2.82,3.31,3.13,2.05,0.84,0.16
54.26,15.12,6.84,0.08,2.7,3.94,3.66,1.29,0.92,0.07
54.24,15.05,6.86,0.08,2.66,3.96,3.62,1.26,0.96,0.07
55.18,14.46,5.37,0.08,2.77,4,3.3,2.45,0.69,0.05
63.16,16.05,6.39,0.08,2.90,3.49,3.01,2.03,0.96,0.18
58.54,16.28,6.11,0.08,2.42,4.34,2.82,1.62,0.87,0.13
59.45,16.40,6.35,0.08,2.88,3.46,3.11,2.03,0.91,0.16
53.78,15.21,6.19,0.07,3.24,3.98,3.91,1.43,0.91,0.1
51.24,15.06,6.3,0.08,3.07,5.59,3.69,1.23,0.87,0.2
58.79,16.60,6.55,0.09,3.00,3.47,2.92,2.03,0.97,0.17
55.85,14.94,7.26,0.08,3.27,4.36,2.93,1.91,1.04,0.19
55.86,14.1,5.84,0.07,3.06,3.53,3.82,1.94,0.79,0.06
57.29,13.82,4.73,0.07,2.46,3.31,3.68,2.27,0.66,0.06
57.2,15.13,7.29,0.09,2.63,3.88,3.03,1.66,1.22,0.2
56.24,15.98,6.72,0.09,2.88,3.77,4.03,1,1.9,0.1
62.41,14.42,5.6,0.09,2.97,2.37,1.2,1.92,0.86,0.14
62.66,15.92,7.18,0.10,3.15,3.83,3.48,2.05,1.21,0.19
62.05,16.87,4.09,0.05,1.72,2.35,4.42,2.13,0.5,0.08
54.12,16.62,6.39,0.08,4.29,2.01,3.96,2.36,0.94,0.06
54.48,13.01,6.55,0.08,3.48,4.39,4.1,1.27,1.36,0.09
57.14,14.19,7.16,0.1,3.12,4.92,3.24,1.18,1.21,0.17
56.67,12.47,6.18,0.08,2.58,4.25,3.68,1.83,0.85,0.05
53.11,13.34,6.8,0.09,3.4,5.34,3.01,2,0.89,0.07
53.64,14.41,6.83,0.08,2.86,3.66,3.22,1.94,1.23,0.1
57.29,14.02,5.81,0.08,2.39,3.65,3.64,2.23,0.74,0.06
54.53,14.07,7.98,0.09,3.06,3.18,2.59,2.12,0.96,0.09
52.72,13.88,7.07,0.09,2.88,5.37,3.09,1.99,0.92,0.07
54.36,14.74,5.45,0.06,3.36,3.73,4.46,1.16,0.74,0.06
53.49,14.73,6.15,0.07,3.34,4.07,3.58,1.58,0.91,0.1
54.42,14.08,5.94,0.07,3.69,3.71,3.92,1.81,1.01,0.1
62.69,16.03,4.86,0.05,2.42,2.38,4.52,1.65,0.66,0.1
56.27,14.12,6.47,0.06,3.36,2.5,4.8,1.23,0.89,0.07
56.45,15.26,7.13,0.1,2.5,4.48,3.77,0.97,1.32,0.18
57.59,15.17,7.7,0.09,2.66,3.34,3.22,1.34,1.05,0.16
57.07,12.95,7.6,0.11,4.05,3.77,3.03,1.52,0.92,0.05
59.28,14.01,4.75,0.07,1.75,3.11,3.69,3,0.83,0.07
63.4,15.4,5.02,0.08,1.88,2.47,3.49,2.02,0.69,0.13
59.58,14.96,3.77,0.05,2.07,2.87,4.5,2.86,0.56,0.08
63.35,16.22,3.71,0.06,1.51,2.51,3.72,3.09,0.58,0.12
58.24,15.21,6.77,0.08,2.91,3.65,3.28,1.65,1.03,0.17
56.09,14.89,5.25,0.07,2.85,3.78,4.57,1.48,1.22,0.08
55.12,15.37,6.25,0.08,3.13,4.56,4.34,1.28,0.9,0.07
60.84,16.51,5.13,0.06,2.16,3.35,4.61,1.23,0.8,0.12
54.38,12.87,6.83,0.1,4.01,4.48,4.85,0.94,0.88,0.06
53.6,14.13,6.29,0.08,3.52,5.08,3.46,1.72,0.91,0.21
59.33,16.97,6.71,0.09,3.00,3.66,3.21,2.05,0.94,0.18
60.09,13.03,5.41,0.07,3.98,3.61,3.13,1.06,0.82,0.09
51.95,12.69,6.77,0.08,3.43,6.7,3.79,1.3,0.83,0.08
56.94,15.91,7.45,0.1,2.92,3.8,2.28,2.38,0.89,0.14
55.11,14.72,7.77,0.1,2.83,3.97,2.82,2.26,1.01,0.23
63.63,14.94,3.9,0.06,1.31,2.65,4.08,2.49,0.54,0.1
58.95,15.94,6.3,0.07,3.1,1.98,2.79,2.56,1.01,0.11
53.22,14.02,6.2,0.07,3.6,3.96,3.2,2.17,1.03,0.1
62.58,16.56,3.95,0.05,1.57,3.33,4.06,2.55,0.62,0.17
60.25,16.2,4.45,0.07,2.54,3.55,3.72,1.81,0.73,0.11
59.29,16.47,5.08,0.06,2.04,2.38,4.12,2.39,0.64,0.12
58.15,15.43,4.51,0.08,2.91,2.13,4.39,2.06,0.54,0.06
53.22,14.6,6.26,0.08,3.6,4.28,4.06,1.56,0.91,0.11
53.75,15.18,8.29,0.09,3.6,4.87,2.72,1.65,1.1,0.24
57.98,14.5,7.63,0.1,2.48,2.64,3.52,2.23,0.84,0.1
54.48,13.46,6.07,0.08,3.93,4.76,2.96,1.77,0.92,0.16
52.47,14.61,11.31,0.12,3.84,3.2,1.62,2.79,1.2,0.21
55.72,13.84,9.04,0.11,3.33,2.94,3.55,1.72,0.9,0.26
56.01,14.25,8.38,0.09,2.99,3.55,4.44,1.41,1.3,0.18
57.57,14.99,6.9,0.08,3.75,2.37,2.33,2.7,0.82,0.12
58.54,15.26,5.47,0.07,2.36,3.18,3.86,1.97,0.87,0.16
60.05,16.1,5,0.06,2.07,3.84,4.1,2.37,0.69,0.2
62.68,16.29,4.64,0.07,1.54,2.9,3.77,2.51,0.64,0.13
55.47,14.42,5.03,0.06,2.67,4.46,3.45,1.97,0.84,0.15
53.91,12.19,6.78,0.1,5.07,5.79,1.82,1.86,0.66,0.07
53.63,13.68,6.29,0.1,4,5.13,2.7,2.26,0.73,0.11
56.22,14.44,8.94,0.11,3.72,3.85,2.47,1.93,1.06,0.17
59.98,14.13,7.35,0.1,2.55,3.95,2.63,1.94,1.11,0.08
52.59,13.26,7.48,0.1,2.91,4.9,3.58,1.48,1.26,0.1
58.38,15.75,7.75,0.09,2.88,3,3.73,1.39,1.21,0.22
57.55,14.13,5.78,0.05,3.34,1.9,3.9,2.02,0.89,0.07
57.79,15.99,7.75,0.09,2.62,3.44,2.66,2.09,0.91,0.11
60.6,14.96,5.93,0.09,2.83,2.56,2.54,2.5,0.72,0.1
58.76,17.18,5.62,0.06,2.72,2.64,4.38,1.86,1.16,0.23
59.33,14.78,5.5,0.08,2.41,3.98,3.71,1.77,0.81,0.16
50.84,12.13,7.59,0.11,4.98,6.7,2.67,1.61,0.69,0.08
54.78,13.76,5.09,0.06,3.34,5.34,3.71,1.8,0.71,0.1
57.67,14.93,5,0.06,2.5,3.56,4.2,1.96,0.84,0.08
49.45,12.09,6.06,0.09,4.37,9.9,1.91,1.88,0.83,0.16
55.49,14.46,7.52,0.09,3.1,5.19,2.9,1.7,1.06,0.15
54.91,13.17,7.64,0.09,3.51,6.04,2.51,1.16,1.19,0.09
53.67,12.76,3.93,0.05,2.61,8.01,3.6,1.82,0.76,0.07
60.19,15.68,4.63,0.06,1.61,1.8,1.82,3.73,0.67,0.17
64.35,15.77,4.88,0.06,1.42,0.72,1.18,3.89,0.83,0.1
66.66,14.01,4.57,0.06,1.68,1.1,1.37,3,0.91,0.15
56.13,13.41,4.24,0.05,1.86,6.88,1.26,2.65,0.71,0.14
57.08,15.92,6.37,0.08,2.83,1.51,2.22,3.27,0.91,0.11
57.44,15.25,6.63,0.09,2.77,3.52,3.7,2.3,1.58,0.53
57.84,15.42,6.66,0.09,2.44,3.18,3.28,2.45,1.43,0.43
63.07,13.99,5.91,0.09,2.22,3.05,2.27,2.22,1.2,0.39
56.52,14.46,5.67,0.08,2.4,5.93,2.03,2.74,1.1,0.31
61.07,17.68,4.14,0.05,1.33,1.44,2.47,4.01,0.66,0.12
61.6,15.63,6.22,0.07,2.1,2.46,1.72,3.11,0.88,0.08
59.59,13.47,7.94,0.11,4.32,2.94,1.01,2.62,1.03,0.14
67.53,15.62,7.44,0.07,1.67,1.08,1.08,2.35,0.95,0.11
66.07,14.58,4.22,0.07,1.63,0.85,0.94,4.25,0.88,0.1
68.73,15.65,3.92,0.03,1.33,0.57,1.17,3.52,0.8,0.1
59.48,13.6,5.31,0.07,2.54,4.89,1.39,2.53,0.8,0.14
61.39,13.37,5.62,0.07,2.43,3.31,1.92,2.49,0.91,0.11
57.16,14.93,6.54,0.08,2.86,3.31,2.88,3.04,1.22,0.35
56.08,15.53,6.79,0.09,2.52,3.45,2.64,3.13,1.31,0.26
61.34,16.57,4.09,0.06,1.43,2.38,2.83,3.44,1.12,0.14
62.34,16.34,4.55,0.07,1.69,1.62,2.28,3.19,0.93,0.12
69.45,15.29,4.45,0.07,1.36,1.38,2.28,3.97,0.86,0.12
61.83,17.81,4.08,0.05,1.36,1.11,2.38,3.19,0.62,0.07
52.1,17.16,7.14,0.08,3.42,4.66,1.62,2.19,1.04,0.1
56.7,18.3,7.55,0.07,1.87,1.18,1.11,2.78,0.99,0.07
60.87,17.21,6.72,0.05,1.67,0.82,1.44,2.86,1.17,0.07
65.55,15.71,3.73,0.04,1.58,1.06,1.1,4.12,0.7,0.14
63.89,14.65,4.77,0.04,1.79,1.66,1.04,3.02,0.7,0.13
59.44,15.83,5.06,0.06,3.11,3.36,1.26,3.34,0.66,0.12
56.21,15.94,4.26,0.07,2.2,3.39,4.87,2.27,1.12,0.14
61.03,16.01,4.97,0.07,1.79,2.22,3.94,2.58,1.22,0.2
59.93,17.14,5.21,0.11,1.98,2.07,2.68,3.2,0.95,0.1
62.33,16.34,4.49,0.07,1.5,1.53,2.03,3.93,0.73,0.17
62.84,16.88,3.87,0.05,1.22,1.32,2.08,3.51,0.65,0.1
62.14,15.46,5.68,0.08,2.15,1.78,2.85,2.53,1.02,0.1
59.49,16.92,4.26,0.06,2.07,1.45,3.16,3.37,0.77,0.12
50.54,13.63,7.72,0.09,4.35,5.98,1.84,2.34,1.21,0.1
52.01,17.09,7.12,0.07,2.52,3.55,1.1,2.6,0.86,0.12
60.91,15.31,7.2,0.12,2.27,1.07,0.9,2.19,0.92,0.12
64.5,15.57,4.62,0.03,1.45,0.71,1.06,3.25,0.9,0.13
64.48,15.88,4.97,0.04,1.81,0.72,1.05,3.2,0.76,0.11
65.17,13.54,4.7,0.07,2.83,2.21,1.58,2.44,0.77,0.1
57.23,14.8,5.99,0.06,4.08,5.78,0.98,2.48,0.75,0.12
59.26,15.3,5.1,0.08,3.01,3.6,1.79,2.43,0.95,0.17
60.73,16.19,5.24,0.09,2.83,2.01,1.42,3.88,0.76,0.15
59.8,17.03,5.73,0.08,1.96,1.71,1.93,3.31,0.97,0.11
63.9,15.8,4.35,0.07,1.32,1.5,2.26,3.36,0.69,0.07
60.53,17.32,4.28,0.07,1.64,1.3,3.74,1.97,1.02,0.11
60.61,16.47,4.88,0.07,1.61,1.37,3.09,2.4,0.91,0.09
55.5,13.91,8.33,0.11,4.41,2.3,0.75,2.05,1.01,0.12
53.14,13.96,7.78,0.12,3.57,5.1,0.61,2.06,0.96,0.13
53.93,15.28,9.47,0.14,3.04,3.01,1.46,1.02,1.1,0.13
57.9,15.48,4.14,0.04,1.7,4.29,2.97,2.84,0.8,0.1
67.96,13.17,4.55,0.04,2.07,1.06,1.04,2.84,0.61,0.11
63.64,14.81,4.39,0.06,2.14,2.17,1.43,3.97,0.66,0.14
49.44,18.47,5.49,0.08,2.61,4.37,3.51,3.54,0.86,0.09
59.55,16.22,5.49,0.12,2.09,1.9,2.48,3.84,0.77,0.11
57.75,16.36,6.09,0.08,1.93,1.72,1.66,3.71,0.88,0.12
61.02,16.21,5.42,0.08,1.94,2.17,1.6,3.1,0.85,0.12
58.97,17.63,5.49,0.08,2.13,1.32,2.86,2.61,0.91,0.09
59.7,17.19,5.61,0.08,1.84,1.36,1.72,3.73,0.81,0.08
55.55,14.84,6.94,0.09,3.27,3.33,1.24,2.66,0.88,0.11
53.86,12.88,6.8,0.11,2.92,6.37,0.72,1.95,0.94,0.14
56.97,15.94,8.73,0.15,2.03,1.32,1.22,1.96,1.15,0.1
64.77,12.47,7.2,0.08,3.4,1.12,0.81,1.77,0.72,0.07
63.38,13.96,4.19,0.04,1.68,3.24,1.2,3.09,0.6,0.09
62.81,14.18,5.01,0.07,2.14,3.17,1.57,3.34,0.77,0.12
60.66,16.44,5.1,0.07,2.17,1.91,1.92,3.87,0.69,0.12
58.19,17.74,5.76,0.08,1.81,1.12,1.97,4.05,0.75,0.09
59.36,16.64,5.86,0.09,2.14,1.9,1.67,3.77,0.88,0.1
57.5,17.95,6.34,0.11,1.9,1.03,1.49,4.4,0.73,0.1
58.08,18.03,6.48,0.08,2.16,1.32,1.53,3.42,0.91,0.08
58.57,17.76,7.02,0.08,2.33,1.72,2.21,3.43,0.96,0.08
54.63,16.66,8.01,0.1,4.02,3.1,1.5,3.11,0.92,0.13
56.39,14.16,8.9,0.15,5.98,3,1.24,1.66,1.11,0.14
60.59,14.82,7.42,0.15,1.88,1.34,1.25,1.77,0.88,0.1
57.25,14.57,9.45,0.18,2.32,1.93,0.97,1.68,1.05,0.1
64.84,13.17,8.03,0.14,4.06,0.72,2.09,1.62,1.03,0.09
67.08,14.28,4.6,0.04,1.82,0.75,0.95,3.19,0.57,0.11
59.68,13.86,5.59,0.07,2.36,4.48,2.24,2.69,0.95,0.11
57.33,17.56,6.46,0.12,2.66,1.74,1.82,3.36,0.89,0.09
54.17,17,7.57,0.1,2.48,2.01,1.39,3.37,0.92,0.11
54.89,16.73,7,0.07,3.38,2.61,1.45,2.97,0.92,0.09
37.36,11.07,5.51,0.08,4.61,16.11,0.62,1.72,0.89,0.18
50.93,14.64,9.16,0.12,4.24,3.97,0.87,2.01,1.11,0.1
52.37,18.42,11.59,0.09,3.94,1.91,1.55,2.94,1.25,0.08
62.22,14.26,8.99,0.13,2.82,1.82,1.34,1.04,1.4,0.09
67.35,13.94,7.28,0.13,1.97,1.29,1.14,1.96,1.32,0.08
63.16,14.58,9.17,0.15,3.17,0.96,0.85,1.76,1.08,0.09
65.04,13.77,8.37,0.12,3.31,1.16,0.94,1.88,1.08,0.08
65.92,13.35,7.81,0.13,3.59,0.9,1.4,1.82,0.76,0.09
58.69,15.99,4.5,0.04,1.94,2.78,1.7,3.24,0.53,0.11
53.62,12.38,5.5,0.06,3.96,7.52,1.01,2.63,0.78,0.16
54.06,12.49,7.84,0.1,4.52,5.82,1.36,2.02,1.13,0.2
51.04,12.82,8.09,0.1,3.92,8.16,1.53,1.85,1.29,0.2
57.08,12.07,8.56,0.1,3.78,5.29,1.68,1.94,1.17,0.21
57.09,14.07,7.71,0.11,5.12,2.58,1.22,2.01,0.96,0.15
58.53,13.59,7.67,0.11,3.44,2.95,1.42,1.52,1.04,0.11
62.62,14.38,8.98,0.11,2.89,2.12,1.12,1.58,1.08,0.11
64.13,12.74,8.47,0.16,4.82,0.85,1.06,1.75,0.95,0.08
69.99,12.72,7.14,0.12,2.54,0.73,0.96,1.92,1.01,0.08
58.11,13.27,9.08,0.13,4.69,1.06,1.78,1.53,1.01,0.09
58.61,13.77,10.34,0.13,4.89,1.33,3.16,1.99,1.03,0.08
60.31,13.36,8.65,0.15,4.78,1.57,2.57,1.54,0.94,0.12
56.06,16.86,5.96,0.09,2.84,1.64,1.18,3.7,0.99,0.14
53,13.49,6.6,0.11,4.64,5.72,0.94,2.39,0.8,0.13
48.92,13.72,6.61,0.08,2.47,10.02,1.27,2.19,0.91,0.11
63.26,13.24,5.54,0.08,2.59,3.6,2.69,2.04,0.77,0.15
53.17,15.95,8.68,0.12,2.99,4.18,1.52,1.85,1.02,0.16
58.17,14.56,9.13,0.14,3.05,2.99,1.86,2.55,1.17,0.1
55.56,12.88,10.14,0.12,6.49,1.6,1.83,3.81,1.12,0.11
51.07,14.21,11.17,0.17,7.33,1.58,2.24,3.45,1.29,0.09
52.46,14.28,11.17,0.36,7.77,1.04,1.89,3.15,1.15,0.11
55.22,14.2,11.12,0.16,5.77,0.93,2.97,2.62,1.21,0.1
54.83,12.69,11.49,0.14,5.97,2.21,2.98,1.61,1.31,0.12
55.73,13.05,10.87,0.16,4.25,3.06,2.12,1.04,1.35,0.11
53.83,12.62,12.11,0.15,4.51,3.31,2.23,1.52,1.28,0.1
50,12.88,4.96,0.09,3.15,9.41,1.03,2.41,0.7,0.12
57.66,13.33,5.15,0.08,3.41,5.6,1.83,1.58,0.75,0.1
57.43,16.65,7.05,0.08,2.88,2.76,2.81,1.43,1.06,0.13
58.22,17.16,5.44,0.08,1.73,3.37,4.64,2.3,0.71,0.11
58.38,15.13,7.64,0.09,2.47,3.52,3.41,1.75,1.11,0.09
56.57,15.3,8.26,0.12,3.32,3.01,2.1,2.31,0.85,0.14
60.52,14.95,6.36,0.09,2.5,2.13,2.4,2.39,0.85,0.1
59.44,14.53,10.15,0.16,3.21,1.3,2.36,2.28,1.21,0.13
56.45,14.35,11.06,0.17,4.71,1.15,1.81,3.16,1.28,0.09
54.86,13.11,11.18,0.17,6.08,1.77,2.42,2.54,1.2,0.09
65.11,14.55,5.42,0.08,1.88,1.95,3.02,2.27,0.69,0.1
60.15,16.38,8.54,0.1,2.18,1.65,2.58,2.14,0.99,0.08
62.46,18.01,5.32,0.08,1.36,1.49,3.14,3.42,0.58,0.07
62.91,14.89,5.8,0.08,2.81,2.14,2,2.17,0.88,0.1
56.38,16.57,7.5,0.08,2.79,3.36,2.87,1.33,1.14,0.16
60.91,15.93,5.78,0.07,2.17,2.6,3.75,1.59,0.94,0.11
57.29,16,6.57,0.08,2.37,3.1,3.62,2.28,0.84,0.11
58.42,15.42,7.53,0.09,2.57,2.6,3.33,2.36,0.84,0.11
56.21,14.65,8.07,0.09,3.01,3.84,1.9,2.25,0.92,0.14
56.22,14.46,7.68,0.1,3.52,3.43,2.14,2.01,0.96,0.14
45.83,11.37,14.62,0.16,8.24,4.4,1.73,1.2,1.17,0.08
57.69,14.6,10.64,0.11,3.36,1.33,3.13,2.09,1.34,0.08
60.56,15.55,8.72,0.11,2.4,2.22,3.27,1.63,1.24,0.1
61.85,15.39,7.2,0.09,2.51,2.12,3.04,1.71,0.94,0.08
59.72,14.69,7.85,0.11,2.31,3.39,2.24,2.57,0.88,0.11
60.28,16.59,8.96,0.14,2.79,2.11,1.96,2.22,0.87,0.08
62.39,14.09,5.73,0.07,2.5,2.68,2.87,1.85,0.85,0.11
57.55,16.89,7.48,0.09,2.33,3.34,2.48,1.76,0.95,0.11
59.99,16.28,6.04,0.08,2.22,2.79,2.76,1.96,0.93,0.12
56.82,15.49,7.91,0.1,2.23,3.74,3.25,1.98,1.03,0.1
59.14,15.58,6.08,0.08,1.82,2.94,3.65,2.39,0.89,0.1
56.22,16.33,8.1,0.1,2.66,2.55,2.56,2.6,0.91,0.11
56.93,14.24,9.37,0.14,4.4,2.54,3.02,1.92,1,0.1
52.49,14.44,12.19,0.15,4.45,3.1,2.52,1.88,1.11,0.11
66.01,15.85,4.74,0.07,1.72,1.3,3.39,2.82,0.55,0.07
60.68,15.68,7.49,0.1,2.65,2.24,3.02,2,0.99,0.1
60.04,16.18,7.49,0.09,2.01,2.73,2.81,2.18,0.88,0.09
57.75,16.36,7.82,0.1,2.67,2.91,2.8,2.38,0.87,0.09
55.38,15.98,8.27,0.12,2.63,4.1,2.47,2.28,0.96,0.12
58.8,13.59,5.15,0.06,2.19,5.99,2.39,1.66,0.75,0.16
57.99,15.34,8.75,0.1,2.55,3.72,2.16,1.46,1.11,0.09
62.06,16.38,5.36,0.07,1.91,2.56,2.59,2.23,0.71,0.09
59.17,15.1,6.76,0.09,2.13,3.16,3.08,2.03,0.89,0.09
59.96,16.29,5.92,0.1,1.91,2.59,3.6,2.43,0.82,0.08
51.59,13.37,9,0.19,6.72,1.96,2.59,2.88,0.98,0.14
48.72,13.29,11.17,0.16,8.82,1.49,3.1,2.45,1.11,0.11
55.27,14.04,10.7,0.14,3.82,3.34,3.14,1.59,1.33,0.14
61.19,15.5,4.71,0.07,1.88,3.9,4.46,1.94,0.71,0.07
63.17,16.58,5.55,0.08,1.79,2.66,3.97,1.32,0.95,0.06
56.79,15.34,9.25,0.12,3.1,3.21,2.49,1.61,1.23,0.12
58.49,17.03,7.74,0.09,2.72,2.34,2.96,2.02,0.98,0.1
61.11,16.75,7.64,0.09,2.33,1.87,2.4,2.19,0.83,0.07
59.52,13.91,8.77,0.1,2.59,3.79,2.23,1.57,1.26,0.15
58.9,13.95,7.02,0.09,2.67,3.47,2.39,2.1,0.89,0.12
60.98,15.95,5.9,0.08,2.09,2.28,3.14,2.34,0.82,0.08
57.77,15.22,7.33,0.1,3.4,1.93,2.86,2.22,0.86,0.1
49.91,14.08,11.05,0.14,7.12,1.91,2.9,1.99,1.19,0.11
57.97,15.51,6.84,0.11,2.82,1.68,2.68,3.04,0.77,0.09
63.09,17.02,5.95,0.08,2.21,1.39,4.4,1.76,0.7,0.07
64.1,15.24,4.54,0.06,1.8,2.23,4.8,1.38,0.67,0.08
57.35,16.01,5.7,0.08,1.98,5.31,4.83,0.79,1.06,0.14
55.69,16.7,9.06,0.11,2.85,3.88,3.31,1.22,1.35,0.18
60.14,17.05,7.07,0.1,2.25,2.89,3.43,1.32,1.04,0.07
52.29,14.7,9.26,0.14,2.99,3.65,2.53,1.8,1.09,0.11
62.18,14.51,5.26,0.08,2.75,1.62,1.20,2.52,0.86,0.17
56.02,15.33,7.07,0.09,2.88,3.77,1.30,1.36,0.96,0.08
57.28,14.84,6.44,0.08,3.71,3.51,1.31,1.79,0.93,0.09
56.84,13.97,5.16,0.08,2.54,5.33,0.84,2.02,0.95,0.13
58.56,13.63,5.14,0.08,3.15,4.31,1.42,2.13,1.01,0.19
58.86,14.05,6.61,0.09,3.34,2.83,1.60,1.78,1.10,0.10
53.99,14.60,4.40,0.06,2.55,7.77,1.39,2.09,0.65,0.10
57.66,13.76,4.48,0.06,3.21,5.19,1.14,2.09,0.75,0.12
59.42,14.10,4.77,0.07,2.92,3.67,1.08,2.18,0.78,0.18
59.15,14.38,4.75,0.07,2.82,3.56,1.19,2.27,0.75,0.11
59.72,13.87,4.71,0.08,2.92,3.31,0.95,2.20,0.75,0.18
61.51,13.83,4.94,0.08,2.66,2.16,0.84,2.10,0.88,0.12
62.70,14.48,5.94,0.07,1.96,1.35,0.56,2.67,0.99,0.08
59.73,14.92,5.00,0.08,2.46,3.38,1.22,2.36,0.92,0.10
63.85,14.43,5.31,0.08,2.37,1.52,1.37,2.11,0.86,0.10
58.26,15.14,6.36,0.08,3.29,2.54,1.20,2.10,0.97,0.15
59.74,14.97,5.60,0.07,3.18,2.10,1.37,2.13,0.96,0.11
60.06,14.07,4.89,0.07,2.99,2.99,2.01,2.04,0.86,0.10
59.31,14.87,4.59,0.07,3.46,2.50,2.36,2.18,0.79,0.08
61.14,13.58,4.40,0.07,3.05,3.96,2.05,2.31,0.67,0.17
59.87,14.11,4.23,0.06,2.79,3.76,1.74,2.38,0.72,0.09
56.02,13.23,4.51,0.06,2.65,7.93,1.66,1.76,0.77,0.09
62.69,15.07,4.82,0.07,2.41,2.03,1.11,2.17,0.75,0.07
61.57,14.77,3.69,0.05,2.81,2.54,3.05,2.24,0.62,0.07
61.96,14.68,4.81,0.07,2.24,1.52,1.27,2.26,0.82,0.09
61.54,13.84,5.21,0.07,2.46,1.90,0.71,2.01,0.85,0.16
61.47,15.04,5.41,0.07,2.59,2.22,1.46,2.37,0.97,0.09
56.15,16.49,5.82,0.07,2.78,2.98,1.73,2.72,1.20,0.08
56.49,14.15,7.88,0.09,3.87,3.30,1.37,1.50,1.11,0.24
60.74,14.38,6.12,0.08,3.24,1.82,1.20,2.14,0.99,0.13
58.79,14.32,4.01,0.06,2.35,5.20,1.78,2.26,0.67,0.09
63.94,13.95,4.69,0.07,2.75,1.88,1.91,2.10,0.73,0.14
62.86,12.95,5.48,0.08,2.78,2.56,2.52,1.71,0.90,0.11
63.58,13.98,5.18,0.08,2.58,1.89,1.95,2.32,0.79,0.09
62.80,12.90,4.91,0.08,2.74,3.50,2.12,1.95,0.87,0.09
64.00,14.52,4.89,0.08,2.57,1.93,2.24,2.23,0.76,0.11
63.90,12.17,4.43,0.08,2.03,4.06,2.02,1.95,0.91,0.11
60.27,12.99,5.27,0.08,1.96,5.11,1.26,1.78,0.91,0.09
57.05,15.11,8.04,0.07,1.53,3.13,0.39,1.88,1.00,0.07
58.01,15.89,6.24,0.06,3.00,2.84,1.79,2.65,0.86,0.08
52.98,14.41,6.86,0.08,3.13,6.05,1.79,1.92,1.18,0.10
61.83,13.96,5.95,0.08,2.99,2.32,1.70,1.86,1.02,0.10
63.12,12.43,4.91,0.07,3.02,3.18,1.71,1.87,0.94,0.15
65.46,13.70,5.45,0.09,2.25,1.88,1.79,2.00,0.92,0.09
65.27,12.95,4.98,0.08,2.34,1.61,1.49,2.01,0.84,0.09
64.28,12.29,3.94,0.06,2.33,2.81,1.95,1.93,0.68,0.14
67.92,12.73,4.47,0.08,2.28,1.66,1.50,2.22,0.79,0.11
67.01,14.03,4.16,0.06,2.13,1.48,2.33,2.20,0.62,0.08
65.51,13.69,5.17,0.08,2.31,1.99,1.10,2.08,0.83,0.11
70.94,11.41,4.69,0.08,1.39,1.57,1.05,2.10,0.83,0.13
63.96,13.55,5.30,0.08,2.21,3.22,1.39,2.39,1.00,0.09
66.01,13.67,5.53,0.08,1.76,1.55,0.95,2.33,0.98,0.09
56.01,15.30,7.44,0.10,2.80,3.80,0.99,1.89,1.10,0.09
61.79,14.68,5.93,0.07,2.57,2.93,1.78,2.17,0.97,0.08
62.15,13.32,4.96,0.07,2.78,3.15,1.63,1.86,0.81,0.10
63.93,13.16,4.62,0.06,2.67,3.30,2.13,1.74,0.82,0.16
63.34,13.61,4.95,0.06,2.91,2.75,2.01,2.04,0.79,0.10
63.58,13.49,5.19,0.07,2.58,2.50,1.69,1.92,0.84,0.18
56.24,12.44,3.71,0.05,2.17,8.50,1.92,1.67,0.61,0.07
62.80,13.22,4.32,0.06,2.62,2.49,1.74,2.00,0.68,0.11
63.23,13.18,4.29,0.06,2.41,3.60,1.61,2.03,0.73,0.12
66.86,13.01,4.51,0.07,1.90,1.71,1.60,2.28,0.72,0.09
67.81,12.02,5.79,0.09,1.32,2.30,0.82,2.18,0.98,0.07
60.12,14.21,5.26,0.07,2.63,3.07,1.38,2.41,0.78,0.10
59.34,14.03,5.43,0.11,2.06,3.25,0.62,2.26,0.85,0.08
57.18,15.00,6.26,0.07,2.79,4.25,1.75,2.59,0.95,0.11
55.85,14.63,7.97,0.09,3.58,3.52,1.32,1.54,1.38,0.10
63.22,13.39,5.66,0.08,2.72,2.46,1.20,1.99,0.99,0.10
62.01,13.01,5.37,0.07,3.01,4.02,1.63,1.88,0.86,0.07
63.70,13.74,5.16,0.07,2.72,2.61,1.81,2.08,0.81,0.10
60.79,14.27,5.69,0.08,2.98,3.14,1.72,1.77,0.84,0.11
62.65,14.12,4.71,0.07,2.58,2.88,1.73,2.00,0.73,0.08
58.37,13.05,4.44,0.07,2.32,6.86,1.79,1.76,0.72,0.09
66.57,13.53,4.11,0.07,2.22,1.88,2.04,1.97,0.65,0.08
63.61,12.46,4.84,0.07,2.00,4.12,1.14,2.12,0.75,0.09
65.32,12.39,5.58,0.07,1.81,2.99,0.74,2.44,0.83,0.07
61.33,15.44,5.24,0.08,2.05,1.56,1.16,2.81,0.78,0.07
65.01,14.33,4.26,0.07,1.45,1.49,1.80,2.85,0.76,0.06
56.07,16.41,6.35,0.06,3.02,3.73,1.44,2.95,0.97,0.13
57.66,15.13,6.92,0.08,3.01,2.72,1.40,1.96,1.15,0.08
55.10,14.09,6.73,0.08,3.89,4.94,0.97,1.82,0.93,0.08
59.53,13.08,4.81,0.06,3.95,3.94,1.90,1.95,0.79,0.11
60.62,12.64,6.22,0.08,3.20,3.82,1.48,1.62,1.05,0.15
54.04,13.25,7.10,0.08,4.08,5.88,1.28,1.46,1.07,0.11
59.67,14.18,5.30,0.08,2.99,4.11,1.25,2.00,0.73,0.10
57.48,13.25,4.39,0.06,2.74,7.45,1.68,1.78,0.70,0.09
62.79,12.70,3.76,0.06,2.65,5.06,2.97,1.82,0.63,0.09
59.85,12.56,4.46,0.07,2.69,6.24,1.73,2.07,0.65,0.10
59.40,14.58,5.75,0.07,2.52,3.84,1.36,2.95,0.66,0.14
68.35,13.06,4.61,0.08,1.92,1.69,1.13,2.26,0.77,0.14
68.42,10.89,4.15,0.09,2.02,3.19,1.11,1.90,1.03,0.39
52.69,16.38,6.24,0.05,3.37,6.31,1.75,2.82,0.94,0.14
50.82,15.12,6.86,0.07,3.06,7.10,1.77,2.24,0.80,0.09
52.55,14.07,6.71,0.07,3.38,8.05,0.85,1.92,0.82,0.12
61.00,12.37,4.58,0.06,2.72,6.67,1.98,2.04,0.79,0.13
59.44,12.81,6.49,0.08,3.12,4.88,1.27,1.80,1.07,0.18
55.29,14.74,7.81,0.10,3.33,4.51,0.62,1.59,1.05,0.10
57.90,14.00,5.39,0.07,3.24,5.63,1.25,1.95,0.69,0.10
53.27,12.99,4.14,0.05,2.97,9.85,1.78,2.27,0.59,0.20
63.28,13.32,4.58,0.07,2.75,3.38,1.38,2.07,0.75,0.11
61.82,14.65,4.62,0.06,3.26,2.13,1.27,2.59,0.67,0.14
63.14,14.17,4.44,0.06,2.16,2.91,1.38,2.59,0.66,0.16
62.91,14.35,4.90,0.07,2.28,2.69,1.12,2.70,0.76,0.11
61.71,15.53,4.16,0.07,2.43,3.14,4.90,2.27,0.74,0.15
56.38,16.96,7.59,0.07,3.26,2.04,1.38,2.77,1.05,0.08
57.66,15.61,7.11,0.08,3.18,2.07,1.05,2.06,1.16,0.08
58.08,14.54,6.16,0.08,3.33,3.78,1.51,2.08,0.92,0.10
57.10,14.60,6.32,0.06,3.52,4.01,1.07,2.34,0.98,0.12
56.49,15.54,7.09,0.08,3.23,2.77,0.94,2.24,1.00,0.11
53.27,14.37,8.38,0.09,3.93,4.20,0.87,1.40,1.17,0.16
56.95,13.77,5.53,0.07,3.45,5.43,1.31,1.78,0.78,0.11
59.27,14.61,5.22,0.07,3.40,3.30,1.59,2.14,0.74,0.11
62.03,13.73,4.94,0.08,2.62,3.03,1.04,2.13,0.82,0.12
59.96,14.86,4.39,0.07,2.82,2.94,1.44,2.44,0.64,0.10
62.55,14.99,4.92,0.06,2.55,1.86,1.31,2.43,0.70,0.08
65.70,13.89,4.92,0.08,2.13,1.51,1.01,2.42,0.81,0.09
43.86,11.22,4.25,0.07,1.65,17.09,0.65,1.54,0.63,0.10
54.72,13.64,5.95,0.07,2.97,7.84,1.69,1.91,0.90,0.08
57.22,15.72,6.14,0.06,3.19,2.86,2.12,2.46,0.85,0.08
58.95,13.34,6.00,0.08,3.00,5.20,2.23,1.69,0.89,0.10
57.49,14.62,7.42,0.08,3.24,2.75,2.06,2.01,1.16,0.14
58.34,15.63,6.71,0.07,3.05,2.53,1.06,2.29,1.07,0.09
55.49,12.72,6.87,0.08,3.52,5.97,1.29,1.46,1.15,0.11
59.01,12.64,6.26,0.09,2.77,5.33,1.01,1.78,0.97,0.15
56.34,11.68,4.21,0.06,2.30,9.98,1.36,1.46,0.70,0.10
62.72,14.22,5.22,0.08,2.59,2.35,1.01,2.11,0.83,0.09
60.17,13.40,4.69,0.06,2.86,5.38,1.31,1.96,0.74,0.10
58.69,13.37,4.29,0.06,2.28,7.53,1.77,1.96,0.65,0.13
64.48,13.68,5.20,0.09,2.03,1.60,0.89,2.15,0.83,0.11
62.16,13.87,5.05,0.09,2.65,2.91,0.91,2.29,0.78,0.15
58.50,13.53,6.55,0.07,3.66,4.83,1.63,1.53,0.84,0.09
58.41,13.17,8.02,0.08,3.93,4.24,2.61,1.19,1.46,0.10
65.23,12.50,5.80,0.07,2.60,3.68,2.40,1.40,1.06,0.08
57.09,14.14,6.88,0.08,3.21,5.07,1.41,1.71,0.91,0.07
58.92,14.28,7.37,0.09,2.79,3.29,1.00,1.80,1.18,0.10
62.17,13.84,6.04,0.08,2.35,3.28,1.16,2.11,1.00,0.08
59.04,13.89,8.02,0.11,3.06,2.28,0.81,1.48,1.21,0.07
59.83,11.73,5.73,0.08,2.26,6.27,1.00,1.72,0.88,0.09
62.54,11.98,4.62,0.07,2.21,6.16,1.34,1.66,0.78,0.08
61.05,13.02,5.13,0.08,2.74,5.16,1.53,2.05,0.79,0.12
66.18,12.42,4.47,0.07,2.27,3.70,2.00,2.20,0.74,0.14
60.64,11.63,4.41,0.07,2.63,8.00,1.93,1.76,0.69,0.11
65.17,12.36,5.29,0.08,2.49,2.96,0.89,1.92,0.88,0.17
65.60,12.35,5.41,0.10,2.37,2.86,1.16,1.38,0.95,0.07
64.03,13.00,6.35,0.09,2.98,2.68,2.59,1.50,0.95,0.13
61.93,14.16,7.26,0.10,2.75,2.99,3.55,1.08,1.06,0.08
61.92,14.33,6.78,0.09,3.15,2.17,1.65,1.35,0.91,0.08
59.24,14.39,6.17,0.07,2.91,3.30,0.98,1.91,0.87,0.09
59.56,15.58,6.66,0.08,2.65,1.83,1.32,2.25,0.90,0.08
57.05,12.15,6.39,0.08,3.25,6.79,2.16,1.41,1.25,0.10
56.79,11.88,6.34,0.08,3.40,6.77,1.99,1.58,0.94,0.11
60.53,13.40,5.97,0.08,3.37,3.61,1.59,1.62,0.89,0.10
58.51,11.57,4.43,0.06,2.20,9.22,1.67,1.77,0.79,0.08
65.31,12.66,4.57,0.07,2.39,4.31,1.66,2.06,0.78,0.09
72.60,11.37,4.43,0.07,1.79,3.10,1.24,2.13,0.77,0.08
71.82,10.65,4.20,0.08,1.81,3.89,0.96,1.88,0.81,0.11
65.08,12.69,6.35,0.09,3.03,2.89,0.50,1.76,0.92,0.08
62.41,13.62,6.23,0.08,2.99,4.43,1.42,1.51,0.83,0.09
61.59,12.91,6.80,0.13,3.17,4.84,0.72,1.75,0.79,0.08
58.44,12.83,6.57,0.08,3.10,7.09,2.38,1.04,0.92,0.08
59.48,14.56,7.36,0.06,3.56,3.79,2.54,1.80,0.90,0.10
59.04,13.17,4.51,0.05,2.49,6.57,5.29,1.51,0.98,0.10
61.12,12.65,5.13,0.07,2.55,6.77,3.61,1.85,0.83,0.08
63.90,11.55,6.65,0.09,2.52,3.87,1.13,1.56,1.25,0.08
62.04,11.61,6.19,0.08,2.87,4.75,1.53,1.24,1.23,0.08
69.04,11.43,3.69,0.06,1.83,3.82,1.97,1.67,0.69,0.07
67.42,12.96,4.96,0.08,2.20,2.04,1.52,2.09,0.93,0.07
59.75,12.38,4.74,0.07,2.20,7.53,1.19,1.82,0.78,0.09
63.61,13.85,5.46,0.10,2.40,1.90,0.70,1.97,0.82,0.09
61.50,13.80,6.03,0.10,2.77,2.44,0.86,1.62,0.90,0.08
57.71,13.79,6.58,0.06,3.29,4.29,1.03,1.49,1.03,0.11
58.73,13.69,6.12,0.09,3.25,4.20,0.55,1.82,0.84,0.12
51.66,12.34,5.50,0.06,3.53,10.53,1.55,1.25,0.77,0.09
65.92,9.87,4.54,0.06,1.63,5.79,0.76,1.31,0.90,0.08
64.61,12.48,5.84,0.07,2.06,2.12,1.14,1.90,1.23,0.09
61.63,13.79,7.24,0.10,3.05,2.02,1.35,1.98,1.30,0.08
59.23,13.63,6.78,0.09,2.67,3.79,0.83,1.67,0.98,0.09
55.99,14.23,8.56,0.10,3.24,3.39,1.38,1.14,1.25,0.08
54.54,13.26,5.68,0.07,2.92,8.32,1.18,1.72,0.76,0.11
61.22,12.76,5.31,0.08,2.21,4.87,0.98,1.87,0.88,0.08
59.37,13.07,5.32,0.07,2.86,5.89,1.34,1.67,0.83,0.10
64.65,12.19,4.76,0.08,2.31,4.17,1.15,1.96,0.88,0.09
54.49,13.93,5.7,0.07,2.45,6.34,0.77,1.55,0.83,0.1
50.12,12.51,5.16,0.07,2.38,10.69,0.83,1.37,0.74,0.09
59.41,12.98,5.03,0.06,2.36,4.95,0.88,1.46,0.88,0.09
55.85,12.18,4.79,0.07,2.19,7.66,0.72,1.44,0.82,0.1
61.34,11.19,4.19,0.07,1.69,6.46,1.27,1.27,0.83,0.08
57.73,12.75,5.71,0.08,2.07,5.47,0.72,1.52,0.92,0.09
54.12,11.29,5.51,0.08,2.31,9.04,0.78,1.27,0.82,0.13
61.01,12.55,5.14,0.09,2.1,4.16,0.99,1.5,0.87,0.1
63,8.97,3.35,0.06,1.64,7.7,1.28,1.42,0.86,0.11
63.68,10.74,4.2,0.07,1.72,5.37,0.94,1.62,0.84,0.09
62.92,12.35,5.08,0.07,1.57,3.06,0.55,1.97,0.94,0.1
59.62,11.39,5.02,0.07,2.11,5.89,0.91,1.66,0.94,0.11
63.99,13.11,5.92,0.06,1.56,3.91,0.58,2.09,0.94,0.08
58.7,13.55,5.27,0.08,2.29,4.19,1.54,1.75,0.82,0.21
58,13.82,5.94,0.09,2.42,4.38,0.95,1.21,0.9,0.11
59.11,10.52,4.17,0.08,1.69,8.54,0.86,1.22,0.92,0.08
57.75,13.48,5.68,0.09,2.32,4.67,0.87,1.41,0.85,0.1
57.93,12.32,5.03,0.07,2.21,6.51,1.26,1.33,0.89,0.1
52.94,12.09,5.32,0.07,2.22,9.64,0.73,1.39,0.77,0.12
63.96,10.01,3.61,0.07,1.71,6.2,1.31,1.44,0.85,0.09
48.23,10.76,5.59,0.06,2.3,12.81,0.81,1.21,0.83,0.12
60.42,12.85,4.75,0.07,2.16,4.22,1.09,1.76,0.76,0.11
62.15,11.64,4.47,0.07,1.6,5.18,0.77,1.62,0.84,0.1
59.42,11.9,5.21,0.09,1.75,4.59,0.69,1.98,0.99,0.16
62.36,13.14,5.54,0.08,1.92,2.11,0.52,1.93,0.93,0.1
63.9,12.41,4.74,0.07,1.87,2.35,0.58,1.77,0.94,0.11
61.08,13.38,4.88,0.06,1.91,4.82,2.31,1.03,0.86,0.09
60.88,14.49,5.1,0.08,1.91,2.98,1.79,1.49,0.88,0.08
55.87,13.47,5.53,0.08,2.47,5.06,0.87,1.44,0.79,0.14
56.62,13.57,5.53,0.08,2.49,5.08,0.91,1.46,0.84,0.1
55.02,11.78,5.21,0.07,2.5,7.9,0.6,1.45,0.83,0.16
51.79,11.02,4.68,0.07,2.22,11.75,0.71,1.45,0.76,0.12
58.01,13.08,6.28,0.08,2.46,5.1,0.44,1.51,0.96,0.1
60.91,13.34,6.49,0.09,2.2,2.5,0.49,1.6,1.06,0.08
59.33,11.67,4.46,0.06,2.11,7.54,0.67,1.6,0.77,0.13
60.12,12.31,5.13,0.08,1.96,5.58,0.58,2.22,0.79,0.13
56.88,12.9,5.78,0.09,2.01,6.41,0.47,1.89,0.94,0.1
60.36,12.18,5.97,0.08,2.26,4.23,0.46,1.69,1.1,0.14
64.02,13.36,5.28,0.08,1.67,2.22,0.33,2.09,1.01,0.08
65.38,11.8,4.34,0.06,1.73,3.53,1.35,1.61,0.86,0.11
59.12,13.59,5.97,0.08,2.31,5.52,1.47,1.38,0.96,0.12
59.22,13.24,5.68,0.09,2.49,4.16,0.46,1.5,0.87,0.11
58.46,11.87,4.81,0.1,2.19,7.39,0.95,1.41,0.93,0.1
55.14,10.04,3.99,0.06,1.97,11.69,1.39,1.24,0.93,0.1
56.86,13.11,8.1,0.11,2.99,3.27,0.66,1.41,1.19,0.09
55.61,12.33,6.34,0.08,2.6,6.81,0.62,1.66,0.93,0.15
57.78,12.87,5.77,0.07,2.64,5.12,0.57,1.66,0.89,0.14
61.76,13.29,5.04,0.07,2.21,3.54,0.95,1.74,0.8,0.11
60.75,13.12,6.56,0.09,2.12,2.71,0.48,1.74,1.01,0.14
65.68,12.83,5.17,0.08,1.73,1.55,0.54,2.1,0.89,0.11
58.13,12.19,6.38,0.08,2.37,5.75,0.56,1.53,1.14,0.1
63.55,10.71,4.82,0.07,1.8,5.92,0.52,1.61,1.23,0.09
56.99,13.45,6.53,0.09,2,3.96,1.63,1.4,1.02,0.09
61.37,12.34,4.78,0.07,1.62,4.4,1.94,1.38,0.9,0.08
64.28,12.8,4.18,0.07,1.44,2.83,2.5,1.43,0.88,0.09
57.71,13.33,5.72,0.08,2.4,3.82,1,1.7,0.87,0.09
56.12,12.14,6.7,0.09,2.31,4.9,0.9,1.18,1.12,0.09
52.91,10.84,6.76,0.09,2.93,6.5,3.45,1.01,1.31,0.07
56.88,13.31,6.5,0.09,2.64,2.88,1.35,1.47,0.94,0.09
58.98,12.41,5.08,0.07,2.33,4.05,1.16,1.45,0.85,0.1
60.64,12.82,5,0.07,1.87,3.72,1.13,1.44,0.84,0.11
60.06,13.62,6.94,0.08,1.82,2.75,0.6,1.56,1.02,0.08
63.16,13.74,5.48,0.07,1.04,2.16,0.57,2.28,0.77,0.08
60.68,11.88,4.56,0.07,1.86,5.58,0.55,1.81,0.9,0.1
58.59,12.96,5.23,0.07,2.08,5.09,0.45,1.96,0.8,0.15
63.08,13.21,5.24,0.07,1.85,2.57,1.66,1.57,0.79,0.11
63.42,11.88,4.94,0.07,1.63,3.52,1.37,1.39,0.86,0.08
59.97,12.24,7.5,0.1,2.27,3.06,1.5,1.07,1.35,0.1
56.68,12.03,5.96,0.07,2.15,5.19,0.74,1.47,0.93,0.07
63.72,10.25,4.65,0.07,1.64,4.99,1.24,1.24,0.96,0.07
58.9,13.11,6.93,0.09,1.95,3.02,0.47,1.43,1.21,0.08
59.82,13.86,6.26,0.09,2.31,1.94,0.7,1.49,0.88,0.09
57.11,13.07,7.2,0.09,2.46,3.23,0.98,1.24,0.98,0.09
57.67,11.95,5.19,0.07,2.05,5.46,1.15,1.49,0.82,0.13
59.73,11.02,4.84,0.07,1.89,5.58,0.99,1.68,0.83,0.15
61.87,11.7,4.78,0.09,1.49,3.2,0.79,1.78,0.87,0.1
62.02,10.23,4.18,0.07,1.38,5.78,0.91,1.49,0.83,0.1
66.83,9.6,3.03,0.06,1.17,4.1,1.29,1.98,0.87,0.08
61.28,14.03,5.85,0.08,2.17,1.75,2.17,1.86,0.87,0.08
60.11,11.87,7.62,0.08,2.52,3.33,1.13,1.29,1.28,0.06
64.54,12.29,5.31,0.08,1.77,2.45,0.7,1.98,0.87,0.07
61.53,14.49,6.75,0.09,1.95,1.37,0.64,2.14,0.87,0.08
59.91,11.04,5.58,0.09,2,4.64,0.9,1.23,1.02,0.17
57.78,12.56,7.59,0.09,2.85,3.08,1.09,1.13,1.16,0.09
61.29,13.07,6.22,0.09,2.05,2.72,1.02,1.34,1.02,0.08
59.81,11.35,5,0.07,1.93,5.33,1.12,1.36,0.89,0.14
63.12,13.54,5.4,0.08,1.79,2.24,1.07,1.44,0.86,0.08
61.31,12.47,6.9,0.11,1.7,2.1,0.53,1.69,1.03,0.12
61.52,13.65,5.81,0.1,1.42,2.22,0.56,2.05,0.88,0.08
70.65,9.88,4.57,0.07,1.02,2.22,0.79,1.74,0.82,0.11
69.04,12.02,3.9,0.07,0.97,1.31,0.58,2.49,0.79,0.07
57.67,14.43,8.88,0.1,2.84,2.07,1.98,1.44,1.39,0.08
61.89,13.04,6.92,0.09,1.96,1.68,0.98,1.73,0.95,0.07
62.34,13.85,5.64,0.08,1.8,1.85,1.85,2.03,0.83,0.07
63.4,12.52,6.28,0.1,2.1,2.01,0.78,1.52,0.98,0.07
56.22,13.06,7.15,0.09,2.54,3.69,0.58,1.1,1.05,0.09
65.08,9.87,4.15,0.08,1.48,4.94,1.3,1.11,0.96,0.08
58,13.11,5.44,0.07,1.94,3.8,0.95,1.27,0.86,0.1
56.33,12.86,6.11,0.07,2.63,3.87,0.79,1.49,0.87,0.1
59.51,13.82,6.91,0.09,2.31,1.39,0.8,1.54,1.08,0.08
61.95,13.62,6.54,0.12,1.25,1.77,0.46,1.82,0.98,0.07
65.32,13.81,6.03,0.08,1.02,0.86,0.52,2.36,0.87,0.07
61.85,11.41,4.7,0.08,1.15,4.26,0.67,1.62,1.02,0.09
61.79,11.5,5.46,0.07,1.19,2.1,0.55,1.97,0.98,0.09
60.38,12.47,5.97,0.09,2.17,3.16,1.3,1.63,0.93,0.11
63.66,13.24,5.72,0.09,1.75,1.73,1.69,2.02,1.09,0.08
63.6,14.83,6.12,0.08,1.66,0.61,0.8,2.59,1.21,0.06
57.6,12.83,5.84,0.1,1.95,4.54,1.03,1.58,0.89,0.11
62.33,12.98,5.22,0.08,1.78,2.68,1.03,1.54,0.89,0.08
57.32,13.91,6.44,0.09,2.29,3.06,0.81,1.54,0.92,0.09
58.74,10.81,4.93,0.07,1.82,5.84,1.59,1.1,0.92,0.1
63.43,11.71,4.38,0.07,1.72,3.34,1.47,1.49,0.77,0.13
55.82,11.75,5.99,0.07,2.03,5.87,0.65,1.55,0.93,0.1
57.65,13.07,5.46,0.07,1.59,5.13,0.54,2.2,0.8,0.08
58.89,13.08,6.91,0.09,2.11,3.2,0.58,1.76,1.29,0.09
64.61,11.21,4.62,0.07,1.21,3.76,0.79,1.79,0.85,0.09
62.92,10.4,5.08,0.07,1.2,5.03,0.67,2.01,0.87,0.19
62.65,11.2,4.43,0.07,1.63,4.32,1.36,1.58,0.84,0.09
56.13,16.11,6.66,0.09,2.44,1.32,1.89,2.19,0.88,0.1
63.89,13.39,5.49,0.08,1.65,2.24,0.96,1.72,0.92,0.06
61.66,12.51,5.6,0.08,1.88,3.46,1.12,1.41,0.87,0.08
57.51,12.85,6.44,0.09,1.99,4.15,1.07,1.3,0.96,0.11
61.91,12.59,4.73,0.08,1.72,3.8,1.53,1.15,0.91,0.08
62.89,12.12,4.38,0.07,1.46,3.09,1.18,1.55,0.79,0.09
58.69,14.21,5.72,0.09,1.8,2.77,0.63,1.85,0.85,0.12
61.61,12.18,5.71,0.09,1.32,3.55,0.62,1.8,0.89,0.09
60.72,12,5.11,0.07,1.41,4.41,0.86,1.62,0.88,0.08
58.34,15.36,6.92,0.07,1.24,1.81,0.41,2.33,0.87,0.08
62.86,12.04,6,0.08,1.64,2.51,0.6,1.71,1.11,0.11
66.2,12.09,6.05,0.08,0.96,1.05,0.44,1.5,1.1,0.09
60.55,14.17,6.27,0.09,2.01,1.38,0.93,2,0.91,0.09
61.92,13,5.51,0.09,2,2.53,1.21,1.81,0.84,0.11
56.16,14.39,7.56,0.09,2.46,2.96,0.93,1.19,1.11,0.1
63.19,12.65,5.69,0.08,1.86,2.83,1.37,1.27,0.93,0.09
59.85,13.24,5.62,0.08,1.98,2.64,0.93,1.46,0.87,0.11
57.95,14.33,5.49,0.08,2.16,2.47,0.81,1.63,0.82,0.12
60.38,14.29,5.48,0.08,1.74,1.77,0.55,1.65,0.91,0.08
58.71,13.25,4.89,0.08,1.63,3.8,0.81,1.92,0.83,0.11
64.74,12.62,4.75,0.07,1.49,1.37,1.1,1.76,0.83,0.09
64.58,12.88,4.96,0.08,1.26,1.76,0.85,2.11,0.97,0.08
58.4,15.77,7.01,0.09,1.46,1.18,0.42,2.11,1.04,0.07
58.84,13.74,6.48,0.09,1.66,2.58,0.52,1.9,1.05,0.11
63.27,11.2,4.29,0.07,1.35,3.33,0.75,1.77,0.77,0.11
59.5,14.59,6.04,0.08,2.1,1.89,0.83,2.1,0.85,0.08
55.01,16.43,7.33,0.09,2.27,2.46,1.22,2.07,0.99,0.1
61.62,12.54,5.26,0.09,1.87,3.23,1.27,1.31,0.95,0.13
60.38,14.16,5.67,0.07,2.26,2.7,1.38,1.37,0.8,0.08
64.32,12.46,4.17,0.07,1.68,2.43,1.53,1.6,0.79,0.09
57.56,14.01,5.62,0.08,2.16,2.58,0.8,1.82,0.8,0.16
63.81,13.06,5.09,0.07,1.65,1.65,0.71,1.84,0.85,0.1
60.94,12.82,5.42,0.08,1.44,2.89,0.64,2.16,0.86,0.1
61.1,12.89,5.24,0.09,1.85,2.73,1.13,1.88,0.85,0.09
68.63,11.07,4,0.07,1.3,2.05,1.14,1.77,0.82,0.16
59.03,14.81,7,0.08,1.64,1.52,0.47,1.93,1.17,0.07
63.48,12.35,5.77,0.1,1.29,1.74,0.62,2.15,1.15,0.1
58.88,11.33,4.62,0.07,1.74,5.47,0.72,1.66,0.8,0.12
61.39,11.68,5.02,0.07,1.71,4.38,1.09,1.53,0.92,0.08
58.88,12.6,6.02,0.09,1.84,3.92,1.08,1.29,1,0.09
61.78,12.77,4.9,0.07,1.79,3.91,1.63,1.38,0.8,0.1
60.03,13.89,6.14,0.08,2.13,1.99,0.9,1.78,0.86,0.1
61.24,12.67,5.93,0.08,2.21,2.67,1.17,1.48,0.99,0.09
60.53,13.43,5.29,0.09,1.77,2.82,0.84,1.98,0.84,0.12
63.56,11.92,4.43,0.07,1.55,3.79,0.98,1.76,0.77,0.11
62.97,12.83,5.99,0.08,1.48,2.46,0.6,1.82,0.88,0.07
61.43,14.34,6.65,0.1,1.67,1.23,0.53,1.83,1.01,0.08
63.86,13.08,4.67,0.08,1.43,2.3,1,1.95,0.8,0.09
56.09,11.99,5.31,0.08,1.96,5.61,0.77,1.58,0.78,0.12
59.5,11.24,4.54,0.11,1.51,5.17,0.81,1.72,0.87,0.09
62.93,10.71,3.73,0.06,1.26,4.97,0.81,1.61,0.8,0.08
56.88,15.56,6.53,0.08,1.99,2.55,1.04,2.15,0.89,0.16
59.24,14.72,6.27,0.09,2.15,3,1.3,1.01,1.03,0.1
58.78,14.46,6.22,0.09,2.14,2.24,0.95,1.45,0.84,0.12
60.7,13.44,6.17,0.08,2.37,1.8,1.07,1.49,0.99,0.1
60.58,12.55,5.02,0.08,1.95,3.77,1.19,1.83,0.82,0.11
54.24,14.84,5.49,0.07,1.86,4.62,0.61,1.89,0.77,0.1
58.96,12.68,4.74,0.06,1.93,4.34,0.93,1.81,0.74,0.11
62.67,12.59,4.35,0.07,1.55,3.4,0.99,1.78,0.77,0.09
66.91,11.61,4.38,0.07,1.47,1.7,0.93,1.71,0.87,0.09
64.29,13.14,4.85,0.08,1.58,1.89,0.78,1.87,0.81,0.14
64.99,14.02,4.73,0.08,1.56,1.06,0.82,2.4,0.75,0.09
67.54,12.03,4.79,0.08,1.7,1.84,0.85,1.65,0.85,0.1
66.27,12.04,4.97,0.08,1.38,2.49,0.74,1.97,0.98,0.07
56.16,12.72,5.41,0.04,2.26,1.12,2.31,2.17,0.67,0.09
57.81,13.81,5.87,0.05,2.25,1.06,2.19,2.34,0.78,0.07
48.49,13.53,7.32,0.08,2.77,3.58,1.72,1.64,1,0.17
50.19,12.65,6.33,0.07,2.41,3.93,2.17,1.44,0.91,0.16
50.61,12.8,6.4,0.07,2.23,3.23,1.9,1.83,0.87,0.13
52.36,11.54,6.58,0.08,2.19,3.68,2.17,1.56,1.19,0.12
55.39,14.26,4.95,0.06,1.55,2.6,2.32,2.14,0.55,0.06
49.84,11.57,7.42,0.1,3.08,4.28,2.29,1.26,1.22,0.1
51.49,12.42,6.42,0.1,2.14,3.31,2.17,1.42,0.93,0.08
51.79,13.4,7.36,0.1,2.29,3.43,2.06,1.58,0.88,0.07
49.7,14.22,10.42,0.13,2.48,3.01,1.85,1.34,2.34,0.12
50.75,13.28,6.87,0.1,2.24,2.94,1.98,1.49,0.96,0.08
49.22,12.81,8.12,0.12,2.55,2.92,1.95,1.33,1.43,0.09
50.22,12.87,7.17,0.08,3.26,3.66,1.97,1.08,0.86,0.18
51.9,12.53,6.1,0.07,1.99,3.44,2.08,1.16,0.99,0.17
50.33,13.42,7.42,0.09,2.63,3.66,2.07,1.13,0.95,0.09
51.03,15.12,6.19,0.07,1.96,3.69,2.38,1.86,0.71,0.09
50.57,13.9,6.78,0.08,2.18,3.37,1.88,1.75,0.76,0.11
54.19,12.82,5.91,0.07,1.68,3.09,2.47,2.08,0.84,0.12
49.8,11.47,7.52,0.12,2.76,4.04,2.41,1.15,1.6,0.09
55.17,13.18,5.51,0.08,1.7,3.47,2.28,1.51,0.73,0.06
52.49,12.65,6.14,0.09,1.96,3.62,2.25,1.44,0.89,0.06
46.04,13.48,10.82,0.15,2.24,3.56,1.34,0.91,2.95,0.12
43.53,15.72,14.85,0.18,2.3,3.27,0.75,0.61,4.3,0.18
44.55,15.35,15.54,0.19,2.23,2.81,0.62,0.6,5.08,0.18
43.77,16.29,15.4,0.18,2.19,2.81,0.61,0.83,4.25,0.23
51.21,12.61,7.71,0.09,4.01,3.95,1.72,1.35,0.93,0.18
55.47,13.02,6.48,0.08,2.48,3.15,1.91,1.5,0.84,0.09
54.43,13.41,6.84,0.08,2.47,3.7,2,1.62,0.87,0.11
54.25,14.31,6.66,0.07,2.08,3.99,2.23,1.28,0.88,0.12
54.85,13.35,7.17,0.09,2.18,3.52,1.49,1.53,0.91,0.07
49.17,14.05,7.12,0.1,2.58,4.26,1.37,2.04,0.84,0.06
57.31,15.53,4.87,0.07,1.1,2.24,2.35,2.84,0.73,0.07
52.13,12.76,9.77,0.14,2.43,3.14,2.04,0.8,2.05,0.08
55.77,14.08,6.57,0.09,2.42,1.49,2.97,1.2,0.98,0.06
53.69,14.77,6.13,0.07,4.04,1.82,1.42,1.44,0.8,0.09
62.27,12.38,6.75,0.09,2.3,1.12,1.32,1.6,1.07,0.07
45.81,14.85,14.38,0.16,2.36,2.61,0.71,0.93,4.4,0.17
53.88,12.52,9.97,0.18,1.86,2.38,0.42,0.81,2.26,0.07
52.73,13.1,7.6,0.08,2.96,3.56,1.9,1.44,1.04,0.12
54.72,13.86,6.8,0.07,2.34,4.08,2.42,1.35,0.91,0.18
53.59,14.41,6.51,0.07,2.37,3.39,1.81,1.66,0.82,0.11
53.91,14.49,6.09,0.08,1.9,2.76,1.66,1.69,0.75,0.08
54.74,13.58,6.52,0.09,2.05,2.86,1.4,1.84,0.8,0.12
55.7,14.54,5.96,0.07,1.8,2.75,1.83,1.96,0.73,0.06
59.95,13.27,4.34,0.06,1.24,2.68,2.63,2.02,0.6,0.07
49.97,15.06,10.89,0.12,2.65,2.08,1.43,1.24,2.37,0.09
55.32,14.35,7.22,0.1,3.12,1.8,2.58,1.25,0.81,0.18
57.12,14.43,6.04,0.1,2.3,2.73,1.39,1.74,0.85,0.14
51.47,13.06,9.27,0.11,2.76,2.61,0.88,1.04,1.18,0.09
55.46,13.68,10.17,0.15,1.55,1.69,0.37,1.16,2.28,0.09
68.52,8.37,4.33,0.1,0.9,1,0.48,1.12,1.05,0.08
53.77,15.88,7.82,0.08,3.14,4.10,1.85,1.75,1.12,0.18
50.88,16.14,7.93,0.08,3.30,5.13,1.66,2.07,1.01,0.15
57.22,16.65,6.24,0.08,2.08,3.08,2.19,1.74,0.92,0.13
58.52,16.3,6.98,0.1,2.46,3.17,1.45,1.98,0.99,0.12
60.22,15.35,6.35,0.09,2.3,3.04,1.79,1.82,1.01,0.09
55.93,14.31,6.18,0.1,2.38,5.97,1.53,1.29,0.97,0.15
61.97,14.91,6.99,0.15,2.43,3.05,0.55,1.47,1.03,0.1
65.46,14.27,5.81,0.11,2.18,2.25,0.71,1.67,0.87,0.11
64.66,14.78,5.88,0.1,2.26,2.32,1.1,1.84,0.82,0.14
65.67,13.57,5.3,0.09,2.19,3.44,0.6,1.71,0.93,0.09
65.36,14.04,6.27,0.1,2.64,2.54,0.43,1.64,1.01,0.1
67.19,14.26,6.14,0.1,1.55,1.63,0.39,1.97,0.96,0.09
72.63,12.75,5.3,0.09,1.17,1.08,0.55,1.71,0.97,0.09
52.75,16.07,8.39,0.09,2.96,3.59,1.65,2.17,1.14,0.16
50.79,14.80,7.63,0.08,2.79,7.00,1.84,1.82,1.07,0.18
56.24,16.35,7.32,0.08,2.82,3.00,1.82,1.64,1.05,0.17
59.77,15.28,6.86,0.1,2.95,2.58,1.57,1.22,1.08,0.11
55.7,14.67,7.36,0.09,2.96,4.66,1.57,1.06,1.23,0.15
52.81,13.29,5.81,0.09,3.08,8.31,1.13,1.36,0.95,0.25
57.37,13.74,5.8,0.08,3.21,5.76,0.85,1.44,0.94,0.14
59.21,14.11,5.53,0.1,2.35,5.86,0.71,1.56,1.01,0.14
64.93,15.22,5.9,0.1,1.89,1.96,0.8,1.65,0.86,0.11
63.52,14.91,6.22,0.11,2.75,2.37,0.46,1.65,0.9,0.1
63.91,14.41,5.85,0.09,2.51,2.42,0.5,1.79,0.93,0.11
68.23,13.85,5.88,0.09,1.74,1.99,0.45,1.61,1.04,0.12
70.24,13.38,5.59,0.07,1.15,1.04,0.51,1.83,1.05,0.11
52.43,14.30,6.83,0.08,2.73,6.12,1.59,1.86,1.02,0.42
52.76,14.25,8.68,0.10,3.35,4.98,1.47,1.45,1.18,0.15
58.32,15.49,6.34,0.07,2.44,2.78,2.05,1.76,0.84,0.10
60.03,15.57,6.82,0.09,2.78,2.95,1.43,1.36,0.99,0.11
60.08,14.39,6.63,0.09,3.02,4.92,1.08,1.06,1.06,0.14
53.2,13.34,5.38,0.08,2.84,8.6,0.76,1.34,0.96,0.23
61.56,13.82,5.83,0.07,3.04,4.63,0.41,1.54,0.98,0.15
62.65,13.69,5.39,0.13,2.54,4.58,0.57,1.75,0.88,0.17
62.28,14.16,5.79,0.09,2.9,4.14,0.58,1.42,0.88,0.12
63.02,14.6,5.7,0.12,2.52,3.05,0.47,1.66,0.84,0.17
68.66,13.33,5.1,0.08,1.9,1.69,0.53,1.99,0.88,0.11
72.75,12.35,5.17,0.09,1.15,1.06,0.47,1.7,0.98,0.09
72.77,13.73,5.67,0.08,1.14,1.05,0.4,1.61,1.14,0.11
57.47,14.55,6.74,0.08,2.16,4.25,2.13,1.86,0.92,0.25
56.96,16.26,7.45,0.09,2.70,2.78,2.03,2.11,1.09,0.09
57.33,16.78,6.55,0.08,2.63,3.51,2.14,1.59,0.89,0.14
55.41,13.94,6.29,0.09,2.95,5.71,1.56,1.53,0.9,0.26
57.58,13.78,6.24,0.09,2.87,6.7,1.15,1.18,0.98,0.17
62.03,13.53,5.81,0.11,2.75,5.36,0.46,1.46,1.01,0.13
63.32,14.38,5.97,0.09,2.91,3.49,0.46,1.51,0.91,0.11
60.16,12.91,5.06,0.09,2.82,6.56,0.49,1.61,0.86,0.19
61.95,13.69,5.98,0.07,3,4.61,0.42,1.6,0.93,0.15
65.18,12.82,4.66,0.08,2.02,3.97,0.52,1.74,0.89,0.11
63.91,13.32,5.5,0.08,2.39,3.81,0.51,1.67,0.9,0.14
68.04,13.01,5.68,0.07,1.21,2.33,0.44,1.82,1.13,0.08
70.49,13.68,5.33,0.09,1.26,1.27,0.6,1.57,1.08,0.1
52.93,15.44,7.38,0.08,2.38,5.11,2.36,1.72,0.95,0.14
54.43,15.07,6.92,0.09,3.20,4.59,2.04,2.05,0.86,0.15
54.95,14.54,6.66,0.07,3.45,4.96,2.34,1.42,0.99,0.14
53.81,12.81,5.65,0.08,2.87,4.69,1.3,1.46,0.87,0.11
50.41,10.32,4.25,0.06,2.65,9.84,0.79,1.1,0.88,0.1
55.71,11.89,5.13,0.09,2.7,5.02,0.54,1.45,0.82,0.11
57.87,11.61,5.18,0.06,2.93,4.78,0.45,1.34,0.85,0.12
55.79,11.8,5.35,0.1,2.82,5.2,0.5,1.52,0.83,0.15
59.15,11.13,4.95,0.07,2.65,4.62,0.68,1.37,0.81,0.13
60.13,11.25,4.55,0.08,2.42,4.1,0.66,1.56,0.8,0.16
59.99,10.88,4.85,0.07,2.43,4.21,0.52,1.38,0.89,0.14
59.07,12.12,5.31,0.06,1.39,4.91,0.36,1.61,1,0.08
61.06,11.71,5.87,0.09,1.4,2.16,0.51,1.28,1.31,0.1
52.54,14.64,6.59,0.08,3.74,5.61,2.06,1.58,0.87,0.16
51.47,14.95,6.77,0.08,3.75,5.17,1.42,1.93,0.86,0.16
56.29,14.20,5.93,0.10,2.81,3.50,0.63,1.66,0.88,0.14
56.53,11.65,5.01,0.09,2.72,5.24,0.62,1.41,0.83,0.12
55.41,10.24,3.85,0.06,2.48,7.62,0.89,1.45,0.8,0.15
55.89,11.58,5.18,0.09,2.8,5.48,0.6,1.32,0.78,0.2
56.44,11.94,5.46,0.09,2.44,4.61,0.72,1.45,0.81,0.12
52.93,11.52,4.74,0.09,2.59,7.97,0.47,1.65,0.77,0.11
56.5,10.58,4.38,0.07,2.58,6.94,0.57,1.56,0.73,0.31
56.92,11.57,5.05,0.07,2.39,5.98,0.62,1.59,0.81,0.12
58.54,11.52,5.09,0.07,2.3,4.72,0.5,1.62,0.89,0.12
57.42,10.99,4.89,0.07,2.08,5.14,0.45,2.16,1,0.19
60.07,13.36,6.31,0.08,2.12,2.38,0.42,1.54,0.92,0.12
55.23,13.97,6.59,0.08,3.19,5.31,1.51,1.38,0.93,0.22
47.65,11.79,5.12,0.07,2.70,11.83,1.12,1.58,0.71,0.37
56.78,14.32,5.81,0.08,2.72,3.25,0.54,1.76,0.86,0.13
59.42,12.58,5.69,0.1,2.57,3.14,0.83,1.6,0.84,0.11
53.84,10.64,4.15,0.07,2.67,7.76,0.83,1.37,0.76,0.14
52.67,10.96,4.39,0.06,2.9,7.63,0.97,1.33,0.72,0.13
57.84,12.76,5.95,0.13,2.61,3.4,0.46,1.49,0.83,0.1
52.87,10.99,4.61,0.07,2.78,7.95,0.82,1.29,0.73,0.11
60.76,10.09,4.19,0.07,2.22,3.88,0.82,1.61,0.78,0.1
57.47,11.65,5.59,0.07,2.87,3.04,1.3,1.41,0.96,0.11
59.36,11.59,5.44,0.08,2.46,3.43,0.51,1.7,0.9,0.11
60.5,12.9,5.89,0.08,1.85,2.6,0.41,2.02,0.89,0.1
57.45,14.55,7.48,0.09,1.92,2.29,0.5,1.98,0.93,0.11
55.54,14.49,6.19,0.08,3.15,4.40,1.33,1.79,0.80,0.15
56.73,14.84,4.99,0.07,2.84,4.20,1.05,1.75,0.82,0.10
58.62,12.99,4.84,0.06,2.57,5.05,0.85,1.77,0.90,0.14
58.17,13.31,4.88,0.07,2.38,4.88,1.13,1.58,0.85,0.12
58.69,13.38,5.64,0.08,3.16,5.30,2.05,1.33,0.76,0.12
56.36,12.96,4.66,0.06,2.56,6.30,1.60,1.20,0.81,0.12
53.22,10.88,4.35,0.08,2.44,7.55,1.04,1.37,0.77,0.13
52,10.98,4.74,0.07,2.61,7.44,0.62,1.25,0.76,0.13
59.68,10.36,4.85,0.08,2.39,3.66,0.72,1.54,0.9,0.14
55.29,11.81,6.28,0.1,2.79,4.39,0.5,1.39,0.94,0.12
59.91,13.09,5.79,0.09,2.17,2.12,0.36,1.9,0.84,0.12
60.58,12.29,5.97,0.08,2.02,2.2,0.51,1.82,1.01,0.09
61.55,12.75,5.72,0.04,1.23,0.64,0.36,3.77,0.95,0.04
56.66,14.73,5.46,0.08,2.83,3.03,1.15,1.66,0.87,0.13
58.44,14.20,5.10,0.07,2.95,4.10,1.17,1.73,0.88,0.12
55.46,11.71,4.31,0.07,2.44,6.81,0.89,1.69,0.80,0.13
53.67,13.36,5.01,0.07,2.82,6.74,1.05,1.63,0.76,0.18
47.46,11.31,3.95,0.05,4.01,11.02,3.49,1.11,0.78,0.18
54.40,12.96,4.49,0.06,2.66,5.88,3.49,1.33,0.88,0.15
32.95,8.29,2.99,0.04,3.77,23.46,0.81,0.73,0.47,0.08
53.94,11.57,4.90,0.08,2.53,5.90,0.51,2.28,0.75,0.36
53.82,12.55,6.01,0.08,3.31,6.26,0.58,1.39,0.82,0.19
54.01,13.37,6.48,0.08,2.81,4.55,0.65,1.33,1.06,0.12
53.84,13.62,5.16,0.06,2.02,5.96,0.39,1.77,0.81,0.10
56.58,13.06,6.39,0.08,2.01,3.80,0.48,1.85,1.25,0.21
48.79,12.63,8.52,0.09,1.72,9.08,0.69,1.09,1.17,0.07
51.23,12.27,4.84,0.07,3.14,9.32,1.11,1.67,0.73,0.26
50.31,12.02,4.61,0.07,3.37,9.78,2.69,1.69,0.72,0.11
57.93,12.32,4.62,0.07,2.63,4.91,1.32,1.44,0.84,0.17
56.76,14.38,5.41,0.08,2.83,3.27,1.08,1.37,0.86,0.12
54.66,11.92,4.03,0.06,2.58,7.69,1.32,1.28,0.85,0.12
53.87,11.40,4.11,0.06,2.06,9.88,1.65,1.37,0.76,0.10
53.66,13.57,7.98,0.09,3.84,5.22,1.17,1.09,0.96,0.15
57.17,14.27,6.58,0.11,2.35,2.68,0.58,1.18,0.91,0.08
49.79,11.37,4.89,0.07,3.56,9.07,1.56,1.45,0.78,0.13
58.53,12.76,5.87,0.08,3.05,3.04,0.70,1.39,1.05,0.13
57.52,14.38,6.26,0.09,2.22,2.80,0.43,2.26,0.92,0.11
59.42,14.19,6.84,0.10,2.12,2.32,0.42,1.66,1.02,0.09
58.09,13.56,6.07,0.08,2.22,2.88,0.45,2.17,0.98,0.12
55.11,18.72,9.56,0.1,2.16,0.83,1.01,2.9,1.48,0.07
61.02,14.72,10.02,0.1,2.01,0.85,1.24,1.8,2.01,0.07
60.64,13.39,8.36,0.16,2.89,1.86,0.96,1.24,1.09,0.1
60.49,13.52,7.08,0.12,2.65,2.33,0.91,2.03,1.19,0.17
65.88,12.98,5.87,0.11,1.67,1.37,0.52,1.98,0.95,0.09
65.86,12.13,5.73,0.07,2.1,1.7,0.97,1.92,0.99,0.11
53.92,14.82,9.39,0.11,2.71,3.99,1.4,1,1.06,0.08
57.79,16.43,7.75,0.1,1.98,3.16,1.77,1.64,1.01,0.08
57.12,15.2,8.87,0.1,2.59,3.25,1.86,0.9,0.94,0.08
56.95,14.96,7.67,0.1,3.01,2.7,1.95,1.31,0.97,0.06
61.25,14.08,6.9,0.11,2.26,2.82,1.9,2.02,0.95,0.07
59.4,14.19,6.71,0.14,2.16,3.72,2.24,2.01,0.94,0.09
62.95,13.98,5.32,0.08,1.71,2.78,2.4,2.55,0.81,0.1
57.73,14.46,9.41,0.17,3.19,1.76,1.08,1.59,1.43,0.11
59.98,14.48,8.24,0.11,2.52,1.71,1.04,2,1.08,0.09
57.54,13.07,6.13,0.11,3.53,4.95,0.78,1.77,0.78,0.11
67.38,12.55,5.39,0.07,1.77,0.92,0.45,2.34,0.78,0.09
68,11.62,5.12,0.08,1.66,1.93,0.5,1.85,0.94,0.08
61.83,13.85,6.65,0.09,3.02,2.23,1.32,1.69,1.1,0.09
59.94,14.79,7.04,0.1,2.25,2.23,1.36,1.72,1.09,0.11
58.16,14.84,5.96,0.09,1.87,3.5,1.61,1.81,0.83,0.12
58.83,14.88,6.72,0.09,2.17,2.99,1.84,1.63,0.91,0.11
60.44,15.23,7.21,0.12,2.04,2.53,1.17,1.9,0.98,0.07
61.85,14.65,5.55,0.1,1.55,2.29,2.12,2.51,0.82,0.1
62.66,14.34,5.7,0.1,1.6,2.93,2.63,2.26,1.03,0.07
58.75,15.23,6.68,0.1,1.66,2.77,1.9,1.81,0.81,0.08
57.07,15.39,8.94,0.13,2.51,1.94,1.13,1.74,1.03,0.14
62.03,13.62,6.71,0.09,2.89,2.09,0.89,1.76,0.84,0.1
61.19,13.17,7.66,0.11,3.4,1.53,1.01,2.21,0.76,0.1
55.55,12.24,5.48,0.09,2.24,4.51,0.77,2.23,0.84,0.16
60.64,14.69,6.45,0.1,1.71,2.51,1.32,2.07,0.9,0.09
58.07,12.92,6.29,0.09,2.68,4.58,1.33,1.52,1.21,0.16
64.57,14.72,5.07,0.08,1.43,1.67,2.45,2.2,0.85,0.08
61.8,14.87,6.13,0.08,1.65,2.36,2.3,1.71,0.99,0.09
59.24,15.32,6.02,0.11,1.63,2.43,1.68,1.99,0.77,0.08
61.42,14.04,5.69,0.1,1.48,2.29,2.05,2.68,0.84,0.17
62.46,13.96,4.75,0.09,1.63,2.26,2.38,2.42,0.75,0.13
59.84,15.4,5.69,0.08,1.77,2.49,2.47,2.26,0.81,0.08
56.33,15.46,7.31,0.12,2.13,2.69,1.67,2.13,0.92,0.09
61.19,13.2,6.35,0.08,2.38,1.12,0.77,2.26,0.86,0.13
62.07,13.31,6.52,0.12,2.46,1.37,0.86,2.13,0.85,0.12
61.2,12.14,6.12,0.12,2.63,2.03,0.9,1.99,0.82,0.12
57.75,14.56,7.64,0.09,2.84,2.66,1.2,2.01,0.8,0.1
63.47,12.56,8.08,0.09,4.14,0.83,1.41,1.25,1.4,0.08
63.86,13.62,6.4,0.09,2.06,2.43,1.95,1.8,0.91,0.09
66.12,14.58,5.35,0.08,1.6,1.74,1.77,1.48,0.79,0.06
61.31,15.05,6.29,0.09,1.64,2.4,2.01,1.53,0.91,0.09
64.59,14.59,4.78,0.08,1.53,1.98,1.62,2.01,0.75,0.08
65.04,13.61,4.75,0.08,1.49,2.28,1.54,2.13,0.79,0.14
64.05,14.03,4.67,0.08,1.75,2.27,1.82,2.23,0.82,0.09
60.73,15.75,6.43,0.08,2.1,1.73,1.57,1.84,0.92,0.07
59.24,15.85,5.52,0.07,2.18,1.97,1.95,1.78,0.81,0.1
60.1,13.34,8.28,0.13,3.06,1.25,1.23,1.64,1.06,0.18
58.39,14.23,8.1,0.15,3.4,2.13,1.15,1.84,0.99,0.1
56.01,14.71,9.14,0.13,4.08,2.78,0.99,1.78,0.71,0.12
54.46,14.29,9.55,0.13,4.88,2.58,1.37,1.65,1.09,0.09
56.63,14.23,7.69,0.11,3.79,2.86,2.01,1.88,0.97,0.13
62.26,13.7,6.81,0.09,2.89,2.79,1.67,1.61,0.96,0.11
60.45,14.78,6.8,0.09,1.93,3.19,1.78,1.44,0.96,0.08
59.56,15.39,6.79,0.09,1.91,2.89,1.53,1.56,0.87,0.08
59.9,16.6,6.5,0.1,1.51,2.54,1.55,1.57,0.88,0.06
58,15.03,6.38,0.1,1.81,2.44,1.73,2,0.92,0.14
60.05,14.27,6.19,0.09,1.97,4.34,1.04,1.82,1.14,0.11
60.57,14.7,5.99,0.09,2.33,2.1,1.37,1.79,0.99,0.09
60.06,14.98,5.82,0.09,2.19,2.45,1.5,2.2,0.92,0.16
59.44,14.88,10.54,0.19,3.01,0.83,1,2,1.02,0.1
64.16,13.49,8.68,0.14,3.26,1.23,0.68,1.74,1.01,0.1
56.94,12.54,8.71,0.1,6.49,3.19,0.95,1.38,1,0.11
55.12,12.24,8.58,0.11,4.33,6.21,1.57,1.38,1.08,0.08
59.09,14.95,6.72,0.1,2.18,4.04,1.87,1.81,0.94,0.11
66.22,12.24,5.18,0.08,1.84,3.69,2.48,1.4,0.94,0.13
60.28,13.1,6.78,0.1,1.99,3.54,1.76,1.51,0.79,0.12
58.82,14.55,7.11,0.1,1.92,2.67,1.38,1.37,0.9,0.11
61.79,14.92,5.92,0.09,1.66,2.33,1.55,1.65,0.73,0.08
62.21,15.19,5.02,0.09,1.57,2.24,2.1,2.39,0.81,0.08
59.43,16.81,5.11,0.09,1.84,2.26,2.54,2.4,0.89,0.09
60.72,14.29,6.95,0.1,2.41,3.35,1.32,1.6,1.14,0.09
57.86,15.9,7.39,0.1,2.3,2.49,0.98,1.83,1.25,0.11
58.54,11.98,7.27,0.11,4.85,3.03,1.77,1.37,1.03,0.12
57.52,13.16,9.31,0.14,4.66,1.76,1.95,1.72,1.22,0.11
56.97,13.8,7.09,0.1,2.07,1.87,1.61,2.47,1.02,0.13
57.38,15.5,7.17,0.09,2.62,2.13,2.9,1.97,0.86,0.11
59.86,14.25,6,0.09,2.28,3.62,2.81,1.5,0.97,0.09
58.8,15.39,6.53,0.09,2.29,3.4,2.55,1.44,0.93,0.09
58.57,15.05,6.6,0.1,2.06,4.09,2.63,1.66,0.98,0.08
60.71,14.45,6.15,0.09,2.28,3.19,3.25,1.33,0.87,0.1
60.2,15.04,5.02,0.07,1.58,3.26,2.9,1.91,0.78,0.08
60.14,14.11,6.3,0.09,1.57,2.65,1.22,1.84,0.88,0.08
57.3,15.21,6.34,0.11,1.72,2.07,2.91,2.03,0.94,0.09
59.09,14.76,5.28,0.11,2.05,2.74,2.38,1.94,0.85,0.09
56.08,14.75,8.54,0.11,2.42,2.5,1.08,1.66,1.66,0.1
54.83,13.85,10.88,0.14,3.25,2.84,2.6,1.65,1.24,0.2
51.54,12.9,11.31,0.17,4.08,3.51,1.62,1.63,1.11,0.14
56.55,14.66,7.92,0.11,3.01,2.76,2.59,2.07,0.8,0.17
55.51,15.16,9.24,0.13,3.05,4.48,2.29,1.89,0.96,0.2
60.1,14.46,6.41,0.09,2.64,4.44,3.13,1.73,0.84,0.11
58.04,14.94,6.74,0.1,2.56,3.22,2.44,2.06,0.88,0.1
57.53,15.65,7.11,0.09,2.41,2.37,3.77,0.98,0.93,0.07
61.32,16,5.64,0.15,1.49,1.7,4.05,1.09,0.77,0.07
61.73,15.85,5.77,0.07,1.76,1.94,3.57,1.51,0.8,0.08
57.22,15.94,7.33,0.09,2.18,3.08,2.17,1.72,0.97,0.09
55.08,16.53,5.63,0.08,3.32,2.25,2.07,2.13,0.77,0.1
60.76,15.53,4.99,0.08,1.73,2.6,1.68,2.25,0.77,0.1
63.66,14.42,5.07,0.09,1.67,2.38,1.4,2.37,0.83,0.09
53.82,15.09,8.38,0.13,2.87,2.46,2.38,2.45,0.87,0.13
56.62,14.42,7.13,0.11,3.05,2.27,2.49,2.44,0.85,0.22
53.43,15.12,8.85,0.11,3.37,2.98,2.57,2,0.98,0.16
54.44,14.62,8.43,0.1,3.01,3.55,2.03,2.26,0.99,0.15
50.73,15.63,8.16,0.11,2.81,2.81,1.93,2.44,0.95,0.1
60.66,14.94,5.35,0.07,1.87,2.58,2.66,2.99,0.81,0.11
60.83,14.89,6.11,0.08,2.15,2.66,2.25,2.56,0.96,0.06
56.05,14.05,7.72,0.1,3.19,2.55,1.78,2.55,0.9,0.11
60.37,15.81,5.44,0.08,1.85,2.85,3.76,1.67,0.82,0.09
57.02,15.01,6.73,0.09,2.25,3.37,3.04,1.83,0.96,0.12
64.88,15.84,3.1,0.06,0.96,1.27,4.09,2.42,0.57,0.06
59.94,15.26,5.49,0.07,2.31,1.35,2.54,1.3,0.99,0.08
60.48,15.85,4.63,0.06,2.03,1.3,2.35,2.61,0.65,0.06
52.9,16.85,7.54,0.15,2.22,1.83,2.29,2.95,0.86,0.11
53.05,14.78,8.93,0.09,3.59,3.18,2.55,1.38,1.18,0.17
51.78,16,8.21,0.11,2.15,2.38,1.68,2.52,0.92,0.1
52.57,15.52,9.14,0.1,3.31,3.26,2.74,1.69,1.05,0.17
54.38,15.59,6.78,0.09,2.09,2.7,2.02,2.18,0.93,0.08
54.52,16.06,7.02,0.08,2.12,2.6,2.13,2.1,0.96,0.08
55.75,16.07,5.21,0.07,1.3,1.98,2.4,2.88,0.72,0.11
58.35,16.29,6.02,0.1,1.58,2.58,2.71,2.1,0.75,0.08
57.08,16.25,6.78,0.1,1.71,2.98,2.28,1.98,0.86,0.08
57.55,16.24,8.06,0.11,1.82,2.3,2.33,2.16,0.86,0.1
56.71,16.54,4.45,0.07,1.83,1.81,3.73,2.43,0.82,0.11
63.94,15.62,4,0.06,1.46,1.04,3.22,2.02,0.63,0.08
60.67,15.93,6.14,0.07,1.64,1.71,2.2,2.06,0.9,0.1
54.34,17.32,8.16,0.12,2.21,2.09,1.81,3.18,0.88,0.1
59.81,14.98,5.56,0.08,1.96,2.98,2.05,2.36,0.95,0.1
59.91,15.31,5.97,0.08,2.16,2.74,1.93,2.5,0.95,0.07
54.72,15.48,8.45,0.1,3.27,3.18,2.26,1.46,1.03,0.1
63.01,15.26,5.07,0.08,1.43,2.55,2.21,2.76,0.81,0.06
56.41,16.17,7.82,0.1,2.19,2.98,1.71,1.97,1.08,0.11
57.6,15.87,7.41,0.09,2.29,2.8,1.9,2.34,0.99,0.11
57.91,15.98,7.65,0.1,2.14,2.98,1.8,1.88,1.02,0.06
57.5,15.47,7.91,0.1,2.53,3.12,1.66,1.96,1.01,0.08
62.17,15.92,5.68,0.09,1.85,1.86,2.14,2.23,0.78,0.09
61.38,15.29,5.88,0.08,2.09,2.23,2.49,2.13,1.04,0.11
58.06,15.51,5.49,0.07,2.59,1.53,3.19,2.27,0.71,0.1
60.76,15.37,7.22,0.12,2.38,1.99,1.69,1.98,1.08,0.1
56.6,16.15,8.04,0.12,2.31,2.91,1.98,2.41,0.89,0.08
60.19,15.44,5.57,0.08,1.54,2.63,2.1,2.7,0.94,0.08
57.84,15.37,5.64,0.08,1.86,3.26,2.05,2.59,0.87,0.1
58.81,15.35,6.67,0.08,2.14,2.46,1.82,2.63,0.82,0.14
57.22,16.35,6.34,0.08,2.36,3.22,1.97,2.52,0.86,0.09
56.92,14.53,7.87,0.1,2.57,2.94,1.59,2.37,1.13,0.09
58.5,15.13,6.54,0.08,2.18,2.67,1.75,2.6,0.89,0.09
59.04,16.16,6.84,0.09,2.16,2.24,1.67,2.84,0.93,0.09
55.61,15.18,8.03,0.1,2.68,3.02,1.46,2.18,0.96,0.1
58.93,15.17,6.26,0.1,2.07,2.52,1.87,1.88,0.88,0.11
57.77,15.15,6.2,0.09,2.29,2.54,2.24,1.95,0.93,0.1
60.44,16.09,6.41,0.08,2.64,1.09,1.87,2.46,0.79,0.08
60.91,14.76,6.33,0.09,2.39,1.18,1.62,2.38,0.88,0.1
53.72,16.02,8.72,0.11,2.78,2.91,1.34,2.16,1.11,0.12
54.95,15.15,8.35,0.1,3.31,2.7,1.66,2.34,0.99,0.11
57.34,15.9,7.1,0.09,2.41,2.32,2.25,1.87,0.89,0.11
60.45,15.83,5.57,0.08,2.15,1.22,3.15,1.22,0.88,0.1
54,15.2,8.42,0.11,2.45,4,1.53,1.52,1.1,0.18
55.33,15.23,9.22,0.11,2.87,2.89,1.26,1.93,1.19,0.12
54.47,15.29,8.31,0.1,2.96,3.18,1.73,1.96,1.2,0.15
56.12,16.01,7.84,0.1,2.65,3.19,1.87,1.71,1.24,0.09
57.65,15.25,5.79,0.09,1.76,2.41,1.95,2.84,0.78,0.11
57.14,15.61,5.78,0.08,1.77,3.04,2.14,2.64,0.73,0.11
59.67,14.45,5.94,0.08,1.66,3.01,2.4,2.33,0.95,0.09
61.33,14.99,7.02,0.1,2.01,1.6,1.5,2.12,0.94,0.1
59.74,15.55,5.15,0.08,1.23,2.18,2.13,2.72,0.86,0.11
53.38,14.65,8.98,0.11,3.66,2.65,1.67,2.25,1.02,0.13
53.55,15.29,9.04,0.11,3.77,2.77,1.82,2.11,1.18,0.11
50.07,14.44,8.66,0.11,3.53,2.37,1.53,2.4,0.87,0.14
53.22,15.08,8.82,0.13,3.95,2.3,1.78,2.52,1.01,0.13
55.66,16.06,8.7,0.11,2.43,2.97,1.39,1.46,1.17,0.09
54.1,16,9.53,0.11,2.85,2.89,1.53,1.59,1.38,0.11
54.52,15.33,8.99,0.1,2.58,3.08,1.59,1.69,1.11,0.15
54.98,15.78,8.28,0.1,2.64,3.07,1.59,1.81,1.17,0.11
59.83,14.5,5.53,0.09,1.73,2.3,2.27,2.06,0.87,0.09
56.29,13.64,6.12,0.08,1.87,2.98,1.73,2.29,0.78,0.12
58.27,13.73,5.51,0.09,1.74,2.88,1.58,2.4,0.85,0.1
58.69,15.59,6.21,0.09,2.47,1.15,2.05,2.34,0.88,0.11
54.06,13.82,10.31,0.13,3.08,1.68,1.42,1.99,1.16,0.11
59.04,17.76,5.88,0.09,1.24,0.52,0.61,3.33,0.63,0.1
61.9,16.29,5.03,0.09,1.55,1.09,0.79,2.80,0.9,0.08
62.88,15.6,5.14,0.13,1.52,1.1,0.7,2.70,1.09,0.14
66.57,14.34,4.23,0.1,1.3,0.72,0.58,2.35,0.86,0.11
58.76,16.58,5.7,0.08,2.41,1.16,0.69,3.63,1.02,0.2
59.89,17.2,5.83,0.08,2.04,0.67,0.75,3.57,1.04,0.18
60.88,16.86,5.34,0.06,2.31,0.88,0.53,3.55,0.95,0.1
57.89,17.63,5.03,0.08,2.46,1.6,0.77,4.17,0.85,0.18
54.63,17.76,4.53,0.06,1.91,4.27,0.71,3.91,0.83,0.2
58.81,16.75,5.16,0.05,2.49,1.2,0.46,3.83,0.88,0.11
61.02,17.48,4.41,0.04,1.29,0.68,0.73,4.35,0.79,0.19
57.58,19.65,4.58,0.04,1.7,1.05,1.08,4.26,0.83,0.14
55.29,18.94,4.97,0.04,1.81,2.16,0.98,4.16,0.88,0.34
64.18,17.62,5.95,0.08,1.91,0.81,0.76,3.54,0.87,0.12
62.38,18.35,6.53,0.09,2.03,0.61,0.78,3.71,0.9,0.1
65.81,17.47,5.53,0.09,1.47,0.85,0.68,3.20,0.98,0.12
67.03,14.31,5.28,0.17,3.44,0.58,0.54,2.50,0.78,0.1
65.73,15.37,5.22,0.08,2.36,0.81,0.69,3.40,0.92,0.13
64.12,16.05,5.08,0.07,2.07,1.22,0.64,3.60,1.02,0.13
55.56,19.95,5.75,0.06,1.79,0.74,0.71,4.39,0.87,0.14
67.93,14.27,3.25,0.05,1.21,2.56,0.56,3.55,0.85,0.16
63.56,18.41,4.73,0.04,1.34,0.7,0.83,4.11,0.75,0.14
65.16,17.68,4.69,0.05,1.62,0.62,1.05,4.03,0.91,0.12
67.35,16.15,3.53,0.05,1.52,0.53,1.07,4.54,0.68,0.09
64.14,18.03,4.63,0.04,1.38,0.38,1.13,4.43,1.25,0.12
60.46,19.13,5.46,0.05,1.73,0.7,1.24,4.76,0.96,0.14
49.02,8.44,12.92,0.22,16.08,0.83,0.22,1.09,0.45,0.1
69.2,11.28,5.6,0.12,4.96,0.45,0.37,2.06,0.98,0.08
60.28,12.04,7.08,0.11,8.75,0.78,0.45,2.12,0.88,0.09
70.06,14.84,4.91,0.07,1.35,0.57,0.73,2.73,1.22,0.11
61.84,15.89,4.94,0.11,1.7,1.27,0.77,2.82,0.95,0.12
60.02,16.39,4.89,0.07,2.14,1.1,0.86,3.48,0.82,0.1
69.64,15.27,3.13,0.05,1.13,0.59,0.68,4.69,0.61,0.09
65.26,17.5,4.56,0.04,1.39,0.5,0.93,4.06,0.82,0.14
70.75,14.94,3.87,0.04,1.45,0.45,0.7,3.11,0.68,0.12
68.15,15.66,3.63,0.04,1.47,0.61,0.85,4.54,0.65,0.13
61.22,19.85,5.22,0.05,1.57,0.8,1.03,4.80,0.71,0.14
64.4,17.46,4.64,0.04,1.59,1.09,0.97,4.11,0.81,0.19
60.08,18.89,5.48,0.05,2,1.27,1.16,4.63,0.85,0.24
58.17,7.36,7.83,0.08,13.65,0.85,0.29,0.87,0.61,0.14
56.61,9.38,7.98,0.12,13.19,0.52,0.34,1.38,0.73,0.11
61.17,15,5.08,0.13,2.45,0.94,0.73,2.74,0.87,0.13
61.52,15.55,5.13,0.13,2.12,0.9,0.74,2.76,0.91,0.12
62.62,13.89,4.44,0.08,2.75,1.73,0.62,2.57,0.88,0.12
59.27,17.62,4.27,0.06,1.57,0.91,2.25,3.97,0.74,0.16
58.19,16.83,5.06,0.08,1.8,1.43,1.99,3.63,0.88,0.2
58.53,16.64,5.35,0.07,1.76,1.4,2.02,3.57,0.96,0.23
58.54,17.28,4.72,0.05,1.91,1.57,1.72,3.86,0.82,0.22
55.86,18.68,5.98,0.07,1.89,1.01,1.39,3.88,0.82,0.16
55.92,19.94,5.4,0.04,1.42,0.61,1.05,4.17,0.7,0.14
61.17,18.21,3.51,0.03,1.34,1.1,1.27,3.80,0.64,0.15
59.45,18.6,4.7,0.07,1.36,0.85,1.1,3.64,0.81,0.14
62.57,10.73,5.43,0.19,7,0.53,0.36,1.58,0.67,0.15
62.7,10.38,5.45,0.19,6.93,0.5,0.34,1.52,0.67,0.14
58.83,17.78,5.83,0.08,1.47,0.62,1.1,3.18,0.88,0.1
58.66,13.89,4.32,0.07,3.11,5.01,0.4,2.50,0.82,0.08
52.14,13.59,4.28,0.07,3.24,8.96,0.38,2.37,0.8,0.07
65.99,13.04,4.53,0.06,2.33,0.89,0.39,2.14,0.95,0.08
57.67,16.8,5.41,0.06,1.98,1.47,1.61,3.88,0.87,0.13
58.21,17.05,5.35,0.06,1.94,1.4,1.77,3.81,0.9,0.14
60.03,15.6,4.47,0.07,1.63,1.81,1.77,3.52,0.99,0.16
60.92,14.86,3.9,0.06,1.39,1.52,1.64,3.48,0.95,0.14
52.85,17.77,6.36,0.1,2.14,2.52,1.43,3.57,1.34,0.46
50.56,17.18,7.44,0.1,3.26,3.08,1.09,3.26,1.27,0.36
60.85,17.3,4.25,0.05,1.37,0.89,1.25,3.82,0.76,0.13
65.96,16.23,5.48,0.07,1.7,1.63,0.64,3.03,0.99,0.26
71.35,12.89,4.64,0.7,2.21,0.89,0.73,2.04,0.93,0.23
67.13,13.77,4.55,0.1,1.82,0.72,0.56,2.17,1.12,0.09
62.71,15.54,5.16,0.1,1.88,0.78,0.58,2.60,1.13,0.12
63.09,12.81,4.29,0.08,2.64,1.83,0.49,2.22,0.99,0.12
56.71,15.48,5.38,0.09,3.18,2.12,0.43,2.66,1,0.12
61.54,15.43,4.4,0.07,1.91,0.81,0.99,3.19,0.87,0.07
55.44,15.51,6.41,0.09,3.06,2.91,1.24,2.36,1.17,0.31
54.79,16.48,5.79,0.09,2.58,3.42,1.96,3.59,1.2,0.49
52.88,16.47,5.89,0.09,2.73,2.95,1.79,3.68,1.16,0.43
58.31,18.18,4.26,0.08,1.63,1.42,1.23,4.66,0.64,0.18
58.12,17.03,4.73,0.06,2.35,1.75,1.55,4.19,0.79,0.16
56.11,17.71,4.56,0.06,2.33,1.99,1.6,4.38,0.78,0.14
62.14,15.41,5.2,0.12,2.53,1.28,0.63,2.55,0.87,0.09
63.57,16.01,4.51,0.1,1.65,0.68,0.63,2.88,0.9,0.09
60.06,17.98,5.56,0.08,1.31,0.65,0.71,3.14,1.11,0.1
58.17,18.22,5.62,0.08,1.3,1.46,0.61,3.04,1.11,0.15
60.78,14.99,5.04,0.07,3.28,1.75,0.55,2.91,0.92,0.15
58.33,16.97,4.91,0.06,1.67,2.61,0.65,3.32,0.88,0.11
60.66,17.04,3.61,0.06,1.35,1.19,1.74,3.91,0.62,0.1
55.96,15.45,5.73,0.08,2.52,3.02,1.8,2.67,1.22,0.41
55.49,15.58,6.43,0.09,3.07,2.91,1.32,2.39,1.19,0.29
59.46,17.23,3.57,0.07,1.2,1.16,1.91,3.92,0.6,0.1
55.86,15.58,4.82,0.06,2.7,5,1.21,2.85,0.87,0.19
59.33,15.88,4.71,0.07,2.41,1.59,1.3,2.91,0.95,0.15
58.85,15.68,5.02,0.06,2.43,1.82,1,3.86,0.9,0.45
65.9,14.33,4.29,0.07,1.56,1.48,1.04,2.28,1.42,0.07
62.86,15.03,4.89,0.09,2.3,1.32,0.73,2.54,1.14,0.09
60.09,17.93,5.53,0.08,1.24,0.6,0.73,3.00,1.23,0.1
62.61,16.59,5.34,0.07,1.18,0.8,0.59,2.70,1.27,0.12
61.71,14.18,4.84,0.08,3.22,1.74,0.58,2.71,0.9,0.14
58.18,17.28,5.01,0.06,1.8,1.53,1.07,3.42,0.91,0.14
59.12,16.46,3.94,0.07,2.08,2.47,1.87,3.92,0.64,0.17
55.68,15.02,5.95,0.07,3.2,3.21,2.22,3.01,1.03,0.13
55.96,18.24,4.87,0.07,2.06,1.44,1.7,4.22,0.91,0.09
53.85,19.19,5.4,0.06,2.38,1.89,1.24,4.65,0.92,0.19
56.84,16.92,5.31,0.07,2.3,2.08,1.42,3.97,0.94,0.24
56.98,17.39,5.34,0.09,1.82,2.18,1.6,4.23,0.84,0.18
56.25,16.8,5.32,0.08,2.09,2.31,1.16,4.35,1.01,0.19
63.05,15.49,4.9,0.09,1.87,0.95,0.78,2.64,1.02,0.08
61.31,16.28,5.52,0.1,2.04,0.74,0.63,2.90,1.05,0.09
61.47,16.42,5.48,0.1,1.41,0.89,0.9,2.79,1.08,0.11
61.45,16.5,5.22,0.11,1.39,1.47,0.94,2.69,1.08,0.1
55.44,18.25,5.65,0.1,2.11,2.12,0.97,3.82,0.95,0.18
61.19,16.28,3.97,0.07,1.88,1.37,1.54,3.97,0.68,0.13
63.66,14.29,4.47,0.07,2.93,1.19,1.29,2.71,0.67,0.09
58.22,15.25,4.8,0.07,2.67,2.39,1.99,3.27,0.82,0.23
59.01,15.15,4.53,0.07,2.51,2.52,2.2,3.34,0.89,0.21
60.3,14.99,5.76,0.08,2.35,2.03,1.6,3.11,0.96,0.15
59.24,16.31,5.17,0.08,2.04,1.79,1.94,3.63,0.78,0.12
56.14,18.1,4.45,0.07,1.79,1.64,1.24,5.08,0.81,0.23
63.38,14.17,3.37,0.06,1.84,2.43,1.09,3.99,0.69,0.22
59.12,15.97,6.29,0.11,3.13,0.94,0.61,2.88,1.05,0.16
61.43,15.36,5.46,0.1,3.24,0.92,0.61,2.49,1.07,0.14
62.96,16.61,5.27,0.09,1.86,0.7,0.65,2.51,1.18,0.1
59.11,16.38,4.87,0.12,2.25,2.17,0.83,3.21,1.01,0.21
60.92,16.37,4.93,0.12,2.11,1.44,0.85,3.36,1.03,0.17
53.93,18.56,5.22,0.08,2.32,2.39,0.97,4.29,0.86,0.16
54.79,16.4,4.33,0.06,2.18,5.21,1.25,4.15,0.59,0.28
59.59,16.04,4.78,0.08,2.59,1.2,1.35,3.09,0.99,0.12
53.46,19.51,5.58,0.09,2.44,2.58,1.17,4.06,0.88,0.19
55.84,17.05,5.41,0.11,2.7,2.31,1.63,4.09,0.83,0.13
58.11,15.72,4.9,0.08,2.27,2.26,1.84,3.74,0.76,0.26
57.49,16.36,5.6,0.09,2.25,2.09,1.52,3.89,0.9,0.2
62.98,17.11,3.78,0.04,1.2,0.74,0.98,4.84,0.73,0.1
77.25,12.1,3.5,0.11,1.18,0.53,0.45,1.75,0.57,0.07
75.66,12.72,3.7,0.14,1.21,0.53,0.41,2.00,0.57,0.08
62.49,15.53,5.04,0.08,2.27,1.1,0.71,2.62,1.04,0.14
60.38,16.08,5.26,0.11,1.86,1.86,0.7,2.75,1.12,0.13
57.86,13.44,5.18,0.09,2.93,4.2,0.55,2.06,1.06,0.21
52.92,16.93,5.8,0.09,3.13,3.65,0.87,3.88,0.77,0.18
54.93,16.71,4.78,0.08,2.47,4.22,2.04,3.56,0.73,0.21
59.92,15.02,4.86,0.07,2.2,2.61,1.27,2.75,1.09,0.11
61.03,15.46,4.06,0.06,1.42,2.45,0.74,3.89,0.93,0.12
59.13,15.77,4.27,0.06,2.03,2.53,1.2,3.49,0.97,0.16
62.75,15.1,4.87,0.08,1.96,1.11,1.26,2.73,1.14,0.09
68.42,13.72,3.9,0.13,1.37,0.68,0.58,2.31,0.5,0.11
62.93,13.96,4.2,0.06,2.11,1.98,1.64,2.85,0.79,0.11
78.43,10.49,2.96,0.1,1.06,0.47,0.36,1.55,0.47,0.08
77.13,11.13,3.22,0.12,1.15,0.56,0.38,1.71,0.5,0.08
62.12,14.87,5.11,0.08,2.06,1.78,0.55,2.34,1.13,0.1
61.52,14.65,4.9,0.07,2.73,2.35,0.52,2.21,1.14,0.12
55.04,15.8,5.37,0.08,2.78,4.06,1.6,3.03,0.92,0.15
59.69,16.33,5.13,0.07,2.23,1.33,1.21,3.95,0.86,0.07
60.65,14.98,4.84,0.09,2.44,2.09,0.95,2.85,0.98,0.13
61.96,15.18,5.25,0.08,1.85,1.04,0.61,2.47,1.21,0.09
59.78,14.94,4,0.05,1.28,3.4,0.58,3.78,0.84,0.18
63.74,15.06,3.31,0.04,1.18,2.45,0.6,3.46,0.87,0.13
58.35,18.93,4.47,0.04,1.4,2.04,0.93,3.77,0.91,0.13
59.51,18.65,4.68,0.03,1.45,1.34,1.05,3.71,1.01,0.15
57.39,19.62,4.33,0.03,1.53,1.43,1.12,4.10,0.89,0.14
74.49,11.25,3.52,0.14,1.38,1.83,0.33,1.73,0.56,0.13
64.55,14.49,4.39,0.11,1.93,1.32,0.6,2.25,0.73,0.29
59.67,14.82,5.19,0.07,2.71,2.67,0.68,2.42,1.05,0.15
59.09,15.09,5.39,0.07,2.84,2.17,0.76,2.58,0.92,0.14
63.35,14.62,4.2,0.06,2.03,1.44,1.11,3.20,0.73,0.07
55.94,16.05,5.01,0.06,2.33,2.65,0.89,3.91,0.78,0.09
58.77,14.94,4.34,0.06,1.78,3.6,0.73,3.41,0.84,0.13
58.74,16.99,5.22,0.06,2.09,0.8,0.91,3.86,1,0.12
63.06,16.56,4.23,0.04,1.43,1.34,0.84,3.47,1.02,0.1
64.43,16.04,4.56,0.05,1.26,0.54,0.63,2.99,1,0.09
66.62,14.26,3.45,0.07,1.33,1.82,0.69,2.74,0.65,0.13
43.32,15.04,6.23,0.05,3.22,11.35,0.96,2.18,0.98,0.16
54.12,17.04,10.03,0.09,4.35,3.69,0.79,2.26,1.21,0.15
64.03,15.56,5.34,0.41,2.09,2.96,0.7,2.77,0.91,0.16
55.71,13.54,4.68,0.06,3.88,5.57,1.06,1.87,0.81,0.14
60.37,14.75,5.13,0.07,2.67,2.27,0.91,2.53,0.98,0.17
47.52,14.64,7.2,0.08,4.46,6.64,0.74,2.34,1.09,0.16
59.17,16.06,4.8,0.07,2.82,2.2,0.88,3.08,0.85,0.1
60.08,14.75,4.28,0.06,2.27,3.37,0.72,3.00,0.75,0.11
56.74,13.65,3.39,0.06,1.41,7.57,0.51,2.64,0.67,0.16
72.26,11.52,3.7,0.04,1.04,2.59,0.56,2.52,0.59,0.13
68.87,13.96,3.66,0.04,1.82,1.11,0.96,3.10,0.83,0.16
54.61,15.88,6.99,0.07,3.91,5.39,1.46,2.89,1.09,0.21
55.63,17.53,6.9,0.06,3.29,4.13,1.38,3.71,0.92,0.11
52.92,14.45,6.93,0.07,4.77,5.3,1.09,1.44,1.08,0.13
50.68,14.8,8.03,0.09,3.69,6.71,0.82,1.35,1.29,0.25
72.42,10.60,2.61,0.06,1.11,1.79,1.82,1.85,0.61,0.07
72.17,10.59,2.61,0.06,1.10,1.78,1.84,1.86,0.62,0.07
71.90,10.62,2.60,0.06,1.11,1.79,1.84,1.84,0.61,0.07
71.82,10.59,2.61,0.06,1.11,1.78,1.84,1.86,0.62,0.07
71.81,10.62,2.60,0.06,1.11,1.78,1.83,1.84,0.61,0.07
65.12,17.02,6.01,0.07,1.71,1.31,0.55,2.77,0.8,0.06
63.79,16.14,5.75,0.08,2.06,1.67,0.57,2.78,0.9,0.06
67.63,15.01,5.32,0.06,1.91,1.14,0.63,2.38,0.95,0.07
68,15.77,6.04,0.08,1.94,0.69,0.53,2.73,0.89,0.07
70.71,14.34,5.65,0.06,2.11,0.74,0.67,2.77,0.94,0.08
67.73,14.02,5.85,0.06,2.26,2.01,0.68,2.93,0.96,0.08
70.18,13.38,5.22,0.07,2.31,1.39,0.72,2.71,0.93,0.09
64.75,16.34,6.17,0.08,2.11,0.77,0.64,3.16,0.88,0.07
71.51,10.61,2.61,0.06,1.12,1.78,1.84,1.83,0.61,0.07
69.79,12.77,3.88,0.06,0.96,0.83,0.73,1.96,1.04,0.06
61.39,12.47,5.37,0.06,6.24,1.08,0.59,1.61,0.86,0.07
56.40,10.81,7.74,0.10,9.89,0.67,0.38,1.15,0.93,0.07
58.45,13.96,6.36,0.08,4.99,0.89,0.48,2.09,0.95,0.09
67.89,15.58,5.72,0.07,1.1,1.72,0.68,2.76,0.87,0.07
66.7,14.76,5.61,0.09,1.78,1.82,0.66,3.14,0.93,0.09
67.84,14.02,5.61,0.09,2.07,1.73,0.57,2.91,1,0.08
73.66,12.11,5.42,0.07,1.33,0.51,0.49,2.63,1.24,0.08
72.68,12.58,5.04,0.07,1.76,0.8,0.62,2.73,0.96,0.11
67.55,14.68,6.25,0.07,2.47,1.19,0.65,3.39,0.85,0.09
71.02,13.76,4.74,0.07,1.62,0.6,0.61,2.84,0.82,0.07
65.60,14.32,5.57,0.07,2.23,1.06,0.63,2.76,0.91,0.07
61.57,15.87,5.14,0.07,1.16,1.12,0.64,2.67,0.85,0.08
64.28,15.37,5.02,0.07,0.98,0.98,0.65,2.34,0.95,0.06
58.72,16.18,6.26,0.07,2.47,0.61,0.50,2.66,1.01,0.09
55.38,10.72,7.97,0.11,9.90,1.02,0.33,1.19,0.68,0.11
57.12,12.11,5.68,0.10,6.30,2.24,0.42,1.52,0.75,0.11
55.79,16.11,5.75,0.07,1.54,4.01,0.50,2.26,0.66,0.08
66.06,15.73,5.68,0.1,1.79,0.92,0.59,3.21,0.91,0.09
66.80,14.15,4.97,0.07,2.03,2.31,0.65,2.86,0.89,0.08
71.32,13.03,5.33,0.07,1.75,1.15,0.59,2.87,0.93,0.07
72.94,12.12,4.44,0.06,1.56,0.43,0.6,2.4,0.96,0.06
65.22,14.96,5.62,0.07,2.06,1.25,0.52,2.88,1,0.07
70.14,13.78,5.01,0.06,1.72,0.63,0.47,2.96,0.96,0.07
74.91,11.41,4.27,0.05,1.4,0.32,0.52,1.9,0.53,0.06
66.08,14.34,4.67,0.07,1.12,0.86,1.03,2.20,1.03,0.05
59.45,11.87,5.64,0.07,8.44,0.58,0.49,1.66,0.74,0.06
58.64,14.93,5.51,0.12,2.42,3.08,0.37,2.31,0.76,0.08
58.53,15.09,5.79,0.11,3.41,1.61,0.44,2.32,0.84,0.12
60.48,16.83,5.65,0.09,1.30,0.65,0.34,2.47,0.98,0.10
58.85,16.22,5.92,0.08,1.40,1.27,0.54,2.35,0.80,0.08
69.07,14.12,5.22,0.09,1.97,0.61,0.53,3.15,0.83,0.09
68.06,14.5,5.44,0.08,2.14,0.98,0.51,3.17,0.8,0.08
71.19,12.9,5.21,0.07,2.03,1,0.67,2.85,0.97,0.07
68.32,14.82,5.58,0.07,1.97,0.8,0.57,3.08,0.95,0.07
65.28,14.92,5.17,0.08,1.89,1.67,0.47,3.05,0.97,0.08
72.30,12.78,4.51,0.06,1.72,0.58,0.48,2.87,0.9,0.1
62.73,14.95,5.46,0.07,2.29,2.06,0.7,2.99,0.91,0.12
69.69,12.54,3.92,0.05,1.09,0.98,0.65,2.07,0.89,0.12
64.38,15.45,4.85,0.07,1.01,0.58,0.70,2.62,0.94,0.08
62.22,15.81,5.47,0.09,0.97,0.89,0.52,2.53,0.92,0.06
60.95,11.97,6.37,0.10,7.17,0.55,0.50,1.75,0.70,0.11
63.75,15.35,5.27,0.14,1.15,0.70,0.64,2.51,0.89,0.17
59.10,16.96,5.55,0.08,1.88,0.87,0.63,3.67,0.84,0.11
71.18,13.46,4.83,0.07,1.86,0.71,0.47,2.98,0.82,0.08
66.48,14.94,5.38,0.07,2.03,0.49,0.47,3.25,0.83,0.08
69.25,14.06,5.39,0.07,1.94,0.77,0.58,3.01,0.94,0.08
69.06,13.6,4.82,0.07,1.77,0.84,0.7,2.7,0.89,0.07
69.55,14.51,4.91,0.06,1.67,0.52,0.53,3.32,0.89,0.07
65.53,14.71,5.19,0.07,2.24,1.14,0.65,3.1,0.87,0.08
66.58,15.78,5.95,0.06,1.92,0.67,0.56,3.18,0.99,0.07
67.91,13.04,4.51,0.06,0.98,0.67,0.54,1.95,1.03,0.07
64.51,14.60,4.29,0.06,1.02,1.38,0.77,2.47,0.93,0.12
58.37,12.89,6.57,0.09,5.90,0.81,0.42,1.63,0.80,0.07
59.26,11.11,6.44,0.08,7.99,0.84,0.31,1.40,0.83,0.09
59.27,15.55,5.49,0.09,1.54,2.38,0.50,2.34,0.71,0.09
64.70,16.9,6,0.09,1.45,0.82,0.73,3.24,0.97,0.07
67.05,14.96,5.14,0.08,1.88,0.57,0.46,3.2,0.81,0.08
68.76,14.15,5.17,0.08,1.99,0.44,0.55,3.11,0.82,0.09
66.13,15.67,5.9,0.07,1.99,0.78,0.54,3.47,0.88,0.1
67.08,14.73,5.61,0.07,2.19,0.67,0.55,3.27,0.85,0.07
66.42,14.23,5.55,0.07,2.45,1.1,0.54,3.09,0.95,0.09
67.06,14.48,6.01,0.08,2.3,0.78,0.6,3.26,0.99,0.17
72.16,13.46,5.53,0.06,1.36,0.45,0.47,2.62,1.35,0.07
63.78,15.79,5.30,0.08,1.20,0.62,0.66,2.66,0.70,0.08
58.45,16.53,6.58,0.13,1.51,3.98,0.47,1.78,0.88,0.07
56.12,15.61,6.05,0.13,1.52,3.96,0.48,1.78,0.88,0.07
55.42,12.18,7.47,0.08,9.16,1.08,0.34,1.51,0.91,0.08
64.21,15.54,4.98,0.08,1.09,0.65,0.49,2.65,0.78,0.07
60.70,15.83,5.42,0.09,1.86,0.87,0.67,3.14,0.89,0.12
64.45,14.26,4.90,0.07,1.86,1.01,0.57,2.96,0.85,0.08
62.44,15.41,4.95,0.07,2.39,1.06,0.62,3.32,0.83,0.10
68.27,12.54,4.21,0.06,1.79,1.23,0.90,2.53,0.90,0.08
68.54,12.66,4.18,0.05,1.91,0.83,0.65,2.72,0.90,0.08
65.63,13.69,4.98,0.06,2.00,0.88,0.61,2.94,0.97,0.09
65.99,13.54,5.06,0.07,1.90,0.61,0.62,2.74,1.09,0.10
61.53,14.54,5.45,0.06,1.68,2.57,0.62,2.69,0.99,0.11
66.01,15.10,4.52,0.06,1.01,0.47,0.58,2.52,1.15,0.08
61.27,16.55,6.04,0.09,1.20,0.54,0.45,2.42,0.92,0.06
58.49,14.41,6.45,0.09,3.47,1.51,0.41,1.53,0.93,0.07
58.09,14.97,6.73,0.08,5.39,0.84,0.36,2.30,0.83,0.10
70.41,11.96,3.46,0.09,1.68,0.53,0.68,2.10,0.76,0.08
58.06,17.02,5.93,0.11,1.53,0.67,0.72,3.22,0.94,0.13
60.43,16.27,5.20,0.08,2.47,0.78,0.65,3.45,0.82,0.09
63.52,14.95,4.85,0.07,2.18,0.62,0.77,3.10,0.82,0.08
59.28,14.17,4.68,0.06,2.29,4.18,0.55,2.56,0.88,0.09
63.04,14.76,4.94,0.07,2.02,2.00,0.73,2.76,0.92,0.10
62.05,14.91,6.01,0.07,2.02,0.74,0.62,3.07,1.04,0.09
60.37,17.32,6.65,0.07,1.58,0.60,0.58,2.92,0.85,0.06
62.24,16.41,5.80,0.06,1.47,0.58,0.53,2.92,1.11,0.06
66.24,14.98,4.64,0.07,1.00,0.51,0.56,2.24,1.09,0.07
59.84,17.12,6.10,0.09,0.98,0.53,0.45,2.65,1.04,0.07
56.45,11.66,7.03,0.07,9.79,0.58,0.33,1.25,0.89,0.08
65.19,14.91,5.41,0.09,1.07,0.52,0.47,2.13,0.92,0.08
62.50,9.47,5.98,0.08,9.60,0.59,0.31,1.12,0.73,0.06
61.19,16.10,5.14,0.09,1.59,0.62,0.60,3.23,0.77,0.13
69.20,12.46,4.18,0.06,2.24,0.44,0.53,2.50,0.84,0.07
62.88,15.46,5.19,0.07,2.09,1.15,0.65,3.29,0.98,0.09
66.67,12.80,4.33,0.06,1.57,1.09,0.63,2.39,0.93,0.12
65.62,14.52,5.64,0.07,1.63,0.49,0.56,2.68,1.17,0.08
64.39,14.63,5.93,0.05,1.52,0.83,0.58,2.71,1.12,0.12
65.10,15.13,4.94,0.05,1.76,0.78,0.97,2.55,1.05,0.06
62.87,15.39,5.35,0.05,1.92,1.15,0.76,3.07,0.79,0.08
60.81,17.40,5.75,0.09,1.38,0.46,0.54,3.00,0.85,0.09
60.32,17.34,5.34,0.08,1.30,0.85,0.63,2.77,0.83,0.08
58.99,17.08,5.84,0.15,1.78,0.93,0.65,2.73,0.76,0.08
62.30,15.87,5.52,0.08,1.08,0.56,0.47,2.48,0.88,0.10
58.70,17.25,5.92,0.09,1.23,0.96,0.56,2.99,0.87,0.10
58.29,16.68,5.21,0.08,2.18,1.76,0.68,3.34,0.80,0.10
60.93,15.48,5.01,0.06,2.23,2.30,0.66,3.33,0.84,0.09
58.84,15.26,5.98,0.07,2.80,2.49,0.57,2.99,1.01,0.17
63.18,14.36,4.99,0.06,1.56,2.07,0.62,2.55,1.17,0.10
61.63,16.85,5.90,0.05,1.65,0.60,0.58,2.90,0.95,0.07
62.61,15.81,5.88,0.06,1.68,1.00,0.55,2.85,1.00,0.07
65.44,13.31,5.14,0.05,1.47,1.03,0.62,2.59,1.10,0.10
65.15,14.37,5.40,0.05,1.89,0.58,0.49,3.01,1.02,0.08
63.59,15.63,5.22,0.07,1.32,0.56,0.55,2.56,0.98,0.08
59.91,16.47,5.93,0.09,2.50,0.54,0.51,2.66,0.87,0.09
54.70,10.53,7.99,0.09,10.90,0.93,0.31,1.34,0.64,0.11
59.67,17.61,5.85,0.10,1.14,0.52,0.56,2.87,0.94,0.07
56.48,17.24,5.96,0.15,1.36,1.31,0.71,2.91,0.90,0.13
58.80,17.53,5.90,0.07,2.02,1.06,0.60,3.75,0.98,0.10
60.78,15.12,5.76,0.07,1.93,1.21,0.46,2.93,1.20,0.13
60.94,15.88,5.99,0.06,1.54,0.94,0.56,3.02,1.16,0.10
64.68,14.84,5.43,0.07,1.51,0.82,0.61,2.33,1.20,0.09
66.40,12.23,4.40,0.05,1.39,1.85,0.57,2.20,1.13,0.07
68.76,12.93,4.30,0.05,1.49,0.52,0.52,2.44,1.01,0.07
67.92,12.94,4.28,0.05,1.58,0.50,0.47,2.55,0.87,0.08
58.41,15.67,5.59,0.07,2.76,2.31,0.63,3.22,0.92,0.10
65.11,14.77,5.31,0.09,1.28,0.71,0.48,2.37,0.99,0.08
60.47,17.12,6.03,0.10,1.14,0.49,0.42,2.97,1.09,0.08
58.49,15.32,6.50,0.09,5.26,0.42,0.45,2.53,0.81,0.10
56.67,18.99,6.44,0.08,0.82,0.49,0.55,3.12,0.65,0.10
55.39,17.00,5.76,0.10,2.17,2.91,0.79,3.39,0.90,0.09
63.38,14.69,4.81,0.06,2.05,1.34,0.62,2.69,0.99,0.08
65.10,13.65,4.61,0.07,1.64,1.50,0.60,2.46,1.09,0.10
63.04,15.47,5.28,0.06,1.46,0.88,0.46,2.72,1.13,0.07
62.79,14.56,4.81,0.06,1.53,2.37,0.58,2.67,1.10,0.08
64.69,14.42,4.67,0.05,2.00,1.11,0.80,2.94,0.95,0.12
64.27,13.76,5.13,0.06,2.16,0.78,0.59,3.06,0.94,0.12
60.86,14.37,5.58,0.05,2.66,2.24,0.54,3.02,0.90,0.10
63.27,15.92,4.95,0.06,2.18,0.67,0.52,3.44,0.93,0.08
60.78,17.48,5.61,0.10,1.20,0.46,0.61,2.85,0.92,0.08
63.69,15.96,5.46,0.08,1.10,0.48,0.54,2.47,1.14,0.07
60.90,16.91,5.63,0.08,1.19,0.94,0.58,2.64,1.02,0.07
58.94,16.97,5.63,0.11,1.18,0.92,0.72,2.84,0.89,0.10
58.49,16.39,5.48,0.08,2.66,1.44,0.79,3.26,0.93,0.12
58.94,16.41,5.82,0.07,2.51,1.22,0.61,3.39,0.94,0.10
69.04,12.26,4.28,0.06,1.65,0.79,0.61,2.30,0.99,0.08
62.20,15.33,5.35,0.07,2.21,1.14,0.63,2.95,0.96,0.10
60.59,15.04,5.70,0.06,2.63,1.48,0.67,3.09,1.01,0.12
62.37,14.02,5.21,0.06,2.25,1.28,0.51,2.81,0.96,0.09
62.14,15.88,4.75,0.06,1.81,1.59,0.67,3.68,0.78,0.12
60.28,18.15,5.54,0.06,1.40,0.56,0.67,3.83,1.04,0.12
51.56,19.85,6.68,0.05,1.83,1.22,0.82,4.41,0.79,0.29
60.24,17.60,6.61,0.08,1.12,0.52,0.49,2.87,0.84,0.09
53.91,9.93,6.72,0.08,11.64,2.00,0.42,1.10,0.85,0.11
57.19,12.45,6.29,0.07,8.47,0.78,0.44,2.15,0.89,0.11
62.99,16.41,4.92,0.08,1.36,0.53,0.56,2.76,1.25,0.09
61.15,16.04,5.54,0.09,2.34,0.85,0.59,2.99,1.06,0.20
64.02,14.68,4.89,0.07,2.08,0.56,0.58,3.02,0.88,0.09
62.86,13.41,5.06,0.06,1.99,1.97,0.48,2.63,0.97,0.08
58.68,16.40,5.89,0.07,2.87,1.32,0.64,3.32,0.96,0.10
59.94,16.92,4.87,0.06,1.95,1.04,0.59,3.65,0.88,0.11
54.09,19.22,5.96,0.07,2.14,1.42,0.67,4.40,0.82,0.16
59.66,17.28,4.17,0.04,1.23,1.66,0.75,4.29,0.73,0.17
63.89,15.60,3.88,0.04,1.15,0.80,0.64,3.67,0.66,0.13
59.24,18.88,5.20,0.04,1.18,0.57,0.85,3.94,0.88,0.13
59.4,20.05,4.86,0.04,1.74,0.53,1.36,4.86,0.86,0.13
56.42,21.09,5.63,0.05,1.84,0.53,1.24,5.27,0.99,0.11
54.24,21.14,6.64,0.08,1.9,0.63,1.12,4.58,0.95,0.1
61.41,18.54,4.9,0.04,1.88,0.9,1.27,4.13,1.39,0.12
63.03,16.59,4.46,0.03,1.89,2.29,1.18,3.74,0.59,0.15
64.61,16.91,4.92,0.03,1.49,0.52,0.96,3.63,0.9,0.15
59.23,18.53,5.87,0.05,1.83,1.16,1.01,3.68,0.93,0.14
61,15.05,6.1,0.08,2.19,3.35,1.14,2.34,1.56,0.12
63.86,16.14,3.68,0.03,1.61,3,0.97,3.49,0.66,0.14
41.43,15.93,4.41,0.05,2.59,14.06,0.65,3.12,0.79,0.13
46.42,18.61,5.22,0.06,2.31,8.49,1.2,4.9,0.95,0.1
58.66,17.53,6.27,0.15,2.26,1.3,0.84,3.94,0.84,0.19
60.43,17.2,5.98,0.06,2.52,1.25,1.16,4.24,0.95,0.11
63.93,17.76,4.21,0.03,1.63,0.47,1.22,4.12,0.65,0.12
62.39,18.91,3.97,0.05,1.81,1.06,1.57,4.12,0.8,0.14
59.62,19.69,4.65,0.05,2.01,0.63,1.24,5.04,0.83,0.13
56.21,18.34,4.26,0.05,1.82,4.91,1.26,4.29,0.77,0.1
57.7,18.22,4.5,0.04,2.12,3.51,1.16,4.29,1.01,0.11
67.3,15.56,3.83,0.03,1.61,0.78,1.12,3.49,0.67,0.09
68.64,15.02,3.35,0.04,1.55,1.18,1.8,3.01,0.66,0.11
63.63,13.86,6.26,0.09,2.03,2.71,1.01,2.23,1.55,0.14
63.17,16.53,4.69,0.04,1.94,1.85,0.89,3.32,0.8,0.11
66.19,13.36,4.36,0.05,1.83,2.46,0.72,3.17,0.78,0.08
58.08,14.13,5.78,0.1,2.08,4.7,0.91,3.36,0.82,0.11
71.07,12.37,4.22,0.07,1.6,1.08,1.09,2.81,0.94,0.07
60.97,16.26,5.78,0.06,2.41,0.83,1.05,4.87,0.87,0.07
62.14,18.42,5.3,0.03,1.41,0.35,1.13,4.11,0.85,0.13
64.03,17.17,4.15,0.04,1.59,1.26,1.29,3.82,0.89,0.14
64.27,16.51,4.37,0.04,1.58,1.38,1.35,3.73,0.7,0.12
60.7,19.25,3.93,0.04,1.33,1.44,1.65,4.66,0.64,0.13
64.43,17.65,4.05,0.05,1.5,0.55,1.38,4.16,0.73,0.1
65.5,16.94,3.92,0.03,1.65,0.55,1.37,3.91,0.74,0.09
67.5,15.47,4.45,0.04,1.69,0.64,1.05,3.26,0.71,0.08
70.39,14.25,3.39,0.03,1.45,0.74,1.15,3.24,0.46,0.11
63.64,12.4,5.23,0.07,1.91,3.84,1.07,2.38,1.01,0.19
55.7,13.86,5.77,0.09,1.99,4.42,4.34,2.22,1.58,0.07
65.86,14,5.07,0.07,1.4,1.34,1.57,3.03,1.15,0.07
64.67,15.33,3.94,0.05,1.54,0.85,3.74,3.34,0.83,0.07
59.12,17.73,5.29,0.06,2.39,0.64,1.09,5.47,0.67,0.08
64.67,16.32,4.41,0.04,1.29,0.63,1.28,4.19,0.8,0.1
64.79,16.5,4.23,0.05,1.48,0.81,1.3,3.92,1.03,0.11
68.04,14.26,4.39,0.05,1.66,0.72,1.03,3.32,1.32,0.17
65.13,15.99,4.77,0.04,1.72,0.67,1.2,3.61,0.7,0.09
61.13,16.83,4.23,0.04,1.78,0.61,1.31,4.13,0.88,0.09
63.73,16.94,4.49,0.05,1.86,0.77,1.46,4.04,0.81,0.11
60.44,16.89,3.98,0.04,1.52,3.17,1.67,3.93,0.58,0.07
62.75,16.16,4,0.04,1.75,2.85,1.17,3.55,0.52,0.1
69.06,14.18,4.15,0.04,1.56,0.58,0.96,3.35,0.5,0.08
59.38,14.12,8.33,0.1,3.02,2.88,1.8,2.21,1.22,0.1
66.04,13.6,4.88,0.06,1.63,1.32,1.33,2.99,0.88,0.1
67.53,13.75,4.97,0.06,1.65,0.88,1.48,3.93,0.82,0.06
65.17,11.41,6.57,0.09,1.64,2.81,1.46,1.96,1.65,0.11
57.89,19.15,5.24,0.04,1.44,0.69,1.93,4.34,1.16,0.2
66.34,15.61,4.53,0.04,1.3,0.56,1.36,3.45,1.26,0.17
61.43,17.55,5.36,0.04,1.32,0.33,1.36,3.81,1.85,0.13
65.89,16.24,3.79,0.03,1.4,0.57,1.48,3.77,0.62,0.09
63.4,16.53,4.01,0.04,1.62,1.53,1.7,3.74,0.63,0.1
64.44,15.61,4.28,0.05,1.93,1.03,1.47,3.63,0.71,0.23
66.72,15.29,4.32,0.05,1.91,0.73,1.3,3.4,0.52,0.1
67.05,13.55,4,0.04,1.57,0.94,1.55,2.85,0.75,0.08
65.5,15.08,4.51,0.07,1.53,0.65,1,3.45,0.74,0.12
62.91,15.9,5.61,0.06,2.27,0.96,1.31,3.79,1.1,0.1
67.7,14.24,4.51,0.05,1.49,0.67,1.52,3.78,0.68,0.06
68.35,14.26,3.6,0.04,1.32,0.93,1.74,4.44,0.53,0.05
65.67,14.44,3.96,0.05,1.04,2.13,1.04,4.85,0.69,0.08
60.64,19.51,4.18,0.04,1.19,0.52,1.8,4.88,0.87,0.15
60.37,18.62,4.94,0.04,1.31,0.57,1.44,4.03,0.78,0.11
65.27,16.07,5.33,0.04,1.19,0.34,1.04,3.27,0.81,0.11
65.35,16.38,4.09,0.04,1.52,0.58,1.56,3.77,0.73,0.11
64.8,14.39,4.15,0.04,1.4,3.42,1.26,3.11,0.78,0.2
60.51,18,5.35,0.06,1.68,0.76,1.35,3.87,0.75,0.12
69.69,13.77,4.25,0.05,1.46,0.48,1.39,2.99,0.85,0.09
67.15,14.05,3.72,0.04,1.74,1.42,1.17,3.19,0.5,0.14
63.38,11.98,4.25,0.06,1.86,4.58,0.53,2.52,0.83,0.12
67.99,14.67,4.25,0.05,1.88,1.14,1.78,3.42,0.75,0.08
68.81,14.44,3.61,0.05,1.48,0.77,1.73,3.8,0.53,0.07
60.21,15.88,4.96,0.07,2.76,1.78,3,3.83,0.67,0.13
54.72,15.52,8.39,0.11,3.67,3.36,2.37,2.42,1.58,0.58
57.71,17.68,4.34,0.06,1.25,3.43,1.53,4.49,0.82,0.1
64.49,16.44,3.94,0.03,1.21,0.77,1.27,3.88,0.58,0.23
60.83,16.8,4.02,0.04,1.49,3.01,1.32,3.77,0.97,0.17
67.91,14.61,4.13,0.04,1.42,0.52,1.07,3.05,0.98,0.11
65.06,15.87,4.95,0.04,1.5,0.43,1,3.15,0.93,0.12
60.97,18.17,5.12,0.03,1.59,1.03,1.19,3.93,0.72,0.11
66.5,14.64,4.1,0.04,1.58,0.98,1.33,3.05,0.98,0.11
68.77,12.85,3.92,0.05,1.65,1.52,0.87,2.74,0.64,0.1
68.41,12.09,4.91,0.07,1.95,1.77,1.04,2.53,0.92,0.09
56.69,16.66,7.1,0.07,3.31,1.9,1.68,2.73,1.07,0.09
58.97,15.32,6.38,0.1,2.28,3.25,1.64,3.15,1.18,0.24
58.54,16.67,5.51,0.08,2.44,2.41,2.94,2.54,1.26,0.24
55.72,17.62,6.56,0.09,2.5,1.1,1.37,3.83,0.9,0.08
71.35,12.34,2.9,0.05,0.72,0.69,0.92,4.59,0.75,0.07
63.61,16.68,4.84,0.04,1.24,0.43,0.99,3.56,1.08,0.13
65.99,16.58,3.47,0.04,1.49,0.54,1.29,3.68,0.72,0.1
66.48,15.07,4.35,0.04,1.22,0.49,0.98,3.11,1.04,0.13
67.99,13.87,3.99,0.03,1.26,0.91,0.95,2.97,0.79,0.14
66.94,15.05,3.84,0.03,1.56,0.55,1.35,3.35,0.49,0.14
62.49,14.39,3.78,0.04,1.76,3.44,2.07,2.86,0.56,0.1
63.2,14.04,4.68,0.06,1.86,3.11,0.75,2.95,0.75,0.12
56.95,14.73,7.22,0.17,3.23,3.78,1.83,1.99,1.14,0.14
54.95,16.35,7.9,0.1,2.92,3.05,2.09,2.25,1.23,0.19
55.81,17.35,7.06,0.09,2.32,2.01,1.96,2.79,0.97,0.07
58.56,17.13,6.54,0.09,2.29,1.36,1.58,3.37,1.24,0.08
54.76,19.07,7.94,0.12,2.75,1.01,1.01,4.08,0.88,0.06
68.01,14.36,3.58,0.04,1.22,0.83,1.21,3.46,0.86,0.15
64.01,15.79,4.46,0.04,1.39,1.83,1.08,3.45,0.77,0.11
67.73,13.59,4.2,0.04,1.34,0.8,1.7,2.84,1.05,0.16
63.51,16.87,4.91,0.04,1.17,0.37,0.93,3.67,1.05,0.12
66.87,15.18,4.2,0.04,1.79,0.43,1.26,3.4,0.53,0.08
68.91,13.42,3.53,0.04,1.59,0.95,1.15,3.14,0.44,0.19
62.98,13.41,3.27,0.03,1.43,5.7,0.95,2.99,0.51,0.08
57.69,15.25,7.44,0.13,2.61,2.92,1.92,1.99,1.24,0.09
54.85,16.83,8.15,0.16,2.7,3.66,2.01,2.58,1.23,0.12
68.64,12.37,4.96,0.07,2.12,1.47,1.08,2.38,0.82,0.07
59.91,16.69,5.93,0.08,2.68,1.29,2.7,2.28,1.08,0.11
51.95,16.24,7.36,0.12,2.45,5.41,1.29,2.9,1,0.19
59.97,17.79,5.5,0.07,1.72,0.9,1.31,3.92,0.79,0.07
61.45,14.96,3.13,0.05,1.34,4.89,0.82,4.13,0.7,0.1
65.74,16.61,4.62,0.04,1.11,0.33,1.19,3.34,1.29,0.14
66.09,16.38,4.37,0.03,1.11,0.46,1.22,3.34,1.2,0.13
71.57,12.16,4.37,0.04,1.38,0.38,0.69,2.47,1.3,0.14
66.79,16.07,4.55,0.03,1.7,0.45,1.13,3.59,0.48,0.08
65.69,14.05,3.76,0.03,1.62,3.07,1.16,3.04,0.64,0.1
69.06,12.47,3.65,0.04,1.59,2.92,0.79,2.67,0.59,0.12
59.92,14.28,6.67,0.12,2.87,4.66,1.03,2.68,0.99,0.18
57.09,18.33,7.19,0.11,2.35,2.15,2.18,2.25,1.4,0.1
55.56,17.06,7.19,0.13,2.79,3.27,1.97,2.57,1.33,0.3
56.66,17.73,4.6,0.07,2.05,2.43,5.47,3.03,1.07,0.19
61.89,15.95,5.66,0.26,2.17,2.4,1.74,2.8,0.71,0.08
57.36,17.77,6.92,0.07,2.22,1.88,1.52,2.65,1.18,0.07
53.42,14.51,4.38,0.04,1.46,7.99,1.08,3.21,1.2,0.17
66.4,14.54,5.1,0.09,1.46,0.9,1.11,3.51,1.2,0.08
74.93,10.27,2.49,0.05,0.68,1.43,0.81,3.94,0.69,0.08
63.68,17.38,4.8,0.04,1.43,0.75,1.13,3.7,0.94,0.14
62.58,14.43,4.26,0.03,1.62,3.97,1.18,3.24,0.56,0.1
59.17,16.97,4.32,0.03,1.96,4.32,1.22,3.78,0.53,0.11
64.1,15.43,4.11,0.04,1.85,2.31,1.61,2.98,0.58,0.11
60.57,17.05,6.52,0.22,2.22,1.6,1.91,2.67,0.99,0.11
53.06,15.53,7.05,0.09,2.88,6.34,2.61,1.94,1.24,0.37
59.53,14.74,5.79,0.08,3.04,4.17,2.38,2.78,1.32,0.67
57.37,14.53,7.67,0.11,3.33,4.2,1.74,2.36,1.24,0.5
65.77,15.2,3.89,0.06,1.2,1.64,2.9,2.66,1.05,0.1
54.72,15.72,7.59,0.08,4.48,5.57,2.06,1.22,0.93,0.08
54.86,16.01,6.87,0.08,2.89,3.83,2.29,2.77,1.05,0.14
81.4,8.04,3.44,0.06,0.71,0.53,0.75,2.23,1.35,0.09
70.7,12.84,4.6,0.05,1.44,1.07,1.07,2.84,0.97,0.19
76.46,9.85,4.5,0.05,1.16,0.91,0.74,2.32,1.53,0.11
67.12,10.85,3.52,0.04,1.42,5.29,0.84,2.44,0.54,0.08
65.37,14.54,5.25,0.06,1.96,2.16,1.24,2.95,0.81,0.1
59.04,15.78,7.56,0.1,2.04,2.75,2.76,2.77,1.51,0.38
61.8,14.07,6.82,0.09,1.91,3.85,3.12,2.4,1.56,0.59
58.55,15.69,6.3,0.08,2.91,4.35,2.61,2.5,1.32,0.73
58.15,16.54,6.33,0.09,2.04,3.26,2.44,2.95,1.32,0.25
68.79,14.17,4.2,0.07,1.31,1.02,2.19,3.5,0.68,0.08
58.02,14.27,9.08,0.14,3.43,2.95,1.11,1.68,1.61,0.09
71.19,11.15,4.73,0.06,1.54,1.68,1.3,2.55,0.85,0.15
70.86,11.78,4.51,0.06,1.47,2.71,1.36,2.12,1,0.11
69.42,12.24,4.42,0.06,1.43,1.72,1.24,2.24,0.92,0.1
64.95,12.27,4.3,0.05,1.81,3.61,1.12,2.43,0.76,0.13
64.88,13.14,4.48,0.08,1.49,3.4,4.86,1.86,1.2,0.46
62.47,13.59,5.55,0.08,1.84,3.88,3.73,2.06,1.3,0.66
63.76,12.63,6.01,0.09,1.67,3.67,3.32,2.2,1.64,0.62
61.7,14.56,5.06,0.08,1.46,2.99,3.29,3.35,1.18,0.4
62.2,15.01,5.48,0.08,1.77,1.98,2.12,3.1,0.95,0.12
61.14,13.01,6.96,0.09,4.03,2.34,1.05,2.58,0.9,0.13
58.92,10.07,6.97,0.1,5.51,5.01,0.9,1.41,1.29,0.13
63.38,15.52,5.16,0.05,1.84,2.08,1.74,3.27,0.81,0.12
69.91,13.37,3.83,0.04,1.13,1.09,1.05,2.91,1.08,0.09
65.64,11.88,4.43,0.05,1.45,4.98,0.86,2.23,0.8,0.09
68.97,10.99,4.25,0.06,1.55,3,1.38,2.2,0.89,0.1
62.95,14.09,6.17,0.1,2.88,2.01,1.36,2.92,1.02,0.15
59.56,13.54,6.4,0.1,2.15,4.7,3.46,1.7,1.53,0.84
55.83,12.71,7.92,0.1,2.81,6.01,1.76,1.6,1.66,0.81
59.87,13.78,6.49,0.09,1.81,4.34,3.05,2.51,1.5,0.79
61.75,13.72,5.88,0.08,2.42,3.48,2.54,2.77,1.07,0.28
65.01,14.03,5.1,0.08,1.84,1.91,2.6,2.85,0.87,0.1
61.64,14.03,7.17,0.08,4.94,2.65,1.05,2.32,0.91,0.12
58.63,12.91,6.2,0.09,4.15,4.2,0.87,2.13,0.78,0.23
50.77,15.04,5.25,0.06,3.09,7.61,0.81,4.17,0.85,0.11
58.38,17.64,6.09,0.07,2.67,1.04,1.23,4.65,0.75,0.07
60.28,15.93,5.77,0.09,2.29,2.69,2.18,3.05,0.99,0.20
56.22,18.58,7.33,0.10,2.27,1.99,1.54,3.24,0.81,0.07
57.93,17.83,7.31,0.15,2.35,1.19,1.44,3.80,0.72,0.10
59.70,15.06,6.00,0.07,3.59,2.68,0.92,2.67,0.94,0.08
57.21,17.03,6.88,0.09,2.84,3.12,2.49,1.74,1.08,0.10
55.65,15.03,7.99,0.11,4.29,3.76,1.53,1.76,1.16,0.11
58.83,16.05,7.04,0.08,2.86,2.52,0.93,2.40,1.04,0.11
57.42,18.02,6.64,0.07,1.81,1.08,0.69,2.74,0.91,0.09
57.42,19.43,7.47,0.06,2.32,0.73,0.69,2.88,0.88,0.10
56.56,16.85,7.08,0.07,4.86,1.68,0.77,2.25,1.04,0.07
59.18,14.13,7.58,0.09,3.54,2.21,0.37,3.02,1.00,0.10
60.02,14.65,4.74,0.05,2.59,0.82,1.38,3.85,0.88,0.13
53.44,16.04,6.99,0.07,4.37,3.17,1.39,3.52,1.01,0.10
61.07,14.89,6.88,0.12,2.54,2.58,0.81,2.46,1.06,0.08
56.95,18.06,7.41,0.10,2.90,1.87,1.21,3.59,0.97,0.19
56.05,19.10,5.78,0.08,2.11,0.79,2.05,4.28,0.72,0.08
52.02,17.84,8.82,0.09,3.20,2.59,1.59,2.42,0.99,0.09
55.93,14.63,8.46,0.13,3.43,3.43,0.70,1.96,0.97,0.12
61.56,15.44,6.34,0.07,2.10,1.38,0.89,2.36,0.99,0.15
60.73,16.54,5.79,0.07,2.01,1.20,0.75,2.47,0.88,0.09
57.62,15.70,7.22,0.09,2.68,1.64,0.80,2.14,1.08,0.13
57.59,14.07,7.81,0.12,4.04,2.32,0.70,2.00,0.92,0.14
58.23,15.28,7.80,0.10,2.79,2.01,0.93,1.61,0.96,0.09
57.39,16.69,5.38,0.08,3.93,1.83,1.56,3.63,0.76,0.08
51.24,14.36,5.53,0.08,2.68,8.73,1.58,2.04,1.02,0.08
54.49,17.53,6.02,0.13,2.24,1.07,1.78,3.49,0.80,0.08
64.01,17.61,3.86,0.06,1.36,0.94,2.59,3.94,0.53,0.08
55.87,15.39,7.77,0.10,3.14,2.52,1.70,2.34,1.01,0.11
49.08,18.89,9.71,0.13,3.32,2.09,0.83,2.50,0.88,0.11
47.69,15.44,7.68,0.11,4.42,6.46,1.19,1.87,1.09,0.11
58.01,14.29,5.41,0.08,2.90,3.73,0.87,1.85,0.92,0.12
55.89,18.69,6.27,0.07,2.07,1.87,0.77,2.35,0.83,0.09
59.95,16.78,5.48,0.07,2.04,2.03,1.18,1.96,0.98,0.07
59.05,16.22,5.86,0.07,2.56,2.07,0.77,2.82,0.88,0.09
53.91,15.20,10.98,0.12,3.60,1.92,1.06,1.21,1.39,0.09
57.83,11.10,9.70,0.14,4.26,3.03,1.74,1.35,1.48,0.17
61.91,16.76,6.05,0.07,2.61,1.81,2.77,2.01,1.06,0.08
56.78,16.69,6.40,0.15,2.47,2.88,1.51,2.87,0.83,0.09
55.50,13.23,7.22,0.21,3.14,6.63,0.98,2.08,0.76,0.16
54.37,15.13,9.72,0.27,3.87,3.38,0.90,2.34,0.86,0.10
54.30,16.70,8.95,0.14,3.37,3.01,1.40,2.05,0.95,0.16
57.04,13.52,6.76,0.09,3.51,3.43,1.38,2.06,1.12,0.14
52.79,15.81,8.36,0.12,4.53,2.60,0.83,2.20,0.99,0.15
63.13,15.45,5.15,0.07,1.92,1.42,1.03,2.25,0.90,0.11
68.91,14.10,4.46,0.06,1.63,1.12,1.08,2.01,0.91,0.09
64.45,15.13,5.07,0.08,1.77,1.97,1.10,2.38,0.99,0.07
59.42,15.01,7.62,0.09,3.38,1.60,0.87,2.50,1.10,0.11
57.55,14.21,9.61,0.14,3.26,1.96,1.11,1.26,1.23,0.10
61.68,13.55,8.21,0.14,3.43,1.31,1.64,1.62,1.12,0.09
56.88,16.35,7.81,0.10,2.94,2.21,1.53,2.71,1.60,0.17
58.08,17.04,6.62,0.13,2.08,2.28,1.85,2.83,1.02,0.10
65.78,16.41,3.21,0.06,0.93,0.74,2.84,2.82,0.53,0.09
54.26,15.30,8.41,0.13,4.02,3.01,1.29,1.70,1.18,0.13
56.67,15.17,8.01,0.11,3.00,2.94,1.05,1.66,1.19,0.09
53.08,15.68,9.35,0.15,3.68,2.39,1.31,1.39,1.12,0.08
58.37,15.22,6.79,0.09,3.16,1.79,1.03,2.64,0.90,0.14
68.08,15.38,4.69,0.06,1.40,0.54,1.18,2.00,0.90,0.07
67.37,15.26,5.03,0.07,1.40,0.54,1.00,2.05,1.05,0.05
68.50,15.86,4.46,0.05,1.39,0.38,1.17,2.23,0.97,0.05
56.73,15.19,9.47,0.17,2.92,2.01,1.10,0.97,1.05,0.08
50.94,13.35,13.38,0.15,4.38,2.91,1.48,0.99,1.35,0.15
61.37,13.89,6.23,0.10,2.39,2.39,2.51,2.58,1.54,0.38
58.60,17.54,6.89,0.10,2.36,1.18,1.31,3.09,1.00,0.06
64.44,15.66,4.98,0.13,1.71,1.01,1.94,2.89,0.68,0.14
65.65,14.24,5.12,0.09,2.17,1.99,2.08,1.96,0.97,0.13
56.78,14.66,7.28,0.13,5.04,2.68,0.98,1.89,0.96,0.16
54.33,14.89,8.15,0.11,4.46,4.15,1.96,1.04,1.24,0.10
54.74,13.89,7.75,0.16,4.87,3.82,1.00,2.11,0.91,0.17
60.55,17.82,6.83,0.07,1.52,0.76,1.14,2.98,0.94,0.07
70.68,12.39,5.02,0.07,1.30,0.57,0.80,1.87,1.34,0.05
58.07,16.08,9.24,0.11,2.24,0.97,1.13,2.67,1.30,0.09
60.35,14.93,9.40,0.15,2.04,1.94,1.12,1.05,1.26,0.14
66.73,12.12,6.21,0.11,1.94,1.46,1.34,1.81,1.07,0.14
62.98,15.22,5.85,0.09,2.04,1.63,2.27,2.62,1.20,0.12
63.66,14.69,5.28,0.09,2.12,1.71,2.28,3.43,1.36,0.35
62.66,16.45,4.76,0.15,1.48,1.55,2.12,3.40,0.67,0.09
63.21,16.49,5.20,0.08,1.93,1.33,1.45,3.67,0.87,0.08
59.04,15.47,7.74,0.10,3.21,2.56,1.14,2.04,1.14,0.11
61.08,13.70,6.50,0.08,3.85,3.24,1.35,1.90,1.03,0.08
58.50,13.97,7.87,0.16,4.71,2.29,0.93,1.87,1.15,0.18
50.48,15.52,6.86,0.08,3.39,5.79,0.96,2.40,0.95,0.12
55.32,18.53,6.70,0.10,1.93,2.33,1.24,2.82,0.96,0.10
63.04,14.37,6.27,0.11,2.65,1.03,0.70,2.59,0.94,0.07
58.28,15.07,9.55,0.10,2.60,0.73,0.73,2.97,1.38,0.08
58.51,14.05,9.53,0.18,2.69,1.54,0.55,2.07,1.04,0.12
62.16,15.59,7.18,0.10,1.66,2.12,2.45,1.91,0.96,0.08
61.47,15.23,7.00,0.11,1.96,2.53,2.46,2.71,1.32,0.17
61.02,17.39,5.78,0.09,1.95,1.49,3.39,2.97,0.59,0.08
61.51,17.32,6.60,0.07,2.34,1.75,1.80,2.95,0.88,0.07
60.01,15.95,5.43,0.09,2.94,2.58,1.62,3.39,0.79,0.19
61.81,14.36,6.59,0.06,2.90,2.69,1.56,2.28,0.94,0.07
55.07,14.24,9.32,0.19,6.46,2.94,0.86,1.50,1.23,0.18
58.13,16.93,9.15,0.11,2.03,2.59,1.15,1.81,1.76,0.13
62.05,18.26,7.27,0.07,1.74,1.17,1.33,2.62,1.23,0.09
60.61,14.75,9.01,0.15,2.60,0.96,0.89,2.36,1.23,0.09
55.84,15.79,10.39,0.19,2.83,1.72,0.62,2.34,1.32,0.13
64.65,13.71,7.52,0.19,2.25,1.06,0.51,2.53,1.06,0.11
60.57,14.93,7.78,0.11,2.17,2.39,1.30,1.80,1.11,0.12
60.21,14.85,6.99,0.09,2.58,2.48,2.10,2.66,1.41,0.19
62.96,15.63,6.72,0.09,1.42,1.85,2.30,2.09,0.99,0.07
60.31,14.63,7.88,0.11,2.58,2.82,2.29,1.73,1.02,0.18
56.54,18.00,7.22,0.08,2.83,2.01,1.73,2.98,1.30,0.07
53.54,17.65,8.39,0.08,4.13,3.15,1.23,1.90,1.00,0.07
54.17,14.89,8.87,0.10,5.32,3.96,1.16,2.33,1.13,0.31
60.80,18.33,6.99,0.07,2.25,1.05,1.12,3.04,0.92,0.09
58.08,16.90,7.07,0.15,3.93,2.22,0.86,2.40,0.93,0.15
61.74,16.05,8.33,0.11,2.33,1.95,1.10,1.60,1.62,0.08
56.29,14.22,8.93,0.14,3.48,3.83,0.89,1.32,1.53,0.15
50.50,13.70,10.69,0.14,2.67,6.08,1.10,0.91,1.87,0.14
64.06,13.52,8.06,0.13,2.29,2.51,0.64,1.74,1.68,0.11
56.67,13.43,9.67,0.14,3.69,3.66,1.26,1.53,1.94,0.24
61.78,16.15,6.43,0.08,1.65,2.29,2.80,2.53,1.04,0.16
65.40,14.83,4.77,0.07,1.15,2.02,2.42,1.83,0.75,0.07
64.79,12.19,7.75,0.09,2.59,2.07,1.91,0.80,1.29,0.39
58.17,14.76,8.19,0.08,3.18,2.99,1.19,2.27,0.91,0.09
54.79,14.86,9.72,0.13,4.48,3.44,1.05,1.52,1.70,0.10
56.39,17.23,7.90,0.08,2.60,2.03,1.19,2.41,1.34,0.25
56.46,17.15,7.32,0.11,2.88,1.34,1.11,2.66,1.12,0.11
58.37,16.65,5.51,0.08,2.44,2.66,1.25,2.50,0.92,0.11
64.49,16.05,5.81,0.09,1.45,0.83,1.40,2.32,1.21,0.06
64.02,13.50,7.13,0.20,2.78,1.29,1.13,1.37,1.16,0.07
54.54,13.83,10.89,0.13,3.58,3.48,1.06,1.25,1.19,0.12
65.53,14.25,8.00,0.09,3.45,2.86,1.16,1.82,1.05,0.24
59.58,15.49,6.23,0.10,1.81,3.18,2.14,2.01,1.12,0.23
63.54,13.67,6.59,0.10,1.39,3.10,2.12,1.75,1.54,0.19
62.67,13.82,6.78,0.10,1.56,3.11,2.03,1.20,1.30,0.10
62.55,14.52,6.87,0.09,1.54,2.57,2.24,1.27,1.37,0.09
51.65,15.82,12.70,0.13,3.09,3.52,1.26,1.20,1.64,0.09
58.29,14.09,7.05,0.16,6.65,1.95,0.79,1.83,0.96,0.13
62.44,16.29,7.26,0.13,1.58,1.27,1.16,2.59,1.02,0.07
63.33,13.04,6.00,0.13,3.23,1.69,0.74,2.14,1.00,0.12
58.41,16.98,6.34,0.09,2.36,0.96,1.29,2.44,1.04,0.08
63.13,13.21,7.12,0.11,2.45,2.03,1.01,1.34,1.18,0.08
68.29,12.12,6.02,0.10,2.13,1.32,0.72,1.52,1.05,0.07
63.93,12.35,8.19,0.13,2.92,2.11,1.32,1.52,1.04,0.11
61.87,15.30,6.34,0.09,1.72,2.57,1.95,1.61,1.01,0.09
60.83,16.89,6.34,0.10,1.30,2.73,2.52,1.64,0.85,0.06
61.99,14.26,7.19,0.10,1.63,3.46,2.12,1.38,1.17,0.09
62.38,15.43,6.47,0.07,1.83,1.64,3.39,0.76,0.97,0.07
63.48,15.24,5.30,0.08,1.28,2.58,2.91,1.64,0.83,0.08
56.87,13.80,7.90,0.14,5.85,2.99,0.60,1.63,1.13,0.12
62.13,15.04,6.04,0.08,2.80,1.19,0.94,2.36,1.28,0.10
55.62,17.09,6.87,0.08,2.07,3.40,0.95,2.75,1.08,0.08
60.08,13.49,5.89,0.10,3.87,2.74,0.78,2.09,1.07,0.11
58.54,12.13,10.30,0.13,3.45,1.28,0.67,1.59,1.42,0.07
59.74,12.39,7.07,0.10,3.37,3.91,0.66,1.93,1.18,0.08
67.81,10.91,5.92,0.07,2.04,1.83,0.69,1.60,0.75,0.17
61.22,12.37,7.84,0.13,2.58,3.82,0.79,1.40,1.07,0.07
61.39,16.23,6.05,0.09,1.48,2.60,2.19,2.18,0.95,0.08
62.59,14.84,6.44,0.09,1.64,3.53,2.39,1.43,1.02,0.09
65.10,13.74,5.40,0.08,1.75,2.23,2.11,1.31,0.88,0.09
62.06,15.19,6.95,0.10,2.03,2.00,2.25,1.41,1.10,0.10
60.88,16.00,6.93,0.11,1.74,3.29,2.03,1.91,1.15,0.09
62.91,15.45,6.65,0.09,3.58,1.25,0.82,2.38,0.96,0.11
59.53,14.08,9.37,0.27,3.32,1.23,0.53,2.44,1.04,0.10
60.34,14.07,7.75,0.15,3.01,2.37,0.78,2.69,1.13,0.18
59.08,14.04,8.05,0.11,3.52,1.91,0.84,1.36,1.27,0.08
57.07,13.16,6.22,0.10,2.22,5.93,0.87,2.00,1.07,0.10
62.72,13.88,7.47,0.15,3.35,1.80,0.73,1.79,1.11,0.10
72.87,10.15,4.74,0.06,1.99,1.07,0.69,1.52,0.82,0.06
59.92,14.09,6.23,0.10,2.36,3.67,1.38,1.76,0.96,0.12
58.06,13.01,5.58,0.09,1.79,6.43,1.25,1.49,0.91,0.08
61.24,14.47,6.44,0.08,2.05,3.97,2.71,0.97,0.85,0.09
58.08,15.54,8.84,0.13,2.51,2.74,2.01,1.34,1.13,0.16
57.82,14.70,7.85,0.11,2.25,3.05,1.69,1.86,1.53,0.10
58.59,16.17,7.59,0.12,1.81,2.80,1.48,1.85,1.06,0.21
56.54,18.59,7.73,0.11,2.22,0.92,0.91,3.13,1.01,0.11
57.09,14.37,9.76,0.25,3.63,1.82,0.76,1.80,1.53,0.13
57.45,14.55,8.22,0.18,3.86,1.16,0.47,2.00,0.94,0.11
56.86,14.46,7.60,0.17,3.52,1.80,0.52,1.65,0.98,0.14
67.29,14.38,7.41,0.23,1.67,0.78,0.72,2.23,1.07,0.08
56.42,14.15,7.70,0.09,3.78,4.42,0.54,1.92,0.86,0.12
67.79,12.92,5.52,0.09,1.73,1.62,1.09,1.91,0.86,0.08
65.88,13.38,5.05,0.08,1.95,2.25,1.74,1.54,0.87,0.07
64.43,15.51,4.92,0.08,1.25,2.71,1.71,1.94,0.83,0.06
61.20,16.10,6.95,0.09,2.32,2.17,3.05,1.07,0.80,0.08
60.33,14.63,6.70,0.10,2.43,2.23,2.40,1.86,0.80,0.09
59.53,15.30,6.90,0.12,2.14,3.32,1.80,1.84,0.96,0.08
58.15,16.59,7.02,0.12,1.62,2.44,1.97,2.08,0.87,0.11
59.86,15.99,6.07,0.08,2.8,1.6,1.28,3.55,0.92,0.06
55.69,15.23,6.57,0.08,3.46,4.08,0.7,3.15,0.91,0.11
63.88,12.55,4.78,0.08,2.69,2.89,1.15,2.14,0.86,0.1
62.57,11.71,4.82,0.074,2.16,2.74,0.73,2.39,0.78,0.1
62.5,11.46,5.05,0.075,2.26,4.09,0.76,2.03,0.78,0.09
62.7,12.35,4.98,0.075,2.47,2.55,0.82,2.18,0.76,0.1
68.28,10.17,3.69,0.074,1.67,1.92,1.34,1.87,0.81,0.1
68.32,10.45,4.37,0.049,1.2,2.22,0.63,1.83,0.88,0.07
59.65,9.96,4.98,0.08,2.43,7.92,1.25,1.62,0.69,0.08
59.41,11.69,4.93,0.06,2.74,5.93,0.95,1.88,0.78,0.1
60.05,12.88,5.58,0.079,2.9,3.74,1.4,1.99,0.97,0.11
61.32,12.28,5.36,0.071,2.71,4.41,1.09,2.04,0.83,0.12
58.64,10.86,4.91,0.058,2.74,7.84,0.98,1.47,0.84,0.09
59.25,14.93,6.31,0.09,2.73,2.76,1.43,3.15,0.99,0.08
59.24,14.27,5.73,0.08,2.89,3.95,0.83,2.84,0.85,0.09
58,15.07,7.33,0.1,3.51,2.19,0.72,2.59,1.09,0.08
56.75,15.17,6.84,0.079,2.86,1.64,0.61,3.21,0.93,0.07
58.47,13.92,6.2,0.083,2.62,2.43,0.77,2.87,0.84,0.09
58.32,13.1,5.6,0.075,2.78,3.57,0.98,2.77,0.73,0.12
62.63,11.32,4.52,0.072,2.11,3.1,0.95,2.28,0.77,0.13
63.13,11.17,4.65,0.064,1.89,3.61,1.16,2.26,0.88,0.14
60.79,11.7,5.17,0.08,2.64,3.52,1.2,2.41,0.89,0.14
62.11,11.71,4.78,0.078,2.43,2.97,1.28,2.49,0.81,0.14
62.48,11.19,4.48,0.078,2.11,2.43,1.298,2.38,0.86,0.14
64.54,10.82,3.89,0.068,2.02,2.38,1.48,2.31,0.77,0.11
63.4,10.73,4.28,0.069,2.52,3.63,1.25,2.27,0.73,0.15
59.11,11.86,5.11,0.082,2.76,4.13,1.23,2.53,0.87,0.18
60.97,13.61,5.19,0.08,2.9,2.85,1.27,2.85,0.84,0.13
58.84,12.33,6.16,0.11,3.37,5.48,1.24,2.25,1.09,0.16
60.25,11.74,5.03,0.077,2.54,4.97,1.22,2.56,0.79,0.12
59.93,12.26,5.05,0.079,2.35,3.17,1.28,2.64,0.81,0.17
61.47,11.9,4.7,0.079,2.16,2.07,1.23,2.55,0.77,0.15
61.73,11.88,4.86,0.083,2.31,3.14,1.3,2.47,0.84,0.18
59.05,12.77,5.36,0.082,2.88,3.57,1.01,2.83,0.81,0.2
59.02,11.82,4.94,0.082,2.8,3.85,1.3,2.56,0.84,0.22
61.19,11.66,4.89,0.085,2.37,2.75,1.24,2.44,0.81,0.23
63.04,11.69,4.46,0.072,2.19,2.33,1.45,2.44,0.82,0.11
63.57,12.16,4.66,0.076,2.14,3.81,2.09,2.02,0.89,0.09
62.28,12.25,5,0.081,2.47,2.39,1.61,2.11,0.88,0.11
63.25,12.72,5.62,0.09,2.72,2.59,1.83,2.35,0.93,0.1
60.88,11.51,4.97,0.082,2.6,3.58,1.33,2.33,0.81,0.2
59.82,12.26,5.36,0.089,2.77,4.12,1.26,2.61,0.86,0.22
59.79,11.85,5.02,0.08,2.73,3.89,1.3,2.54,0.85,0.19
64.28,10.91,3.89,0.068,1.82,2.23,1.47,2.24,0.71,0.13
61.75,11.28,4.88,0.082,2.44,4.53,1.37,2.33,0.89,0.22
60.04,13.06,5.69,0.083,2.32,4.43,0.83,2.45,0.79,0.08
60.58,10.01,5.24,0.125,1.86,6.6,1.1,1.68,1.15,0.09
61.2,14.26,5.92,0.093,2.12,2.93,0.81,2.68,0.85,0.08
62.51,12.09,5.05,0.078,2.34,3.1,0.93,2.26,0.79,0.1
62.14,11.56,4.65,0.08,2.39,2.71,1.21,2.28,0.82,0.14
57.96,11.89,5.73,0.075,2.92,4.21,1.96,1.26,1.26,0.08
56.46,13.14,4.54,0.05,2.59,3.89,1.76,1.8,0.91,0.09
58.65,12.76,6.78,0.1,4.33,3.75,1.38,2.12,0.91,0.12
64.24,13.13,6,0.1,2.84,3.28,1.56,2.13,0.89,0.08
62.44,13.66,6.49,0.1,3.07,3.55,1.25,2.23,1.05,0.1
65.26,11.5,4.84,0.082,1.97,3.63,1.44,2.12,0.84,0.1
60.18,10.17,4.46,0.081,1.92,7.16,1.49,1.78,0.84,0.1
61.57,11.46,4.75,0.078,1.83,4.92,0.96,2.06,0.81,0.07
62.25,13.67,5.63,0.089,2.28,2.11,0.89,2.62,0.82,0.09
59.57,13.52,5.47,0.08,2.32,2.49,0.83,2.65,0.82,0.09
57.2,13.74,5.63,0.067,2.44,5.79,1.19,2.75,0.75,0.09
63.45,13.78,5.08,0.081,1.82,1.82,1.46,2.28,0.85,0.08
59.74,11.63,5.85,0.109,2.1,4.74,1.49,1.89,1.03,0.11
61.99,11.71,7.27,0.127,2.21,3.36,0.83,2.04,1.24,0.07
65.27,12.58,5.54,0.118,1.86,1.46,0.72,1.99,0.92,0.06
58.66,12.12,7.59,0.13,4.53,5.72,1.88,1.68,1.1,0.11
61.59,14.08,6.5,0.11,3.22,2.8,1.5,2.59,1.04,0.12
58.87,14.93,6.42,0.09,3.41,3.03,0.92,2.56,0.94,0.11
60.71,10.19,4.14,0.068,2.16,5.95,1.42,1.64,0.78,0.09
61.04,11.25,5,0.085,2.27,5.11,1.06,2.04,0.84,0.09
59.83,13.9,6.34,0.092,2.59,2.09,0.59,2.56,0.86,0.09
58.18,15.85,6.88,0.082,2.75,1.44,0.74,3.12,0.86,0.07
59.83,14.16,5.95,0.077,2.41,2.67,1.06,2.98,0.77,0.11
62.96,12.08,5.46,0.11,2.09,3.87,1.16,2.45,0.92,0.12
65.67,11.3,4.71,0.087,1.82,2.93,1.29,2.02,0.84,0.1
61.35,12.08,4.93,0.084,1.85,5.36,2.32,2.01,0.87,0.09
61.2,11.47,7.02,0.113,2,3.1,0.73,2.25,1.05,0.07
64.65,10.5,5.37,0.092,1.87,2.16,0.45,2.77,0.73,0.04
56.29,13.19,8.04,0.12,4.68,4.4,1.29,2.02,1.03,0.15
59.97,13.32,5.99,0.1,3.42,3.92,1.54,2.19,0.88,0.17
61.87,12.36,5.82,0.11,3.28,4.45,1.41,1.89,1.07,0.11
59.25,11.27,5.36,0.078,2.46,6.79,1.31,2.05,0.76,0.09
63.3,11.02,4.75,0.075,2.08,4.82,1.31,1.92,0.82,0.09
59.5,12.92,6.01,0.091,2.77,4.48,1.26,2.11,0.83,0.08
60.83,13.57,5.67,0.087,2.65,2.72,1.9,2.76,0.82,0.1
60.1,9.98,4.18,0.082,1.88,7.02,1.48,1.68,0.77,0.1
68.44,10.68,4.33,0.082,1.45,3.4,1.67,1.81,0.8,0.09
65.02,12.19,5.12,0.085,1.87,2.44,1.29,2.05,0.91,0.09
64.68,11.72,4.98,0.087,1.84,3.12,1.44,2.01,0.85,0.1
61.68,12.21,5.44,0.087,2.14,2.97,1.12,2.34,0.89,0.09
57.48,12.2,6.74,0.091,3.17,2.83,0.71,2.58,0.9,0.08
58.01,13.55,7.09,0.12,3.01,3.96,1.83,1.98,1.05,0.12
61.37,13.52,5.98,0.1,2.91,3.08,1.79,2.21,0.98,0.1
56.12,12.81,7.55,0.12,4.54,5.63,1.37,1.93,1.03,0.09
57.45,11.47,6.09,0.098,2.88,7.84,1.64,1.84,0.99,0.08
60.98,12.7,5.39,0.075,2.32,4.44,1.36,2.23,0.84,0.08
59.84,14.44,6.37,0.084,2.58,1.64,0.76,2.85,0.85,0.08
62.24,13.62,5.79,0.94,2.26,1.68,0.91,2.46,0.86,0.09
65.04,10.04,4.11,0.087,1.67,4.21,1.53,1.72,0.77,0.08
62.49,14.13,5.85,0.088,1.96,1.45,0.85,2.54,0.8,0.08
63.12,11.91,4.59,0.077,1.79,2.19,0.97,2.07,0.89,0.08
58.84,14.13,5.7,0.076,2.44,2.98,1.09,2.73,0.76,0.18
58.79,11.64,5.11,0.091,1.9,6.62,1.28,1.88,1.15,0.09
62.31,11.6,7.69,0.131,1.92,1.91,0.73,1.64,1.81,0.06
53.13,12.41,6.07,0.11,4.06,7.32,1.12,2.04,0.95,0.12
56.08,13.81,7.15,0.1,3.95,4.12,1.04,2.15,1.05,0.1
58.7,13.69,6.1,0.09,3.1,3.56,0.74,2.21,0.98,0.11
60.33,13.53,6.43,0.09,2.23,2.89,1.09,2.08,1.25,0.14
60.13,13.91,6.17,0.079,2.37,2.09,0.89,2.44,0.97,0.09
58.66,13.93,6.62,0.094,2.49,3.23,1.29,2.4,1.17,0.14
59.2,13.98,6.03,0.082,2.37,3.03,1.09,2.58,0.88,0.09
60.35,14.02,5.97,0.092,2.32,2.72,1.51,2.56,0.94,0.13
62.39,13.68,5.84,0.086,2.02,1.78,0.9,2.43,0.89,0.09
64.54,11.01,5.15,0.09,1.81,3.98,1.48,1.87,0.94,0.13
62.64,11.61,5.09,0.079,1.94,4.71,1.55,2.09,0.89,0.1
57.49,15.75,6.59,0.077,2.86,3.09,1.09,2.75,0.85,0.1
57.78,14.37,6.24,0.097,2.33,4.46,1.33,2.08,1.27,0.09
57.94,12.86,6.59,0.097,3.06,3.66,1.38,2.01,0.88,0.09
59.2,12.64,5.96,0.89,2.74,3.38,1.5,2.2,0.91,0.11
58.22,12.67,6.89,0.108,2.47,3.88,1.17,2.13,1.46,0.21
63.24,11.89,5.13,0.084,2.04,2.53,1.28,2.17,0.95,0.14
65.64,11.46,4.62,0.074,1.67,2.19,1.34,1.96,0.9,0.08
65.22,12.09,5.06,0.083,1.86,2.2,1.31,2.1,0.92,0.1
63.23,11.9,4.92,0.075,2.18,2.44,1.47,2.17,0.8,0.14
62.13,10.91,4.5,0.072,2.04,2.98,1.37,2.01,0.83,0.19
63.36,12.68,5.4,0.074,2.04,2.31,1.24,2.12,0.88,0.11
61.76,10.96,4.64,0.073,1.85,4.32,1.46,1.77,0.97,0.1
56.62,10.03,5.53,0.1,1.97,7.71,1.94,1.49,1.33,0.09
60.46,14.28,5.59,0.079,2.16,1.87,0.87,2.62,0.88,0.09
59.56,14.46,5,0.062,2.11,2.08,1.06,3.14,0.64,0.1
60.24,12.01,5.57,0.083,2.38,3.55,1.34,2.21,0.94,0.12
60.74,12.64,6.27,0.1,2.26,3.04,1.47,2.15,1.18,0.15
58.48,13.97,5.53,0.076,2.17,2.82,1.53,2.43,1.02,0.11
63.49,12.11,4.5,0.074,1.67,3.27,1.55,2.14,0.84,0.1
61.04,13.66,6.06,0.089,2.14,3.23,1.35,2.19,0.92,0.1
63.1,11.84,4.55,0.073,1.94,2.55,1.68,2.06,0.83,0.09
64.6,11.55,4.77,0.077,1.79,2.41,1.59,2.09,0.84,0.1
59.78,11.58,4.57,0.072,2.3,6.28,2.85,1.85,0.93,0.14
63.38,10.83,4.36,0.073,1.75,4.63,1.6,1.8,0.86,0.12
64.88,11.8,4.5,0.089,1.64,1.86,1.21,2.12,0.82,0.1
64.85,12.55,5.17,0.088,1.7,1.73,0.96,2.19,0.91,0.08
60.61,13.07,5.26,0.072,2.05,2.34,0.89,2.5,0.82,0.1
61.2,13.67,4.99,0.084,1.95,1.6,0.98,2.96,0.72,0.1
60.71,12.46,6.52,0.091,2.36,3.28,1.47,2.17,1.11,0.17
59.37,14.33,6.14,0.069,2.46,2.03,1.23,2.84,0.94,0.11
61.68,12.43,5.13,0.074,2.04,3.21,1.11,2.23,0.95,0.09
65.46,9.96,4.26,0.078,1.48,4.51,1.79,1.72,1.01,0.1
60.8,15.02,6.34,0.082,2.63,1.88,1.55,2.42,0.83,0.09
61.73,13.99,5.936,0.08,2.39,1.84,1.37,2.49,0.85,0.09
65.22,12.13,4.78,0.075,1.63,1.82,1.24,2.24,0.87,0.09
61.15,11.77,5.79,0.087,2.45,3.75,1.56,1.97,1.03,0.16
63.76,11.2,4.54,0.078,1.81,3.49,1.22,1.97,0.87,0.1
61.65,13.38,5.34,0.071,2.09,2.15,0.86,2.55,0.83,0.12
64.25,11.97,4.56,0.079,1.56,1.69,1,2.11,0.83,0.07
58.9,14.57,6.43,0.092,2.36,1.85,1,2.59,0.85,0.08
59.92,14.42,5.55,0.062,2.15,2.39,1.03,2.84,0.69,0.07
62.18,10.66,4.88,0.072,2.08,4.64,1.32,1.85,0.91,0.13
57.79,13.47,6.03,0.073,2.5,2.55,1.11,2.53,0.94,0.09
60.26,12.89,5.45,0.072,2.35,2.76,1.33,2.31,0.9,0.1
59.89,13.59,5.62,0.074,2.29,2.94,1.13,2.47,0.83,0.11
60.95,13.94,5.97,0.089,2.12,1.83,0.84,2.4,0.88,0.09
64.81,12.55,4.91,0.08,1.93,1.82,1.2,2.2,0.84,0.1
62.01,13.61,5.51,0.073,2.06,1.82,1.09,2.7,0.84,0.09
61.12,14.35,6.41,0.089,2.22,1.9,1,2.47,0.94,0.09
63.45,12.64,4.9,0.079,1.76,2.13,1.02,2.18,0.86,0.08
63.02,13.6,5.34,0.077,1.84,1.51,0.82,2.36,0.9,0.08
58.78,13.6,6.27,0.102,2.18,2.53,0.97,2.34,1.02,0.1
57.31,14.51,7.01,0.103,2.17,2.06,1.14,2.7,1.12,0.12
60.43,13.54,6.54,0.141,1.9,2.39,1.312,2.42,0.92,0.09
56.34,12.69,6.55,0.087,3.61,4.21,1.2,2.33,0.97,0.15
59.01,13.17,6.03,0.087,2.81,2.45,1.3,2.57,0.88,0.1
57.51,13.16,7.02,0.092,3.15,3.32,1.53,2.09,1,0.09
57.75,13.86,7.56,0.098,2.91,3.45,1.34,2.13,1.22,0.11
60.1,15.26,6.41,0.085,2.22,1.44,0.88,2.77,0.86,0.07
61.66,14.01,5.43,0.078,2.11,1.81,1.04,2.64,0.83,0.08
61.29,14.87,5.77,0.068,2.18,1.52,1.11,2.92,0.8,0.07
60.09,14.61,6.12,0.077,2.26,1.57,1.02,2.8,0.88,0.09
61.23,14.32,5.78,0.074,2.16,2.05,1.64,2.63,0.95,0.09
61.09,14.24,5.71,0.079,2.05,1.57,0.8,2.46,0.84,0.09
53.39,13.31,9.07,0.127,3.26,4.72,1.67,1.42,1.72,0.11
59.85,13.09,6.92,0.119,1.83,1.32,1.03,2.45,0.98,0.09
58.4,14.82,5.78,0.074,2.08,1.77,0.99,2.8,0.87,0.09
62.31,10.42,4.63,0.064,2.02,6.35,1.9,1.19,0.93,0.11
59.87,12.66,6.69,0.1,2.66,5.17,1.98,1.24,0.99,0.08
59.99,12.15,5.44,0.074,2.79,4.66,0.56,1.62,0.8,0.09
61.33,11.25,5.09,0.067,2.51,4.74,0.63,1.42,0.82,0.11
65.71,10.22,4.77,0.078,1.76,4.43,0.66,1.35,0.98,0.07
64.12,10.67,5.11,0.071,1.91,3.36,1.03,1.29,1.23,0.07
62.91,12.23,5.96,0.093,2.36,3.71,0.94,1.73,1.06,0.06
58.77,12.72,6.11,0.087,2.5,5.99,1.04,1.85,1.08,0.08
60.28,10.42,7.45,0.113,2.14,7.38,2.13,0.98,1.86,0.06
60.44,11.47,5.87,0.072,2.02,6.03,1.23,1.51,1.43,0.07
64.04,9.68,4.32,0.065,1.55,4.18,0.84,1.43,1.03,0.08
65.76,10.16,3.94,0.075,1.66,3.08,1.18,1.53,0.98,0.09
59.21,9.5,4.8,0.073,2.12,8.98,0.65,1.26,1.09,0.08
65.3,11.05,4.92,0.085,2.36,3.31,1.32,2.03,0.8,0.21
66.36,10.3,4.67,0.102,2,3.69,1.38,1.65,0.85,0.17
65.33,9.88,5.26,0.088,2.15,6.28,1.77,1.36,0.9,0.11
58.24,12.34,5.13,0.056,2.87,5.15,0.54,1.6,0.79,0.09
62.74,11.79,5.19,0.088,2.12,4.2,0.64,1.67,0.92,0.08
65.39,8.9,3.72,0.068,1.48,3.78,0.87,1.3,0.83,0.08
67.73,10.06,5.1,0.084,2.01,4.58,1.42,1.37,1.05,0.1
64.83,11.83,5.48,0.086,1.94,4.11,1.03,2.02,1.02,0.09
61.57,10.11,4.6,0.06,1.5,10.9,1.7,1.33,0.88,0.05
68.13,9.45,4.75,0.101,1.39,4.24,0.99,1.42,0.97,0.09
66.55,9.81,4.19,0.074,1.61,5.03,1.14,1.41,0.92,0.09
69.85,11.03,4.59,0.087,1.62,1.85,1.14,1.69,0.87,0.07
64.57,10.57,3.87,0.063,1.76,3.13,1.29,1.75,0.72,0.11
60.92,11.4,5.59,0.091,2.4,3.55,1.42,1.81,1.12,0.09
65.42,11.83,5.14,0.086,2.02,2.45,1.6,2.03,0.87,0.11
68.91,9.85,6.25,0.13,1.47,2.91,1.65,1.59,1.28,0.11
67.21,10.65,5.08,0.091,1.96,3.57,1.48,2.03,0.86,0.11
66.66,10.29,5.14,0.104,2.04,3.91,0.9,1.74,0.87,0.08
69.94,8.71,4.47,0.063,1.5,4.97,1.01,1.36,0.85,0.11
62.47,12.35,5.83,0.061,2.57,3.9,0.81,1.84,0.94,0.09
64.23,10.5,4.5,0.058,1.76,6.86,1.39,1.63,0.98,0.08
65.81,11.38,5.1,0.087,1.85,4.65,1.25,1.44,0.9,0.08
61.13,12.3,6.61,0.107,2.41,5.17,0.97,1.39,0.9,0.08
64.17,10.33,4.57,0.067,1.99,6.53,1,1.42,0.8,0.1
64.83,10.16,4.79,0.07,1.81,6.3,1.26,1.43,0.99,0.09
64.5,10.37,4.55,0.066,1.94,6.56,0.97,1.41,0.8,0.1
64.13,11.63,5.76,0.101,2.09,4.2,1.44,1.28,1.2,0.07
63.24,11.74,5.37,0.087,2.24,4.55,1.22,1.68,0.86,0.1
65.89,11.23,5.77,0.095,1.88,4.05,1.21,1.61,0.97,0.1
65.69,11.53,4.68,0.078,1.97,2.54,1.47,2.08,0.81,0.13
69.72,9.18,4.95,0.08,1.48,6.74,2.31,1.36,0.93,0.09
64.89,10.5,5.47,0.085,1.84,4.56,1.14,1.78,0.9,0.16
67.87,10.84,5.04,0.062,1.53,3.4,1.07,1.45,0.94,0.08
69.58,10.98,4.93,0.089,1.83,2.33,1.38,1.7,0.92,0.08
60.82,12.03,6.58,0.085,2.54,5.57,1.15,1.36,1.12,0.09
65.07,10.35,3.7,0.055,1.61,7.9,2.23,1.41,0.8,0.11
65.03,10,5.42,0.066,2.14,4.7,0.65,1.43,0.8,0.08
56.98,9.47,3.76,0.048,1.84,13.11,1.26,1.22,0.68,0.06
63.95,11.94,5.27,0.061,2.42,3.07,0.65,1.51,0.86,0.1
66.69,9.18,5.35,0.115,1.64,5.49,1.01,1.38,1.33,0.08
67.17,11.44,5.36,0.106,1.78,2.35,0.95,1.85,0.99,0.08
65.25,12.2,5.66,0.082,1.94,2.82,0.99,1.6,1.05,0.08
68.44,10.64,4.8,0.062,1.83,2.99,1.57,1.3,0.78,0.06
64.18,11.72,5.43,0.081,2.34,3.64,0.81,1.75,0.85,0.1
68,10.47,4.73,0.082,1.38,4.15,1.15,1.69,0.88,0.08
67.7,11.16,5.04,0.093,1.97,3.45,1.82,2.03,0.96,0.17
64.9,10.05,5.36,0.114,1.89,4.72,1.31,1.73,1.24,0.14
63.31,11.38,5.37,0.084,2.03,5.22,1.18,1.82,0.87,0.09
63.71,12.6,5.45,0.074,2.08,4.51,1.39,1.37,0.85,0.07
62.2,10.88,4.66,0.05,2.04,8.55,1.22,1.59,0.81,0.08
65.59,9.77,5.65,0.128,1.69,6.05,0.93,1.16,1.62,0.08
66.83,10.76,4.55,0.088,1.94,4.59,1.4,1.41,0.94,0.1
62.28,12.49,6.32,0.119,2.28,2.73,1.05,2.53,1.04,0.08
64.19,13.44,5.88,0.092,1.95,1.76,0.82,2.43,0.96,0.08
60.16,11.92,5.36,0.09,2.07,4.68,0.77,2.04,1.11,0.09
66.95,10.05,5.85,0.125,1.34,3.57,1.57,1.17,1.51,0.08
58.78,11.3,4.81,0.071,2.26,7.11,1.54,1.59,0.88,0.1
63.81,10.94,5.25,0.108,2.08,5,0.86,1.36,0.87,0.07
62.07,11.55,5.73,0.083,2.61,5.83,1.84,1.11,0.92,0.09
62.53,11.15,4.96,0.079,2.24,6.91,1.36,1.44,0.99,0.08
66.51,10.99,4.83,0.088,1.78,2.57,1.57,2.07,0.92,0.1
64.96,10.83,5.23,0.091,1.78,4.67,1.44,1.5,0.99,0.12
65.67,11.16,5.11,0.077,2.07,4.52,0.93,1.45,0.89,0.09
67.36,9.61,4.21,0.081,1.68,5.85,1.34,1.48,0.9,0.08
58.29,12.84,6.97,0.073,2.64,5.75,0.61,1.41,1.17,0.16
65.44,10.51,6.73,0.106,2.3,2.27,0.8,1.99,1.22,0.05
62.48,13.18,6.34,0.096,2.24,2.87,1.18,2.34,0.97,0.08
68.19,11.25,5.51,0.105,1.7,3.77,1.32,1.82,1.06,0.1
67.35,10.28,5.01,0.1,1.65,3.77,1.47,1.64,1.06,0.1
67.58,10.35,4.71,0.075,1.78,3.56,1.25,1.37,0.98,0.08
61.98,11.52,5.3,0.071,2.45,4.83,0.65,1.52,0.88,0.09
63.05,11.04,5.4,0.089,2.28,5.96,0.78,1.51,0.91,0.1
62.02,9.56,4.41,0.071,1.78,9.72,0.93,1.42,0.82,0.08
69.87,10.73,4.67,0.103,1.52,2.05,1.34,1.78,0.86,0.08
65.48,10.54,5.98,0.104,1.75,4.87,1.34,1.76,1.2,0.11
64.1,11.75,5.44,0.085,2.21,4.03,0.75,1.58,0.94,0.09
67.91,10.84,4.24,0.078,1.71,3.37,1.33,1.52,0.74,0.07
68.02,10.77,3.71,0.067,1.4,6.68,2.78,1.54,0.87,0.1
62.81,11.05,6.99,0.092,2.86,3.5,1.01,2.43,1.02,0.07
64.84,11.06,5.9,0.091,2,2.85,1.04,2.28,1,0.08
67.3,10.42,4.62,0.091,1.56,3.41,1.7,1.84,0.88,0.07
67.28,10.11,4.17,0.079,1.49,4.48,1.64,1.56,1.09,0.09
63.34,13.23,5.88,0.058,2.44,2.87,1.37,2.06,0.86,0.08
58.37,12.15,5.59,0.066,2.83,6.67,0.59,1.62,0.86,0.1
62.12,10.88,5.66,0.231,2.12,5.43,0.66,1.52,0.92,0.08
64.05,9.01,4.56,0.106,1.83,7.3,1.1,1.18,0.84,0.07
61.87,10.87,5.56,0.105,2.33,7.03,1.26,1.25,0.82,0.09
67.49,10.85,5.62,0.118,1.84,3.71,1.51,1.81,1.12,0.12
63.78,11.01,5.38,0.079,2.13,5.98,0.85,1.55,0.99,0.1
64,12.53,5.82,0.107,2.1,3.71,1.25,1.34,0.99,0.07
71.08,9.62,3.87,0.085,1.29,3.73,1.91,1.62,0.9,0.08
62.48,11.56,7.09,0.141,2.69,4.32,1.11,2.05,1.39,0.12
64.12,9.05,4.98,0.169,3,5.51,0.85,2,0.64,0.09
65.5,12.38,5.34,0.096,1.95,3.11,1.71,2.1,0.96,0.1
61.77,14.42,6,0.083,2.11,2.35,0.77,2.48,0.86,0.09
62.4,13.17,6.29,0.092,2.4,2.4,0.93,2.16,1.02,0.1
61.56,13.21,5.73,0.066,2.44,2.94,0.86,1.92,0.92,0.08
62.88,11.67,5.21,0.174,2.14,2.98,1.03,1.56,0.87,0.07
64.62,11.25,5.83,0.217,2.07,2.12,0.68,1.66,0.82,0.07
62.45,11.19,5.69,0.11,1.92,5.18,2.86,1.18,1.13,0.07
64.89,12.31,4.07,0.071,2.79,7.72,5.08,1.25,0.84,0.1
63.47,10.74,5.56,0.099,2.19,5.51,1.5,1.86,1.08,0.15
64.39,11.81,5.75,0.091,2.1,4.21,1.2,1.18,0.97,0.08
65.98,12.29,5.07,0.081,1.9,3.64,1.81,1.51,0.86,0.08
63.9,10.62,5.28,0.114,1.66,6.11,1.63,1.72,1.1,0.09
62.58,10.52,5.39,0.091,2.34,5.58,1.65,1.86,0.98,0.07
58.23,15.46,6.52,0.078,2.72,3.52,1.53,2.74,0.96,0.14
63.81,14.45,5.67,0.079,1.88,2.13,1.47,2.68,0.77,0.08
63.07,14.94,5.33,0.07,2.19,2.06,2.14,2.54,0.76,0.09
64.35,13.1,6.35,0.093,2.13,3.77,1.31,2.2,1.11,0.09
64.09,11.53,9.06,0.087,1.77,4.7,1.87,1.24,1.61,0.08
70.714,9.26,5.02,0.093,1.85,4.51,1.05,1.3,0.73,0.07
56.48,11.37,5.6,0.133,2.72,7.87,1.44,1.3,0.86,0.06
66.66,10.98,5.35,0.119,1.51,5.49,2.1,1.47,1.09,0.1
66.35,10.38,4.8,0.094,1.52,6.59,2.7,1.5,1.15,0.09
66.73,11.56,5.66,0.103,2.03,3.78,1.67,2.03,1.07,0.11
70.83,9.83,4.45,0.084,1.38,3.94,1.57,1.74,0.89,0.09
69.85,10.52,5.36,0.137,1.3,3.8,1.95,1.76,1.14,0.12
64.9,12.11,5.21,0.085,2.02,2.47,1.48,2.23,0.93,0.07
61.04,13.7,6.82,0.123,2.34,4.07,1.88,2.13,1.34,0.09
59.55,12.38,5.93,0.102,1.9,8.62,2.2,1.7,1.2,0.1
64.92,12.69,4.6,0.081,1.82,2.26,1.89,2.16,0.96,0.1
62.52,13.96,6.23,0.092,2.07,4.27,2.1,2.02,1.01,0.11
65.95,12.33,7.07,0.121,1.86,4.3,1.8,1.71,1.49,0.11
63.83,10.7,5.53,0.126,1.98,5.23,1.38,1.44,1.03,0.09
60.7,12.65,5.27,0.129,2.16,4.26,6.19,1.52,0.93,0.09
65.27,12.31,5.47,0.113,1.84,2.54,1.79,1.81,1.01,0.1
59.91,13.3,4.06,0.059,1.5,5.04,2.31,1.58,1.06,0.07
61.63,11.1,5.97,0.113,1.93,8.13,2.23,1.42,1.38,0.1
64.45,11.62,6.06,0.101,2.04,3.35,1.46,1.79,1.12,0.13
61.46,14.27,8.49,0.137,2.08,3.24,1.43,2.17,2.1,0.17
61.08,15.18,7.09,0.122,2.08,2.65,1.79,2.5,1.22,0.13
65.01,14.08,5.53,0.105,1.73,3.63,2.44,2.06,0.96,0.1
63.54,14.67,5.42,0.072,2.04,2.51,1.81,2.94,0.8,0.07
63.23,13.7,4.42,0.072,1.55,5.31,2.34,2.58,0.69,0.1
69.22,11.13,4.89,0.097,1.4,3.29,1.62,1.94,0.97,0.08
68.68,11.93,5.34,0.089,1.52,3.3,1.77,1.9,0.94,0.1
63.19,13.1,5.58,0.074,2.4,3.52,2.19,1.83,1.05,0.11
66.89,11.24,5.3,0.098,1.99,3.19,1.44,1.79,0.99,0.08
68.21,12,6.93,0.19,1.29,2.06,2.93,1.02,1.68,0.07
64.2,12.15,7.98,0.186,1.78,3.5,3.08,0.85,2.88,0.08
65.27,11.62,7.7,0.326,1.59,2.7,2.21,1.33,1.9,0.07
72.09,10.33,4.61,0.083,1.29,1.77,1.62,1.99,0.9,0.06
61.85,13.62,7.85,0.137,2.18,3.93,1.79,2.25,1.42,0.18
62.03,14.01,7.31,0.148,1.9,3.96,2.28,2.09,1.56,0.14
64.17,14.5,5.55,0.111,1.71,2.66,2.2,2.28,1.09,0.09
63.18,13.5,5.38,0.097,1.89,2.56,1.89,2.43,1,0.1
64.92,13.07,5.37,0.101,1.78,2.6,1.58,2.3,0.96,0.1
69.45,12.08,4.75,0.074,1.54,2.29,1.56,2.17,0.86,0.08
66.44,11.6,5,0.083,1.75,4.29,1.49,2.03,0.88,0.09
65.51,11.41,6.52,0.113,1.59,3.7,1.39,1.59,2.01,0.08
69.2,9.93,4.82,0.092,1.77,3.99,1.71,1.5,1.06,0.09
71.18,9.53,5.28,0.145,1.42,2.56,1.9,0.91,1.16,0.04
67.49,11.77,8.84,0.208,1.66,2.22,3.05,1.14,1.82,0.05
67,10.81,9.55,0.261,1.321,1.85,1.66,1.27,2.97,0.06
63.36,11.75,6.36,0.111,2.8,3.5,2.21,1.72,1.09,0.13
61.86,13.43,7.27,0.136,2.06,4.68,1.58,2.2,1.29,0.16
61.49,13.47,8.18,0.123,1.92,4.29,2.15,1.86,1.75,0.16
60.86,16.09,6,0.094,1.91,2.64,7.15,2.71,0.91,0.12
64.2,11.81,5.12,0.086,2.05,3.22,1.78,2.23,0.81,0.08
63.5,13.37,5.61,0.088,2.15,2.4,1.27,2.68,0.88,0.07
63.41,14.37,5.55,0.078,1.98,1.68,1.18,2.86,0.84,0.08
61.59,14.26,6.59,0.085,2.23,1.93,1.12,2.37,1.08,0.09
63.68,12.91,6.16,0.079,2.15,3.5,1.52,2.15,1.15,0.1
66.11,11.74,5.86,0.094,2.14,3.86,1.88,1.58,1.01,0.09
60.74,13.22,7.89,0.121,3.05,4.12,4.07,0.89,1.31,0.07
64.11,11.71,8.25,0.139,1.63,1.67,1.82,1.52,2.5,0.06
67.74,11.07,7.27,0.156,1.5,2.42,2.13,1.68,1.61,0.11
62.52,10.76,6.09,0.107,2.09,3.28,1.75,1.48,1.21,0.09
61.93,13.29,4.57,0.06,2.43,3.34,2.39,1.94,0.75,0.10
56.68,13.53,5.15,0.07,3.11,4.62,1.32,2.30,0.82,0.19
55.80,14.70,6.80,0.08,3.20,3.91,1.63,1.71,1.08,0.12
60.91,14.21,5.52,0.07,2.91,2.61,2.09,1.82,1.01,0.16
59.84,14.35,6.26,0.07,2.61,2.57,1.96,1.64,0.98,0.14
58.39,14.27,5.18,0.06,2.85,4.17,2.17,1.64,0.84,0.15
58.88,13.98,5.42,0.05,3.84,3.35,2.10,1.46,0.93,0.13
58.43,14.02,6.70,0.07,3.53,2.61,1.99,1.05,1.04,0.12
62.98,13.12,5.02,0.08,2.38,2.72,1.65,1.79,0.86,0.11
60.12,13.19,5.34,0.07,2.52,3.13,1.49,1.94,0.87,0.14
65.07,11.87,4.29,0.07,2.19,2.34,1.46,2.01,0.81,0.22
65.99,13.20,4.72,0.07,2.02,1.42,1.41,2.16,0.86,0.10
65.17,13.66,4.89,0.08,2.12,1.49,1.39,2.07,0.86,0.09
56.86,14.35,6.27,0.08,3.12,2.60,1.03,2.22,0.86,0.19
58.19,14.81,5.45,0.07,3.07,3.80,1.72,1.95,0.90,0.12
59.38,13.65,5.70,0.07,2.97,3.57,1.87,1.83,0.89,0.13
57.44,14.68,6.36,0.08,3.20,2.60,1.49,2.22,0.97,0.16
60.08,13.71,5.34,0.07,2.89,2.76,2.06,1.52,0.91,0.16
54.28,13.94,5.94,0.07,3.49,5.64,1.54,1.22,1.08,0.12
57.41,15.33,5.07,0.05,3.23,3.79,2.84,1.78,0.84,0.09
56.34,15.42,6.75,0.07,3.32,2.43,1.43,1.23,0.86,0.12
56.75,15.60,6.40,0.08,3.64,2.27,1.86,2.28,0.86,0.09
55.68,17.57,6.85,0.06,2.92,1.83,1.28,2.64,1.08,0.08
55.15,18.15,5.58,0.06,2.98,1.84,2.80,2.85,0.85,0.10
56.42,16.61,5.14,0.05,2.85,3.12,3.28,2.57,0.76,0.14
54.27,19.84,5.81,0.05,3.19,1.19,2.83,3.40,0.74,0.06
52.49,14.25,5.87,0.07,3.59,6.62,1.39,2.05,0.87,0.11
56.25,14.09,5.66,0.07,3.32,4.69,1.70,1.84,1.04,0.14
55.94,13.78,4.98,0.06,2.78,6.08,1.86,1.45,0.93,0.12
60.36,14.50,4.69,0.06,3.02,2.27,2.27,1.55,0.87,0.16
58.53,12.95,4.86,0.06,2.58,5.26,1.78,1.76,0.78,0.15
55.56,13.65,5.42,0.06,3.15,5.52,1.58,1.36,0.82,0.10
54.13,14.18,4.78,0.06,3.20,6.13,2.72,2.33,0.78,0.18
57.39,15.04,5.42,0.06,3.01,3.12,2.04,1.33,0.92,0.15
58.18,15.06,6.44,0.08,3.00,2.38,0.83,1.96,1.03,0.08
55.96,17.23,6.24,0.07,2.81,2.07,1.20,2.44,1.12,0.11
54.53,19.92,5.53,0.06,3.06,1.32,3.81,2.61,0.87,0.09
56.97,16.30,6.32,0.06,3.01,2.25,1.62,2.59,0.88,0.10
57.92,15.93,5.42,0.07,2.54,2.84,1.12,2.97,0.89,0.12
56.53,14.97,6.89,0.08,4.22,2.79,1.36,2.13,0.98,0.13
57.57,14.55,5.26,0.07,3.21,4.50,2.26,2.05,0.89,0.09
61.33,14.44,4.72,0.06,3.09,2.83,2.35,1.93,0.82,0.10
61.57,14.45,4.98,0.06,3.40,2.06,2.58,1.39,1.05,0.17
55.47,14.54,6.20,0.07,3.14,4.86,1.24,1.53,0.85,0.13
55.62,13.92,6.58,0.07,3.69,4.01,1.34,1.47,0.96,0.11
57.26,14.96,5.96,0.08,3.60,2.72,1.15,2.34,0.92,0.13
52.99,18.01,7.14,0.06,3.99,1.49,1.32,2.63,0.86,0.09
54.61,14.04,6.16,0.09,3.26,4.93,2.29,1.79,0.84,0.08
51.75,14.48,4.75,0.06,2.40,7.84,3.00,1.72,0.75,0.07
55.61,16.35,5.92,0.07,2.87,2.02,2.80,2.37,0.86,0.10
60.16,15.28,6.09,0.07,2.75,1.89,1.40,2.25,0.87,0.10
61.05,13.78,4.77,0.07,2.08,1.30,1.41,2.04,0.80,0.10
56.98,14.58,5.30,0.07,3.47,4.35,1.91,2.25,0.80,0.12
57.24,14.86,5.78,0.08,3.90,2.88,1.75,2.06,0.87,0.16
59.59,14.34,5.41,0.08,3.48,2.03,1.68,2.06,0.97,0.13
59.73,13.91,5.43,0.06,3.02,3.01,1.57,1.68,0.92,0.11
58.42,15.02,6.10,0.07,3.20,3.20,1.53,1.56,0.91,0.13
58.42,14.48,6.21,0.07,3.19,2.87,1.56,1.54,0.96,0.11
59.41,14.53,6.16,0.09,2.79,2.07,1.27,1.59,0.95,0.11
59.40,14.36,5.40,0.06,2.76,3.28,1.47,1.79,0.83,0.10
55.07,14.92,6.59,0.06,3.14,4.15,0.80,2.02,1.23,0.10
54.58,17.31,6.47,0.06,2.92,1.47,2.03,2.53,0.94,0.09
52.90,17.77,6.34,0.06,3.01,2.79,1.02,2.84,0.83,0.09
56.09,17.49,5.29,0.06,2.48,1.27,3.61,2.55,0.80,0.10
51.77,16.02,4.62,0.07,2.77,2.75,8.89,2.08,0.89,0.10
59.44,15.22,5.15,0.07,3.20,2.24,1.59,2.22,0.72,0.10
59.56,14.14,5.59,0.07,3.35,2.75,1.74,1.90,0.87,0.11
58.41,14.19,6.17,0.08,3.11,3.33,1.81,1.41,1.19,0.10
61.02,14.09,5.06,0.07,2.91,2.48,1.71,2.02,0.72,0.13
57.29,13.98,5.99,0.07,3.02,4.18,1.67,1.51,0.85,0.09
59.59,13.30,5.16,0.07,2.62,4.86,1.66,1.63,1.00,0.08
50.18,13.97,6.09,0.06,3.28,8.44,1.90,1.90,0.88,0.12
59.12,11.48,5.74,0.10,4.01,6.16,2.29,1.16,0.83,0.09
60.61,12.99,4.45,0.06,2.52,2.76,5.80,1.45,0.78,0.09
56.31,16.28,6.79,0.07,3.41,1.63,2.14,1.99,0.96,0.12
55.28,14.49,6.07,0.06,3.17,3.26,1.36,2.34,0.83,0.15
53.94,16.42,6.20,0.06,2.62,3.88,1.23,2.77,0.88,0.13
55.29,16.57,6.51,0.06,2.69,2.41,1.02,2.73,0.83,0.08
57.56,13.45,5.55,0.06,3.37,4.48,1.42,1.67,0.91,0.15
57.49,14.79,5.40,0.07,2.87,3.27,1.13,1.94,0.81,0.10
57.94,14.89,5.70,0.07,3.13,3.21,1.81,2.16,0.89,0.10
58.25,14.03,5.02,0.06,2.83,4.40,1.65,1.60,0.98,0.08
50.48,14.16,5.58,0.06,2.94,8.29,1.14,1.74,0.73,0.08
58.11,14.96,5.64,0.06,3.24,2.84,1.28,1.79,0.84,0.09
57.16,16.40,6.92,0.07,3.20,2.27,1.97,2.17,1.20,0.09
53.41,15.33,5.87,0.06,3.76,3.37,4.96,1.68,1.00,0.07
50.06,13.79,6.03,0.06,3.59,7.59,1.59,2.04,0.77,0.11
57.33,15.40,6.72,0.06,3.33,2.13,0.96,2.15,1.34,0.12
53.17,17.22,6.95,0.06,3.40,2.74,1.12,2.63,0.92,0.11
56.18,15.31,6.05,0.08,2.75,2.49,1.24,2.06,0.91,0.10
58.36,14.14,5.47,0.07,2.57,4.37,1.46,2.15,0.93,0.08
58.62,14.41,4.80,0.07,3.05,3.35,1.42,2.24,0.88,0.11
60.42,14.90,4.75,0.06,2.83,2.20,1.78,1.54,0.78,0.09
56.98,15.94,5.65,0.08,2.93,3.19,1.02,2.21,0.84,0.09
57.11,14.63,6.13,0.08,3.82,3.58,1.32,2.02,0.89,0.11
59.14,14.26,4.49,0.06,3.04,3.48,2.54,2.45,0.74,0.13
57.91,13.11,4.62,0.06,2.80,6.23,2.56,1.87,0.83,0.10
59.42,14.38,5.27,0.07,2.73,3.52,1.46,2.31,0.82,0.10
63.63,13.30,4.80,0.07,2.37,2.81,1.73,1.94,0.94,0.10
59.94,14.96,5.01,0.05,2.81,2.04,3.99,1.73,1.29,0.12
59.88,14.05,5.59,0.07,2.91,3.70,1.44,1.92,1.01,0.09
55.15,17.25,5.42,0.04,3.56,3.66,2.52,2.03,0.73,0.09
54.53,13.51,4.74,0.06,2.84,5.84,2.93,1.82,0.89,0.22
57.91,14.18,5.39,0.07,3.00,4.45,1.36,2.03,0.85,0.09
62.21,14.94,4.53,0.06,2.64,2.28,2.06,2.25,0.78,0.08
60.26,15.30,4.93,0.06,2.68,1.85,1.59,2.30,0.82,0.11
57.94,14.69,5.80,0.07,3.32,3.17,1.09,2.15,0.89,0.12
54.96,16.67,6.42,0.07,2.76,2.60,1.23,3.09,0.98,0.10
54.90,16.12,6.60,0.08,3.36,3.85,2.43,2.46,0.90,0.09
51.23,15.07,5.75,0.06,3.58,8.77,2.34,2.16,0.79,0.12
51.69,14.55,4.93,0.06,3.00,8.12,1.63,2.42,0.72,0.09
53.91,13.94,5.59,0.06,2.75,6.13,1.79,2.10,0.99,0.11
56.71,16.23,7.07,0.06,3.00,2.16,1.55,2.45,1.45,0.18
56.29,12.72,5.15,0.06,2.42,6.29,0.94,1.41,0.89,0.09
57.32,14.99,5.87,0.06,3.44,3.47,2.04,1.30,0.94,0.09
57.11,13.52,5.03,0.07,2.41,6.81,2.62,1.50,1.08,0.08
59.92,13.98,4.77,0.06,2.91,3.40,1.74,1.92,0.79,0.19
56.05,13.54,5.21,0.06,3.03,6.05,1.39,1.74,0.83,0.10
54.67,14.75,5.69,0.07,2.90,5.46,0.88,2.54,0.79,0.10
53.01,15.90,5.51,0.08,2.62,5.65,1.09,3.33,0.86,0.13
54.78,16.98,5.90,0.06,2.64,2.81,1.26,3.13,0.92,0.09
49.69,16.70,7.13,0.08,3.50,5.66,0.98,3.31,0.91,0.19
58.97,14.29,6.25,0.08,3.47,3.11,1.54,2.03,0.71,0.12
57.10,14.77,5.54,0.08,3.70,4.63,2.10,1.93,0.75,0.11
48.05,15.17,5.17,0.05,3.71,8.48,1.77,2.08,0.67,0.14
57.28,15.67,5.60,0.05,2.82,2.10,1.45,2.06,1.10,0.07
51.82,13.96,5.72,0.06,2.86,7.35,0.80,1.72,0.83,0.09
58.18,12.94,5.21,0.07,2.86,5.45,0.94,1.74,0.79,0.15
58.05,12.10,4.94,0.06,3.01,6.71,1.43,1.55,0.77,0.10
58.10,14.17,6.07,0.07,3.23,3.74,1.25,2.14,0.98,0.09
58.74,14.45,5.55,0.07,2.29,4.55,1.39,1.96,1.00,0.08
49.57,15.97,4.66,0.04,3.73,7.58,2.16,2.36,0.86,0.09
57.01,15.92,5.69,0.07,2.74,2.67,1.56,3.46,0.82,0.19
56.69,17.90,6.05,0.08,2.59,1.37,1.86,3.35,0.86,0.08
53.98,17.74,6.67,0.07,2.93,2.41,1.17,3.51,0.93,0.12
58.90,12.74,6.06,0.09,2.63,2.78,1.07,1.91,0.61,0.42
54.35,14.05,5.56,0.07,3.42,4.76,1.96,2.17,0.64,0.25
57.20,16.40,5.94,0.06,2.95,2.65,1.08,2.80,0.82,0.10
59.92,12.53,5.31,0.06,2.66,5.63,1.24,1.53,0.96,0.07
61.08,13.89,5.41,0.06,2.51,3.52,0.98,1.92,0.80,0.09
55.35,12.78,5.15,0.08,2.99,6.77,0.93,1.68,0.79,0.14
56.53,13.19,5.49,0.07,3.09,5.32,0.89,1.71,0.80,0.10
58.29,14.33,5.48,0.08,3.14,2.81,0.75,2.59,0.86,0.16
58.53,14.98,5.20,0.08,2.71,2.77,0.84,2.79,0.85,0.13
57.31,14.71,5.56,0.08,2.77,2.69,0.55,2.53,0.86,0.12
52.98,15.05,5.08,0.07,2.62,6.50,1.61,2.61,0.81,0.09
50.29,16.92,5.22,0.07,2.79,6.88,1.84,3.28,0.81,0.06
53.08,17.91,7.01,0.09,3.32,2.37,0.83,3.58,0.85,0.10
59.04,15.42,6.13,0.08,3.14,1.82,1.25,1.90,0.85,0.09
53.97,17.16,6.07,0.06,2.69,4.15,0.84,3.34,0.84,0.11
55.90,14.18,6.13,0.07,3.03,5.25,1.01,1.89,0.92,0.12
58.12,13.64,5.12,0.06,2.14,6.16,0.88,1.84,0.96,0.06
56.53,14.18,6.08,0.06,2.72,4.66,0.99,1.65,0.97,0.09
57.35,15.25,6.93,0.07,3.71,2.05,0.43,2.11,0.80,0.08
60.72,14.49,4.92,0.07,2.54,2.44,1.12,2.57,0.82,0.14
57.74,14.29,4.76,0.07,2.57,4.81,2.04,2.18,0.84,0.11
56.67,14.46,5.32,0.07,2.73,4.91,0.94,2.39,0.81,0.10
60.19,13.66,4.96,0.07,2.70,3.97,1.49,1.95,0.84,0.10
54.34,16.14,5.97,0.08,2.97,3.55,0.63,2.79,0.87,0.15
57.62,14.32,5.22,0.07,3.05,3.61,0.73,2.43,0.75,0.13
60.91,12.65,5.78,0.10,2.18,4.25,0.71,1.90,0.75,0.10
56.77,13.22,5.36,0.08,2.76,5.20,0.53,2.24,0.76,0.12
56.18,14.69,5.65,0.06,2.41,5.12,0.64,2.50,0.87,0.10
57.65,14.76,5.75,0.07,2.92,3.22,0.59,1.87,0.88,0.09
52.76,13.59,5.43,0.06,3.20,7.57,1.38,1.38,0.84,0.09
54.38,14.20,6.03,0.06,3.07,5.60,0.79,1.58,0.91,0.10
58.75,13.18,5.28,0.07,3.38,3.83,0.51,1.84,0.83,0.11
58.17,15.16,5.82,0.08,2.68,2.04,0.66,2.64,0.89,0.09
56.09,16.40,6.58,0.09,2.65,1.46,0.52,2.97,0.92,0.09
57.29,15.12,5.39,0.08,2.55,2.79,0.87,2.29,0.89,0.10
57.83,14.92,5.72,0.08,2.66,3.36,0.92,2.52,0.84,0.09
60.16,13.74,4.83,0.07,2.68,2.89,0.97,2.16,0.85,0.11
56.20,15.19,5.67,0.09,2.88,2.73,0.64,1.90,0.87,0.12
56.54,14.00,5.42,0.08,2.48,4.55,0.49,1.97,0.78,0.11
63.71,13.76,5.25,0.08,2.07,1.46,0.53,2.05,0.90,0.09
57.02,15.65,6.13,0.08,2.69,1.97,0.51,2.35,0.90,0.09
52.75,15.11,5.69,0.07,3.35,4.92,0.70,2.12,0.78,0.16
50.03,12.70,5.11,0.07,2.90,9.54,0.78,1.70,0.79,0.12
52.61,14.58,5.99,0.06,3.36,5.50,0.73,1.33,0.83,0.10
55.72,14.55,5.91,0.05,3.10,4.24,0.50,1.49,0.87,0.09
