SiO2  ,Al2O3 ,Fe2O3 ,MnO ,MgO ,CaO ,Na2O ,K2O ,TiO2 ,P2O5 ,Ba ,Ga ,Sc  ,V ,Th ,Pb ,Ni ,Co ,Rb  ,Sr ,Y ,Zr ,Nb,Cr ,Cu ,Zn,Be ,Ge ,Sn,La ,Ce,Pr ,Nd,Sm ,Eu ,Gd,Tb ,Dy ,Ho ,Er,Tm,Yb ,Lu ,Hf ,Au 
61.13,11.83,7.4,0.11,3.03,3.63,2.13,1.26,1.24,0.1,292,21,13,104,8,17,89,25,71,233,32,322,22,210,28,68,2.099,2.419,2.596,38.86,73.74,8.927,37.93,7.622,1.658,6.732,1.228,6.893,1.236,4.107,0.58,3.814,0.558,9.792,2
64.87,12.18,7.06,0.09,2.44,3.17,2.01,1.75,0.96,0.13,405,18,12,95,9,21,63,23,99,161,53,722,24,143,43,69,1.977,2.109,3.278,51.96,103.5,12.27,50.79,10.66,2.004,9.789,1.848,10.99,2.123,6.905,1.055,7.108,1.172,24.47,1
61.92,11.02,7.64,0.1,3.8,4.17,1.51,1.9,1.05,0.21,402,17,12,109,10,21,93,23,95,184,54,607,24,371,43,89,1.938,2.211,3.082,51.35,97.92,11.81,48.61,10.67,2.213,9.719,1.963,11.14,2.122,6.954,1.029,6.881,1.008,19.04,1
63.72,11.34,7.46,0.1,3,4.02,1.88,1.55,1.04,0.15,326,18,13,110,7,22,70,23,85,193,52,741,25,157,36,78,1.976,2.055,2.803,42.23,79.12,9.864,42.71,9.212,2.084,8.923,1.773,10.52,2.086,6.912,1.048,6.966,1.193,24.28,0.5
59.55,13.22,7.33,0.1,3.52,3.33,1.56,2.43,0.99,0.17,352,20,15,108,10,18,52,20,118,171,54,560,30,120,35,78,2.4262,1.2024,4.6109,55.0092,102.9144,12.5634,51.1543,10.4771,2.3651,9.8031,1.943,12.0816,2.3647,7.4496,1.1906,7.8161,1.1454,19.7206,1
61.76,13.36,6.56,0.09,3.67,3.02,1.81,2.33,0.91,0.11,391,23,14,112,11,19,56,20,102,202,38,432,20,139,35,68,2.1994,1.2461,3.5141,49.347,94.7381,11.1937,45.5436,8.8831,1.9673,8.1515,1.4584,8.4708,1.6277,5.0068,0.7824,5.1049,0.7671,15.5139,1
64.53,13.24,6.25,0.09,3.36,2.54,1.63,2.36,0.86,0.09,381,21,12,105,8,18,58,20,100,176,32,305,16,160,28,75,1.9821,1.2794,3.0125,50.8417,94.4132,11.4531,46.2294,8.8626,1.7926,7.7272,1.3385,7.542,1.4472,4.5878,0.7083,4.5805,0.6881,9.8377,0.5
62.97,13.65,6.19,0.09,3.09,2.81,1.06,2.79,0.95,0.14,404,25,15,99,19,29,66,29,120,163,35,376,17,129,39,76,2.1596,1.6342,2.5495,68.0227,129.6054,15.3268,61.1633,12.7222,1.9104,9.434,1.6709,9.8579,1.9395,5.4597,0.9345,5.751,0.8508,20.446,1
67.5,10.57,5.57,0.1,2.35,3.44,1.2,2.01,0.94,0.14,469,14,10,63,13,25,39,14,100,187,36,396,17,100,20,69,2.113,2.017,3.369,64.28,120.5,13.95,56.42,10.64,1.873,9.37,1.601,8.458,1.571,4.995,0.697,4.696,0.762,15.34,1
63.76,11.57,4.96,0.08,2.67,4.55,1.49,2.32,0.84,0.15,457,22,12,60,15,28,35,16,108,233,34,400,14,87,23,69,2.247,1.723,3.173,55.96,104.6,11.92,47.89,9.24,1.647,7.627,1.262,6.509,1.161,3.666,0.531,3.537,0.65,14.08,1
60.15,13.13,5.82,0.09,2.53,4.28,0.62,2.56,0.79,0.13,425,21,12,68,13,27,39,17,123,147,33,290,13,97,28,67,2.23,1.753,2.79,55.05,102.1,11.72,46.52,8.438,1.436,7.261,1.243,6.318,1.104,3.658,0.526,3.279,0.471,8.246,1
52.5,15.66,5.71,0.08,2.56,2.55,7.25,2.35,0.75,0.08,627,20,11,73,10,28,36,19,130,153,29,357,14,105,35,66,2.342,2.014,3.17,46.14,86.32,9.806,39.19,7.353,1.418,6.516,1.123,6.205,1.166,3.907,0.563,3.719,0.549,9.961,1
62.15,13.7,6.35,0.09,2.62,1.83,0.56,2.58,0.82,0.09,409,22,12,83,6,30,46,14,142,142,29,344,14,120,38,71,2.722,2.043,2.669,44.46,84.88,9.455,37.81,7.304,1.452,6.079,1.082,5.823,1.178,3.705,0.559,3.52,0.558,10.69,1
59.6,15.28,7.38,0.09,3.12,3.03,1.49,1.57,0.83,0.11,252,23,15,99,13,28,63,25,82,212,46,459,24,137,34,73,2.307,2.009,3.184,61.61,116.3,13.37,54.47,10.64,2.02,9.495,1.82,10.08,1.925,6.339,0.975,6.613,0.907,15.45,1
65.48,12,6.48,0.09,2.71,3.22,1.64,2.06,0.83,0.24,320,23,13,91,9,21,62,17,112,192,38,421,21,157,32,68,2.242,2.099,1.893,52.35,97.75,11.54,47.56,9.342,1.633,8.015,1.42,7.572,1.45,4.629,0.67,4.482,0.795,15.89,1
60.63,11.16,7.78,0.11,5.09,3.47,1.15,1.93,0.75,0.22,393,18,12,100,11,27,131,27,91,171,28,336,16,504,46,82,1.54,2.084,2.684,37.46,71.2,8.049,31.57,6.525,1.344,5.626,1.05,5.791,1.124,3.65,0.565,3.626,0.588,10.97,2
63.94,11.53,7.97,0.1,3.73,3.07,1.38,1.8,0.92,0.15,346,18,13,107,9,20,107,23,89,181,51,603,26,336,41,82,1.745,2.185,4.288,45.86,85.97,10.67,44.98,9.74,2.271,9.123,1.83,10.78,2.13,6.652,1.023,6.818,1.08,21.74,1
62.18,14.07,6.61,0.09,3.12,2.49,1.75,2.48,0.82,0.15,303,26,13,101,9,22,53,18,116,188,34,398,17,133,35,74,2.1415,1.1297,3.0903,41.557,77.7143,9.0742,36.7211,7.258,1.6942,6.6723,1.2565,7.4426,1.4769,4.6475,0.7562,5.0308,0.7681,13.0507,0.5
62.59,13.56,6.04,0.09,2.92,3.55,2.32,1.99,0.89,0.12,336,26,14,100,10,19,60,22,88,196,50,406,24,159,21,63,2.2429,1.231,4.8139,39.018,76.2368,9.5292,41.2897,9.074,2.3427,8.6149,1.7023,10.4245,2.0681,6.4342,1.0325,6.8123,1.0146,14.6255,0.5
59.31,15.29,6.92,0.09,3.73,3.19,1.65,2.28,0.91,0.15,332,30,16,101,10,21,57,22,96,221,38,357,19,161,28,82,2.316,1.5405,4.404,53.4624,100.2606,11.8793,48.1884,9.2231,2.0243,8.3932,1.4623,8.2626,1.542,4.7453,0.7385,4.7603,0.7364,13.7327,2
58.84,14.91,6.23,0.09,3.12,2.69,1.12,2.89,0.86,0.13,302,19,13,99,19,31,46,16,131,150,35,322,15,122,30,80,3.3407,2.0341,3.1093,48.7603,80.7183,10.5928,41.2689,7.6152,1.4254,6.4399,1.1034,5.7796,1.0882,3.3366,0.4957,3.3676,0.4926,9.1798,7
66.91,11.37,6.13,0.1,2.48,2.46,0.94,2.14,0.86,0.13,473,15,10,82,12,25,42,14,112,138,33,346,15,114,28,75,1.878,1.916,2.672,51.22,97.48,11.22,44.96,8.527,1.592,7.516,1.297,6.759,1.269,4.025,0.611,3.953,0.586,10.84,1
58.46,13.3,5.93,0.1,3.43,4.38,1.47,2.61,1,0.16,344,28,12,89,19,25,39,17,108,187,41,401,19,103,25,74,3.0999,1.9844,2.9755,56.594,83.2612,12.3729,48.2665,9.1294,1.663,7.7315,1.342,7.1599,1.3299,4.0993,0.6228,4.0179,0.5936,10.8975,2
64.62,10.27,5.28,0.09,2.73,4.14,1.1,2.11,0.8,0.2,413,16,10,71,15,24,40,15,105,206,30,344,15,98,27,72,1.988,1.826,2.935,46.61,87.75,10.34,40.84,7.744,1.49,6.511,1.201,6.4,1.19,3.785,0.54,3.677,0.552,10.79,3
65.59,11.1,5.09,0.09,2.6,4.09,0.92,2.33,0.85,0.2,409,16,12,68,16,26,31,14,102,194,36,443,14,104,25,71,2.309,1.961,2.963,55.21,104.1,12.11,48.39,8.853,1.651,7.716,1.343,7.378,1.46,4.679,0.692,4.712,0.763,15.58,2
63.43,11.94,5.66,0.09,2.83,4.36,1.11,2.38,0.79,0.13,449,14,12,67,10,30,34,14,113,166,33,331,13,88,22,61,2.583,2.089,2.526,45.59,86.28,10.16,40.45,7.689,1.521,6.597,1.177,6.141,1.195,3.738,0.589,3.936,0.651,13.02,3
64.09,12.83,6.23,0.08,1.99,2.86,2.05,2.33,0.79,0.16,479,18,11,83,27,19,41,15,140,215,39,468,20,100,33,77,2.668,2.177,3.416,83.84,158.1,18.71,70.3,11.1,1.808,9.688,1.584,8.243,1.542,4.929,0.726,4.825,0.779,15.57,0.5
57.64,11.3,7.17,0.09,3.35,4.78,1.05,2.26,0.87,0.31,468,24,14,93,11,22,55,22,108,205,29,304,15,118,50,91,1.766,2.04,2.086,44.29,80.82,9.473,37.04,6.91,1.527,6.439,1.166,6.34,1.234,3.872,0.582,3.916,0.565,10.4,3
62.25,12.81,7.56,0.11,2.91,2.73,1.33,2.35,0.87,0.13,324,22,12,107,12,26,57,23,109,162,34,354,15,131,41,88,1.708,2.105,2.407,45.63,85.5,9.987,39.04,7.678,1.722,6.919,1.288,7.196,1.424,4.374,0.673,4.563,0.692,13.29,1
68.23,10.92,7.69,0.1,2.77,2.16,0.11,1.73,0.87,0.15,318,21,13,113,11,25,72,21,116,205,38,437,22,156,52,87,2.58,1.32,3.78,56.18,100.52,12.35,49.12,9.57,2.21,8.46,1.52,8.7,1.65,5.13,0.79,5.23,0.77,16.32,0.5
70.95,11.38,6.43,0.08,2.37,2.16,0.15,1.76,0.86,0.11,340,29,13,104,21,20,71,15,147,159,56,540,31,154,25,59,3.07,1.41,5.28,57.12,108.62,13.51,54.81,11.75,2.12,10.74,2.05,12.61,2.33,7.19,1.1,7.35,1.08,21.72,0.5
54.82,13.84,8.43,0.11,4.34,4.95,1.51,2.03,1.09,0.18,315,23,16,110,9,15,84,26,86,180,51,402,25,197,41,88,1.9967,1.3657,1.9985,65.4643,116.6227,14.4822,57.757,11.5618,2.3897,9.4107,1.7987,10.1309,1.9442,5.6123,0.883,5.6277,0.8765,15.3841,0.5
55.71,15.65,7.39,0.1,3.7,3.26,1.25,2.97,0.92,0.17,347,22,15,97,13,22,55,19,133,153,38,284,16,143,37,88,2.9274,1.8602,3.5821,62.2046,118.1789,13.4916,53.864,9.9266,1.9592,8.814,1.5172,8.5838,1.6025,4.9423,0.7499,4.6854,0.6931,8.5497,2
60.32,13.23,5.79,0.1,3.41,3.56,1.33,2.61,0.9,0.19,330,26,12,92,17,28,42,20,107,174,33,357,18,103,33,69,2.9535,1.772,4.3044,44.7605,77.209,9.6636,38.0642,7.1095,1.3593,6.1382,1.0553,5.6021,1.0316,3.1163,0.46,3.0664,0.4416,9.984,6
57.59,13.98,6.19,0.1,3.51,4.45,1.13,2.46,0.88,0.16,382,21,16,94,12,19,46,16,114,208,36,344,17,105,25,73,2.2728,1.4326,3.481,59.7611,114.2287,12.8054,51.3979,9.3307,1.8495,8.4188,1.4757,8.4104,1.597,4.9025,0.7342,4.7693,0.692,10.5229,2
64.35,13.03,5.41,0.09,2.76,3.1,1.31,2.44,0.86,0.18,394,20,13,91,13,21,39,17,97,164,36,391,16,121,18,60,2.3484,1.4682,2.9033,57.9264,106.8984,12.6495,51.2071,9.3605,1.8571,8.2543,1.4123,7.9957,1.4992,4.6547,0.7022,4.3987,0.6687,16.4895,1
63.14,13.08,5.61,0.09,3.22,3.59,1.25,2.46,0.89,0.2,368,23,13,87,14,24,40,19,105,173,41,393,17,113,19,65,2.4307,1.5775,3.5628,49.642,96.6341,11.1015,44.5632,8.4871,1.5977,7.4686,1.3253,7.1729,1.3229,4.1388,0.6232,4.2179,0.6189,12.196,1
64.28,10.04,4.99,0.08,2.3,4.42,1.09,1.92,0.75,0.2,407,18,10,65,11,23,41,15,96,190,28,337,14,91,24,68,2.144,1.856,2.596,46.07,87.88,10.21,41.81,7.472,1.349,6.383,1.135,6.023,1.16,3.597,0.547,3.433,0.539,10.11,1
68.19,11.03,6.02,0.1,2.39,2.22,1.48,1.98,0.95,0.22,366,19,13,74,12,26,36,12,104,171,43,471,19,96,25,73,2.155,2.086,3.082,64.41,123.6,14.36,58.32,11.03,1.947,9.703,1.688,9.35,1.778,5.601,0.857,5.493,0.855,15.26,1
63.47,11.83,7.65,0.11,2.94,4.09,2.06,1.6,1.11,0.22,410,21,14,115,10,23,78,24,80,150,60,455,29,163,56,79,2.318,2.436,4.309,49.46,96.02,11.79,49.35,10.6,2.589,10.37,2.126,12.55,2.542,8.095,1.261,8.234,0.988,14.76,1
62.55,12.96,6.97,0.1,2.62,3.11,1.28,2.05,0.85,0.13,354,21,13,88,13,26,65,22,133,173,43,441,20,146,40,77,2.301,2.176,3.776,55.62,105,12.32,48.77,9.848,1.737,8.234,1.535,8.553,1.645,5.111,0.793,5.222,0.815,15.68,1
65.65,10.65,8.62,0.1,3.19,2.82,0.08,1.24,1.06,0.11,291,21,15,130,13,20,97,19,90,147,63,631,31,227,48,75,2,1.14,4.76,40.82,75.03,9.65,40.4,9.06,2.11,8.61,1.81,11.31,2.26,6.94,1.11,7.29,1.13,23.07,0.5
63.41,10.77,8.15,0.11,4.07,3.6,0.07,1.15,0.85,0.23,306,16,16,109,12,17,159,23,75,169,50,387,24,343,45,77,1.72,1.15,3.86,40.89,73.72,9.04,37.34,7.93,1.93,7.63,1.61,10,2.07,6.62,1.03,6.71,1.02,13.07,0.5
49.64,11.79,7.97,0.1,6.44,7.18,1.58,1.55,1.06,0.17,291,24,17,121,6,20,106,25,65,178,50,435,25,240,37,98,1.4889,1.308,2.1406,50.8352,98.7719,11.953,49.2824,10.8211,2.6285,9.171,1.9844,11.6597,2.2217,7.1394,1.0777,6.8299,0.9423,14.3926,3
52.3,15.44,9.51,0.12,4.13,5.64,1.23,2.23,1.1,0.14,305,25,20,142,14,24,68,33,96,125,36,237,13,155,58,78,2.0055,1.707,1.3235,66.3061,122.6624,13.9549,55.5413,10.761,2.0024,8.9957,1.633,8.7028,1.6032,4.9228,0.7428,4.3796,0.6193,7.9458,1
65.04,10.43,5.74,0.09,3.94,4.57,0.03,1.51,0.74,0.22,333,14,14,79,16,25,43,13,88,138,32,259,12,83,31,76,1.69,1.22,2.44,35.69,65.55,7.76,31.13,6.18,1.29,5.36,0.99,5.58,1.02,3.12,0.47,3.12,0.47,10.16,0.5
56.73,13.21,5.74,0.09,3.68,4.37,1.79,2.38,0.77,0.24,346,27,14,100,18,37,50,17,106,206,36,334,16,125,41,94,3.0862,1.5227,4.2972,37.8181,69.6229,8.1723,31.9409,6.2229,1.2382,5.5211,1.0454,6.0084,1.1904,3.6133,0.5293,3.3557,0.4796,8.632,9
56.08,13.99,6.78,0.09,3.59,4.71,1.18,2.28,0.86,0.14,326,28,15,104,14,30,62,22,112,194,33,295,17,151,46,89,2.9615,1.5298,3.0466,39.8873,74.7743,8.7512,34.377,6.4506,1.2223,5.5239,0.9558,4.898,0.9366,2.7738,0.4124,2.7761,0.4169,8.4229,8
52.09,13.1,5.44,0.09,3.25,7.21,2.45,2.07,0.83,0.09,319,27,14,98,12,26,54,19,85,247,33,319,15,142,27,66,2.4311,1.3351,3.0801,46.8466,79.2439,10.527,42.1784,8.1171,1.6899,6.9762,1.2361,6.7132,1.1958,3.5591,0.53,3.5551,0.5311,9.9215,4
59.74,13.45,6.36,0.09,3.88,3.54,1.2,2.32,0.85,0.14,350,23,13,99,10,18,57,20,119,249,31,306,16,146,32,75,2.5486,1.3484,3.1538,31.8855,60.671,7.146,28.7291,5.6351,1.1407,5.0269,0.8911,4.9873,0.9367,2.9064,0.4485,3.0474,0.4479,9.1127,1
60.82,14.87,5.63,0.08,2.97,3.91,1.12,1.82,0.7,0.08,346,27,11,86,17,25,49,16,99,147,37,322,18,120,24,67,0.88,0.77,0.5,14.96,29.21,3.31,15.62,2.75,0.69,2.5,0.47,2.61,0.52,1.52,0.24,1.62,0.23,3.18,0.5
65.25,10.74,5.65,0.08,2.55,3.34,1.6,1.87,0.85,0.13,300,18,12,72,11,20,39,15,94,230,36,432,14,122,27,69,2.091,1.984,2.803,52.66,101,11.79,47.94,9.107,1.57,7.99,1.388,7.805,1.439,4.383,0.731,4.482,0.742,14.33,2
57.03,14.39,8.36,0.11,4.15,3.86,1.72,2.1,1.07,0.21,285,18,18,115,15,22,104,33,88,203,47,396,24,226,62,94,2.4,1.48,2.25,58.84,112.36,13.78,55.01,10.69,2.45,8.49,1.64,9.81,1.87,5.62,0.89,5.55,0.87,12.62,0.5
67.1,11.51,7.53,0.1,3.21,2.27,0.12,1.66,0.84,0.12,268,18,14,110,15,20,104,19,97,158,45,405,23,275,46,73,2.31,1.21,3.25,56.51,105.4,12.21,48.64,9.42,2.05,8.43,1.55,8.79,1.77,5.57,0.9,5.87,0.91,17.89,0.5
67.18,11.08,6.94,0.1,3.68,2.33,0.16,1.81,0.85,0.13,307,20,13,110,15,24,83,18,110,158,54,611,30,217,32,66,2.23,1.33,3.55,51.76,94.76,11.1,44.63,8.98,2.01,8.21,1.61,9.68,1.93,6.24,1.05,6.84,1.08,22.76,0.5
62.89,11.64,8.04,0.1,3.64,3.28,0.12,1.65,0.97,0.2,296,17,16,118,23,20,77,23,91,142,45,305,18,169,43,95,1.78,1.23,2.38,74.83,135.11,15.96,63.5,12.24,2.22,10.66,1.8,9.38,1.72,4.89,0.72,4.39,0.66,10.65,0.5
60.49,13.74,8.64,0.1,3.93,2.59,0.07,2.02,1.08,0.12,302,25,19,126,28,19,113,23,105,115,61,566,23,258,49,85,1.81,1.36,2.54,128.98,213.31,27.39,106.93,19.55,3.19,17.04,2.81,14.38,2.48,6.99,1,6.02,0.93,18.05,0.5
46.24,10.39,7.64,0.1,8.22,9.8,0.05,1.29,0.66,0.17,325,11,19,84,12,20,48,17,62,109,20,250,11,101,32,80,0.88,0.77,0.5,14.96,29.21,3.31,15.62,2.75,0.69,2.5,0.47,2.61,0.52,1.52,0.24,1.62,0.23,3.18,0.5
55.64,11.94,7.74,0.11,4.43,4.79,1.29,2.11,1,0.29,258,23,14,119,9,22,61,25,79,152,32,283,16,142,44,85,1.7972,1.6216,2.7417,41.3309,79.1342,9.4822,38.7515,7.9614,1.7976,7.4908,1.341,8.0396,1.5061,4.5516,0.6497,4.519,0.6735,9.5853,1
56.48,13.08,6.92,0.1,3.51,5.82,1.11,1.96,0.85,0.18,335,22,17,91,9,22,64,24,106,221,30,257,19,148,41,77,2.262,2.131,4.638,46.22,88.97,10.07,40.8,7.78,1.507,7.068,1.164,6.273,1.162,3.448,0.54,3.416,0.456,7.868,2
59.46,14.24,7.18,0.09,3.18,3.42,1.72,1.9,0.91,0.15,330,24,14,102,17,22,57,21,105,152,42,301,27,156,66,70,2.499,2.318,4.633,90.31,164.4,18.66,70.7,13.32,1.846,11.73,1.885,9.451,1.701,5.217,0.709,4.833,0.637,10.99,1
59.01,13.37,7.99,0.1,3.65,3.63,1.52,1.92,0.94,0.13,316,19,16,115,8,27,77,30,107,135,30,236,24,196,49,79,2.215,2.825,3.52,42.5,80.32,9.302,37.64,7.188,1.596,6.772,1.182,6.696,1.228,3.821,0.58,3.514,0.45,6.915,1
62.83,11.93,6.15,0.1,3.31,4.28,2.01,1.56,0.87,0.1,374,13,12,87,14,23,81,20,72,178,36,420,20,241,29,69,2.138,1.982,3.034,40.97,75.21,9.124,37.46,7.735,1.637,6.844,1.311,7.565,1.43,4.373,0.682,4.436,0.689,13.06,1
59.42,10.96,5.76,0.09,3.41,5.97,1.59,1.81,0.81,0.11,417,15,12,83,8,26,53,16,82,268,27,270,13,127,30,71,1.96,1.925,2.698,35.23,68.56,7.887,32.6,6.41,1.32,5.604,1.024,5.927,1.121,3.694,0.55,3.363,0.483,8.705,3
67.05,12.59,5.39,0.08,2.64,2.38,1.32,2.12,0.79,0.09,312,17,12,98,9,23,42,14,85,145,32,346,18,133,21,54,1.8793,1.2363,2.574,38.0216,77.1744,8.5264,34.3373,6.5825,1.2871,5.8466,1.0476,5.9005,1.1297,3.5452,0.5421,3.6087,0.5258,9.4884,0.5
61.29,13.48,9.57,0.11,3.56,2.85,0.08,2.24,1.33,0.27,353,24,18,125,38,19,71,22,103,121,57,402,16,134,82,101,3.12,1.92,2.58,94.51,171.37,20.9,83.42,16.29,2.2,13.34,2.16,10.62,1.77,5.14,0.73,4.7,0.72,13.31,0.5
54.85,13.84,9.69,0.12,4.75,4.53,1.6,2.21,1.44,0.16,392,20,16,133,19,22,80,32,83,126,35,296,17,197,58,122,2.189,3.362,2.394,95.24,183.1,21.06,85.58,16.78,3.03,14.1,2.208,10.93,1.775,5.042,0.709,4.387,0.598,9.905,1
52.72,12.53,8.47,0.1,5.49,5.55,1.39,1.77,1.06,0.15,348,19,17,113,15,24,64,29,87,130,39,276,14,137,57,85,2.144,2.94,2.124,99.38,185.4,20.92,81.18,15.07,2.357,12.78,1.954,9.696,1.588,4.457,0.62,3.941,0.519,8.383,2
55.9,12.83,8.65,0.1,6.62,3.26,0.07,2.16,1.04,0.18,256,17,16,117,24,23,57,22,106,112,43,352,18,128,49,87,2.92,2.14,2.98,100.18,180.56,21.86,86.73,16.21,2.29,13.18,2.11,10.2,1.73,5.26,0.77,4.79,0.7,13.45,0.5
53.78,15.14,8.11,0.1,4.29,3.62,1.35,3.54,1.02,0.28,356,27,14,103,17,27,55,22,136,137,34,342,16,135,50,87,2.5388,1.959,3.1468,49.9018,90.4345,10.6343,43.1728,7.9226,1.6499,7.1497,1.2864,8.1697,1.4946,5.1021,0.7348,4.8356,0.6809,13.7208,4
59.27,14.66,7.11,0.09,3.41,2.73,1.26,2.73,0.89,0.14,335,18,13,100,14,30,53,18,115,151,42,359,25,130,42,78,2.3993,1.4383,2.3803,60.7723,113.7548,13.5116,52.7572,10.3437,1.9739,8.6881,1.6373,9.0339,1.7498,5.0379,0.843,5.3834,0.8038,14.4082,0.5
65.17,10.26,6.5,0.09,3.35,4.23,0.04,1.78,0.84,0.16,285,17,17,79,18,22,45,13,112,170,35,294,12,84,30,68,3.06,1.69,2.94,60.35,112.05,13.31,53.48,10.37,1.8,9.02,1.58,8.72,1.65,5.07,0.74,4.92,0.76,11.68,0.5
59.92,12.04,7.54,0.1,3.56,3.25,1.38,1.44,0.92,0.16,372,18,14,106,8,25,79,27,84,155,36,363,20,212,44,71,2.426,2.496,3.956,44.68,84.63,9.986,40.79,8.074,1.59,7.251,1.299,7.773,1.468,4.472,0.7,4.54,0.631,11.57,0.5
57.94,11.63,10.32,0.13,4.23,3.8,1.15,1.35,1.44,0.08,370,19,16,152,8,38,98,30,78,101,41,381,25,234,54,104,1.787,3.195,2.803,51.89,95.53,12.16,50.41,10.14,2.345,9.015,1.59,9.194,1.724,5.131,0.797,5.231,0.74,12.69,1
60.71,12.6,7.18,0.09,2.84,3.49,1.31,1.87,0.93,0.09,351,20,15,111,15,21,60,21,127,141,35,295,24,150,45,72,2.577,2.267,3.383,60.38,105.2,12.38,47.33,8.817,1.663,7.703,1.271,7.025,1.321,4.05,0.586,3.82,0.544,9.264,1
64.95,10.39,5.69,0.09,2.88,3.97,2.14,1.47,0.86,0.09,367,19,11,87,8,23,60,19,79,186,38,398,21,162,24,61,2.357,2.149,3.06,34.67,65.49,8.099,33.81,7.285,1.578,6.709,1.263,7.559,1.47,4.528,0.735,4.445,0.662,11.94,0.5
70.63,11.72,6.6,0.09,2.17,1.57,0.07,1.79,0.76,0.08,329,22,13,100,13,29,51,18,116,133,30,258,14,110,37,69,2.12,1.5,2.58,45.42,84.4,9.67,38.67,7.34,1.44,6.47,1.15,6.31,1.2,3.68,0.57,3.57,0.54,8.54,0.5
67.82,13.01,7.12,0.1,2.17,2.1,0.02,2.07,0.81,0.08,370,12,15,102,17,27,52,17,130,109,33,287,13,111,39,74,2.31,1.91,2.74,91.91,163.9,19.04,74.96,13.33,1.91,10.94,1.79,9.03,1.6,4.8,0.68,4.41,0.66,11.21,0.5
49.26,13.23,8.62,0.1,4.9,7.84,1.45,1.7,1.16,0.15,295,21,19,122,14,19,66,26,80,135,53,518,26,134,43,73,1.7667,1.3212,2.235,62.4562,111.0528,13.4219,54.0458,10.7218,2.2376,9.4832,1.8617,11.6736,2.1897,6.8168,1.0891,7.1498,1.0728,18.991,0.5
53.73,16.49,10.24,0.11,4.07,2.86,1.11,2.92,1.12,0.12,360,36,18,138,14,20,69,29,126,118,34,271,20,163,61,108,2.5723,1.5082,2.0823,57.1162,105.7589,12.0893,48.993,9.396,1.8634,8.498,1.5272,8.0485,1.4254,4.6116,0.6975,4.0536,0.5739,10.8379,0.5
52.48,13.72,6.95,0.09,5.39,5.24,1.11,2.85,0.94,0.2,261,30,16,90,16,28,49,19,122,169,40,438,16,113,40,85,2.3172,1.8255,1.63,65.5181,116.3482,14.0304,54.3228,10.1564,1.8187,8.8628,1.5673,8.4325,1.5858,4.7687,0.7728,5.1234,0.7739,15.8405,0.5
51.14,17.17,7.16,0.08,4.85,4.71,2.56,2.18,0.82,0.15,536,30,17,95,11,25,56,21,117,115,31,213,15,111,47,89,2.0114,1.4523,1.9539,42.0252,76.5126,9.0452,34.4829,6.7705,1.5031,5.9054,1.1036,6.0097,1.1538,3.4874,0.5401,3.4439,0.5348,8.6601,0.5
57.51,12.8,6.28,0.09,3.39,6.07,1.22,2.62,1.01,0.16,315,28,14,101,12,25,46,20,128,213,40,375,19,101,29,79,2.2017,1.4531,2.3494,53.0654,94.2837,11.6389,45.8274,9.0519,1.8459,7.4514,1.5342,8.8692,1.75,5.3889,0.8514,5.5409,0.8465,13.7167,0.5
53.28,14.6,7.81,0.1,6.63,4.12,0.06,2.66,1.01,0.2,330,21,18,116,19,24,75,24,126,160,36,304,18,128,50,76,2.66,1.49,3.2,43.77,82.4,9.85,39.54,7.93,1.52,6.86,1.26,6.9,1.31,3.93,0.59,3.88,0.58,10.66,0.5
62.39,15.14,5.39,0.07,2.34,3.43,1.08,2.79,0.79,0.12,248,16,15,72,24,32,44,20,131,113,43,402,16,90,36,63,4.21,1.66,2.6,96.07,170.77,20.37,77.32,13.83,1.83,10.51,1.85,9.56,1.63,4.59,0.69,4.46,0.67,12.48,0.5
62.32,15.36,5.81,0.07,2.49,3.48,1.01,2.98,0.82,0.12,278,25,14,83,21,28,52,32,136,113,43,390,15,117,47,73,3.98,1.62,2.74,93.95,170.22,20.31,77.83,14.27,1.76,10.65,1.9,10.67,1.96,5.83,0.88,5.47,0.79,11.34,0.5
60.53,15.81,6.38,0.07,2.61,3.31,0.95,3.17,0.86,0.13,291,20,16,80,26,29,51,19,149,107,39,370,18,93,46,83,3.86,1.77,3.4,106.26,191.76,22.86,88.39,15.93,1.96,11.6,1.9,9.56,1.57,4.38,0.63,4.06,0.62,12.05,0.5
67.48,12.15,6.91,0.09,2.6,1.95,0.09,1.93,0.81,0.09,328,10,14,96,15,31,47,16,109,120,36,291,14,98,36,71,3.3,2.04,2.86,55.89,103.5,12.2,48.11,9.21,1.64,7.65,1.33,7.29,1.35,4.08,0.59,3.97,0.6,10.21,0.5
67.79,12.18,6.92,0.1,2.76,1.95,0.08,1.93,0.82,0.08,302,19,15,107,16,26,44,15,108,119,39,298,14,102,26,61,3.49,2.18,2.8,60.96,113.92,13.43,53.17,10.13,1.73,8.8,1.54,8.5,1.6,4.94,0.76,4.91,0.76,10.37,0.5
65.27,12.96,6.61,0.1,2.22,3.03,0.28,2.28,1.06,0.21,337,28,15,104,24,34,48,17,125,182,75,1078,37,88,48,69,3.22,1.41,5.31,88.6,162.82,19.45,75.04,14.47,2.92,13.02,2.43,14.27,2.84,9.08,1.45,9.7,1.55,36.99,0.5
56.33,10.88,5.58,0.07,5.06,6.45,0.15,2.63,0.79,0.17,428,16,15,85,13,27,43,14,129,129,34,227,16,83,32,80,2.99,1.41,3.33,38.58,75.66,8.55,33.87,6.65,1.25,6.03,1.09,5.79,1.07,3.3,0.51,3.34,0.5,7.97,0.5
54.66,10.46,6.89,0.09,5.82,6.76,0.14,1.9,0.93,0.17,264,19,16,107,12,24,74,20,102,144,40,405,20,172,48,83,2.28,1.27,2.87,35,65.27,7.99,32.99,6.9,1.56,6.3,1.21,7.13,1.41,4.43,0.7,4.46,0.7,12.5,0.5
47.6,10.64,6.43,0.08,7.19,9.08,0.93,2,0.89,0.22,280,22,17,98,10,23,53,20,89,130,30,214,13,114,40,94,1.4963,1.2278,1.0225,33.1036,60.1253,7.1022,29.3899,5.4647,1.1922,5.1847,0.982,5.7874,1.0582,3.5731,0.4934,3.2301,0.4458,8.1388,0.5
58.23,15.69,7.85,0.1,3.47,2.29,1.28,3.05,1,0.11,265,32,14,106,24,22,52,19,128,119,46,397,18,120,43,84,2.79,2,3.11,161.52,284.26,32.76,129.26,22.28,2.77,19.76,3.08,13.61,2.2,6.18,0.87,5.81,0.84,15.74,0.5
58.18,13.44,6.3,0.09,3.15,4.02,1.67,2.4,1.02,0.15,376,31,14,90,26,21,45,21,92,159,66,641,30,109,26,74,2.51,1.5955,3.5505,124.0242,226.9187,26.6259,107.6749,19.5772,3.1784,16.6278,2.9474,15.6439,2.8285,9.7247,1.3408,8.6733,1.2386,23.3547,0.5
57.8,13.95,5.34,0.09,4,5.32,0.16,3.6,0.87,0.18,332,20,17,77,25,28,48,14,154,112,46,315,19,49,28,71,4.13,1.68,3.94,58.96,118.16,13.28,52.56,10.51,1.48,9.4,1.83,10.9,2.14,6.58,0.98,6.45,0.98,11.68,0.5
51.25,17.08,7.94,0.08,3.94,4.44,1.73,3.59,1.02,0.16,351,24,16,104,22,30,53,22,165,162,36,281,15,122,58,132,3.038,2.0446,3.6011,100.8816,163.0449,21.7094,84.3416,14.8695,2.0528,12.2591,1.8783,8.7661,1.4189,4.048,0.5614,3.6384,0.5317,8.9554,2
58.8,14.65,7.56,0.1,3.79,3,1.31,2.89,0.95,0.14,332,24,15,119,17,27,55,22,121,134,39,291,17,157,37,77,2.5273,1.8608,2.9171,55.1807,86.9607,12.2058,49.1482,9.3602,1.8258,8.3815,1.5285,8.7815,1.6814,4.906,0.7326,4.7275,0.7068,10.5039,0.5
65.22,11.94,6.92,0.1,2.95,3.5,1.86,1.64,0.85,0.15,343,21,14,101,15,24,60,21,102,160,41,289,16,170,28,87,2.688,2.215,3.369,65.58,121.7,14.62,58.54,11.01,1.874,9.647,1.717,8.966,1.692,5.052,0.772,4.728,0.607,9.143,1
68.87,11.26,7.37,0.1,3.82,3.35,2.22,1.26,0.98,0.14,300,17,15,99,7,22,82,26,64,145,55,542,24,225,28,74,1.955,2.234,3.173,61.97,122.9,14.58,61.01,11.79,2.263,11.08,2.125,12.29,2.431,7.595,1.232,7.866,1.14,19.43,0.5
67.02,11.05,6.93,0.1,2.65,3.32,2.46,1.65,0.86,0.15,403,17,12,87,9,26,64,27,78,161,45,509,19,159,35,79,2.002,2.03,2.79,36.41,75.66,8.873,37.41,8.067,1.765,7.634,1.502,9.312,1.86,6,1.012,6.125,0.918,16.15,1
53.42,11.57,7.99,0.11,4.2,5.78,1.94,1.67,1.22,0.36,327,32,16,127,6,19,79,25,63,154,47,437,27,188,46,87,1.6879,1.2596,1.9465,35.8229,73.7635,8.9868,38.4304,8.9611,2.1147,7.8167,1.6367,10.6144,2.0458,6.9231,1.0446,6.4049,0.9564,19.9226,1
61.32,11.64,7.15,0.1,3.48,4.23,0.22,2.05,0.94,0.18,329,31,16,112,20,23,64,18,105,158,43,449,20,156,50,88,2.33,1.27,3.06,41.82,76.97,9.34,37.92,8.16,1.71,7.45,1.45,8.55,1.7,5.27,0.85,5.44,0.86,14.34,1
44.04,11.87,5.7,0.07,6.9,11.11,1.39,2.24,0.87,0.4,231,20,16,81,10,21,53,20,93,246,30,208,13,100,34,82,1.5929,1.2882,3.2384,30.7232,55.8544,6.8314,27.8845,5.6169,1.2819,5.2878,0.9461,6.1522,1.0938,3.2124,0.4922,3.2091,0.4694,6.1138,1
50.25,14.31,7.88,0.1,4.3,7.02,1.22,3.25,1.21,0.22,352,23,16,117,11,24,65,25,114,163,40,369,18,138,48,86,2.3446,1.6916,2.2538,56.4797,102.1029,12.1253,49.5455,9.5958,1.8043,7.9071,1.5022,8.5044,1.5368,5.1123,0.6881,4.7419,0.6462,16.5373,1
59.8,12.88,5.71,0.1,2.97,3.83,1.53,2.46,0.92,0.17,388,23,13,97,17,22,38,15,91,163,41,380,17,103,26,67,2.0014,1.5628,2.5399,52.4478,84.8387,11.6833,47.1814,9.2296,1.6929,7.9182,1.4043,7.8509,1.4683,4.4773,0.6762,4.4617,0.6702,11.8451,2
56.49,15.48,7.49,0.09,3.88,3.23,1.06,2.87,0.95,0.1,276,22,16,117,22,28,54,20,144,109,33,281,14,119,39,88,2.6945,1.7328,3.156,61.4033,93.1278,13.3658,52.5992,9.7058,1.7506,8.1396,1.3785,7.3544,1.2969,3.8654,0.5565,3.5791,0.5323,8.7601,4
56.09,16.23,7.41,0.09,3.52,2.71,1.16,3.4,0.99,0.12,299,26,14,96,28,20,44,23,149,113,43,296,15,112,36,89,2.8596,2.1172,2.9218,121.0762,194.5807,26.4397,102.5307,18.0264,2.4298,14.8274,2.2936,10.516,1.6695,4.6631,0.625,4.051,0.591,9.486,2
65.06,12.2,7.53,0.1,2.63,2.24,1.5,2.11,0.77,0.11,391,21,14,83,14,23,53,19,132,130,34,274,16,131,34,77,2.774,2.453,3.17,57.14,105.9,12.15,48.48,9.265,1.607,8.019,1.388,6.916,1.306,3.853,0.575,3.641,0.507,8.559,1
63.05,11.42,7.51,0.11,3.03,3.79,2.42,1.05,1.04,0.09,224,17,14,104,8,23,77,21,59,156,44,359,18,214,24,71,2.056,2.313,2.669,43.65,85.52,10.07,42.39,8.558,1.832,8.408,1.607,9.673,1.958,6.47,1.029,6.465,0.83,12.96,0.5
65.97,11.47,7.65,0.1,3.15,3.47,1.83,1.55,0.86,0.13,389,17,14,98,9,22,87,25,93,156,36,268,17,220,46,81,2.063,2.168,3.184,40.11,78.03,9.304,38.77,7.577,1.62,7.049,1.306,7.627,1.42,4.538,0.692,4.465,0.607,9.407,0.5
59.01,12.34,6,0.09,3.3,4.05,1.74,2.22,0.75,0.2,367,20,12,93,19,26,56,18,104,214,33,236,14,136,41,71,2.3759,1.1854,2.6316,32.0834,59.7436,7.2574,29.3865,5.8115,1.3442,5.187,0.9813,5.6704,1.0768,3.2788,0.5053,3.3696,0.4928,7.3378,5
55.79,13.27,8.75,0.11,4.44,5.08,1.24,1.8,1.1,0.16,310,30,16,128,7,16,80,24,76,147,36,391,15,182,49,84,1.9352,1.7413,1.07919,40.4358,74.3292,9.0419,36.7629,7.4731,1.89,6.4935,1.3424,7.0189,1.335,4.3199,0.717,4.5097,0.6158,14.074,1
62.49,11.12,7.27,0.11,3.34,4.4,0.13,2,0.85,0.24,405,15,15,107,10,26,73,21,101,149,38,304,21,146,45,76,1.88,1.26,2.54,41.56,76.81,9.14,38.24,7.48,1.55,7.18,1.32,7.25,1.43,4.66,0.69,4.3,0.62,9.87,0.5
61.04,11.71,9.67,0.15,3.4,3.93,0.11,1.65,0.99,0.12,380,19,18,151,8,24,65,24,80,131,32,269,13,135,62,134,1.35,1.45,1.54,28.13,50.53,6.44,27.56,5.8,1.54,5.48,1.05,6.28,1.15,3.62,0.6,3.62,0.53,8.79,0.5
67.28,11.8,5.87,0.12,2.17,3.45,0.24,1.81,0.7,0.11,336,14,14,100,14,29,39,18,77,170,35,338,13,97,30,67,1.5,1.26,1.81,20.65,43.22,4.63,19.16,4.1,1.18,4.17,0.88,5.43,1.08,3.59,0.62,4.12,0.6,12.33,0.5
60.85,13.73,7.61,0.1,3.22,3.12,1.34,2.45,1.02,0.15,426,30,13,110,15,22,49,23,115,152,42,399,26,126,42,90,2.0774,1.5359,3.838,65.5631,120.1762,14.2518,55.3351,11.2877,2.1996,9.8456,1.6461,9.1341,1.7638,5.0053,0.6997,5.0414,0.7735,12.8301,0.5
61.44,14.08,7.24,0.1,3.13,3.04,1.51,2.27,0.96,0.12,420,24,14,105,11,20,53,23,122,151,43,336,31,136,35,77,2.2335,1.4505,2.8075,46.8393,79.2526,10.1159,41.7595,8.9331,1.987,7.8634,1.6803,9.5886,1.6954,5.6326,0.9199,5.6747,0.7624,13.1336,0.5
57.47,13.74,6.74,0.1,3.45,4.19,1.18,2.4,0.95,0.17,414,23,12,108,16,24,46,17,118,170,33,309,22,121,32,76,2.4204,1.5443,2.8225,47.8401,83.2409,10.5565,42.6429,8.1498,1.6206,7.0577,1.2053,6.5034,1.195,3.577,0.5358,3.4077,0.5136,10.2875,6
59.83,14.33,7.1,0.1,2.92,2.79,1.39,2.55,0.86,0.1,345,21,14,116,16,24,51,18,129,126,32,250,15,136,32,79,2.5328,1.6658,2.8176,55.4573,87.0465,12.1158,48.423,9.1167,1.6449,7.7413,1.3119,7.0567,1.2669,3.6434,0.526,3.4247,0.5047,7.0328,5
56.9,14.91,7.94,0.1,3.85,2.9,1.43,2.74,0.87,0.13,338,28,14,112,19,26,76,23,167,152,36,274,18,187,49,93,2.531,1.509,3.6914,57.7927,83.725,12.1289,47.5636,8.5911,1.6128,7.5439,1.273,6.7138,1.2208,3.6323,0.5373,3.5454,0.5251,8.5178,4
54.43,13.75,8.6,0.12,4.5,4.13,1.57,2.27,1.03,0.13,345,22,16,146,15,26,70,26,119,125,34,219,20,180,41,88,2.5513,1.5567,3.6677,35.1096,66.6234,8.2045,34.3094,7.1202,1.6278,6.245,1.1802,6.6409,1.2233,3.7006,0.5563,3.7536,0.5392,6.762,6
52.74,12.73,7.68,0.12,4.89,4.86,1.49,2.07,0.93,0.16,336,25,16,121,12,23,71,20,114,142,37,238,21,185,37,80,2.5712,1.5431,4.0187,30.6628,58.7535,7.3081,30.6987,6.3257,1.5675,5.9073,1.1245,6.729,1.2694,3.9316,0.6013,4.1256,0.6039,7.8245,3
58.67,13.71,6.32,0.1,2.84,3.84,1.91,2.11,0.81,0.11,374,21,13,102,13,24,52,17,95,160,39,342,18,126,37,71,2.0667,1.1188,3.4221,35.4118,66.5364,8.0049,33.1266,6.9737,1.5144,6.3348,1.2381,7.4897,1.4335,4.4863,0.7146,4.723,0.6932,11.9496,0.5
63.8,13.89,6.67,0.1,2.58,1.88,1.25,2.37,0.83,0.08,287,26,13,102,16,28,60,17,132,135,36,327,18,145,39,72,2.1856,1.3517,2.6616,43.9211,81.4073,9.545,38.627,7.4414,1.442,6.3968,1.1371,6.4692,1.1776,3.6048,0.5853,3.6684,0.5442,9.6386,5
58.16,18.31,7.3,0.09,2.32,2.04,1.4,3.35,0.96,0.13,343,27,17,96,23,38,49,19,174,150,39,323,17,107,59,76,3.4763,1.9134,1.8029,94.8184,178.6061,19.9838,76.541,14.6657,2.6554,12.1838,2.154,10.4399,1.7664,5.4259,0.7226,4.9058,0.7088,12.5187,1
57.95,14.03,9.43,0.11,3.43,3.3,1.49,2.14,1.26,0.14,310,31,15,141,17,17,69,25,106,134,69,559,37,170,50,80,2.4409,1.5912,4.1075,73.1925,119.3073,15.9821,64.6903,13.1832,2.6865,12.3486,2.5426,15.2125,2.7134,9.4038,1.404,8.995,1.2591,15.6266,0.5
54.01,12.83,7.34,0.11,4.57,5.06,1.5,2.11,0.97,0.16,303,18,16,112,19,22,59,25,102,159,34,340,18,133,50,80,1.7006,1.3076,1.2716,56.0231,96.3883,11.533,45.377,8.4334,1.4123,7.0508,1.3233,7.148,1.2656,4.4613,0.6933,4.5374,0.655,11.3553,0.5
50.27,14.32,10.15,0.14,3.92,3.86,1.5,2.19,1.11,0.17,249,26,16,138,11,16,73,29,88,153,34,331,17,158,60,90,1.522,1.5037,1.07124,37.4901,68.0587,8.3362,34.1217,6.7667,1.5675,6.0076,1.264,7.4393,1.425,4.8274,0.6932,4.5992,0.6426,12.3709,0.5
66.96,11.52,6.45,0.09,2.58,2.94,0.15,1.98,0.88,0.1,376,27,14,111,16,21,46,18,93,147,39,396,21,115,32,61,1.92,1.48,2.88,45.69,86.16,10.12,41.34,8.04,1.64,7.73,1.33,7.47,1.41,4.3,0.68,4.04,0.64,13.5,0.5
63.65,12.97,7.13,0.1,3.26,2.81,0.14,2.15,1.03,0.15,310,24,16,112,19,22,69,18,121,158,36,437,25,154,43,71,1.99,1.32,2.84,47.95,90.15,10.01,39.55,7.21,1.58,7.19,1.33,7.21,1.42,4.33,0.69,4.14,0.6,16.24,0.5
57.92,14.52,8.45,0.11,2.94,3.16,1.35,2.13,1.2,0.12,375,31,14,130,10,17,50,27,104,143,37,313,27,103,41,87,2.1025,1.475,2.492,48.7754,91.3899,11.226,45.4647,9.5526,2.2035,8.1349,1.5853,9.3775,1.7532,5.2551,0.8424,5.4879,0.744,11.7315,0.5
56.89,14.07,8.25,0.11,3.88,3.39,1.32,2.52,1.1,0.15,375,36,15,129,8,22,59,16,110,130,42,363,24,128,34,72,2.1251,1.565,4.1225,46.909,87.2855,10.8994,43.866,9.214,1.9829,7.971,1.5348,9.5818,1.8706,5.387,0.8524,5.8629,0.8108,13.7774,0.5
52.72,13.68,8.37,0.11,3.83,5.46,1.77,2.1,1.05,0.16,324,25,19,141,15,23,57,28,98,189,33,251,16,139,39,103,1.4376,1.4263,2.1732,38.5563,70.353,8.4429,35.2328,7.1179,1.5326,6.4928,1.21,7.1369,1.3729,4.1665,0.6498,4.3278,0.6371,7.8007,4
60.54,13.43,7.37,0.11,3.27,3.37,1.96,2.14,0.83,0.13,371,21,14,111,15,26,54,20,103,155,34,270,15,133,42,82,1.7544,1.2668,2.6138,35.5316,64.9001,7.6928,31.3855,6.3599,1.3584,5.7069,1.0668,6.3561,1.1829,3.6946,0.5898,3.8606,0.5613,8.0234,1
62.1,12.08,5.63,0.1,2.38,4.06,2,2,0.65,0.11,419,20,11,82,11,23,40,19,81,172,30,255,15,104,30,67,1.671,1.1182,1.8102,26.9202,51.332,6.0228,24.4924,5.1729,1.1807,4.6594,0.9363,5.6125,1.0762,3.3263,0.5382,3.5002,0.5283,8.6836,0.5
62.94,13.01,6.37,0.1,2.8,3.47,1.62,2.09,0.86,0.1,422,17,13,98,14,22,46,21,88,148,34,281,16,121,32,79,1.9266,1.2881,2.3711,50.4402,87.1768,10.6129,43.1776,8.2012,1.5683,7.2365,1.286,7.388,1.3484,4.1695,0.6565,4.1396,0.6206,9.1591,0.5
65.98,11.61,5.54,0.08,2.63,3.16,1.39,2.24,0.81,0.23,436,11,11,89,11,24,36,15,94,176,30,313,16,120,31,77,1.8799,1.4154,2.4862,45.2878,81.9906,9.8665,40.0855,7.707,1.4622,6.6866,1.1688,6.6682,1.2088,3.6485,0.5768,3.739,0.5478,11.102,4
61.19,15.96,6.97,0.62,2.54,2.09,1.42,3.14,1.22,0.56,477,23,13,94,68,25,71,20,129,130,67,328,18,122,44,71,2.7805,3.4641,4.036,254.3857,478.497,55.4996,211.1406,38.7476,5.9741,31.2914,4.5395,20.1391,3.3125,9.8772,1.2468,8.0334,1.2368,12.3938,0.5
62.77,12.03,7.49,0.11,2.84,4.23,0.16,1.67,0.96,0.18,379,24,17,108,10,24,59,24,77,212,30,408,14,119,50,72,2.24,1.2,1.31,34.92,69.95,7.58,30.35,5.58,1.38,5.57,0.98,5.62,1.07,3.37,0.57,3.48,0.51,13.4,0.5
55.68,11.71,7.15,0.1,4.04,6.22,1.12,2.32,0.97,0.19,422,18,16,112,13,21,76,32,95,197,28,232,15,125,50,87,1.6158,1.3646,1.4365,45.0612,84.6265,10.1587,41.0362,8.7634,1.5235,6.7928,1.1021,6.9937,1.3515,3.9551,0.6107,4.3819,0.6973,16.3778,1
61.5,12.16,6.71,0.12,3.35,3.23,1.19,2.58,1,0.16,430,30,14,110,13,23,69,37,95,151,33,315,18,113,36,78,1.8221,1.5638,1.4148,69.058,132.7266,15.6291,63.6442,13.7102,2.0444,9.3079,1.5899,9.1008,1.6948,5.3363,0.8225,5.9748,0.9,22.4192,0.5
61.96,13.82,7.15,0.12,3.06,3.01,1.01,2.49,0.88,0.18,419,23,14,106,11,22,73,30,98,150,28,254,12,135,63,91,2.0449,1.3076,1.5645,44.1418,82.7667,10.1224,41.6548,9.0295,1.66,6.6217,1.2222,7.1975,1.4196,4.0728,0.6647,4.9305,0.7826,20.714,0.5
61.62,13.28,6.44,0.11,3.07,2.69,1.44,2.17,0.9,0.16,347,15,15,96,15,24,59,31,89,146,34,338,15,107,39,77,1.7264,1.4683,2.3211,60.2786,116.9154,14.3029,58.5491,13.3514,1.9665,8.9988,1.6896,10.242,1.857,5.6633,0.9756,6.352,1.1005,30.9118,0.5
59.56,13.95,6.5,0.09,2.72,2.17,1.3,2.13,0.8,0.09,390,21,17,105,8,22,60,28,107,129,32,274,19,111,41,80,2.2841,1.3693,1.9889,53.1172,101.6897,12.1182,49.8876,10.7862,1.7902,8.2917,1.4515,9.6071,1.7241,5.3875,0.9223,6.5564,1.0396,27.5096,1
58.27,13.88,8.33,0.11,3.51,2.47,1.08,2.48,0.93,0.09,336,17,21,131,10,25,79,33,123,91,27,190,14,135,68,104,2.0469,1.4777,2.834,57.6035,107.1229,12.9994,52.9703,11.8945,1.9154,8.3419,1.5107,9.3352,1.6409,4.8488,0.7869,5.7397,1.0108,23.6739,0.5
57.85,12.72,8.51,0.13,3.63,3.89,1.6,2.08,0.92,0.12,396,27,22,131,6,27,84,39,100,119,40,251,19,148,49,115,1.8916,1.3955,3.3215,47.7875,89.8613,11.4242,47.9728,11.4893,2.17,9.1955,1.8305,11.8321,2.2989,7.0246,1.3027,8.2254,1.3701,27.6887,0.5
58.98,12.45,7.31,0.11,3.19,3.6,1.46,2.06,0.82,0.13,348,25,17,119,11,16,75,32,96,128,40,283,21,142,41,96,1.7626,1.2994,3.2677,72.0778,140.7516,16.8982,67.1991,14.7547,2.2564,10.7712,2.0429,12.8345,2.5156,7.8635,1.3374,8.6036,1.5623,29.2775,0.5
60.28,12.51,7.17,0.1,3.09,3.8,1.42,1.78,0.87,0.1,314,20,18,111,11,20,71,33,79,121,38,340,18,122,36,76,2.1215,1.2465,3.6716,33.605,63.1483,7.622,31.9765,7.01,1.7185,7.0721,1.4131,9.1766,1.7709,5.3704,0.837,5.4947,0.8304,14.2004,0.5
58.91,13.79,7.77,0.1,3.06,2.47,0.99,2.02,0.9,0.1,377,20,17,120,11,24,77,29,100,127,29,224,14,137,54,77,1.8516,1.5539,1.7386,36.7035,70.0903,8.1963,33.6411,6.6811,1.5249,6.464,1.095,6.7074,1.1832,3.7563,0.5396,3.5632,0.5557,9.4114,0.5
59.66,13.66,6.99,0.1,2.82,2.64,1.08,2.11,0.93,0.07,334,22,18,115,12,22,77,29,94,119,30,282,17,148,44,77,1.711,1.3345,1.7691,56.9939,106.5527,12.3485,49.9489,8.8012,1.7546,8.8563,1.4068,8.0261,1.3918,4.3452,0.6153,3.6834,0.6641,12.0576,0.5
57.39,14.23,9.62,1.69,3.73,2.97,0.08,2.72,0.73,0.82,484,14,16,72,45,24,90,20,108,77,85,186,7,108,76,91,2.57,4.56,2.56,129.8,242.65,27.04,109.12,18.32,3.17,17.44,3.03,18.55,3.93,13.09,2.08,12.73,1.75,5.71,0.5
58.66,17.53,8.69,0.13,2.18,2.11,0.1,3.5,1.53,0.16,483,25,19,146,30,27,60,24,161,126,38,299,17,132,49,93,2.69,2,3.4,120.01,234.25,27,108.1,19.31,3.2,16.57,2.5,10.8,1.71,4.91,0.74,4.46,0.64,10.54,0.5
57.14,16.4,8.43,0.12,3.1,3.23,1.4,2.58,1.14,0.13,300,22,21,142,17,21,62,32,114,123,38,268,17,141,53,84,3.6,1.79,2.08,65.93,121.54,14.36,57.47,11.78,1.88,8.66,1.68,9.66,1.8,5.37,0.83,5.29,0.82,8.97,0.5
58.13,14.04,7.21,0.09,3.3,4.26,1.36,2.56,1.11,0.17,287,16,17,112,17,19,63,23,111,165,55,697,26,137,45,79,3.24,1.65,2.7,75.17,134.79,16.51,65.14,12.89,2.05,9.57,1.91,11.02,2.12,6.42,1.03,6.88,1.07,24.75,0.5
58.45,13.01,7.01,0.1,3.43,3.94,1.51,2.26,0.91,0.18,369,28,14,109,7,19,54,23,86,166,36,348,17,134,36,70,1.8125,1.3724,1.2693,42.6969,79.5021,9.6204,39.0097,7.7544,1.7722,6.5829,1.3268,8.1245,1.5842,4.9063,0.7684,4.826,0.7418,12.6226,0.5
64.64,11.69,7.78,0.08,3.3,2.78,0.18,2.02,1.06,0.12,366,21,14,122,14,22,54,23,109,115,45,651,27,115,40,70,2.13,1.66,3.45,37.61,72.26,8.58,34.88,7.46,1.75,7.58,1.49,8.85,1.79,5.6,0.92,5.98,0.83,22.12,0.5
52.8,13.86,9.04,0.09,4.98,4.41,1.02,2.13,1.09,0.12,314,26,15,131,12,20,57,20,112,121,33,258,16,121,50,80,1.6321,1.7175,1.3976,50.2835,91.6536,10.9521,42.6751,8.7327,1.734,7.3678,1.3981,7.1901,1.3727,3.962,0.6088,3.7331,0.5865,11.0438,0.5
53.53,13.93,9.45,0.11,3.65,3.91,1.39,1.98,1.22,0.13,305,24,17,147,11,22,58,28,96,114,49,566,26,128,44,84,1.9716,1.4454,2.815,41.7769,78.7062,9.7017,39.977,9.2077,2.0935,8.0717,1.7045,10.9689,2.0841,6.4303,1.0154,6.9318,1.0778,20.7427,0.5
55.55,13.51,8.64,0.11,2.91,4.36,1.84,1.74,1.35,0.21,418,28,15,133,9,15,44,24,79,141,47,345,35,104,32,82,1.7408,1.4759,2.3907,41.6419,79.9677,10.0619,42.1867,9.5816,2.5552,8.6031,1.7068,10.42,2.0474,5.946,0.9669,6.5689,0.8696,13.9275,0.5
59.68,12.78,6.67,0.1,3.39,3.95,1.84,2.16,0.9,0.14,331,24,12,107,8,18,59,26,102,140,46,421,22,140,28,73,1.8628,1.3668,3.1822,33.7053,64.5215,8.0936,33.4131,7.5508,2.0074,6.8654,1.5565,9.6153,1.826,6.0827,1.0246,6.3584,0.8969,18.2313,0.5
59.26,12.24,7.57,0.12,4.06,3.37,1.21,2.1,0.87,0.19,368,27,16,113,10,22,99,35,111,141,34,223,19,183,53,95,2.161,1.3577,2.4033,31.3282,58.6174,7.0684,30.0561,6.3542,1.4591,5.9656,1.1427,7.4956,1.3768,4.6283,0.6931,4.4187,0.6814,8.4493,1
57.43,13.3,7.67,0.11,3.79,3.79,1.07,1.91,0.91,0.1,312,22,19,112,10,25,93,32,107,113,39,281,20,166,49,81,2.3723,1.3052,3.251,45.388,84.2705,10.4678,43.7786,8.5258,1.8835,8.3612,1.5397,9.8341,1.8851,6.056,0.8555,5.7071,0.8426,10.8165,0.5
61.53,12.93,6.63,0.09,3.32,3.77,1.43,2.13,0.85,0.2,352,20,13,105,10,18,48,19,92,152,41,370,19,130,32,78,1.9571,1.2547,3.5818,40.2076,78.1135,9.1449,37.4947,7.5668,1.5616,7.0304,1.3546,7.84,1.5416,4.8249,0.7332,5.0709,0.7312,11.0368,3
63.58,14.66,6.55,0.09,2.32,2.06,0.19,3,1.04,0.29,341,31,16,99,40,28,31,13,156,168,54,661,21,67,30,73,2.73,1.64,3.79,97.67,189.02,21.19,84.01,14.19,2.51,13.75,2.25,12.24,2.35,7.5,1.16,7.06,1.06,24.64,0.5
58.61,15.75,8.76,0.11,3.06,1.99,0.11,3.24,1.11,0.24,406,29,19,125,24,30,48,17,176,143,45,430,20,87,47,96,2.62,1.69,3.96,96.18,179.92,20.51,81.38,13.84,2.36,12.9,2.07,10.92,2.01,6.03,0.88,5.19,0.76,16.79,0.5
59.48,14.54,6.61,0.09,2.71,3.04,1.63,2.92,1.17,0.31,390,30,14,98,29,25,31,17,117,186,67,762,37,80,27,66,3.383,2.0048,4.9956,121.8906,229.9779,26.5755,101.9293,19.3214,3.6162,17.335,2.9128,16.9647,3.3518,9.965,1.4537,9.2908,1.4205,27.5802,0.5
61.84,12.79,6.94,0.11,3.08,3.94,0.15,2.13,1.16,0.24,414,24,15,123,22,20,48,23,84,169,55,554,27,108,33,70,2.19,2.07,3.36,109.3,222.79,23.16,94.38,17.14,2.74,16,2.79,14.62,2.82,8.73,1.42,8.85,1.19,21.71,0.5
58.77,13.66,8.21,0.11,3.62,3.16,1.1,2.3,0.91,0.14,360,22,18,122,9,27,84,36,92,146,25,191,13,152,64,95,1.8095,1.4239,1.3632,43.711,79.35,9.4078,38.252,7.56,2.0215,6.784,1.174,7.0589,1.47,4.113,0.758,4.2784,0.6768,7.2933,0.5
61.64,11.76,7.17,0.1,3.34,4.02,1.24,2.23,0.98,0.12,345,26,15,114,10,19,68,32,94,138,36,288,19,125,40,75,1.8594,1.3407,2.0225,34.7226,64.2671,7.7861,34.0183,7.1008,1.7843,6.8914,1.3031,8.5612,1.6121,5.2904,0.7472,5.1153,0.8043,13.4574,0.5
62.05,11.13,6.96,0.1,3.89,3.39,1.25,2.24,0.9,0.15,365,18,14,111,9,21,66,32,95,120,36,324,17,113,39,81,1.8095,1.4139,2.3632,42.2711,79.335,9.6078,40.7252,7.9956,2.0215,7.8784,1.4174,9.0589,1.6747,5.3113,0.8058,5.4784,0.7768,11.933,0.5
59.77,12.3,8,0.11,3.47,3.7,1.1,2.25,1.03,0.15,369,27,15,127,9,20,82,35,105,114,46,444,22,135,57,90,1.7693,1.4455,2.4016,46.686,87.5817,10.7947,46.1879,9.2857,2.2865,9.17,1.7529,11.1542,2.0326,6.532,0.9468,6.5913,0.9941,18.2772,2
52.67,11.38,7.34,0.1,5,7,1.01,1.92,0.9,0.13,336,31,17,109,7,24,172,36,116,203,49,429,28,302,44,80,2.1207,1.1838,2.9611,41.6174,80.5559,9.1841,39.2892,8.0794,1.7956,8.2614,1.5675,11.1063,2.2254,7.0602,1.0362,7.0971,1.0958,16.4696,0.5
50.02,11.1,7.98,0.1,5.11,8.56,0.9,1.58,1.2,0.23,310,34,20,146,2,19,73,43,64,142,34,182,12,96,48,87,1.3093,1.2627,1.0956,39.0828,71.6553,8.7527,37.6228,7.7654,1.7403,7.4977,1.303,8.0706,1.3923,4.4903,0.5689,4.1989,0.638,4.3525,1
54.85,12.59,7.31,0.09,4.36,5.09,0.89,2.31,0.97,0.13,341,20,15,113,12,26,76,35,110,120,34,269,19,125,49,77,2.1849,1.2918,2.2825,47.7143,86.8633,10.4061,43.1342,8.0816,1.8085,7.6259,1.3803,8.4279,1.5706,4.9924,0.7679,4.9746,0.7025,11.4776,0.5
55.55,12.74,7.48,0.1,4.54,5.53,1.1,2.43,1.05,0.28,377,28,17,115,9,20,58,23,112,189,35,284,17,145,36,84,2.3248,1.3466,3.1995,53.8394,102.1957,11.114,44.5009,8.1522,1.7103,7.2985,1.2795,7.1823,1.3749,4.2807,0.6107,4.1492,0.5922,8.4625,2
51.27,10.59,5.54,0.08,5.3,9.92,0.97,1.87,0.97,0.32,264,20,17,84,19,16,47,16,83,187,44,396,16,97,27,81,2.6109,1.1612,2.8559,70.3067,128.0585,15.1291,60.4772,11.0482,1.6174,9.404,1.5211,7.5327,1.3416,4.002,0.5644,3.7514,0.556,11.0001,3
59.788,13.87,9.4,0.1,3.44,2.07,1.61,1.78,1.2,0.2,281,33,16,119,7,34,65,30,88,154,53,555,25,128,58,104,1.74,1.39,,62.34,106.89,12.92,52.09,10.33,2.14,10.03,1.86,11.19,2.15,6.94,1.02,6.92,1.01,19.94,1
62.202,14.74,9.08,0.1,2.7,2.01,1.36,1.73,0.94,0.14,320,31,18,100,15,33,50,24,93,187,49,384,19,106,52,103,2.44,1.41,,75.75,131.85,15.61,62.84,11.51,2.50,11.19,1.91,10.90,2.09,6.51,0.94,6.24,0.93,15.00,0.5
59.926,14.44,9.07,0.1,3.25,2.12,1.34,1.99,0.93,0.16,279,42,16,146,16,29,80,32,96,160,46,433,17,202,69,85,2.28,1.54,,80.14,140.29,15.77,62.89,11.56,2.23,10.28,1.79,10.20,1.89,5.86,0.86,5.57,0.82,15.68,1
60.048,16.71,8.46,0.08,2.91,1.71,1.55,2.34,0.9,0.14,264,35,15,89,30,27,40,25,110,235,59,441,23,91,46,99,2.38,1.25,,93.77,173.18,19.91,78.43,14.48,2.60,13.31,2.29,12.71,2.35,7.34,1.05,6.76,1.03,20.48,1
61.11,15.83,7.07,0.08,2.29,2.49,1.95,2.15,0.90,0.14,291,28,13,107,30,37,45,23,95,208,31,371,16,90,48,89,1.89,1.22,,98.45,158.62,17.03,64.94,11.54,2.27,10.15,1.65,8.54,1.53,4.57,0.66,4.13,0.60,16.54,0.5
57.97,15.00,8.89,0.11,2.96,3.10,1.53,1.90,0.87,0.13,281,35,17,146,14,38,73,27,99,168,36,277,12,132,56,92,1.93,1.36,,42.88,77.56,8.61,33.23,6.74,1.44,6.15,1.12,6.44,1.21,3.68,0.55,3.63,0.53,10.09,0.5
59.96,14.75,6.92,0.08,2.62,2.91,2.64,1.64,1.04,0.15,335,33,13,107,23,26,47,24,77,203,41,523,25,103,54,89,1.89,1.22,,85.56,136.10,15.00,57.32,10.78,2.01,9.41,1.52,7.60,1.34,3.99,0.56,3.54,0.53,14.43,0.5
60.16,16.02,8.02,0.09,2.29,2.91,2.48,1.03,1.21,0.11,251,38,16,118,13,25,38,26,50,260,61,560,29,81,51,84,2.37,1.27,,100.48,150.87,16.23,60.83,10.90,2.38,10.42,1.90,10.76,2.09,6.36,0.97,6.08,0.86,17.95,0.5
65.01,14.86,5.77,0.08,2.35,2.36,2.93,1.66,0.70,0.13,249,30,14,83,19,32,32,20,87,253,40,637,25,64,30,68,2.28,1.19,,64.75,120.12,13.91,53.92,10.10,1.95,8.68,1.55,7.85,1.37,4.45,0.62,3.69,0.55,16.05,0.5
58.93,13.10,5.97,0.09,3.28,6.50,1.06,1.89,0.93,0.23,380,30,15,116,19,42,53,21,91,201,36,314,22,124,42,86,1.93,1.55,,30.79,56.64,6.65,26.15,5.56,1.08,4.87,0.99,6.04,1.11,3.75,0.63,3.65,0.59,8.86,5
65.56,13.08,5.64,0.07,2.70,3.21,1.51,1.48,0.81,0.10,306,43,13,90,16,33,53,19,67,232,35,355,19,126,28,69,1.67,1.18,,31.24,65.59,7.49,31.55,7.33,1.71,6.54,1.24,7.86,1.44,4.31,0.70,3.84,0.57,12.43,3
64.04,14.46,6.39,0.08,2.76,3.04,1.56,1.29,1.00,0.10,276,32,13,103,20,32,48,18,71,235,38,384,22,110,29,77,2.02,1.38,,35.87,66.06,8.28,31.73,6.74,1.55,7.58,1.22,7.53,1.49,4.34,0.67,4.27,0.58,12.86,0.5
61.08,11.72,5.73,0.08,2.87,7.71,0.69,1.65,0.90,0.16,363,41,17,99,16,35,51,18,97,204,29,294,18,107,35,78,2.00,1.05,,31.67,60.17,6.78,27.45,5.74,1.29,4.96,0.91,5.50,1.00,3.17,0.49,3.10,0.45,7.85,1
60.562,14.73,7.56,0.09,3.29,2.1,1.56,2.12,1.03,0.25,350,26,15,117,11,31,40,25,97,167,42,470,18,85,62,99,2.89,1.34,,60.72,114.08,12.96,52.77,10.21,2.07,9.62,1.75,10.48,1.98,5.95,0.93,5.79,0.90,20.06,0.5
60.024,14.79,9.39,0.12,2.73,2.76,1.7,1.86,1.01,0.12,343,27,19,155,5,29,52,31,90,114,58,451,21,104,76,100,2.44,1.60,,49.53,92.92,10.78,45.24,9.66,2.28,9.72,2.01,12.80,2.46,7.72,1.17,7.43,1.16,19.19,1
63.46,14.13,7.61,0.09,2.31,2.03,1.8,1.86,0.96,0.14,293,26,17,117,10,31,39,28,99,190,53,509,19,79,71,98,2.35,1.34,,50.73,96.94,11.18,47.27,9.92,2.14,9.55,1.82,11.08,2.12,6.54,0.98,6.40,0.95,20.69,0.5
57.554,15.63,10.22,0.11,2.73,3.04,1.78,1.4,1.12,0.3,337,31,22,158,12,25,58,35,63,209,47,312,12,110,75,107,2.25,1.49,,43.84,89.52,10.58,45.90,10.05,2.42,9.93,1.88,11.29,2.11,6.18,0.90,5.68,0.81,13.30,0.5
57.96,15.72,7.00,0.08,3.06,2.88,1.92,2.22,0.85,0.14,306,35,14,105,28,30,41,20,99,247,32,372,14,101,47,88,1.83,1.11,,74.16,132.77,13.55,51.68,9.61,1.77,8.15,1.31,6.64,1.20,3.59,0.51,3.20,0.47,13.99,0.5
57.58,15.06,8.89,0.09,3.89,2.84,1.49,1.94,1.11,0.14,248,40,16,161,15,34,77,31,93,146,49,511,24,163,56,93,2.09,1.34,,75.91,127.98,14.93,60.22,11.81,2.21,10.11,1.78,9.93,1.86,5.67,0.86,5.54,0.81,20.14,0.5
54.33,12.78,6.83,0.08,2.83,6.89,1.81,1.82,0.97,0.23,461,33,16,100,8,24,61,25,89,292,43,437,27,136,55,84,2.03,1.17,,66.87,106.20,12.45,49.72,9.83,2.40,8.83,1.60,9.08,1.65,4.88,0.72,4.48,0.64,15.91,0.5
58.67,13.76,6.69,0.08,2.87,6.92,1.20,1.82,0.91,0.11,369,24,16,105,19,35,49,19,98,246,35,352,20,115,39,90,2.07,1.65,,37.48,71.64,7.94,32.06,6.81,1.30,5.69,1.05,6.58,1.22,3.92,0.61,3.98,0.53,9.97,1
60.93,14.08,6.21,0.08,3.57,4.98,1.15,2.21,0.79,0.13,389,31,15,117,16,36,49,19,99,179,36,295,20,121,43,102,1.74,1.48,,37.30,71.01,7.83,31.75,5.94,1.16,5.05,0.85,4.89,0.91,2.65,0.41,2.44,0.39,8.80,0.5
55.60,13.81,5.17,0.08,2.87,8.91,0.85,2.07,0.83,0.11,285,31,17,98,20,35,54,15,100,159,25,342,17,112,32,82,2.07,1.19,,56.51,97.15,11.02,42.16,7.97,1.54,6.71,1.12,6.96,1.23,3.86,0.54,3.63,0.53,9.55,1
63.37,13.19,5.95,0.08,2.96,4.11,1.16,1.53,0.90,0.14,278,33,14,100,18,39,45,19,79,258,33,366,18,114,27,79,1.73,1.24,,33.20,65.98,7.69,31.50,7.09,1.42,5.88,1.14,7.12,1.37,3.95,0.56,3.79,0.57,10.64,0.5
61.54,13.83,5.65,0.08,2.58,5.65,1.43,1.25,1.03,0.11,338,39,14,87,15,38,44,16,68,233,33,430,19,108,28,80,1.61,1.02,,26.52,52.93,6.06,25.26,5.77,1.53,5.36,1.01,6.91,1.32,4.04,0.59,3.81,0.58,10.67,0.5
66.19,14.75,5.78,0.08,2.42,2.41,1.18,1.83,0.86,0.10,462,35,13,100,10,37,41,20,86,277,31,343,19,93,34,76,2.03,1.24,,37.97,69.62,7.83,31.18,6.51,1.51,5.68,0.95,5.66,1.04,3.15,0.49,2.99,0.43,8.99,0.5
60.064,14.93,6.95,0.09,2.81,3.19,1.75,1.8,1.23,0.09,511,38,16,116,8,34,43,26,69,230,41,415,14,107,61,85,2.31,1.22,,51.91,93.65,11.28,46.30,9.04,2.23,8.52,1.56,9.20,1.70,5.38,0.81,5.45,0.78,17.00,0.5
63.096,14.33,4.5,0.07,2.21,4.13,2.19,2.17,0.73,0.14,318,24,12,75,9,37,28,18,102,182,39,346,14,68,31,84,2.27,1.14,,40.23,73.61,8.59,35.10,7.19,1.55,6.76,1.34,8.22,1.62,5.11,0.78,5.09,0.78,13.71,0.5
63.964,13.91,6.01,0.09,1.86,2.82,2.21,2.27,0.8,0.21,428,28,12,79,16,35,35,22,132,159,85,732,23,59,50,86,2.66,1.27,,58.86,109.08,12.89,53.43,11.72,2.40,11.83,2.50,15.91,3.14,9.83,1.53,10.37,1.44,26.97,0.5
63.204,15.29,6.01,0.09,1.85,1.95,2.31,2.71,0.78,0.13,369,24,15,59,19,37,32,18,127,144,64,505,22,72,47,102,2.66,1.28,,77.32,139.30,16.21,65.47,13.08,2.56,12.72,2.44,14.15,2.70,8.23,1.22,7.84,1.16,20.80,0.5
59.09,15.28,7.74,0.10,3.81,2.93,1.49,1.90,0.87,0.13,340,31,17,114,23,38,106,27,106,178,42,521,22,400,51,89,1.92,1.22,,59.20,105.41,12.15,47.75,9.28,1.68,8.03,1.37,8.50,1.59,4.93,0.77,4.68,0.71,13.17,0.5
63.15,14.08,6.04,0.08,2.89,4.03,1.61,1.82,0.83,0.15,338,36,15,84,16,38,65,20,80,203,47,426,22,157,30,78,2.08,1.08,,38.64,75.62,8.58,34.67,7.83,1.79,7.17,1.40,9.51,1.81,5.45,0.85,5.05,0.70,10.29,0.5
62.59,11.60,4.53,0.07,2.43,5.33,1.88,1.40,0.79,0.12,344,28,16,86,11,33,38,17,76,220,33,357,15,82,40,83,1.93,1.11,,56.67,95.73,10.82,42.15,7.65,1.54,6.64,1.11,6.03,1.08,3.26,0.49,3.08,0.46,10.80,0.5
64.06,14.75,5.89,0.08,2.97,3.36,1.34,1.93,0.88,0.16,432,34,14,93,19,34,34,19,90,290,35,453,23,82,33,82,2.21,1.15,,51.61,96.01,10.63,41.58,7.74,1.61,7.00,1.25,7.02,1.22,3.73,0.59,3.63,0.55,10.88,0.5
63.49,13.91,6.33,0.08,3.38,3.83,1.48,1.84,0.88,0.08,314,34,14,112,15,35,45,19,95,139,27,301,21,120,60,84,1.88,1.83,,35.19,68.91,7.51,29.79,5.84,1.06,5.08,0.91,5.04,0.92,2.74,0.39,2.77,0.44,8.90,1
67.35,13.42,5.76,0.10,3.08,2.20,0.92,2.19,0.82,0.12,371,31,14,99,18,57,50,18,117,146,31,418,20,125,59,86,1.99,1.56,,35.81,69.45,7.79,31.31,6.04,1.21,5.51,1.07,6.53,1.24,3.74,0.57,3.74,0.58,9.56,0.5
65.12,14.55,6.50,0.09,2.84,2.53,0.85,1.41,0.96,0.10,351,33,14,114,16,33,56,23,87,196,31,342,19,142,39,80,1.80,1.27,,36.20,70.09,7.98,31.68,6.48,1.31,6.26,1.09,6.32,1.22,3.50,0.56,3.75,0.55,10.12,0.5
64.84,13.92,5.82,0.08,2.45,4.42,1.27,1.35,1.06,0.09,353,46,14,104,17,35,39,18,68,239,34,378,21,99,25,73,1.68,1.27,,32.25,62.63,7.13,29.97,6.49,1.46,5.83,1.16,6.75,1.18,3.70,0.55,3.68,0.55,11.76,0.5
64.55,13.24,4.57,0.07,2.49,6.80,1.02,1.67,0.81,0.10,372,31,15,77,16,33,43,15,87,285,28,353,18,86,27,91,1.89,1.17,,38.67,74.42,8.26,33.21,6.63,1.26,5.83,1.08,5.88,1.06,3.21,0.48,3.50,0.47,10.47,0.5
61.58,15.06,7.07,0.08,2.76,2.20,2.63,1.80,1.06,0.27,466,36,15,99,9,33,24,24,84,345,55,617,20,50,49,84,2.57,1.36,,79.89,139.17,16.37,67.78,13.66,2.95,11.83,2.09,11.90,2.20,6.83,1.04,6.62,0.99,22.89,0.5
61.53,11.01,5.69,0.08,2.84,5.93,0.78,1.02,0.93,0.12,427,28,22,68,9,32,66,18,66,161,50,357,18,109,53,91,1.91,0.98,,53.71,90.81,11.28,46.19,9.43,1.79,8.46,1.60,9.15,1.71,5.09,0.75,4.67,0.68,12.40,0.5
61.77,14.51,4.19,0.07,1.69,4.54,2.40,2.51,0.58,0.12,267,33,14,58,29,46,22,14,134,171,62,513,22,41,28,79,2.41,1.13,,52.06,101.42,10.78,42.02,9.45,1.71,9.11,1.96,12.55,2.43,7.39,1.18,7.62,1.08,17.52,0.5
61.78,13.63,7.43,0.10,3.12,4.48,1.10,2.13,0.95,0.13,379,41,14,104,18,36,75,21,113,165,47,471,24,174,51,93,2.35,1.48,,48.83,97.92,10.91,44.64,9.11,1.78,9.48,1.42,9.22,1.93,5.79,0.87,6.22,0.85,11.80,0.5
61.79,13.72,6.41,0.09,2.89,4.17,0.73,1.48,0.90,0.13,365,35,13,90,14,27,52,16,97,166,48,410,22,99,50,85,2.06,1.31,,68.10,117.33,13.09,52.01,9.74,1.90,8.76,1.57,9.01,1.68,5.23,0.78,5.10,0.74,14.04,0.5
61.40,13.05,5.41,0.08,2.98,4.51,1.09,1.63,0.77,0.21,318,32,13,77,10,37,46,16,96,273,36,341,18,93,45,88,1.91,1.16,,58.53,101.19,11.32,44.68,8.12,1.56,7.08,1.19,6.33,1.17,3.56,0.53,3.35,0.51,11.92,0.5
63.10,15.05,6.12,0.08,2.87,2.25,1.13,1.64,0.81,0.11,353,33,13,88,7,36,44,18,105,263,40,406,21,94,46,88,2.11,1.27,,56.72,99.20,11.13,43.57,8.20,1.82,7.33,1.30,7.29,1.35,4.09,0.62,3.94,0.57,14.55,0.5
64.30,13.04,5.48,0.08,3.24,4.66,1.25,1.62,0.83,0.29,382,43,14,88,20,38,43,20,83,274,41,412,26,99,57,81,2.14,1.17,,50.03,93.16,10.25,40.55,8.18,1.61,7.21,1.38,7.78,1.47,4.18,0.64,4.06,0.62,10.43,1
64.62,13.04,4.91,0.07,2.97,4.03,1.54,2.13,0.70,0.18,338,33,12,75,25,38,35,17,113,169,29,269,21,81,53,75,2.17,1.53,,52.98,99.18,10.79,40.94,7.67,1.39,6.42,1.15,6.33,1.28,3.71,0.61,3.95,0.54,6.71,1
62.02,12.52,5.04,0.11,2.44,8.65,0.90,2.02,0.83,0.28,379,37,15,100,24,80,43,15,89,219,26,268,18,87,39,92,1.66,1.63,,34.19,62.17,7.28,28.57,5.59,1.18,4.81,0.87,4.85,0.96,2.73,0.44,3.10,0.41,7.07,2
65.31,11.63,5.28,0.09,3.00,4.51,1.08,1.78,0.84,0.32,449,33,12,89,23,51,47,21,84,247,32,326,18,130,37,93,1.85,1.41,,37.25,71.09,8.09,32.94,6.21,1.30,5.67,1.07,6.38,1.24,3.70,0.59,4.09,0.54,10.78,2
69.07,11.50,3.74,0.07,1.86,3.67,1.86,1.17,0.91,0.10,332,35,11,60,17,30,30,13,56,291,34,649,20,73,17,65,1.77,1.30,,48.11,94.67,11.14,44.79,9.34,1.94,7.69,1.41,8.09,1.59,4.56,0.78,5.27,0.75,20.94,0.5
65.07,13.86,5.21,0.06,2.51,3.65,1.51,1.75,0.92,0.08,360,32,13,86,18,33,44,17,91,201,35,534,20,107,23,74,2.12,1.38,,47.25,89.34,10.09,39.43,7.59,1.61,6.46,1.15,6.37,1.17,3.51,0.60,4.05,0.55,13.59,1
61.93,15.24,7.36,0.09,2.89,2.08,1.28,1.83,1.00,0.20,498,37,16,106,9,23,34,23,105,328,45,500,18,71,60,99,2.56,1.24,,90.92,143.53,16.92,67.16,12.13,2.67,10.68,1.83,9.93,1.81,5.60,0.82,5.14,0.76,17.03,1
56.96,14.23,5.14,0.09,2.52,5.05,1.06,1.69,0.89,0.13,431,15,12,106,8,24,42,19,100,224,30,411,21,84,39,54,2.17,1.17,,50.95,91.08,10.72,43.73,8.35,1.67,7.18,1.31,7.18,1.32,4.15,0.66,4.04,0.59,12.68,0.5
56.02,13.04,5.03,0.08,2.77,6.26,0.86,1.71,0.82,0.13,354,15,13,95,7,21,46,15,107,185,33,354,19,107,39,63,1.98,1.30,,46.55,87.95,9.97,40.60,8.00,1.52,7.11,1.30,7.76,1.44,4.27,0.65,4.39,0.67,10.79,1
54.51,12.19,4.55,0.07,2.50,7.77,1.26,2.07,0.71,0.32,383,14,12,82,6,25,40,14,105,261,30,328,25,76,59,89,2.00,1.21,,54.34,98.54,11.08,44.71,8.25,1.81,7.49,1.38,7.80,1.48,4.46,0.65,4.16,0.66,11.86,17
57.96,14.27,5.31,0.07,2.76,4.05,1.35,1.79,0.88,0.17,488,16,12,110,9,22,50,18,98,237,37,409,28,111,42,63,2.02,1.22,,59.90,111.37,12.33,48.17,9.03,2.03,8.52,1.64,9.25,1.79,5.25,0.82,4.82,0.76,14.37,1
57.33,14.85,5.34,0.07,2.66,4.14,1.41,1.70,0.90,0.12,475,17,12,116,9,26,44,20,95,302,29,320,25,93,50,60,1.97,1.26,,58.31,106.19,11.57,45.30,7.89,1.81,7.57,1.35,7.26,1.38,4.13,0.66,3.95,0.59,11.99,0.5
52.29,13.01,5.22,0.07,2.76,7.66,2.16,1.70,0.78,0.22,369,13,13,94,6,26,43,17,89,315,28,316,22,78,41,69,1.73,1.20,,54.74,97.30,10.87,43.58,7.61,1.80,7.44,1.37,7.58,1.42,4.20,0.67,3.90,0.62,12.17,1
58.59,15.17,5.83,0.07,2.61,2.76,1.16,1.47,0.89,0.09,425,17,12,107,10,19,52,21,88,212,34,411,23,115,41,53,1.87,1.29,,57.51,105.36,11.90,47.90,9.08,1.81,8.31,1.46,8.24,1.54,4.67,0.68,4.09,0.64,14.92,0.5
55.71,12.86,5.79,0.08,3.35,8.56,0.87,1.78,0.82,0.14,419,33,16,89,15,41,47,23,106,167,24,260,16,98,50,91,1.80,1.54,,35.80,70.16,7.60,28.88,5.32,1.10,4.77,0.82,4.48,0.87,2.49,0.44,2.84,0.42,8.40,1
68.48,12.75,5.02,0.09,2.65,2.52,0.88,2.26,1.00,0.16,374,30,11,84,19,34,38,18,103,147,26,341,24,90,34,84,1.93,1.98,,44.31,83.19,9.37,38.09,7.75,1.30,6.61,0.98,5.17,0.92,2.74,0.45,2.92,0.41,11.24,0.5
62.24,13.54,6.29,0.08,3.17,4.21,1.27,1.81,0.88,0.10,329,32,14,103,17,37,63,21,88,212,31,327,21,142,38,78,1.85,1.36,,40.78,78.29,9.25,36.48,7.19,1.57,6.40,1.22,6.52,1.19,3.56,0.55,3.54,0.53,9.94,1
64.01,14.27,7.34,0.08,2.61,3.00,1.50,1.14,0.98,0.09,424,34,14,126,15,35,46,23,57,260,31,399,19,137,35,77,1.62,1.32,,35.86,66.47,8.08,34.72,6.93,2.06,5.97,1.15,6.31,1.20,3.55,0.58,3.27,0.53,10.52,0.5
65.82,13.48,4.98,0.07,2.40,3.99,1.08,1.75,0.87,0.09,435,27,13,84,17,36,40,17,89,216,30,374,19,107,25,73,2.11,1.36,,59.11,111.55,12.77,51.06,9.44,1.72,7.59,1.30,6.95,1.22,3.43,0.52,3.33,0.56,11.94,0.5
60.69,15.34,6.34,0.09,2.95,3.05,1.20,1.85,0.85,0.12,391,34,13,92,4,35,36,20,97,300,36,377,16,74,49,91,2.45,1.21,,62.05,96.80,12.24,48.61,8.89,1.82,7.81,1.31,7.10,1.30,4.05,0.61,3.97,0.59,12.49,0.5
58.06,14.34,5.64,0.06,2.99,2.60,0.87,1.84,0.93,0.18,418,17,12,121,9,21,53,15,104,206,29,304,20,108,41,66,2.09,1.31,,38.38,76.50,8.74,36.15,7.01,1.48,6.26,1.12,6.20,1.17,3.49,0.54,3.28,0.55,9.61,1
57.02,14.38,5.68,0.08,2.97,3.31,0.97,1.84,0.85,0.13,458,18,13,111,9,24,57,20,113,206,31,298,23,108,57,68,1.91,1.29,,43.75,85.94,9.90,39.90,7.63,1.58,6.76,1.19,6.36,1.18,3.63,0.57,3.56,0.53,10.99,1
57.78,14.75,5.71,0.10,2.45,2.97,0.57,1.83,0.85,0.09,467,18,13,115,11,24,55,18,120,155,32,285,23,115,40,55,2.00,1.34,,50.60,97.51,10.93,42.74,8.06,1.60,6.91,1.20,6.50,1.20,3.71,0.55,3.67,0.55,10.33,1
57.50,13.17,4.05,0.08,2.34,5.06,3.65,1.44,0.81,0.09,387,11,11,93,7,23,42,14,88,210,27,389,21,95,34,43,1.75,1.19,,62.30,115.12,12.90,51.23,9.62,1.67,8.25,1.37,7.25,1.39,4.01,0.65,3.96,0.64,16.42,0.5
56.70,13.03,5.05,0.06,2.99,5.89,1.98,1.62,0.81,0.30,375,14,11,100,6,21,39,16,69,384,26,357,28,72,37,68,1.46,1.05,,70.36,115.94,12.57,48.35,8.24,1.88,7.65,1.31,7.13,1.31,4.12,0.63,3.80,0.56,12.83,2
54.72,13.22,5.05,0.07,3.04,6.34,1.34,1.90,0.77,0.16,427,15,13,101,7,21,46,14,94,444,30,375,27,96,44,64,1.67,1.03,,62.02,109.34,12.17,48.30,8.66,1.77,8.03,1.45,8.21,1.53,4.58,0.71,4.33,0.66,14.54,1
60.98,12.77,4.24,0.06,2.44,4.36,2.39,1.42,0.86,0.13,368,14,13,103,7,17,37,17,65,277,27,421,29,82,30,40,1.67,1.01,,67.30,120.73,13.58,53.39,9.61,1.83,8.44,1.47,7.90,1.49,4.52,0.68,4.17,0.65,16.42,0.5
57.48,14.79,6.90,0.09,2.84,2.84,0.98,2.01,0.87,0.11,674,18,13,113,8,21,61,22,116,156,31,287,21,133,45,58,1.71,1.27,,42.31,84.77,9.54,39.31,7.84,1.71,6.40,1.16,6.63,1.20,3.67,0.56,3.42,0.56,11.93,0.5
64.87,14.94,6.37,0.12,2.77,2.22,0.76,2.34,0.80,0.17,409,33,14,107,20,40,41,17,119,141,27,287,20,109,38,85,2.27,2.18,,41.69,78.02,8.93,35.59,6.75,1.39,5.67,0.96,5.35,0.98,2.96,0.49,2.87,0.42,8.57,1
65.68,13.87,5.42,0.08,2.85,2.50,1.10,1.96,0.85,0.13,366,29,12,93,18,39,42,21,94,204,33,363,21,115,34,77,1.95,1.48,,49.42,93.75,10.87,42.32,8.03,1.63,6.95,1.24,6.77,1.29,3.81,0.59,3.82,0.57,11.92,1
59.04,13.25,6.45,0.08,2.90,6.64,1.26,1.28,0.96,0.17,434,31,16,117,12,31,48,22,63,264,31,279,21,103,33,73,1.57,1.23,,36.98,71.72,8.21,33.21,6.52,1.57,5.83,1.06,5.94,1.11,3.20,0.53,3.21,0.50,10.12,1
63.85,13.31,5.20,0.07,2.60,4.80,0.89,1.79,0.80,0.10,360,41,14,92,20,37,43,16,97,242,30,298,19,102,28,78,1.99,1.36,,42.01,80.80,9.34,37.31,7.06,1.39,5.87,0.99,6.06,1.04,3.05,0.52,3.24,0.48,10.39,0.5
52.45,12.84,4.97,0.07,2.85,8.12,1.21,1.80,0.79,0.27,399,13,14,99,6,23,42,16,89,349,24,269,18,82,44,105,1.73,1.08,,37.92,70.44,8.25,33.62,6.60,1.41,5.74,0.99,5.33,0.99,2.99,0.45,2.91,0.43,6.78,1
58.43,14.58,5.84,0.09,2.72,2.59,0.76,1.91,0.88,0.11,462,18,12,116,10,24,56,19,114,191,31,273,21,108,53,79,1.86,1.35,,42.90,81.06,9.36,37.67,7.29,1.43,6.19,1.04,5.78,1.14,3.32,0.52,3.34,0.54,9.07,0.5
57.10,14.09,5.68,0.08,2.93,3.49,0.53,1.70,0.84,0.11,440,16,13,110,10,26,61,15,116,196,30,267,20,116,44,77,1.81,1.35,,42.73,83.79,9.44,37.39,7.52,1.40,6.23,1.05,5.88,1.11,3.34,0.49,3.34,0.50,7.69,1
57.58,13.57,5.30,0.07,2.80,4.23,0.64,1.75,0.82,0.11,412,15,13,101,9,20,53,15,110,216,28,279,20,118,37,60,1.73,1.39,,46.41,87.38,9.82,39.80,7.52,1.46,6.36,1.12,6.18,1.15,3.38,0.51,3.44,0.51,9.01,0.5
58.77,13.63,5.34,0.09,2.54,3.66,0.61,1.67,0.84,0.10,408,16,12,111,9,30,54,16,102,183,28,290,20,107,37,108,1.69,1.38,,46.21,89.81,10.01,40.33,7.70,1.42,6.35,1.11,5.99,1.13,3.39,0.48,3.44,0.53,9.95,0.5
48.27,12.96,5.03,0.07,3.05,7.82,4.52,1.44,0.85,0.35,440,13,13,101,4,30,43,15,90,585,25,358,27,86,48,146,1.44,1.06,,77.20,130.77,14.39,55.13,9.47,1.78,8.01,1.25,6.28,1.14,3.45,0.50,3.28,0.50,14.88,2
59.69,12.00,3.50,0.05,1.87,8.04,2.49,1.33,0.77,0.10,318,11,11,85,5,15,26,12,52,339,28,509,29,65,33,38,1.36,1.03,,62.32,104.73,11.88,46.95,9.10,1.86,8.35,1.55,8.97,1.72,5.10,0.79,5.12,0.79,22.58,0.5
54.69,12.18,4.78,0.07,2.65,7.59,1.55,1.85,0.71,0.29,297,13,12,88,5,23,39,14,81,320,24,308,20,84,41,89,1.33,1.08,,44.05,78.25,9.10,35.27,6.50,1.31,5.62,1.01,5.58,1.06,3.30,0.53,3.30,0.52,9.30,1
59.05,14.2,6.54,0.1,3.27,2.96,1.25,1.67,0.95,0.07,438,20,13,132,5,25,74,22,67,192,30,416,17,190,53,62,1.70,2.89,,50.39,94.83,10.94,45.28,9.05,3.30,8.31,1.52,8.48,1.65,5.04,0.77,4.93,0.74,12.91,1
57.66,15.12,5.92,0.11,2.93,4,0.7,2.26,0.79,0.07,430,20,13,148,10,31,55,19,120,93,23,240,15,134,46,75,2.25,2.83,,50.59,91.50,10.40,41.13,7.49,2.35,6.40,1.11,5.94,1.10,3.37,0.51,3.24,0.52,8.24,1
52.07,12.13,5.42,0.07,3.63,7.51,1.9,1.48,0.8,0.14,361,20,14,120,4,27,56,18,54,307,21,275,15,136,73,101,1.51,1.98,,39.18,75.70,8.82,35.88,7.44,1.81,7.29,1.58,10.18,2.10,6.91,1.13,7.34,1.11,14.26,3
53.97,11.85,4.88,0.08,3.2,7.61,1.61,1.76,0.79,0.07,354,19,13,113,4,36,45,16,67,208,23,334,15,128,119,319,1.56,2.32,,54.78,103.56,12.42,50.63,10.02,2.84,8.30,1.42,7.56,1.39,4.23,0.65,3.98,0.65,8.67,1
60.46,12.12,4.26,0.07,2.61,5.06,1.4,1.66,0.77,0.07,360,17,10,96,6,24,39,13,67,214,25,358,14,114,28,40,1.74,2.02,,54.84,102.06,12.00,48.08,9.14,2.72,7.75,1.32,7.07,1.31,4.02,0.61,3.92,0.59,10.69,1
59.88,11.67,3.81,0.06,2.3,3.04,7.4,1.71,0.83,0.08,436,17,8,92,5,22,30,11,62,170,23,359,14,110,26,45,1.55,1.85,,50.11,91.97,10.82,43.34,8.31,2.56,7.07,1.25,6.82,1.27,3.95,0.62,3.97,0.62,11.24,1
56.73,11.68,3.54,0.06,2.91,4.78,7.9,1.52,0.72,0.13,457,19,9,78,10,24,31,11,60,340,26,393,20,83,28,47,2.02,1.65,,43.80,82.05,9.78,40.03,8.21,2.91,7.62,1.51,8.77,1.70,5.42,0.90,5.81,0.90,12.30,1
60.49,12.72,3.87,0.07,2.44,4.15,4.73,2.09,0.72,0.09,642,19,10,85,12,25,34,12,75,242,26,432,25,115,31,43,2.01,1.71,,91.49,156.71,17.29,65.27,10.78,3.43,9.25,1.51,7.91,1.52,4.60,0.71,4.66,0.68,16.21,1
48.1,11.45,8.56,0.21,4.89,8.58,1.09,2.11,0.66,0.55,535,22,18,92,8,22,60,28,114,1627,28,205,66,117,49,62,1.91,3.79,,131.12,206.73,33.49,135.76,22.13,5.20,17.70,2.47,10.03,1.61,4.54,0.57,3.58,0.52,8.40,1
58.28,13.08,5.45,0.1,2.83,4.8,1.01,2.07,0.81,0.15,542,19,12,111,9,23,50,13,97,245,27,358,24,130,33,52,1.91,2.46,,83.93,157.44,18.98,77.17,13.84,4.70,11.18,1.77,8.55,1.52,4.46,0.64,4.20,0.62,11.77,1
61.48,12.15,4.13,0.07,2.42,5.26,1.39,1.68,0.78,0.12,422,17,11,90,10,25,37,12,69,183,25,438,19,161,32,39,1.48,1.89,,64.43,118.23,13.76,54.29,10.53,3.18,8.91,1.56,8.41,1.54,4.76,0.70,4.63,0.69,14.95,1
64.94,14.32,5.44,0.1,2.39,1.78,0.66,1.7,0.89,0.06,437,17,11,126,8,26,51,16,86,110,26,309,17,137,35,44,1.70,2.41,,55.79,104.93,11.72,47.13,9.10,2.47,7.60,1.33,7.20,1.33,4.14,0.63,4.16,0.62,9.91,0.5
54.21,12.43,5.96,0.08,3.27,5.89,4.42,1.74,0.87,0.11,482,21,13,129,7,22,55,19,79,217,27,393,19,130,54,53,1.55,2.48,,50.06,93.78,10.67,42.68,8.51,2.77,7.54,1.36,7.68,1.46,4.54,0.68,4.57,0.68,8.93,1
58.05,12.65,4.98,0.07,3.79,3.91,5.47,2.26,0.75,0.13,414,18,12,99,7,28,48,13,98,189,24,296,12,137,41,56,1.75,2.44,,44.31,78.86,9.46,38.72,7.44,2.21,6.31,1.09,6.17,1.15,3.51,0.52,3.46,0.52,9.08,1
58.62,13.92,5.11,0.12,2.81,2.95,5.99,2.46,1.03,0.13,539,20,11,114,12,26,38,15,96,119,21,332,17,109,35,58,1.62,2.46,,48.24,85.41,10.09,39.63,7.29,1.90,5.93,0.97,5.26,0.95,2.95,0.46,2.94,0.44,8.56,0.5
57.88,13.14,5.8,0.09,3.51,3.17,2.18,1.35,0.99,0.08,336,19,12,121,6,21,82,20,50,167,24,339,17,170,44,53,1.35,1.81,,31.53,56.99,6.56,25.91,4.69,1.26,4.40,0.80,4.90,0.89,2.78,0.40,2.65,0.40,7.32,0.5
56.45,12.92,6.4,0.08,3.68,4.83,2.89,1.21,0.91,0.08,327,19,14,160,4,19,42,22,46,248,23,233,14,115,30,44,1.03,1.80,,22.42,38.65,4.79,19.77,4.14,1.35,3.71,0.71,4.32,0.80,2.43,0.38,2.60,0.37,5.60,0.5
48.92,11.13,4.4,0.07,4.07,10.58,1.95,1.37,0.72,0.06,360,20,14,106,7,23,41,14,62,601,22,294,13,91,30,36,0.95,1.20,,30.21,54.56,6.31,25.54,4.79,1.10,4.23,0.71,4.05,0.76,2.25,0.33,2.24,0.33,7.11,0.5
67.08,14.33,4.92,0.08,2.29,2.24,2.45,1.89,0.83,0.10,454,33,12,83,16,37,34,14,99,211,38,359,22,82,25,82,2.29,1.35,,52.83,106.10,12.04,48.60,9.00,1.74,7.67,1.38,7.56,1.44,4.26,0.68,4.15,0.65,11.19,1
58.8,11.51,3.76,0.06,2.38,4.89,3.12,1.75,0.73,0.09,388,17,9,89,5,22,32,8,65,210,24,361,18,111,23,40,1.07,1.02,,30.98,59.28,6.89,28.00,5.10,1.28,4.44,0.76,4.25,0.74,2.40,0.34,2.30,0.35,8.53,1
59.27,11.42,4.98,0.07,2.88,4.85,1.85,2.77,0.75,0.37,753,20,11,87,11,21,37,16,99,323,24,335,46,112,35,50,1.36,1.61,,121.76,202.04,25.13,99.41,15.29,4.43,12.83,1.40,6.16,0.98,2.88,0.38,2.51,0.34,8.62,3
53.17,11.7,6.2,0.1,3.31,6.6,1.91,2.64,0.68,0.4,915,20,13,91,6,21,43,15,100,420,26,280,59,108,45,51,1.34,1.88,,150.18,215.34,31.28,121.79,17.02,6.02,13.86,1.72,6.59,0.94,2.82,0.32,2.14,0.29,5.60,1
51.45,12.45,5.55,0.1,2.92,7.78,2.71,1.71,0.68,0.14,471,20,12,103,5,21,39,16,74,280,23,256,40,96,48,45,1.20,1.62,,66.18,124.57,13.79,53.99,8.62,2.61,7.22,1.06,4.95,0.83,2.44,0.34,2.20,0.33,6.54,1
51.72,11.6,5.33,0.07,2.98,8.96,1.32,2.01,0.69,0.27,441,20,13,101,7,21,47,15,83,253,26,312,21,117,40,57,1.07,1.45,,49.74,89.81,9.99,38.56,6.95,2.27,6.43,1.12,6.03,1.12,3.29,0.45,2.72,0.41,6.12,2
64.39,13.08,4.66,0.07,2.74,3.03,1.06,1.76,0.85,0.09,384,17,10,101,6,23,41,10,74,168,27,345,17,135,28,44,1.08,1.28,,34.13,62.39,7.27,29.38,5.53,1.84,4.93,0.88,4.90,0.94,2.82,0.41,2.81,0.44,8.87,1
64.29,12.87,4.6,0.08,2.45,2.99,1.95,1.43,0.83,0.07,361,17,10,106,8,23,39,13,63,134,25,324,17,133,38,34,1.05,1.32,,39.01,78.75,8.05,30.66,5.90,1.61,5.37,0.79,4.32,0.83,2.65,0.39,2.49,0.39,9.33,0.5
53.44,11.2,4.14,0.06,3.13,8.14,2.68,1.7,0.61,0.07,250,19,11,102,4,29,36,12,70,212,20,212,11,130,39,56,0.98,1.18,,23.88,42.76,4.93,19.49,3.63,1.00,3.20,0.57,2.93,0.58,1.80,0.27,1.63,0.26,4.05,0.5
65.89,13.19,4.74,0.12,2.4,1.78,0.9,2.1,0.92,0.1,375,17,9,156,7,29,41,16,77,108,21,238,16,135,40,59,1.02,1.48,,36.47,64.09,7.64,30.29,5.45,1.40,4.57,0.75,3.85,0.72,2.20,0.33,2.01,0.34,5.22,1
61.24,14.22,5.17,0.07,3.97,1.73,2.57,1.1,1,0.06,244,18,12,128,11,19,39,13,52,105,24,339,24,116,31,44,1.12,1.52,,48.72,84.39,9.28,34.91,5.94,1.90,5.17,0.80,4.15,0.79,2.56,0.35,2.31,0.35,6.76,0.5
58.55,13.05,4.97,0.06,2.98,5.14,2.39,1.26,0.9,0.06,287,18,12,126,8,20,37,16,50,182,21,259,15,111,27,38,1.00,1.44,,33.84,59.29,6.77,26.22,4.86,1.45,4.08,0.71,3.62,0.70,2.12,0.32,2.06,0.31,5.78,0.5
61.57,12.28,4.98,0.09,3.08,4.36,3.17,1.65,0.9,0.09,324,17,11,127,7,21,46,15,65,237,24,361,13,171,31,48,0.96,1.49,,36.57,66.67,7.87,31.63,6.09,1.88,5.25,0.88,4.73,0.91,2.73,0.42,2.62,0.42,7.75,1
67.87,12.36,4.56,0.08,2.14,1.90,1.81,2.29,0.81,0.29,331,28,10,80,8,44,32,22,84,180,34,287,19,75,38,102,1.99,1.25,,59.37,114.25,13.52,51.71,9.07,1.75,7.71,1.31,7.13,1.35,4.18,0.66,4.17,0.65,12.79,0.5
57.68,11.67,5.93,0.08,2.93,6.51,1.25,1.55,1.01,0.16,404,23,16,117,10,28,46,20,76,221,31,305,20,91,45,87,1.70,1.15,,47.52,86.06,9.83,38.60,7.16,1.52,6.25,1.06,5.80,1.11,3.44,0.53,3.32,0.50,9.65,0.5
62.1,12.83,4.59,0.08,2.37,2.36,1.38,2.17,0.81,0.1,443,17,9,96,7,25,39,12,84,167,26,318,17,112,32,54,1.22,1.30,,40.65,73.45,8.37,31.75,5.88,1.83,5.05,0.85,4.50,0.83,2.57,0.37,2.42,0.37,7.56,0.5
61.81,11.37,4.04,0.07,2.23,3.63,1.31,2.07,0.81,0.16,373,17,9,86,7,20,32,11,75,180,24,337,16,110,28,51,1.44,1.70,,57.63,107.60,12.27,47.82,8.89,2.66,7.57,1.26,6.53,1.26,3.89,0.56,3.73,0.57,11.48,0.5
60.45,12.68,4.87,0.08,2.31,2.93,1,2.22,0.82,0.1,404,19,10,104,4,23,40,13,82,153,24,285,17,129,29,57,1.53,2.04,,49.93,93.41,10.66,43.45,8.29,2.69,7.20,1.22,6.46,1.20,3.81,0.57,3.53,0.55,11.40,0.5
58.47,11.42,4.03,0.05,2.32,6.36,1.4,1.9,0.69,0.07,363,18,10,100,6,23,35,11,75,215,23,279,14,118,25,42,1.95,1.74,,45.33,84.21,9.84,37.79,7.36,2.02,6.51,1.15,6.52,1.26,3.71,0.56,3.70,0.54,9.82,1
62.08,11.93,4.43,0.07,2.36,4.07,1.44,1.66,0.82,0.08,354,17,9,107,5,21,37,12,61,176,25,314,17,131,28,43,1.60,2.07,,58.90,115.64,13.45,53.63,10.43,2.99,8.23,1.29,7.03,1.25,3.83,0.59,3.94,0.56,12.16,1
57.67,12.43,4.81,0.07,2.72,3.87,2.56,1.76,0.8,0.09,440,20,10,103,5,20,49,17,67,211,30,375,22,161,25,35,1.70,2.22,,47.61,90.16,10.44,42.61,9.53,3.55,8.15,1.64,10.07,1.91,5.64,0.88,5.86,0.79,12.79,0.5
57.55,12.8,5.26,0.08,3.24,4.18,1.24,2.16,0.79,0.07,295,19,11,124,4,28,45,15,90,122,22,234,15,148,40,68,1.67,2.43,,40.61,73.73,8.74,34.14,6.62,1.95,5.52,0.97,5.38,1.03,3.02,0.47,3.12,0.41,8.07,0.5
65.73,10.98,3.91,0.08,2.07,3.17,1.49,1.67,0.79,0.09,305,16,8,98,7,24,35,11,58,164,23,347,14,127,30,42,1.44,2.07,,43.70,78.64,9.43,36.70,7.24,2.18,6.17,1.05,5.85,1.14,3.44,0.56,3.71,0.54,14.82,1
58.44,12.43,4.78,0.07,3.15,4.13,2.14,1.66,0.82,0.11,281,18,11,102,6,24,38,13,59,142,23,295,18,114,33,47,1.73,2.30,,52.98,95.91,11.26,42.85,8.25,2.45,6.86,1.16,6.32,1.19,3.55,0.54,3.82,0.53,10.44,1
56.05,11.78,5.36,0.07,3.47,4.42,3.39,1.66,0.94,0.09,373,19,11,122,5,19,40,18,59,403,24,262,13,114,46,51,1.48,2.16,,53.26,96.55,11.28,43.18,8.21,2.47,6.91,1.09,5.75,1.07,3.05,0.44,3.02,0.44,9.83,1
63.23,13.49,5.07,0.09,2.5,1.89,1.27,2.07,0.86,0.06,391,17,10,114,4,20,43,14,77,132,27,303,15,150,32,47,1.83,2.21,,56.19,100.41,12.25,47.33,9.43,2.76,8.01,1.37,7.50,1.43,4.26,0.66,4.49,0.66,12.76,0.5
64.87,12.42,5.35,0.07,2.37,3.68,1.57,2.05,0.77,0.17,375,25,14,75,12,37,35,18,95,206,40,370,24,76,41,100,2.29,1.25,,60.49,112.43,13.15,50.77,9.15,1.88,8.00,1.42,7.77,1.51,4.54,0.73,4.54,0.72,15.85,4
68.84,13.01,4.10,0.07,1.78,2.04,1.99,2.22,0.68,0.17,345,28,11,74,16,42,26,16,107,234,34,404,28,63,29,80,2.66,1.30,,80.35,141.47,15.30,55.65,9.44,1.89,8.15,1.41,7.54,1.49,4.54,0.72,4.40,0.68,16.81,1
65.41,12.48,5.21,0.08,2.38,2.92,1.48,1.84,0.79,0.28,409,23,13,88,9,30,31,14,84,244,37,321,22,79,38,90,2.00,1.33,,62.10,105.61,12.04,47.09,8.84,1.84,7.94,1.44,8.31,1.57,4.69,0.70,4.31,0.64,12.45,1
58.18,13.97,5.24,0.07,2.78,2.72,1.76,2.16,0.81,0.09,545,21,11,111,10,25,33,15,96,239,28,330,20,94,44,57,2.00,2.14,,73.76,131.71,15.14,56.88,10.67,3.40,9.05,1.54,8.36,1.57,4.65,0.71,4.65,0.65,13.57,0.5
59.73,12.69,4.92,0.08,2.69,3.41,1.16,2.42,0.75,0.2,432,19,11,96,4,24,41,11,91,209,25,268,16,103,36,62,1.86,1.98,,52.29,95.08,11.22,42.52,8.17,2.39,6.95,1.18,6.59,1.25,3.72,0.56,3.84,0.51,9.53,0.5
60.69,12.13,4.58,0.07,2.5,4,1.77,1.92,0.8,0.08,386,18,10,105,5,24,40,14,76,197,25,328,17,124,27,47,1.58,2.05,,49.92,93.36,11.21,42.58,8.56,2.43,7.23,1.23,7.17,1.34,3.96,0.60,3.97,0.58,10.56,1
54.24,12.32,4.89,0.07,2.57,6.42,1.27,1.77,0.81,0.08,364,19,11,114,4,21,38,14,71,222,24,276,18,123,32,45,1.72,2.19,,46.35,85.92,10.21,39.91,8.02,2.52,6.87,1.24,7.17,1.40,4.07,0.66,4.26,0.59,10.48,1
62.57,10.66,3.53,0.05,2.19,4.11,1.89,1.84,0.76,0.05,363,17,8,84,6,22,28,9,63,203,23,331,15,118,20,33,1.76,1.63,,50.51,97.15,10.93,44.33,7.99,2.22,7.08,1.28,7.30,1.34,4.25,0.66,4.47,0.69,12.71,0.5
62.17,11.87,4.25,0.06,2.52,3.1,1.46,2.05,0.79,0.07,344,18,9,95,8,24,38,9,77,151,23,332,15,126,31,53,1.58,1.93,,43.63,80.79,9.40,37.84,6.93,2.04,6.31,1.14,6.49,1.21,3.78,0.59,3.99,0.58,11.22,0.5
64,10.65,3.49,0.06,2.17,4.61,1.21,1.66,0.69,0.06,313,16,8,85,4,22,31,11,61,210,22,306,14,105,35,35,1.37,1.75,,46.21,85.89,9.98,40.11,7.47,2.20,6.81,1.24,6.90,1.30,4.17,0.64,4.13,0.65,11.36,0.5
59.29,10.73,3.97,0.06,2.4,6.3,1.29,1.62,0.74,0.07,293,17,10,93,4,21,35,13,60,155,22,327,13,117,42,39,1.42,1.75,,40.02,72.29,8.39,33.91,6.09,1.88,5.68,1.05,5.64,1.08,3.37,0.54,3.43,0.52,12.69,0.5
57.14,14.62,6.55,0.08,3,2.34,1.23,2.12,1.02,0.07,351,20,13,143,7,22,55,21,82,131,24,235,14,152,47,57,1.79,2.93,,55.91,101.17,11.51,45.47,8.52,2.61,7.39,1.23,6.38,1.17,3.62,0.55,3.54,0.54,9.06,0.5
60.28,13.23,4.95,0.08,2.59,3.29,1.08,2.42,0.78,0.08,357,19,10,101,8,20,29,15,82,106,23,237,12,119,21,62,2.12,2.40,,50.32,90.97,10.82,42.72,8.04,2.27,6.96,1.22,6.47,1.18,3.56,0.52,3.45,0.54,7.82,0.5
67.96,13.80,4.59,0.07,2.05,1.81,2.20,2.34,0.67,0.10,360,29,13,85,12,39,30,19,104,231,34,321,25,60,32,80,2.95,1.25,,54.52,101.81,11.21,41.94,7.58,1.60,6.93,1.24,7.17,1.45,4.41,0.71,4.34,0.69,18.48,1
66.21,13.82,4.78,0.08,2.27,2.26,1.90,1.97,0.74,0.12,355,29,12,81,6,31,33,21,91,256,39,386,21,88,29,79,3.32,1.26,,47.72,88.50,10.03,38.12,7.30,1.53,6.63,1.27,7.07,1.48,4.54,0.77,4.61,0.73,14.64,0.5
67.87,11.95,4.19,0.07,2.23,2.90,1.83,1.85,0.65,0.28,354,25,11,67,11,38,29,15,79,236,33,333,15,86,32,84,1.93,1.21,,55.42,94.61,11.15,43.46,8.00,1.55,7.17,1.26,7.23,1.43,4.39,0.68,4.29,0.65,12.82,0.5
61.70,13.79,7.15,0.09,3.74,2.43,1.38,1.83,0.92,0.15,368,28,15,107,11,31,64,22,111,293,36,352,20,178,36,98,1.97,1.30,,44.69,86.28,10.01,39.90,8.23,1.82,7.72,1.54,9.14,1.72,5.08,0.78,4.96,0.76,15.09,0.5
60.21,13.18,5.35,0.08,2.71,3.15,1.5,2.2,0.85,0.09,437,19,11,111,6,24,46,14,86,180,26,294,16,162,37,60,1.77,2.28,,47.93,87.76,10.21,40.66,7.64,2.44,6.75,1.27,6.94,1.32,4.01,0.60,4.11,0.64,13.12,0.5
60.5,12.54,5.15,0.07,2.53,3.7,2.14,1.84,0.96,0.09,498,20,10,112,9,22,38,16,75,256,32,402,30,141,29,49,1.46,1.95,,43.11,78.92,9.23,39.01,7.84,2.82,7.38,1.46,8.60,1.70,5.32,0.84,5.51,0.83,12.94,1
56.06,13.15,5.74,0.08,2.58,5.07,1.51,1.45,1.01,0.07,383,19,12,123,6,23,49,16,72,165,29,334,28,177,39,48,1.47,2.08,,47.20,86.70,9.90,39.53,7.38,2.38,6.50,1.24,6.47,1.20,3.77,0.58,3.74,0.56,9.74,1
57.34,13.43,5.69,0.07,2.64,5.21,1.53,1.36,0.86,0.1,316,18,12,124,8,21,52,18,59,149,26,356,15,146,35,42,1.10,2.01,,40.53,74.95,8.57,34.73,6.45,2.06,5.77,0.97,5.23,0.96,3.04,0.45,2.96,0.48,8.96,0.5
45.99,10.98,4.61,0.06,2.73,13.09,1.55,1.15,0.7,0.09,214,19,14,110,4,20,37,12,47,132,22,263,13,104,124,34,0.99,1.55,,35.89,65.02,7.27,29.35,5.35,1.56,5.02,0.92,5.15,0.92,2.79,0.44,2.87,0.43,7.22,2
59.02,11.97,4.42,0.07,2.25,5.93,1.21,1.68,0.78,0.09,286,17,11,109,5,29,37,12,63,124,20,269,15,140,30,47,1.23,1.63,,34.18,62.91,7.16,29.08,5.89,1.38,5.41,1.02,6.59,1.25,4.03,0.63,4.17,0.62,7.74,0.5
56.58,16.91,6.27,0.07,2.97,2.47,1.2,2.94,0.88,0.07,445,23,14,129,11,27,54,20,130,129,25,258,16,134,48,47,2.58,2.98,,71.46,133.63,15.05,60.21,11.87,2.82,9.40,1.44,7.72,1.35,4.07,0.56,3.95,0.57,9.96,1
53.63,14.47,5.06,0.06,2.8,5.75,1.78,2.27,0.82,0.07,308,22,13,117,9,25,36,17,92,118,23,252,13,118,44,52,2.18,2.47,,73.94,134.14,15.36,60.94,11.83,2.55,9.66,1.50,7.93,1.36,4.17,0.57,3.92,0.54,9.72,0.5
61.03,14.89,5.38,0.08,2.73,2.79,0.86,2.39,0.8,0.06,358,20,12,115,9,21,42,15,101,96,25,273,15,127,34,46,2.31,2.61,,48.59,90.98,10.29,41.69,8.49,2.11,6.99,1.21,7.07,1.33,3.94,0.56,3.98,0.57,8.73,0.5
63.20,12.98,5.32,0.08,2.94,3.33,1.59,2.32,0.74,0.22,353,28,14,95,13,32,42,20,102,219,31,290,18,87,33,89,2.44,1.26,,62.18,115.80,12.54,46.52,7.94,1.68,6.80,1.16,6.35,1.22,3.69,0.60,3.81,0.58,10.57,1
66.91,13.32,4.68,0.07,2.39,1.92,1.68,2.13,0.73,0.13,344,33,13,84,4,37,36,17,94,199,35,354,15,95,33,92,2.50,1.37,,45.62,86.06,9.89,37.71,6.98,1.36,6.26,1.28,7.61,1.54,4.76,0.81,4.68,0.77,13.94,0.5
66.83,13.46,4.83,0.07,2.22,2.50,1.69,1.76,0.76,0.09,359,36,12,80,9,31,36,21,81,234,41,407,20,105,29,76,2.93,1.25,,42.97,81.82,9.55,37.01,7.39,1.56,6.51,1.35,7.99,1.68,5.27,0.89,5.34,0.85,15.25,0.5
61.26,13.89,6.70,0.08,3.15,3.40,1.39,1.72,0.93,0.14,345,35,13,110,7,30,53,25,95,258,37,349,21,156,38,80,2.81,1.41,,41.85,79.67,9.11,35.95,7.10,1.55,6.30,1.22,7.09,1.42,4.36,0.72,4.44,0.70,12.56,1
59.86,12.93,4.27,0.06,2.49,3.48,5.18,1.92,0.89,0.08,472,20,10,96,9,26,35,14,75,214,32,416,35,133,22,40,2.30,2.04,,69.43,128.35,14.51,57.46,11.71,3.00,10.02,1.75,10.93,2.07,6.58,0.98,6.47,0.94,16.10,0.5
60.21,13.38,6.18,0.09,2.88,2.83,1.6,2.09,0.96,0.18,454,20,12,128,10,27,54,19,99,197,29,308,24,140,39,59,1.82,2.74,,57.53,106.72,12.60,51.53,10.41,2.99,9.00,1.50,8.76,1.60,4.80,0.70,4.61,0.67,11.06,1
62.35,14.32,5.99,0.08,2.66,1.88,1.55,1.72,0.95,0.08,415,19,12,128,10,23,49,18,79,156,30,329,21,142,36,48,2.40,2.80,,73.88,133.62,15.12,60.72,11.66,3.01,9.66,1.57,9.26,1.65,5.10,0.74,5.14,0.75,11.29,0.5
61.27,13.67,4.91,0.08,2.63,2.58,2.73,1.25,0.89,0.09,329,19,10,110,9,19,37,13,46,127,22,306,16,118,42,40,1.48,2.53,,54.77,97.66,10.35,39.83,7.10,1.95,6.21,1.02,6.33,1.18,3.80,0.55,3.80,0.58,11.10,0.5
58.64,13.97,5.41,0.09,3.14,3.58,1.88,1.92,0.86,0.07,257,20,12,123,9,24,42,16,83,101,20,273,15,139,39,53,1.60,2.69,,47.35,89.48,10.02,40.13,7.65,1.99,6.30,1.04,5.94,1.03,3.33,0.50,3.29,0.50,14.38,1
57.02,14.59,5.27,0.07,2.69,4.13,1.69,2.04,0.86,0.07,341,21,11,120,12,22,49,16,91,115,22,290,15,117,33,45,1.86,2.55,,69.75,128.24,14.58,57.49,11.21,2.56,8.89,1.44,8.33,1.49,4.49,0.63,4.34,0.63,12.61,1
54.56,15.66,5.67,0.06,2.79,4.58,1.25,2.86,0.94,0.09,416,24,12,131,12,28,50,19,122,139,25,287,15,117,55,54,2.41,2.78,,67.12,125.36,14.31,57.33,11.05,2.65,8.99,1.41,7.90,1.39,4.27,0.58,3.85,0.59,11.31,1
52.82,14.69,6.14,0.06,3.14,5.76,1.28,2.19,0.82,0.07,332,21,13,118,6,20,40,18,92,124,25,250,13,116,34,53,2.44,2.88,,67.84,125.40,14.10,56.67,10.56,2.65,8.91,1.45,7.22,1.24,3.87,0.54,3.69,0.55,8.83,1
66.18,13.64,4.17,0.05,2.62,1.94,1.17,2.06,0.66,0.07,300,17,10,84,13,19,33,11,73,113,25,222,12,129,24,44,1.94,1.92,,75.75,141.69,16.35,63.42,11.90,2.82,9.81,1.52,7.67,1.31,3.87,0.57,3.68,0.54,8.90,1
64.38,14.30,5.79,0.08,2.85,1.66,1.43,2.15,0.79,0.10,341,33,12,92,13,41,41,22,114,176,34,320,18,98,40,90,2.69,1.37,,56.34,104.50,11.79,45.43,8.53,1.55,7.06,1.30,7.24,1.35,4.21,0.70,4.34,0.70,11.47,1
64.15,13.73,5.68,0.08,2.87,2.15,1.40,2.05,0.83,0.10,351,28,12,92,10,34,54,22,99,187,34,339,20,133,33,85,2.87,1.39,,46.45,86.97,10.08,38.70,7.40,1.51,6.41,1.26,7.45,1.49,4.54,0.75,4.57,0.75,13.14,1
64.70,14.06,6.37,0.08,2.96,2.04,1.47,1.92,0.88,0.10,364,36,14,101,13,31,48,21,116,206,44,378,29,128,36,80,2.33,1.28,,49.09,92.66,10.66,42.98,8.54,1.73,7.85,1.49,8.99,1.78,5.58,0.88,5.52,0.83,12.55,0.5
62.43,13.67,5.87,0.08,3.04,2.75,1.61,2.11,0.88,0.14,345,28,14,98,8,36,47,13,110,222,43,317,23,141,41,85,2.25,1.28,,44.38,85.35,9.83,38.95,7.60,1.59,7.02,1.32,7.66,1.48,4.53,0.71,4.58,0.70,12.34,0.5
59.31,12.28,4.45,0.06,2.66,3.62,5.76,1.63,0.85,0.07,442,18,9,105,11,23,45,16,67,214,26,341,20,152,157,44,1.98,1.98,,52.80,98.44,11.52,45.65,9.11,2.55,7.89,1.37,7.63,1.35,4.11,0.63,4.17,0.63,11.50,0.5
63.95,13.26,4.99,0.07,2.53,1.94,1.69,2.06,0.81,0.07,402,18,10,101,7,22,43,13,79,184,28,325,17,163,27,43,1.74,2.18,,52.30,97.01,11.47,45.31,8.51,2.61,7.35,1.34,7.50,1.35,4.29,0.65,4.33,0.69,14.66,0.5
61.35,12.44,4.57,0.07,3.46,3.71,2.07,1.86,0.82,0.22,399,18,11,100,9,22,46,13,73,199,25,312,19,125,34,45,1.93,1.99,,60.62,109.08,12.60,50.00,9.24,2.74,8.16,1.44,8.51,1.65,5.25,0.87,6.02,0.93,13.29,1
61.87,11.86,4.17,0.07,2.49,4.48,2.11,1.66,0.76,0.1,318,18,10,94,10,41,41,13,61,176,22,295,14,121,28,40,1.59,1.80,,43.20,79.70,9.41,37.33,7.12,2.08,6.17,1.11,6.33,1.14,3.64,0.56,3.53,0.56,11.35,1
62.71,12.38,4.68,0.06,2.65,2.14,1.7,1.82,0.89,0.07,280,17,9,110,6,26,35,11,67,108,20,249,16,141,28,42,1.65,2.20,,40.68,76.90,9.01,35.68,6.89,1.86,6.20,1.07,5.92,1.10,3.33,0.51,3.22,0.47,11.19,1
56.79,15.14,5.38,0.08,2.52,4.96,1.87,2.46,0.92,0.08,408,21,12,136,18,25,44,15,90,145,25,289,14,122,39,60,1.95,2.41,,86.91,155.96,17.82,70.42,12.51,3.10,10.72,1.66,8.42,1.49,4.24,0.64,4.02,0.60,11.56,1
59.95,15.55,6.03,0.08,3,2.01,1.3,2.84,0.95,0.09,470,23,12,127,14,25,52,20,116,157,26,257,16,139,54,55,2.19,2.57,,65.50,118.98,13.88,54.14,10.24,2.76,8.96,1.46,7.34,1.22,3.59,0.54,3.36,0.51,8.61,0.5
56.67,15.31,4.45,0.03,2.65,4.58,2.09,2.92,0.65,0.05,314,23,11,89,18,16,30,11,104,128,23,225,13,107,29,40,2.34,2.05,,90.33,165.82,19.10,74.29,13.69,3.32,11.05,1.77,8.36,1.45,4.23,0.64,3.83,0.58,7.81,1
54.13,14.44,4.71,0.04,3.07,1.84,5.3,2.86,0.63,0.08,353,21,10,81,4,22,29,15,103,96,23,157,13,118,26,50,2.40,2.14,,78.94,144.25,16.66,64.88,11.93,2.93,9.61,1.54,7.57,1.28,3.95,0.59,3.55,0.53,5.32,0.5
60.19,15.68,4.63,0.06,1.61,1.8,1.82,3.73,0.67,0.17,501,25,16,65,34,27,27,8,240,126,31,390,46,81,26,51,3.09,1.19,5.30,47.53,99.88,11.15,42.46,7.49,1.50,6.07,0.97,4.66,0.97,2.70,0.42,2.74,0.39,9.29,1.5
64.35,15.77,4.88,0.06,1.42,0.72,1.18,3.89,0.83,0.1,564,19,30,83,53,1.5,31,9,199,95,41,454,35,88,20,57,2.56,1.55,4.71,140.39,277.94,29.22,110.50,19.33,3.51,15.35,2.29,10.02,1.91,5.35,0.75,4.80,0.68,12.62,1.5
66.66,14.01,4.57,0.06,1.68,1.1,1.37,3,0.91,0.15,347,21,8,79,30,27,29,11,152,113,27,313,18,86,24,57,2.62,1.6,5.33,90.59,176.13,19.15,72.76,12.78,2.32,10.28,1.55,6.41,1.23,3.45,0.47,3.13,0.44,8.29,1.5
56.13,13.41,4.24,0.05,1.86,6.88,1.26,2.65,0.71,0.14,311,19,13,74,23,28,35,16,128,111,27,341,13,70,23,54,2.45,1.45,2.77,100.77,179.64,19.88,74.68,12.86,2.45,10.35,1.55,6.16,1.13,3.19,0.42,2.79,0.39,8.99,1.5
57.08,15.92,6.37,0.08,2.83,1.51,2.22,3.27,0.91,0.11,483,28,11,97,16,29,37,16,164,127,27,364,18,96,32,66,2.91,1.49,3.17,64.3,131.92,14.97,57.03,9.64,2.3,7.94,1.25,5.55,1.13,3.21,0.46,3.01,0.43,9.73,1.5
57.44,15.25,6.63,0.09,2.77,3.52,3.7,2.3,1.58,0.53,533,17,12,121,15,22,29,19,99,359,43,864,34,100,21,56,4.11,1.5,3.24,123.39,229.8,26.89,102.69,16.59,3.75,13.84,2.16,9.67,1.94,5.45,0.75,4.84,0.68,22.94,1.5
57.84,15.42,6.66,0.09,2.44,3.18,3.28,2.45,1.43,0.43,573,23,11,105,14,28,26,14,103,308,45,940,37,67,17,61,3.52,1.4,2.86,135.38,258.15,29.89,115.89,18.03,4.15,14.78,2.29,9.86,1.97,5.64,0.75,4.9,0.68,24.31,1.5
63.07,13.99,5.91,0.09,2.22,3.05,2.27,2.22,1.2,0.39,523,19,16,105,18,29,35,8,102,275,37,399,41,101,18,76,1.92,1.23,3.36,84.50,167.49,19.36,75.53,12.39,2.98,10.04,1.51,7.10,1.46,4.10,0.57,3.63,0.51,11.47,1.5
56.52,14.46,5.67,0.08,2.4,5.93,2.03,2.74,1.1,0.31,510,21,18,87,23,30,30,9,124,267,39,965,39,88,16,65,2.27,1.26,3.30,92.11,180.39,20.68,79.71,12.91,2.88,10.51,1.59,7.22,1.46,4.16,0.57,3.75,0.55,25.63,1.5
61.07,17.68,4.14,0.05,1.33,1.44,2.47,4.01,0.66,0.12,434,24,16,61,32,20,24,7,214,116,32,514,46,67,9,40,6.00,1.28,2.89,51.88,108.13,11.97,45.03,8.06,1.56,6.75,1.11,5.53,1.15,3.21,0.49,3.07,0.44,15.71,1.5
61.6,15.63,6.22,0.07,2.1,2.46,1.72,3.11,0.88,0.08,425,27,14,119,16,17,43,16,184,127,29,469,19,103,37,56,3.34,1.38,1.82,42.91,72.35,8.93,34.41,6.38,1.73,5.63,0.99,5.33,1.16,3.25,0.52,3.45,0.49,13.42,1.5
59.59,13.47,7.94,0.11,4.32,2.94,1.01,2.62,1.03,0.14,360,25,13,119,18,14,60,19,139,82,38,335,16,123,56,74,2.63,1.52,3.33,50.10,82.67,10.47,40.71,7.48,1.84,6.67,1.22,6.75,1.53,4.27,0.67,4.30,0.60,9.97,1.5
67.53,15.62,7.44,0.07,1.67,1.08,1.08,2.35,0.95,0.11,369,28,12,104,17,13,37,19,126,93,33,262,17,106,25,152,3.08,1.93,2.05,48.79,78.30,10.07,38.26,6.88,1.65,5.81,0.99,5.30,1.19,3.49,0.58,3.96,0.57,7.23,1.5
66.07,14.58,4.22,0.07,1.63,0.85,0.94,4.25,0.88,0.1,787,16,15,74,24,47,30,9,214,88,35,648,38,96,19,47,1.98,1.19,3.56,51.80,108.60,11.83,44.74,8.30,1.93,7.32,1.32,7.71,1.79,5.13,0.84,5.45,0.78,19.62,11
68.73,15.65,3.92,0.03,1.33,0.57,1.17,3.52,0.8,0.1,489,17,13,81,37,23,24,4,160,94,25,285,37,87,11,47,1.85,1.35,3.84,82.39,164.21,17.85,68.74,12.06,2.30,9.75,1.32,4.97,0.91,2.56,0.34,2.26,0.33,6.74,1.5
59.48,13.6,5.31,0.07,2.54,4.89,1.39,2.53,0.8,0.14,423,18,16,106,23,30,41,9,122,139,28,274,30,115,32,64,1.75,1.12,3.57,45.10,90.91,10.05,38.49,6.90,1.65,5.84,0.94,4.65,0.96,2.63,0.39,2.49,0.35,7.55,1.5
61.39,13.37,5.62,0.07,2.43,3.31,1.92,2.49,0.91,0.11,419,21,11,95,12,30,41,19,123,151,22,296,16,89,33,54,2.59,1.26,2.23,43.47,95.32,10.1,38.36,6.71,1.69,5.58,0.92,4.45,0.91,2.56,0.37,2.48,0.35,8.06,1.5
57.16,14.93,6.54,0.08,2.86,3.31,2.88,3.04,1.22,0.35,665,25,10,93,12,19,29,14,142,313,29,542,26,76,18,53,3.6,1.26,2.73,81.16,167.19,18.98,72.75,11.75,2.97,9.51,1.47,6.53,1.32,3.77,0.51,3.28,0.47,14.19,1.5
56.08,15.53,6.79,0.09,2.52,3.45,2.64,3.13,1.31,0.26,532,27,12,106,18,23,28,14,156,245,38,702,33,74,24,60,3.51,1.4,3.05,105.69,198.64,22.93,87.49,14.45,3.51,11.91,1.85,8.1,1.63,4.6,0.64,4.14,0.56,18.08,1.5
61.34,16.57,4.09,0.06,1.43,2.38,2.83,3.44,1.12,0.14,856,22,15,65,22,26,14,7,148,250,38,1589,60,48,9,42,3.56,1.35,4.25,87.52,176.23,20.50,82.44,14.22,4.55,11.27,1.71,7.82,1.49,4.13,0.57,3.64,0.54,45.47,1.5
62.34,16.34,4.55,0.07,1.69,1.62,2.28,3.19,0.93,0.12,520,23,14,66,30,46,20,7,164,191,38,1395,81,55,13,51,3.37,1.33,4.28,76.83,155.02,18.85,74.04,12.26,3.23,9.76,1.52,7.26,1.49,4.13,0.61,4.14,0.59,37.99,1.5
69.45,15.29,4.45,0.07,1.36,1.38,2.28,3.97,0.86,0.12,498,25,10,65,28,24,19,10,203,128,38,1052,27,64,18,43,3.37,1.31,2.16,80.71,143.28,17.58,67.11,11.77,2.52,9.95,1.56,7.54,1.56,4.42,0.66,4.37,0.62,26.28,1.5
61.83,17.81,4.08,0.05,1.36,1.11,2.38,3.19,0.62,0.07,273,26,12,57,43,6,19,9,181,94,36,431,39,51,11,33,3.87,1.21,3.91,63.72,131.95,14.80,54.30,10.00,1.55,8.22,1.37,7.10,1.45,3.98,0.60,3.82,0.54,14.76,1.5
52.1,17.16,7.14,0.08,3.42,4.66,1.62,2.19,1.04,0.1,252,22,19,135,19,24,61,22,134,117,39,257,30,156,65,51,2.31,1.24,4.26,38.06,77.45,7.56,29.35,5.50,1.58,4.89,0.85,4.61,0.97,2.63,0.42,2.68,0.38,8.46,1.5
56.7,18.3,7.55,0.07,1.87,1.18,1.11,2.78,0.99,0.07,421,25,14,96,18,20,40,16,152,89,27,278,16,106,35,76,2.72,1.66,3.28,47.65,91.89,9.42,35.96,6.48,1.72,5.65,0.96,5.08,1.09,3.03,0.48,2.97,0.43,8.11,1.5
60.87,17.21,6.72,0.05,1.67,0.82,1.44,2.86,1.17,0.07,425,22,12,107,15,13,40,14,148,100,30,234,23,105,24,45,2.60,1.48,3.36,54.03,74.42,10.99,41.70,7.24,1.85,6.28,1.06,5.36,1.18,3.36,0.53,3.42,0.48,7.05,1.5
65.55,15.71,3.73,0.04,1.58,1.06,1.1,4.12,0.7,0.14,567,17,14,79,44,27,25,6,164,97,31,406,30,82,16,46,1.88,1.28,3.55,110.81,223.26,23.72,89.65,15.89,3.03,12.58,1.69,6.28,1.12,3.23,0.43,2.83,0.40,10.90,1.5
63.89,14.65,4.77,0.04,1.79,1.66,1.04,3.02,0.7,0.13,408,16,16,88,28,21,32,8,165,113,25,241,32,93,19,61,2.05,1.32,4.45,57.56,117.73,13.33,49.66,8.77,1.84,7.35,1.06,4.45,0.83,2.36,0.32,2.10,0.30,6.59,1.5
59.44,15.83,5.06,0.06,3.11,3.36,1.26,3.34,0.66,0.12,617,19,16,105,26,37,39,7,154,141,24,257,34,111,30,57,2.09,1.14,3.95,48.57,97.59,10.85,40.18,7.07,1.73,6.07,0.89,3.93,0.75,2.10,0.29,1.90,0.28,6.90,1.5
56.21,15.94,4.26,0.07,2.2,3.39,4.87,2.27,1.12,0.14,497,18,16,102,32,19,21,10,114,196,28,365,33,82,15,45,2.80,1.20,4.14,52.49,108.10,11.51,43.89,7.87,1.85,6.54,1.05,5.24,1.07,2.96,0.45,2.81,0.41,11.03,1.5
61.03,16.01,4.97,0.07,1.79,2.22,3.94,2.58,1.22,0.2,382,27,11,73,30,21,23,12,119,211,40,1533,42,51,18,55,3.37,1.37,2.87,148.63,275.33,31.46,119.35,17.55,3.88,14.42,2.23,9.15,1.83,5.27,0.68,4.53,0.65,36.03,1.5
59.93,17.14,5.21,0.11,1.98,2.07,2.68,3.2,0.95,0.1,613,23,16,84,25,32,26,13,174,180,33,741,48,88,19,51,3.52,1.21,3.07,48.88,101.87,11.13,43.15,7.58,2.17,6.38,1.07,5.44,1.19,3.31,0.51,3.35,0.48,19.69,1.5
62.33,16.34,4.49,0.07,1.5,1.53,2.03,3.93,0.73,0.17,457,23,13,57,32,16,22,7,230,118,34,630,49,55,17,53,3.33,1.20,4.28,56.97,116.35,12.75,49.35,8.56,1.83,7.33,1.21,6.02,1.28,3.61,0.55,3.60,0.50,17.69,1.5
62.84,16.88,3.87,0.05,1.22,1.32,2.08,3.51,0.65,0.1,249,21,12,56,47,12,16,7,205,91,36,451,40,51,15,36,3.07,1.21,3.94,57.84,117.45,13.15,49.72,9.41,1.32,7.65,1.29,6.74,1.37,3.73,0.55,3.52,0.51,15.80,1.5
62.14,15.46,5.68,0.08,2.15,1.78,2.85,2.53,1.02,0.1,314,18,9,84,15,22,32,14,128,97,29,423,19,91,23,56,3.37,1.31,2.09,52.05,107.79,12.13,46.46,8.42,1.63,6.79,1.18,5.95,1.25,3.64,0.55,3.68,0.53,12.67,1.5
59.49,16.92,4.26,0.06,2.07,1.45,3.16,3.37,0.77,0.12,294,23,10,61,21,29,26,11,184,119,32,454,23,58,17,39,4.6,1.2,1.8,57.83,116.91,13.72,51.64,9.19,1.55,7.45,1.21,5.63,1.13,3.18,0.45,2.98,0.43,13.77,1.5
50.54,13.63,7.72,0.09,4.35,5.98,1.84,2.34,1.21,0.1,233,24,15,112,10,16,58,21,107,113,25,256,14,110,55,38,2.13,1.29,3.34,36.54,84.01,8.16,30.89,5.68,1.34,4.85,0.87,4.66,1.01,2.83,0.44,2.94,0.4,7.98,1.5
52.01,17.09,7.12,0.07,2.52,3.55,1.1,2.6,0.86,0.12,414,29,15,95,13,21,46,19,139,115,32,199,14,118,37,74,2.41,1.34,2.87,56.57,109.27,11.15,42.30,7.39,1.85,6.43,1.02,5.19,1.09,2.97,0.45,2.83,0.40,5.96,1.5
60.91,15.31,7.2,0.12,2.27,1.07,0.9,2.19,0.92,0.12,319,21,13,123,13,22,53,18,99,67,29,250,12,120,46,55,1.86,1.18,2.56,44.47,86.06,8.89,34.92,6.29,1.69,5.64,0.94,4.97,1.07,2.89,0.43,2.66,0.39,6.29,1.5
64.5,15.57,4.62,0.03,1.45,0.71,1.06,3.25,0.9,0.13,443,20,14,189,42,12,24,8,160,100,26,313,40,79,19,60,2.17,1.48,4.51,86.98,175.34,18.56,69.56,12.32,2.46,9.79,1.33,5.05,0.91,2.49,0.33,2.24,0.31,9.94,1.5
64.48,15.88,4.97,0.04,1.81,0.72,1.05,3.2,0.76,0.11,421,17,16,23,28,19,32,7,158,106,27,238,37,91,21,56,1.74,1.45,4.06,77.04,150.62,16.12,60.47,10.25,2.08,8.36,1.15,4.62,0.88,2.47,0.34,2.22,0.31,5.64,1.5
65.17,13.54,4.7,0.07,2.83,2.21,1.58,2.44,0.77,0.1,490,16,16,89,18,24,35,8,124,128,26,276,29,121,20,50,2.11,1.09,4.02,37.47,77.48,7.93,29.94,5.40,1.38,4.67,0.76,3.84,0.82,2.34,0.37,2.53,0.37,9.27,1.5
57.23,14.8,5.99,0.06,4.08,5.78,0.98,2.48,0.75,0.12,492,19,15,136,21,38,43,16,119,120,26,164,21,108,47,82,3.30,1.06,3.73,61.14,120.40,13.17,49.12,8.67,1.98,7.16,1.09,5.16,1.03,2.94,0.44,2.82,0.42,13.05,1.5
59.26,15.3,5.1,0.08,3.01,3.6,1.79,2.43,0.95,0.17,429,22,16,86,21,27,32,15,144,196,28,422,52,113,23,55,3.04,1.11,4.77,56.02,112.14,11.93,44.30,7.69,1.74,6.50,1.02,5.19,1.08,3.05,0.46,3.30,0.44,11.61,1.5
60.73,16.19,5.24,0.09,2.83,2.01,1.42,3.88,0.76,0.15,483,23,14,82,31,22,33,11,250,128,28,362,45,125,18,55,3.49,1.42,5.21,47.40,95.50,9.62,36.68,6.80,1.49,5.76,1.00,5.51,1.17,3.37,0.53,3.44,0.48,14.58,1.5
59.8,17.03,5.73,0.08,1.96,1.71,1.93,3.31,0.97,0.11,436,24,14,82,39,6,24,10,213,114,37,633,53,66,21,65,3.17,1.25,3.16,64.80,130.88,14.58,55.46,10.25,1.64,8.31,1.38,6.65,1.44,3.98,0.59,3.90,0.55,18.95,1.5
63.9,15.8,4.35,0.07,1.32,1.5,2.26,3.36,0.69,0.07,292,24,9,57,20,29,24,14,200,108,30,568,21,61,14,47,4.99,1.31,2.08,51.15,112.7,12.27,46.93,8.9,1.51,7.28,1.26,6.39,1.35,3.85,0.59,3.9,0.57,16.63,1.5
60.53,17.32,4.28,0.07,1.64,1.3,3.74,1.97,1.02,0.11,183,21,13,73,51,1.5,21,9,113,92,38,502,47,55,16,57,2.51,1.02,3.99,89.94,181.78,19.12,72.64,13.16,1.78,10.42,1.55,7.47,1.46,4.13,0.62,4.02,0.57,16.35,1.5
60.61,16.47,4.88,0.07,1.61,1.37,3.09,2.4,0.91,0.09,287,25,9,81,25,25,28,13,130,106,34,617,26,64,20,48,3.67,1.2,2.38,52.65,111.26,12.42,46.55,8.58,1.5,7.17,1.22,5.94,1.27,3.47,0.51,3.52,0.5,17.22,1.5
55.5,13.91,8.33,0.11,4.41,2.3,0.75,2.05,1.01,0.12,359,19,14,116,13,22,62,19,106,72,25,227,12,142,52,68,2.02,1.16,3.49,37.72,80.36,7.92,31.32,5.98,1.70,5.26,0.89,4.65,1.00,2.67,0.40,2.55,0.36,6.72,1.5
53.14,13.96,7.78,0.12,3.57,5.1,0.61,2.06,0.96,0.13,374,17,15,104,9,22,70,20,99,87,28,240,13,150,47,110,1.83,1.15,2.84,45.25,91.97,9.38,36.52,6.64,1.79,5.74,0.97,4.97,1.06,2.88,0.44,2.69,0.40,7.21,1.5
53.93,15.28,9.47,0.14,3.04,3.01,1.46,1.02,1.1,0.13,425,18,16,186,5,19,87,32,52,67,30,198,9,172,92,79,1.25,1.03,1.53,28.07,67.11,6.37,26.39,5.47,1.70,5.19,0.95,5.31,1.17,3.14,0.50,2.95,0.44,5.60,50
57.9,15.48,4.14,0.04,1.7,4.29,2.97,2.84,0.8,0.1,451,16,15,89,48,21,24,10,140,121,30,264,35,77,16,59,1.71,1.07,3.41,77.62,152.21,16.47,60.80,10.45,1.99,8.76,1.24,5.10,0.92,2.54,0.36,2.19,0.31,5.58,1.5
67.96,13.17,4.55,0.04,2.07,1.06,1.04,2.84,0.61,0.11,450,15,15,82,31,30,31,7,150,85,27,278,33,79,28,64,1.64,1.25,3.12,57.05,112.72,12.20,45.42,7.90,1.68,6.53,0.96,4.22,0.81,2.41,0.34,2.26,0.33,6.71,1.5
63.64,14.81,4.39,0.06,2.14,2.17,1.43,3.97,0.66,0.14,522,21,15,76,26,34,30,6,199,112,24,257,36,73,21,51,2.61,1.20,4.97,34.52,72.28,6.96,26.34,4.82,1.19,4.13,0.69,3.55,0.74,2.12,0.33,2.12,0.31,7.37,1.5
49.44,18.47,5.49,0.08,2.61,4.37,3.51,3.54,0.86,0.09,526,24,14,100,26,22,40,13,207,161,26,267,36,109,28,63,3.61,1.20,3.91,49.34,99.78,10.49,38.70,6.93,1.71,5.85,0.95,4.59,0.94,2.58,0.38,2.54,0.37,14.39,1.5
59.55,16.22,5.49,0.12,2.09,1.9,2.48,3.84,0.77,0.11,361,25,11,76,28,23,33,15,218,106,27,333,17,82,27,70,3.86,1.6,2.46,49.19,99.97,10.49,39.75,7.2,1.52,5.75,1,5.12,1.06,3,0.46,3.03,0.43,9.01,1.5
57.75,16.36,6.09,0.08,1.93,1.72,1.66,3.71,0.88,0.12,310,25,11,77,22,24,36,17,241,107,28,394,23,79,21,71,3.48,1.45,2.58,61.77,122.96,14.06,53.63,9.92,1.76,7.7,1.26,5.84,1.13,3.15,0.45,2.91,0.41,10.57,1.5
61.02,16.21,5.42,0.08,1.94,2.17,1.6,3.1,0.85,0.12,324,24,12,73,31,17,28,11,159,110,37,431,18,80,24,54,3.35,1.26,3.08,77.21,149.78,15.52,59.00,10.70,1.92,8.98,1.45,7.37,1.59,4.49,0.70,4.39,0.66,13.40,130
58.97,17.63,5.49,0.08,2.13,1.32,2.86,2.61,0.91,0.09,257,25,11,71,33,13,27,14,127,115,34,432,21,76,16,55,4.15,1.27,1.90,89.43,160.79,18.31,68.53,12.04,1.96,9.89,1.48,6.93,1.46,4.08,0.62,4.01,0.59,13.58,1.5
59.7,17.19,5.61,0.08,1.84,1.36,1.72,3.73,0.81,0.08,292,25,12,66,30,20,28,8,192,117,32,486,22,68,15,58,3.99,1.40,1.58,65.20,128.41,13.58,51.51,9.66,1.61,8.04,1.29,6.36,1.32,3.63,0.54,3.50,0.51,16.52,1.5
55.55,14.84,6.94,0.09,3.27,3.33,1.24,2.66,0.88,0.11,387,22,14,114,16,18,57,18,142,115,26,237,13,152,47,72,2.34,1.41,2.28,39.18,82.84,8.03,30.62,5.94,1.40,5.13,0.86,4.42,0.96,2.57,0.39,2.49,0.36,7.87,1.5
53.86,12.88,6.8,0.11,2.92,6.37,0.72,1.95,0.94,0.14,305,14,12,108,12,23,69,22,79,74,26,221,10,132,54,71,1.46,1.08,1.64,31.26,63.75,6.79,26.90,5.37,1.46,4.67,0.85,4.69,1.00,2.66,0.42,2.65,0.38,6.69,1.5
56.97,15.94,8.73,0.15,2.03,1.32,1.22,1.96,1.15,0.1,293,24,14,152,13,15,70,23,90,58,30,244,13,149,70,50,1.59,1.24,2.35,38.87,77.15,8.37,33.27,6.52,1.81,5.75,0.99,5.30,1.12,3.04,0.47,2.94,0.42,6.96,1.5
64.77,12.47,7.2,0.08,3.4,1.12,0.81,1.77,0.72,0.07,334,14,10,101,8,24,54,19,84,65,22,218,9,135,55,99,1.40,1.12,1.37,28.25,57.99,6.15,24.13,4.67,1.42,4.08,0.78,3.95,0.88,2.36,0.38,2.29,0.37,6.25,1.5
63.38,13.96,4.19,0.04,1.68,3.24,1.2,3.09,0.6,0.09,340,17,10,67,23,30,31,13,140,93,23,331,14,67,24,55,2.49,1.48,2.86,106.56,187.92,19.77,73.71,12.63,2.43,9.85,1.44,5.44,0.92,2.64,0.34,2.34,0.33,7.21,1.5
62.81,14.18,5.01,0.07,2.14,3.17,1.57,3.34,0.77,0.12,440,23,11,86,21,29,32,14,154,98,26,350,16,80,25,62,2.70,1.29,1.84,65.67,110.74,13.43,50.34,9.02,2.01,7.86,1.21,5.64,1.13,3.15,0.47,3.13,0.44,9.83,1.5
60.66,16.44,5.1,0.07,2.17,1.91,1.92,3.87,0.69,0.12,481,24,14,83,31,16,27,12,211,129,30,291,41,85,46,52,3.45,1.35,4.42,48.53,100.37,10.72,40.39,7.13,1.49,5.91,0.97,4.98,1.09,3.02,0.49,3.15,0.44,9.27,1.5
58.19,17.74,5.76,0.08,1.81,1.12,1.97,4.05,0.75,0.09,453,24,18,77,39,1.5,36,10,273,91,36,311,41,95,16,53,3.68,1.48,3.38,98.06,182.48,19.22,70.52,11.52,1.83,9.98,1.51,7.12,1.48,4.19,0.62,3.98,0.55,9.83,1.5
59.36,16.64,5.86,0.09,2.14,1.9,1.67,3.77,0.88,0.1,358,25,13,78,23,14,31,14,217,107,30,608,19,79,21,57,4.00,1.40,3.50,71.57,142.84,14.91,55.27,10.60,1.75,8.82,1.46,8.00,1.82,5.29,0.88,5.80,0.84,21.61,1.5
57.5,17.95,6.34,0.11,1.9,1.03,1.49,4.4,0.73,0.1,348,29,13,68,24,24,29,12,245,92,34,500,18,71,23,66,4.67,1.62,1.74,58.55,120.85,12.14,45.64,8.66,1.65,7.32,1.24,6.69,1.48,4.18,0.67,4.40,0.64,17.70,1.5
58.08,18.03,6.48,0.08,2.16,1.32,1.53,3.42,0.91,0.08,403,27,14,88,17,18,39,11,171,116,26,314,17,103,29,61,2.86,1.45,2.73,57.36,112.48,11.29,44.87,7.48,1.84,6.37,1.02,5.25,1.10,3.08,0.46,3.07,0.44,10.02,1.5
58.57,17.76,7.02,0.08,2.33,1.72,2.21,3.43,0.96,0.08,365,16,16,90,19,14,31,16,153,95,27,321,14,105,17,65,2.50,1.54,2.61,68.05,129.73,14.32,53.94,9.17,1.47,7.74,1.15,5.62,1.00,3.07,0.45,2.83,0.44,13.18,2
54.63,16.66,8.01,0.1,4.02,3.1,1.5,3.11,0.92,0.13,358,25,17,114,12,15,60,25,139,118,30,203,13,144,62,71,2.21,1.82,2.75,45.10,89.99,10.26,39.48,6.89,1.44,5.93,0.97,4.89,0.88,2.64,0.38,2.48,0.37,6.74,2
56.39,14.16,8.9,0.15,5.98,3,1.24,1.66,1.11,0.14,253,16,14,130,5,16,88,32,82,82,28,263,13,192,77,83,1.42,1.37,2.11,36.83,73.15,8.58,34.72,6.51,1.33,5.64,0.97,5.14,0.92,2.83,0.43,2.68,0.41,7.97,2
60.59,14.82,7.42,0.15,1.88,1.34,1.25,1.77,0.88,0.1,374,18,12,127,12,14,60,19,83,58,29,254,14,136,45,55,1.27,1.22,1.94,31.78,63.51,6.93,27.81,5.50,1.59,5.02,0.94,5.33,1.20,3.22,0.50,3.12,0.43,5.81,1.5
57.25,14.57,9.45,0.18,2.32,1.93,0.97,1.68,1.05,0.1,331,22,14,153,13,14,64,30,71,71,26,207,11,119,85,88,1.91,1.15,2.24,35.99,72.86,7.80,30.72,6.01,1.61,5.21,0.93,5.13,1.15,3.24,0.50,3.33,0.46,7.04,1.5
64.84,13.17,8.03,0.14,4.06,0.72,2.09,1.62,1.03,0.09,341,18,9,121,7,78,49,28,61,44,26,187,11,132,46,327,1.07,1.56,1.31,33.08,63.16,7.62,30.80,5.67,1.30,5.00,0.83,4.55,0.87,2.65,0.39,2.41,0.37,6.02,1
67.08,14.28,4.6,0.04,1.82,0.75,0.95,3.19,0.57,0.11,520,16,14,83,39,34,31,5,160,89,23,299,34,84,25,66,1.79,1.21,3.31,80.26,154.81,16.51,61.32,10.59,2.17,8.75,1.15,4.06,0.69,1.99,0.27,1.82,0.26,7.13,1.5
59.68,13.86,5.59,0.07,2.36,4.48,2.24,2.69,0.95,0.11,453,21,13,104,26,18,33,16,99,110,25,357,14,96,28,57,2.10,1.17,1.68,79.73,136.67,16.47,62.20,10.76,2.28,8.84,1.25,5.19,1.04,2.94,0.42,2.89,0.41,9.05,1.5
57.33,17.56,6.46,0.12,2.66,1.74,1.82,3.36,0.89,0.09,456,23,16,99,34,12,43,18,167,118,34,359,39,107,32,63,4.09,1.29,4.09,60.62,121.91,13.48,51.14,9.01,1.93,7.61,1.21,6.14,1.31,3.73,0.59,3.90,0.58,14.87,1.5
54.17,17,7.57,0.1,2.48,2.01,1.39,3.37,0.92,0.11,387,30,15,102,18,16,54,20,167,125,27,296,17,113,44,60,3.36,1.27,1.94,50.75,102.32,10.54,40.02,7.32,1.68,6.12,1.01,5.20,1.14,3.11,0.47,3.07,0.42,9.49,1.5
54.89,16.73,7,0.07,3.38,2.61,1.45,2.97,0.92,0.09,309,28,14,107,13,15,46,18,143,101,20,228,14,120,45,66,2.68,1.25,2.53,43.95,88.74,8.90,33.37,5.99,1.45,4.96,0.80,3.85,0.81,2.21,0.34,2.16,0.31,7.65,1.5
37.36,11.07,5.51,0.08,4.61,16.11,0.62,1.72,0.89,0.18,285,18,12,76,6,18,66,16,90,89,24,152,10,105,41,66,1.47,0.85,1.83,26.93,53.05,5.61,21.86,4.15,1.14,3.69,0.66,3.56,0.78,2.15,0.32,2.08,0.29,4.12,1.5
50.93,14.64,9.16,0.12,4.24,3.97,0.87,2.01,1.11,0.1,299,22,14,145,7,12,69,25,91,79,25,182,13,134,76,63,1.89,1.23,2.46,31.76,63.24,6.93,27.41,5.42,1.58,4.84,0.86,4.81,1.03,2.75,0.43,2.72,0.38,5.78,1.5
52.37,18.42,11.59,0.09,3.94,1.91,1.55,2.94,1.25,0.08,344,25,22,161,9,18,86,39,128,81,26,189,10,209,73,94,1.75,1.74,1.79,34.76,65.16,8.51,33.49,6.54,1.48,5.60,0.92,5.03,0.92,2.66,0.40,2.69,0.38,6.50,2
62.22,14.26,8.99,0.13,2.82,1.82,1.34,1.04,1.4,0.09,266,17,14,167,1,16,63,33,49,116,25,241,14,146,85,124,1.07,1.17,1.32,27.91,53.72,6.58,26.50,5.12,1.28,4.73,0.81,4.39,0.83,2.47,0.38,2.46,0.37,7.40,3
67.35,13.94,7.28,0.13,1.97,1.29,1.14,1.96,1.32,0.08,327,18,11,147,7,13,66,27,84,101,26,274,16,157,66,82,1.44,1.22,2.19,30.29,58.91,7.13,29.27,5.57,1.41,4.87,0.83,4.61,0.89,2.56,0.37,2.53,0.35,8.47,3
63.16,14.58,9.17,0.15,3.17,0.96,0.85,1.76,1.08,0.09,361,13,16,179,5,15,73,26,81,54,30,207,10,108,168,128,1.33,1.51,1.78,33.67,64.34,8.04,32.69,6.51,1.46,5.68,0.97,5.18,0.98,2.93,0.43,2.88,0.41,6.43,3
65.04,13.77,8.37,0.12,3.31,1.16,0.94,1.88,1.08,0.08,302,19,13,138,5,27,66,32,88,65,27,220,13,130,79,122,1.43,1.84,1.38,33.62,64.86,7.95,32.27,5.82,1.31,4.90,0.84,4.52,0.88,2.60,0.41,2.49,0.38,6.54,2
65.92,13.35,7.81,0.13,3.59,0.9,1.4,1.82,0.76,0.09,324,12,12,114,5,13,57,27,90,49,25,179,13,122,60,87,1.55,2.22,1.37,32.06,60.36,7.62,30.07,5.53,1.21,4.81,0.82,4.57,0.88,2.65,0.42,2.67,0.38,4.43,0.1
58.69,15.99,4.5,0.04,1.94,2.78,1.7,3.24,0.53,0.11,447,23,13,69,20,30,29,12,142,94,19,291,11,78,26,63,2.32,1.37,2.70,81.43,159.50,16.42,61.13,10.66,2.28,8.65,1.19,4.50,0.78,2.15,0.29,1.95,0.29,8.28,1.5
53.62,12.38,5.5,0.06,3.96,7.52,1.01,2.63,0.78,0.16,526,19,15,98,11,20,45,15,96,96,24,224,11,85,45,64,1.70,1.03,2.14,36.27,60.54,7.68,29.36,5.39,1.43,4.74,0.81,4.22,0.93,2.58,0.40,2.56,0.37,5.78,1.5
54.06,12.49,7.84,0.1,4.52,5.82,1.36,2.02,1.13,0.2,307,21,15,144,10,17,63,24,89,108,26,223,14,133,49,76,2.07,1.16,3.39,33.65,53.27,7.16,28.05,5.55,1.55,4.95,0.89,4.95,1.08,2.95,0.46,2.96,0.42,6.89,1.5
51.04,12.82,8.09,0.1,3.92,8.16,1.53,1.85,1.29,0.2,367,24,16,131,12,24,44,22,76,100,34,248,16,105,71,49,1.82,1.32,2.22,39.62,64.11,8.67,34.66,6.91,1.90,5.99,1.10,6.09,1.32,3.58,0.57,3.62,0.52,7.39,1.5
57.08,12.07,8.56,0.1,3.78,5.29,1.68,1.94,1.17,0.21,372,23,13,138,11,16,100,29,73,131,23,226,13,180,77,67,1.71,1.09,1.92,32.40,52.72,6.87,26.80,5.08,1.49,4.47,0.76,4.10,0.90,2.44,0.38,2.52,0.36,6.96,1.5
57.09,14.07,7.71,0.11,5.12,2.58,1.22,2.01,0.96,0.15,312,21,13,128,10,11,62,22,90,96,26,224,11,148,78,72,1.87,1.39,2.21,35.96,71.94,7.76,30.29,5.75,1.71,4.96,0.85,4.56,1.01,2.70,0.42,2.80,0.39,6.40,1.5
58.53,13.59,7.67,0.11,3.44,2.95,1.42,1.52,1.04,0.11,284,19,13,136,10,11,62,23,69,96,21,197,12,159,59,60,1.37,1.29,1.81,27.01,55.54,5.81,22.94,4.46,1.34,3.94,0.71,3.85,0.83,2.26,0.35,2.25,0.32,4.96,5.5
62.62,14.38,8.98,0.11,2.89,2.12,1.12,1.58,1.08,0.11,314,22,15,157,3,12,71,32,66,72,26,185,12,147,82,78,1.32,1.29,1.53,24.41,47.10,5.78,23.53,4.60,1.14,4.39,0.77,4.40,0.84,2.60,0.40,2.51,0.39,4.44,3
64.13,12.74,8.47,0.16,4.82,0.85,1.06,1.75,0.95,0.08,318,19,11,127,7,18,57,28,102,52,26,190,12,123,92,103,1.55,2.47,1.25,32.51,61.43,7.45,29.83,5.50,1.15,4.83,0.82,4.62,0.88,2.64,0.40,2.46,0.37,5.30,2
69.99,12.72,7.14,0.12,2.54,0.73,0.96,1.92,1.01,0.08,384,14,10,132,8,13,54,31,81,44,23,188,11,123,79,79,1.34,1.73,1.59,30.40,58.97,7.02,27.81,5.11,1.16,4.42,0.72,3.95,0.77,2.44,0.38,2.46,0.37,5.79,3
58.11,13.27,9.08,0.13,4.69,1.06,1.78,1.53,1.01,0.09,344,26,12,133,7,14,60,29,76,46,22,164,11,149,65,115,1.28,2.02,1.39,28.07,54.63,6.90,27.98,5.31,1.32,4.78,0.86,4.82,0.95,2.81,0.42,2.54,0.41,5.25,3
58.61,13.77,10.34,0.13,4.89,1.33,3.16,1.99,1.03,0.08,308,21,14,162,6,18,70,36,82,51,24,158,11,161,81,115,1.16,1.75,1.39,28.20,54.45,6.64,27.39,5.20,1.30,4.61,0.82,4.64,0.83,2.57,0.36,2.42,0.35,4.52,3
60.31,13.36,8.65,0.15,4.78,1.57,2.57,1.54,0.94,0.12,323,18,13,139,4,36,67,25,82,66,24,154,10,147,89,87,1.08,2.11,1.35,28.77,55.26,6.54,26.76,5.16,1.35,4.62,0.84,4.96,0.90,2.75,0.36,2.47,0.38,4.32,2
56.06,16.86,5.96,0.09,2.84,1.64,1.18,3.7,0.99,0.14,649,21,18,122,28,30,36,15,176,116,28,294,35,105,29,61,1.96,1.22,3.65,40.24,82.88,8.12,30.96,5.71,1.51,4.87,0.79,3.99,0.82,2.22,0.34,2.10,0.31,6.16,1.5
53,13.49,6.6,0.11,4.64,5.72,0.94,2.39,0.8,0.13,509,18,17,161,18,39,53,19,114,128,27,190,27,107,116,102,1.46,0.95,3.45,25.69,53.42,5.35,21.30,4.22,1.36,3.80,0.69,3.75,0.82,2.24,0.35,2.30,0.31,5.28,1.5
48.92,13.72,6.61,0.08,2.47,10.02,1.27,2.19,0.91,0.11,413,20,20,119,8,16,50,21,93,123,25,233,12,101,68,66,1.59,1.04,2.32,28.44,47.96,6.38,25.81,5.18,1.55,4.47,0.81,4.42,0.94,2.53,0.39,2.51,0.36,5.94,1.5
63.26,13.24,5.54,0.08,2.59,3.6,2.69,2.04,0.77,0.15,425,21,12,101,9,16,35,16,63,191,20,167,12,84,45,48,1.67,0.93,1.26,22.61,36.31,4.82,19.05,3.79,1.33,3.33,0.62,3.60,0.80,2.14,0.34,2.16,0.31,4.68,1.5
53.17,15.95,8.68,0.12,2.99,4.18,1.52,1.85,1.02,0.16,470,22,22,193,14,30,50,26,78,176,29,220,27,111,94,65,1.25,0.99,3.85,23.25,47.86,4.94,20.55,4.35,1.53,4.04,0.78,4.61,1.00,2.80,0.45,2.84,0.40,5.96,1.5
58.17,14.56,9.13,0.14,3.05,2.99,1.86,2.55,1.17,0.1,456,24,16,140,7,11,73,24,77,113,22,211,12,217,95,109,1.64,1.01,1.64,29.82,60.83,6.47,26.00,5.23,1.71,4.66,0.85,4.68,1.00,2.71,0.42,2.66,0.37,6.71,1.5
55.56,12.88,10.14,0.12,6.49,1.6,1.83,3.81,1.12,0.11,335,23,14,160,6,13,76,31,71,50,20,153,10,267,34,102,1.08,1.06,1.37,31.41,70.51,6.84,27.49,5.35,1.76,4.74,0.85,4.57,1.00,2.67,0.40,2.62,0.36,5.14,1.5
51.07,14.21,11.17,0.17,7.33,1.58,2.24,3.45,1.29,0.09,294,25,17,210,3,16,84,40,77,38,25,150,10,238,123,143,1.13,1.30,1.30,27.00,53.48,6.57,28.23,5.98,1.71,5.31,0.98,5.64,1.02,3.06,0.44,2.89,0.43,5.03,1
52.46,14.28,11.17,0.36,7.77,1.04,1.89,3.15,1.15,0.11,359,19,16,222,3,16,86,34,76,40,24,175,9,289,81,164,1.30,1.35,1.50,33.68,65.52,7.90,33.52,6.51,1.73,5.66,0.93,5.10,0.93,2.72,0.37,2.52,0.37,5.47,4
55.22,14.2,11.12,0.16,5.77,0.93,2.97,2.62,1.21,0.1,397,24,12,164,11,14,89,30,79,66,26,208,10,341,63,135,1.28,1.21,1.49,31.52,60.73,7.16,29.77,5.73,1.62,5.34,0.89,5.17,0.92,2.80,0.41,2.60,0.39,6.67,1
54.83,12.69,11.49,0.14,5.97,2.21,2.98,1.61,1.31,0.12,274,23,12,153,4,30,135,35,61,84,24,149,11,305,136,137,0.94,1.17,1.31,25.93,49.34,6.28,26.54,5.16,1.40,4.66,0.79,4.49,0.86,2.40,0.33,2.26,0.34,4.54,5
55.73,13.05,10.87,0.16,4.25,3.06,2.12,1.04,1.35,0.11,248,20,14,157,3,18,143,40,49,109,25,183,15,331,137,115,1.49,1.25,1.45,29.79,58.38,7.12,30.42,5.94,1.58,5.24,0.89,5.06,0.93,2.68,0.39,2.66,0.37,5.55,0.1
53.83,12.62,12.11,0.15,4.51,3.31,2.23,1.52,1.28,0.1,371,25,14,151,3,23,187,42,64,125,24,158,12,326,161,162,1.55,1.29,1.23,30.32,59.17,7.29,30.73,6.23,1.62,5.26,0.85,4.52,0.80,2.31,0.33,2.11,0.31,4.74,0.1
50,12.88,4.96,0.09,3.15,9.41,1.03,2.41,0.7,0.12,439,19,12,114,17,107,53,16,131,166,30,223,25,124,44,252,1.64,0.86,4.03,28.67,57.90,5.66,22.37,4.38,1.19,3.95,0.72,4.00,0.87,2.39,0.38,2.51,0.35,5.43,1.5
57.66,13.33,5.15,0.08,3.41,5.6,1.83,1.58,0.75,0.1,372,18,15,112,18,28,37,14,80,191,27,234,26,97,33,47,1.22,0.76,2.28,24.55,51.71,4.82,19.36,3.75,1.11,3.23,0.59,3.20,0.73,2.01,0.31,2.01,0.28,5.08,1.5
57.43,16.65,7.05,0.08,2.88,2.76,2.81,1.43,1.06,0.13,322,22,17,149,13,26,34,20,69,193,29,252,29,79,51,48,1.70,0.84,3.70,32.21,65.64,6.46,25.34,4.85,1.54,4.39,0.80,4.39,0.97,2.73,0.44,2.78,0.41,6.73,1.5
58.22,17.16,5.44,0.08,1.73,3.37,4.64,2.3,0.71,0.11,626,23,13,83,28,28,26,17,83,404,24,411,12,42,36,49,2.11,1.09,1.86,25.66,56.94,5.71,22.95,4.87,1.62,4.19,0.9,5.58,1.26,3.45,0.56,3.59,0.51,5.45,1.5
58.38,15.13,7.64,0.09,2.47,3.52,3.41,1.75,1.11,0.09,402,26,12,137,23,19,51,21,69,217,27,215,14,108,59,61,2.39,1.06,2.15,32.34,70.95,7.06,27.77,5.47,1.98,4.53,0.84,4.74,1.02,2.82,0.45,3,0.43,10.9,1.5
56.57,15.3,8.26,0.12,3.32,3.01,2.1,2.31,0.85,0.14,554,31,15,119,6,14,51,21,82,228,24,211,12,104,187,67,2.04,1.09,2.20,34.00,68.99,6.99,27.63,5.37,1.89,4.80,0.85,4.77,1.01,2.76,0.41,2.75,0.39,6.49,1.5
60.52,14.95,6.36,0.09,2.5,2.13,2.4,2.39,0.85,0.1,553,29,11,90,15,20,35,15,89,184,26,256,15,72,46,56,1.92,0.94,2.74,45.83,89.93,8.77,35.00,6.27,1.96,5.63,0.94,5.09,1.09,2.93,0.44,2.84,0.41,8.16,1.5
59.44,14.53,10.15,0.16,3.21,1.3,2.36,2.28,1.21,0.13,542,19,12,147,5,11,61,28,72,64,35,234,13,179,100,75,1.50,1.09,1.32,29.10,57.51,7.10,31.04,6.65,1.69,6.56,1.19,7.10,1.28,3.90,0.57,3.82,0.55,6.78,3
56.45,14.35,11.06,0.17,4.71,1.15,1.81,3.16,1.28,0.09,407,20,14,188,4,15,75,28,80,56,29,179,12,196,98,136,1.49,1.18,1.55,33.23,65.51,8.07,34.41,6.82,1.90,6.28,1.11,6.56,1.13,3.44,0.47,3.05,0.44,5.34,3
54.86,13.11,11.18,0.17,6.08,1.77,2.42,2.54,1.2,0.09,374,19,14,177,4,61,86,33,79,59,25,170,13,213,138,264,1.42,1.51,1.77,33.63,65.14,7.84,32.40,6.17,1.65,5.29,0.91,5.06,0.92,2.76,0.39,2.53,0.39,5.01,2
65.11,14.55,5.42,0.08,1.88,1.95,3.02,2.27,0.69,0.1,538,21,11,82,11,22,27,16,109,216,27,230,15,57,34,63,1.71,1.07,1.95,41.41,80.85,9.00,35.21,6.30,1.45,5.45,0.86,4.83,0.85,2.66,0.43,2.84,0.44,7.34,1
60.15,16.38,8.54,0.1,2.18,1.65,2.58,2.14,0.99,0.08,440,20,14,137,6,13,36,25,91,126,31,187,13,65,56,69,1.69,1.26,2.18,39.30,77.77,8.43,32.52,6.37,1.50,6.05,1.04,5.91,1.12,3.43,0.51,3.44,0.51,5.85,2
62.46,18.01,5.32,0.08,1.36,1.49,3.14,3.42,0.58,0.07,608,24,10,54,18,30,22,15,143,195,32,283,25,45,34,83,2.42,1.03,2.87,54.05,104.72,11.03,39.54,7.08,1.54,6.11,0.96,5.00,0.96,3.16,0.49,3.28,0.50,8.67,2
62.91,14.89,5.8,0.08,2.81,2.14,2,2.17,0.88,0.1,394,20,12,101,13,18,28,18,83,198,25,453,13,65,44,56,1.84,1.01,1.96,43.05,67.71,8.50,31.98,5.64,1.72,4.85,0.81,4.35,0.93,2.60,0.41,2.72,0.39,12.71,1.5
56.38,16.57,7.5,0.08,2.79,3.36,2.87,1.33,1.14,0.16,431,25,15,147,9,15,37,17,55,317,27,425,14,80,56,51,1.71,1.16,1.32,25.26,48.15,5.73,23.10,4.39,1.44,3.76,0.69,4.00,0.89,2.54,0.43,2.97,0.44,5.55,1.5
60.91,15.93,5.78,0.07,2.17,2.6,3.75,1.59,0.94,0.11,359,27,12,109,13,16,29,15,71,251,27,356,19,50,48,43,2.21,0.90,2.11,38.77,59.25,7.79,29.79,5.69,1.86,4.89,0.88,4.71,1.06,2.83,0.45,2.95,0.42,9.91,1.5
57.29,16,6.57,0.08,2.37,3.1,3.62,2.28,0.84,0.11,559,27,11,104,22,22,39,16,89,246,27,260,13,67,63,55,2.27,1.07,2.11,36.25,76.11,7.74,30.16,5.83,1.86,4.89,0.91,4.94,1.08,2.95,0.46,3.02,0.42,6.36,1.5
58.42,15.42,7.53,0.09,2.57,2.6,3.33,2.36,0.84,0.11,474,27,10,109,19,21,43,20,86,214,27,280,13,76,60,56,1.97,1.07,2.24,37.66,81.07,8.04,31.48,6.15,1.81,5.1,0.97,5.25,1.15,3.11,0.48,3.07,0.43,7.02,1.5
56.21,14.65,8.07,0.09,3.01,3.84,1.9,2.25,0.92,0.14,422,29,14,121,12,18,48,22,90,212,27,276,10,111,83,71,1.60,1.01,2.57,45.36,90.12,9.02,34.32,6.43,1.85,5.52,0.95,5.27,1.11,3.00,0.45,2.83,0.41,9.09,1.5
56.22,14.46,7.68,0.1,3.52,3.43,2.14,2.01,0.96,0.14,837,29,14,109,12,19,56,24,74,183,29,227,14,141,60,75,2.12,0.97,3.36,40.15,81.94,8.25,31.55,5.93,2.07,5.22,0.89,4.84,1.05,2.79,0.43,2.85,0.41,6.75,1.5
45.83,11.37,14.62,0.16,8.24,4.4,1.73,1.2,1.17,0.08,324,20,16,169,3,14,370,62,62,79,22,135,8,751,250,106,1.08,1.42,1.09,33.61,60.61,8.58,36.90,7.09,1.85,5.81,0.89,4.41,0.75,2.22,0.31,1.93,0.26,3.91,4
57.69,14.6,10.64,0.11,3.36,1.33,3.13,2.09,1.34,0.08,431,23,11,142,7,17,52,26,64,98,23,163,14,276,70,81,1.22,1.17,1.63,38.50,75.98,8.57,34.51,6.36,1.63,5.49,0.86,4.73,0.85,2.57,0.38,2.43,0.34,5.48,1
60.56,15.55,8.72,0.11,2.4,2.22,3.27,1.63,1.24,0.1,425,26,14,138,6,13,38,23,56,176,36,261,15,76,65,55,1.43,1.10,1.68,30.84,59.87,7.16,28.93,6.22,1.51,5.89,1.06,6.18,1.16,3.51,0.54,3.50,0.50,7.81,2
61.85,15.39,7.2,0.09,2.51,2.12,3.04,1.71,0.94,0.08,422,24,13,112,11,18,42,22,77,174,27,281,15,100,45,64,1.40,1.15,1.98,38.91,76.33,8.50,32.85,6.40,1.31,5.46,0.90,4.80,0.86,2.64,0.40,2.55,0.38,8.34,1
59.72,14.69,7.85,0.11,2.31,3.39,2.24,2.57,0.88,0.11,458,26,14,135,15,17,41,24,126,214,34,296,15,77,61,81,1.60,1.28,2.32,37.57,73.88,8.17,32.42,6.63,1.58,6.03,1.01,5.93,1.08,3.40,0.51,3.39,0.51,9.05,0.1
60.28,16.59,8.96,0.14,2.79,2.11,1.96,2.22,0.87,0.08,562,24,13,129,11,15,39,26,92,135,36,210,17,82,99,100,1.81,1.13,2.02,50.02,98.00,11.55,43.73,8.16,1.77,6.94,1.12,5.92,1.09,3.27,0.50,3.32,0.49,6.11,3
62.39,14.09,5.73,0.07,2.5,2.68,2.87,1.85,0.85,0.11,509,23,12,109,10,19,39,18,74,293,29,301,13,86,47,45,1.86,0.95,1.55,33.85,53.29,7.16,28.48,5.50,1.80,4.74,0.86,4.73,1.02,2.83,0.44,2.85,0.40,8.30,1.5
57.55,16.89,7.48,0.09,2.33,3.34,2.48,1.76,0.95,0.11,497,24,21,139,13,42,41,14,75,276,32,345,31,85,63,51,1.68,0.96,3.68,28.40,60.70,6.21,24.88,5.09,1.80,4.59,0.86,4.75,1.05,2.83,0.44,2.83,0.41,9.35,1.5
59.99,16.28,6.04,0.08,2.22,2.79,2.76,1.96,0.93,0.12,505,24,16,121,15,35,24,11,87,245,33,232,30,57,35,48,1.71,0.84,2.69,25.57,52.70,5.02,20.54,4.62,1.57,4.20,0.85,5.00,1.13,3.00,0.48,3.16,0.44,6.31,1.5
56.82,15.49,7.91,0.1,2.23,3.74,3.25,1.98,1.03,0.1,407,26,13,141,25,24,42,19,82,234,30,223,14,90,66,62,2.12,1.18,2.42,27.2,58.26,6.16,25.3,5.65,1.78,4.8,1.01,6.04,1.32,3.56,0.56,3.59,0.5,6.05,1.5
59.14,15.58,6.08,0.08,1.82,2.94,3.65,2.39,0.89,0.1,409,26,11,93,17,24,30,18,100,276,31,439,13,54,59,56,2.17,1.04,2.94,48.02,99.3,9.76,37.14,6.86,1.98,5.77,1.08,5.86,1.26,3.42,0.5,3.33,0.47,11.17,1.5
56.22,16.33,8.1,0.1,2.66,2.55,2.56,2.6,0.91,0.11,446,28,11,120,18,23,37,23,110,214,28,292,16,61,55,65,2.49,1.12,2.56,35.12,73.44,7.36,28.07,5.63,1.77,4.73,0.9,5.03,1.1,3.09,0.5,3.24,0.47,8.34,1.5
56.93,14.24,9.37,0.14,4.4,2.54,3.02,1.92,1,0.1,397,22,11,127,18,19,108,26,65,130,20,212,12,235,76,110,1.75,0.98,1.68,27.09,62.17,5.72,22.66,4.54,1.51,3.77,0.72,3.98,0.86,2.32,0.35,2.32,0.33,5.15,1.5
52.49,14.44,12.19,0.15,4.45,3.1,2.52,1.88,1.11,0.11,444,26,16,178,4,52,136,42,77,132,31,151,9,329,161,216,1.00,1.36,1.40,35.29,67.54,7.93,34.02,7.08,1.97,6.79,1.08,5.57,1.00,2.88,0.43,2.78,0.39,4.59,2
66.01,15.85,4.74,0.07,1.72,1.3,3.39,2.82,0.55,0.07,603,21,11,59,13,19,27,14,101,159,23,187,14,53,41,62,1.91,0.95,1.51,32.77,63.79,6.70,25.21,4.48,1.09,4.02,0.64,3.54,0.65,2.00,0.33,2.22,0.32,5.48,1
60.68,15.68,7.49,0.1,2.65,2.24,3.02,2,0.99,0.1,466,29,12,117,9,14,40,23,74,144,33,253,13,96,72,61,1.67,1.25,1.67,28.45,54.33,6.54,27.12,5.71,1.37,5.42,0.98,5.55,1.04,3.20,0.50,3.17,0.46,6.88,3
60.04,16.18,7.49,0.09,2.01,2.73,2.81,2.18,0.88,0.09,664,22,14,107,6,15,34,19,86,232,28,243,13,63,49,74,1.47,1.25,1.74,35.67,68.09,7.64,29.11,5.58,1.46,5.00,0.90,4.82,0.90,2.64,0.39,2.54,0.39,7.63,3
57.75,16.36,7.82,0.1,2.67,2.91,2.8,2.38,0.87,0.09,450,25,16,118,5,20,37,25,100,225,31,233,14,59,48,79,1.77,1.33,2.03,36.22,70.11,7.95,31.13,6.22,1.54,5.65,0.97,5.58,1.05,3.11,0.45,2.90,0.47,7.16,4
55.38,15.98,8.27,0.12,2.63,4.1,2.47,2.28,0.96,0.12,413,23,19,142,4,22,40,24,92,273,40,306,13,75,62,92,1.49,1.49,2.28,45.90,89.78,10.02,40.01,8.36,1.75,7.98,1.34,8.21,1.48,4.38,0.65,4.10,0.63,10.45,0.1
58.8,13.59,5.15,0.06,2.19,5.99,2.39,1.66,0.75,0.16,383,22,13,76,13,17,31,15,67,279,27,253,12,63,42,45,2.19,0.86,2.08,28.53,57.33,6.02,23.59,4.75,1.44,4.07,0.79,4.62,1.00,2.70,0.43,2.71,0.39,7.72,1.5
57.99,15.34,8.75,0.1,2.55,3.72,2.16,1.46,1.11,0.09,410,21,14,142,9,16,48,25,49,171,23,237,12,102,50,58,1.52,1.08,2.06,26.86,54.75,5.82,23.48,4.92,1.71,4.44,0.85,4.97,1.10,3.00,0.48,3.08,0.45,7.57,1.5
62.06,16.38,5.36,0.07,1.91,2.56,2.59,2.23,0.71,0.09,581,24,16,103,21,47,30,15,101,256,30,249,32,72,39,59,1.73,0.90,4.04,28.78,58.59,5.79,23.30,4.73,1.55,4.23,0.79,4.52,0.99,2.76,0.43,2.86,0.42,7.35,1.5
59.17,15.1,6.76,0.09,2.13,3.16,3.08,2.03,0.89,0.09,401,26,12,113,30,24,38,22,83,239,28,274,15,75,66,67,1.86,1.09,2.04,28.13,55.55,6.22,24.79,5.3,1.72,4.53,0.9,5.33,1.16,3.19,0.5,3.22,0.47,7.44,1.5
59.96,16.29,5.92,0.1,1.91,2.59,3.6,2.43,0.82,0.08,514,30,11,95,28,26,26,18,109,260,30,320,17,50,39,61,2.59,1.03,3.57,30.86,68.47,6.5,25.22,5.28,1.61,4.58,0.94,5.62,1.24,3.31,0.52,3.19,0.46,8.12,1.5
51.59,13.37,9,0.19,6.72,1.96,2.59,2.88,0.98,0.14,336,26,12,118,15,23,79,32,91,89,29,191,11,210,95,196,1.77,1.32,1.95,28.68,65.46,6.72,27.38,5.85,1.92,4.82,0.96,5.3,1.11,2.9,0.43,2.76,0.38,4.67,1.5
48.72,13.29,11.17,0.16,8.82,1.49,3.1,2.45,1.11,0.11,355,19,12,132,21,19,94,36,74,54,20,170,12,300,53,158,1.42,1.31,1.55,29.66,66.61,6.86,27.6,5.38,1.72,4.41,0.82,4.34,0.9,2.35,0.34,2.16,0.31,3.81,1.5
55.27,14.04,10.7,0.14,3.82,3.34,3.14,1.59,1.33,0.14,398,22,15,155,4,27,91,37,56,155,24,168,11,255,87,141,1.20,1.28,1.30,26.11,50.40,6.36,26.56,5.75,1.56,5.23,0.86,4.85,0.86,2.58,0.37,2.35,0.36,5.31,2
61.19,15.5,4.71,0.07,1.88,3.9,4.46,1.94,0.71,0.07,442,25,11,77,11,22,26,12,74,260,26,256,13,50,31,55,1.64,1.14,1.78,29.00,56.34,6.53,24.99,4.93,1.21,4.54,0.75,4.18,0.80,2.51,0.37,2.44,0.41,7.77,3
63.17,16.58,5.55,0.08,1.79,2.66,3.97,1.32,0.95,0.06,338,28,11,84,6,17,35,17,51,316,26,353,15,83,27,55,1.48,0.95,1.64,33.39,64.38,7.32,28.90,5.45,1.52,4.84,0.78,4.46,0.81,2.44,0.36,2.44,0.39,10.35,4
56.79,15.34,9.25,0.12,3.1,3.21,2.49,1.61,1.23,0.12,430,23,16,135,7,16,60,27,53,216,32,390,15,124,69,119,1.15,1.17,1.55,45.87,89.92,10.11,39.92,7.67,1.82,6.87,1.11,6.30,1.14,3.19,0.45,2.86,0.43,12.00,2
58.49,17.03,7.74,0.09,2.72,2.34,2.96,2.02,0.98,0.1,409,20,13,114,6,27,48,23,84,177,31,298,14,94,45,69,1.75,1.35,2.18,44.22,86.14,9.77,37.72,7.02,1.65,6.31,1.00,5.61,0.98,2.92,0.39,2.60,0.42,9.03,1
61.11,16.75,7.64,0.09,2.33,1.87,2.4,2.19,0.83,0.07,368,31,14,121,14,22,46,17,151,126,51,207,25,126,100,76,4.56,1.35,3.34,45.40,85.77,10.74,40.53,7.98,1.53,7.99,1.37,8.28,1.51,4.67,0.72,4.86,0.76,7.04,2
59.52,13.91,8.77,0.1,2.59,3.79,2.23,1.57,1.26,0.15,428,25,15,147,7,15,47,26,52,181,30,232,12,76,62,53,1.34,1.12,1.94,22.60,45.25,5.22,21.92,5.06,1.70,4.68,0.96,6.01,1.34,3.53,0.58,3.63,0.51,7.76,1.5
58.9,13.95,7.02,0.09,2.67,3.47,2.39,2.1,0.89,0.12,441,21,12,110,10,23,46,19,82,215,28,217,11,104,52,76,1.76,1.10,4.63,31.12,63.22,6.59,25.96,5.39,1.74,4.74,0.95,5.36,1.22,3.26,0.52,3.40,0.48,6.98,1.5
60.98,15.95,5.9,0.08,2.09,2.28,3.14,2.34,0.82,0.08,527,24,10,94,10,29,34,16,84,240,25,300,15,74,59,55,2.26,0.94,2.2,30.63,67.69,6.66,25.77,5.14,1.71,4.24,0.8,4.62,0.98,2.73,0.43,2.78,0.4,8.29,1.5
57.77,15.22,7.33,0.1,3.4,1.93,2.86,2.22,0.86,0.1,408,26,10,113,20,22,44,19,75,166,24,249,16,103,51,67,1.88,0.98,2.26,34.49,71.25,7.05,27.21,5.11,1.54,4.34,0.77,4.27,0.91,2.48,0.38,2.54,0.37,7.41,1.5
49.91,14.08,11.05,0.14,7.12,1.91,2.9,1.99,1.19,0.11,314,31,12,181,21,24,107,39,70,84,19,163,13,268,95,181,1.6,1.18,1.7,28.42,61.96,6.22,25.58,5.13,1.64,4.31,0.81,4.35,0.93,2.53,0.38,2.46,0.34,4.54,1.5
57.97,15.51,6.84,0.11,2.82,1.68,2.68,3.04,0.77,0.09,433,25,10,81,18,18,49,16,115,103,24,209,17,138,44,52,2.1,1.05,2.22,33.86,68.64,6.93,27.12,5.28,1.53,4.41,0.84,4.82,1.03,2.9,0.47,3.19,0.45,6.14,1.5
63.09,17.02,5.95,0.08,2.21,1.39,4.4,1.76,0.7,0.07,438,22,11,75,7,12,21,16,64,163,26,222,14,46,71,51,1.70,0.91,2.65,32.31,62.93,6.66,25.19,4.47,1.16,4.24,0.65,3.91,0.73,2.19,0.33,2.29,0.36,6.63,1
64.1,15.24,4.54,0.06,1.8,2.23,4.8,1.38,0.67,0.08,350,20,9,73,6,12,19,11,39,187,21,236,12,36,29,36,1.36,0.89,1.24,25.02,48.45,5.51,21.63,4.24,1.02,3.91,0.62,3.49,0.63,1.86,0.26,1.78,0.27,6.99,2
57.35,16.01,5.7,0.08,1.98,5.31,4.83,0.79,1.06,0.14,315,22,13,91,2,13,30,11,29,499,31,525,13,72,20,57,1.40,1.17,1.98,31.85,60.17,7.49,31.89,7.10,2.00,6.55,1.05,6.14,1.09,3.14,0.45,2.70,0.41,16.62,2
55.69,16.7,9.06,0.11,2.85,3.88,3.31,1.22,1.35,0.18,346,28,16,160,4,14,52,27,48,326,28,410,12,105,60,83,1.21,1.27,2.02,45.15,87.27,9.57,38.02,7.07,1.76,6.27,1.03,5.50,0.99,3.05,0.42,2.56,0.42,13.35,2
60.14,17.05,7.07,0.1,2.25,2.89,3.43,1.32,1.04,0.07,393,22,14,110,8,10,36,20,54,291,25,386,13,75,46,60,1.66,1.08,1.65,50.79,96.53,10.09,38.57,6.82,1.62,6.12,0.96,4.68,0.84,2.57,0.36,2.20,0.37,11.15,2
52.29,14.7,9.26,0.14,2.99,3.65,2.53,1.8,1.09,0.11,418,28,16,158,10,19,40,26,68,241,32,351,10,81,68,94,1.51,1.51,2.03,51.06,99.19,11.64,46.38,9.01,1.96,7.75,1.31,6.81,1.26,3.79,0.54,3.35,0.51,11.80,2
55.11,18.72,9.56,0.1,2.16,0.83,1.01,2.9,1.48,0.07,399,24,18,139,11,17,65,32,118,55,27,211,15,149,62,63,2.27,1.62,2.89,40.51,75.78,8.64,34.33,6.54,1.38,5.62,0.91,4.86,0.91,2.75,0.44,2.53,0.41,6.27,3
61.02,14.72,10.02,0.1,2.01,0.85,1.24,1.8,2.01,0.07,332,19,14,184,6,8,70,49,63,42,23,192,16,168,77,63,0.91,1.66,0.50,26.54,51.68,5.71,23.14,4.71,1.13,4.37,0.85,4.70,0.89,2.66,0.39,2.67,0.39,5.07,1
60.64,13.39,8.36,0.16,2.89,1.86,0.96,1.24,1.09,0.1,347,17,13,157,9,18,76,41,61,69,30,295,13,148,64,72,1.10,1.21,1.00,37.71,74.19,8.16,32.59,6.08,1.26,5.33,1.01,5.26,1.02,3.07,0.46,2.79,0.44,6.93,1
60.49,13.52,7.08,0.12,2.65,2.33,0.91,2.03,1.19,0.17,333,21,12,118,16,21,55,26,81,66,29,276,15,111,38,63,1.48,1.33,2.09,51.06,94.23,10.98,43.31,7.86,1.61,6.72,1.03,5.51,0.91,3.16,0.45,2.84,0.39,7.95,1
65.88,12.98,5.87,0.11,1.67,1.37,0.52,1.98,0.95,0.09,300,12,11,128,16,33,51,25,83,71,29,363,15,117,39,118,1.38,1.35,1.29,44.44,82.11,9.79,38.28,7.26,1.32,6.43,1.08,5.63,1.03,3.20,0.45,3.13,0.45,9.94,0.5
65.86,12.13,5.73,0.07,2.1,1.7,0.97,1.92,0.99,0.11,343,19,11,107,16,19,48,27,70,99,29,382,13,103,42,77,1.20,1.28,2.41,42.95,78.12,9.26,35.51,7.06,1.45,6.10,1.03,5.88,1.07,3.34,0.48,2.93,0.51,13.66,1
53.92,14.82,9.39,0.11,2.71,3.99,1.4,1,1.06,0.08,296,20,16,175,9,12,57,35,51,159,28,270,13,104,78,56,1.52,1.36,1.26,36.41,68.81,8.21,32.43,6.46,1.66,6.13,1.12,6.20,1.16,3.72,0.59,3.59,0.56,9.54,1.7
57.79,16.43,7.75,0.1,1.98,3.16,1.77,1.64,1.01,0.08,518,31,15,135,11,23,50,29,74,277,35,344,14,90,62,57,1.44,1.47,2.40,44.67,81.12,9.75,40.33,8.23,1.78,6.93,1.21,6.39,1.14,3.63,0.50,3.35,0.54,12.35,1
57.12,15.2,8.87,0.1,2.59,3.25,1.86,0.9,0.94,0.08,338,23,14,145,11,13,54,22,60,154,30,271,14,108,60,55,1.69,1.24,1.36,45.50,78.61,9.39,35.85,6.86,1.57,6.08,1.12,5.93,1.09,3.46,0.52,3.34,0.54,8.55,1.8
56.95,14.96,7.67,0.1,3.01,2.7,1.95,1.31,0.97,0.06,306,23,13,137,11,20,54,32,67,202,28,415,15,121,48,55,1.79,1.33,1.95,57.26,107.43,12.24,47.09,8.69,2.03,7.78,1.37,7.18,1.27,4.01,0.63,3.83,0.62,15.71,0.5
61.25,14.08,6.9,0.11,2.26,2.82,1.9,2.02,0.95,0.07,336,20,12,140,16,39,51,26,119,189,35,321,16,124,57,73,2.85,1.27,3.64,46.84,90.65,10.30,40.70,7.98,1.52,8.04,1.19,7.10,1.58,4.20,0.72,4.24,0.67,10.49,1.2
59.4,14.19,6.71,0.14,2.16,3.72,2.24,2.01,0.94,0.09,362,25,14,131,12,42,40,28,132,310,35,465,17,65,43,81,2.31,1.35,3.45,46.65,91.45,10.20,39.75,7.79,1.59,7.87,1.10,6.53,1.45,3.85,0.67,4.07,0.66,14.51,0.5
62.95,13.98,5.32,0.08,1.71,2.78,2.4,2.55,0.81,0.1,247,23,13,109,15,46,29,23,159,201,35,435,17,63,33,78,2.61,1.31,3.30,48.44,96.45,10.56,40.62,7.79,1.39,8.11,1.20,7.19,1.59,4.44,0.78,4.69,0.76,15.79,1.8
57.73,14.46,9.41,0.17,3.19,1.76,1.08,1.59,1.43,0.11,417,22,14,165,14,23,87,39,71,55,28,222,10,133,94,173,1.28,1.28,1.68,33.35,64.27,7.68,29.92,6.18,1.25,5.50,1.02,5.56,1.08,3.21,0.42,2.96,0.44,7.82,1
59.98,14.48,8.24,0.11,2.52,1.71,1.04,2,1.08,0.09,401,17,13,145,15,27,70,33,70,76,31,261,10,118,79,107,1.18,1.45,2.11,41.33,78.65,9.18,37.08,6.69,1.37,6.13,0.99,5.07,0.98,2.85,0.38,2.55,0.42,7.67,2
57.54,13.07,6.13,0.11,3.53,4.95,0.78,1.77,0.78,0.11,362,25,13,109,11,37,72,26,72,74,25,264,10,164,54,186,1.09,1.21,1.62,33.49,61.84,7.19,30.20,5.61,1.14,5.08,0.85,4.74,0.85,2.68,0.39,2.52,0.38,7.73,1
67.38,12.55,5.39,0.07,1.77,0.92,0.45,2.34,0.78,0.09,334,9,9,93,10,15,47,25,94,52,25,332,11,119,36,68,1.47,1.35,1.88,40.46,73.96,8.37,33.01,6.27,1.18,5.21,0.88,4.52,0.83,2.51,0.39,2.52,0.39,10.63,0.5
68,11.62,5.12,0.08,1.66,1.93,0.5,1.85,0.94,0.08,313,11,9,125,14,17,46,21,78,73,30,455,16,114,40,53,1.22,1.32,3.94,52.10,95.28,11.30,44.02,7.92,1.25,7.15,1.18,6.13,1.11,3.40,0.48,3.26,0.48,13.52,1.8
61.83,13.85,6.65,0.09,3.02,2.23,1.32,1.69,1.1,0.09,446,23,13,126,11,20,49,28,72,154,28,377,16,122,50,75,1.60,1.30,1.97,37.69,71.45,8.16,33.62,6.15,1.33,5.63,0.96,5.11,0.95,2.98,0.43,2.80,0.47,13.33,1
59.94,14.79,7.04,0.1,2.25,2.23,1.36,1.72,1.09,0.11,344,19,12,151,12,27,47,27,78,162,28,371,16,99,47,98,1.39,1.26,1.74,38.04,65.18,8.28,32.08,6.34,1.50,5.99,1.14,6.62,1.22,3.96,0.57,3.43,0.51,10.75,0.5
58.16,14.84,5.96,0.09,1.87,3.5,1.61,1.81,0.83,0.12,424,18,13,113,11,20,37,25,82,199,27,344,14,68,42,46,1.43,1.06,1.60,42.33,72.87,8.74,33.84,6.13,1.50,5.48,0.98,4.99,0.94,2.89,0.46,2.87,0.46,9.08,1.8
58.83,14.88,6.72,0.09,2.17,2.99,1.84,1.63,0.91,0.11,303,22,12,135,16,19,47,26,91,219,30,334,16,96,47,54,1.95,1.17,2.31,48.21,85.29,10.36,40.43,7.71,1.74,7.13,1.21,6.55,1.16,3.81,0.55,3.46,0.51,12.45,1.2
60.44,15.23,7.21,0.12,2.04,2.53,1.17,1.9,0.98,0.07,305,23,12,138,14,26,50,22,110,192,30,347,17,116,52,69,2.82,1.27,3.10,49.63,88.37,10.55,40.90,7.33,1.50,6.38,1.13,6.40,1.22,3.89,0.55,3.84,0.53,11.64,0.5
61.85,14.65,5.55,0.1,1.55,2.29,2.12,2.51,0.82,0.1,239,19,12,115,17,49,33,25,161,121,43,222,14,64,40,71,1.83,1.11,3.97,48.19,95.65,10.11,37.92,7.35,1.11,8.13,1.20,7.82,1.76,4.91,0.82,4.73,0.76,6.52,1.2
62.66,14.34,5.7,0.1,1.6,2.93,2.63,2.26,1.03,0.07,290,28,13,124,16,48,36,31,131,219,44,514,16,77,32,70,1.85,1.11,3.51,41.23,80.02,8.88,33.92,6.61,1.31,6.58,0.96,5.66,1.21,3.24,0.56,3.44,0.54,8.76,0.5
58.75,15.23,6.68,0.1,1.66,2.77,1.9,1.81,0.81,0.08,310,22,13,106,15,27,34,26,101,246,31,307,13,60,35,70,1.73,1.20,3.04,38.40,69.48,8.32,34.06,6.76,1.55,5.91,1.07,5.80,1.07,3.13,0.47,3.20,0.46,9.75,0.5
57.07,15.39,8.94,0.13,2.51,1.94,1.13,1.74,1.03,0.14,305,23,17,164,14,19,70,32,76,70,29,224,9,121,92,84,1.38,1.23,2.15,35.77,66.52,8.05,31.49,6.30,1.42,5.62,0.93,5.50,1.01,2.81,0.48,2.72,0.40,7.56,1
62.03,13.62,6.71,0.09,2.89,2.09,0.89,1.76,0.84,0.1,322,20,12,126,11,22,68,30,67,78,28,236,11,145,55,131,1.19,1.31,1.57,35.75,66.95,7.90,31.26,5.40,1.35,5.51,0.93,6.28,1.24,3.16,0.52,3.16,0.43,7.01,2
61.19,13.17,7.66,0.11,3.4,1.53,1.01,2.21,0.76,0.1,319,20,13,124,14,61,70,33,98,74,24,211,9,145,70,250,1.31,1.35,1.73,29.89,54.25,6.69,26.62,5.20,1.37,4.36,0.75,4.60,0.83,2.35,0.37,2.49,0.34,6.27,0.5
55.55,12.24,5.48,0.09,2.24,4.51,0.77,2.23,0.84,0.16,360,19,14,87,16,92,52,25,91,91,25,266,10,92,45,399,1.17,1.23,1.49,32.47,58.85,7.02,27.52,4.83,1.10,4.91,0.78,4.70,0.82,2.51,0.41,2.71,0.42,6.87,1
60.64,14.69,6.45,0.1,1.71,2.51,1.32,2.07,0.9,0.09,204,20,13,119,17,35,52,25,135,101,43,262,11,100,55,109,1.73,1.31,3.20,54.44,98.41,11.65,45.26,8.89,1.35,7.59,1.42,7.71,1.45,4.27,0.64,4.09,0.61,7.71,0.5
58.07,12.92,6.29,0.09,2.68,4.58,1.33,1.52,1.21,0.16,331,21,16,119,16,16,58,26,63,138,26,236,14,126,38,78,1.10,1.21,1.73,30.20,56.05,6.91,27.18,5.35,1.21,4.73,0.74,4.49,0.80,2.27,0.37,2.36,0.31,6.98,1
64.57,14.72,5.07,0.08,1.43,1.67,2.45,2.2,0.85,0.08,474,20,10,106,10,20,27,15,85,182,26,347,16,64,26,36,1.46,1.13,1.61,37.57,70.08,7.80,31.48,5.72,1.29,5.21,0.95,4.83,0.91,2.99,0.50,2.95,0.46,10.72,1.4
61.8,14.87,6.13,0.08,1.65,2.36,2.3,1.71,0.99,0.09,443,22,11,119,17,16,39,26,74,198,29,406,13,77,47,59,1.44,1.25,1.75,44.10,79.56,9.22,36.84,6.97,1.56,6.21,0.98,5.28,1.03,2.89,0.46,2.99,0.44,14.47,3
59.24,15.32,6.02,0.11,1.63,2.43,1.68,1.99,0.77,0.08,383,21,13,106,17,27,45,30,156,181,35,259,17,98,40,68,2.70,1.29,5.93,34.97,67.27,7.31,29.29,6.10,1.13,5.23,0.99,5.87,1.11,3.40,0.49,3.57,0.52,7.37,1
61.42,14.04,5.69,0.1,1.48,2.29,2.05,2.68,0.84,0.17,321,21,12,117,19,36,34,27,159,151,32,250,14,59,47,62,1.85,1.11,2.85,41.23,80.02,8.88,33.92,6.61,1.31,6.58,0.96,5.66,1.21,3.24,0.56,3.44,0.54,8.76,0.5
62.46,13.96,4.75,0.09,1.63,2.26,2.38,2.42,0.75,0.13,286,21,11,93,17,41,36,23,119,167,35,284,13,64,34,60,1.99,1.16,2.47,34.81,69.52,7.47,28.79,5.80,1.20,6.39,0.99,6.13,1.44,3.96,0.69,4.11,0.65,9.17,1
59.84,15.4,5.69,0.08,1.77,2.49,2.47,2.26,0.81,0.08,377,29,12,90,14,38,39,20,126,242,32,284,14,71,32,80,1.93,1.25,3.60,44.14,80.14,9.70,37.85,7.90,1.50,6.54,1.11,6.11,1.16,3.16,0.51,3.17,0.46,10.06,1
56.33,15.46,7.31,0.12,2.13,2.69,1.67,2.13,0.92,0.09,397,24,14,124,22,36,42,28,131,211,31,373,16,74,51,84,2.22,1.41,3.29,61.28,103.49,11.89,47.03,8.72,1.75,7.76,1.43,7.41,1.30,4.14,0.61,3.70,0.58,14.45,1.6
61.19,13.2,6.35,0.08,2.38,1.12,0.77,2.26,0.86,0.13,412,18,11,121,16,21,63,26,102,71,29,272,13,128,59,91,1.52,1.25,1.78,36.71,66.43,8.19,33.06,6.08,1.36,5.29,0.91,5.47,1.10,3.14,0.49,2.95,0.43,8.19,0.5
62.07,13.31,6.52,0.12,2.46,1.37,0.86,2.13,0.85,0.12,366,25,12,121,13,28,64,35,92,71,27,253,13,126,50,121,1.19,1.45,1.91,36.17,65.75,8.03,31.61,5.76,1.34,5.66,0.89,5.02,1.00,2.87,0.43,2.69,0.40,7.86,2
61.2,12.14,6.12,0.12,2.63,2.03,0.9,1.99,0.82,0.12,351,18,11,110,11,70,67,32,82,75,23,235,11,141,48,353,1.06,1.07,1.41,25.88,49.36,5.75,22.38,4.23,1.02,4.14,0.69,3.89,0.72,2.11,0.31,1.98,0.30,7.51,1
57.75,14.56,7.64,0.09,2.84,2.66,1.2,2.01,0.8,0.1,280,26,14,122,6,30,84,36,81,118,24,211,10,152,62,119,1.04,1.43,1.59,28.95,53.98,6.43,25.33,4.88,1.32,4.38,0.80,4.34,0.81,2.27,0.36,2.38,0.35,6.60,2
63.47,12.56,8.08,0.09,4.14,0.83,1.41,1.25,1.4,0.08,353,19,12,108,11,16,55,32,65,52,30,214,13,111,47,74,1.13,2.14,1.65,27.00,48.69,6.25,25.26,4.76,1.32,4.76,0.92,5.17,0.97,2.66,0.46,2.70,0.41,6.68,3
63.86,13.62,6.4,0.09,2.06,2.43,1.95,1.8,0.91,0.09,414,17,10,117,15,15,46,36,83,191,28,338,14,96,44,64,1.41,1.43,1.05,36.29,71.48,7.49,31.24,6.06,1.34,5.31,0.96,4.85,1.00,2.86,0.45,2.73,0.47,9.06,2
66.12,14.58,5.35,0.08,1.6,1.74,1.77,1.48,0.79,0.06,379,21,10,94,14,16,40,34,62,160,26,341,14,81,28,38,1.44,1.15,0.50,42.04,82.83,8.44,32.36,5.74,1.17,4.98,0.83,4.52,0.88,2.53,0.39,2.57,0.40,8.04,1
61.31,15.05,6.29,0.09,1.64,2.4,2.01,1.53,0.91,0.09,415,24,13,124,12,18,45,33,80,212,26,348,15,88,39,46,1.53,1.24,2.75,35.44,69.33,7.45,30.62,6.11,1.51,5.62,0.99,5.50,1.02,2.95,0.49,2.95,0.44,9.68,1
64.59,14.59,4.78,0.08,1.53,1.98,1.62,2.01,0.75,0.08,260,17,11,92,15,27,40,31,106,150,41,383,14,94,40,46,2.17,1.10,3.57,42.44,84.21,9.05,35.43,7.56,1.24,7.21,1.39,8.19,1.59,4.85,0.79,5.16,0.71,9.51,0.5
65.04,13.61,4.75,0.08,1.49,2.28,1.54,2.13,0.79,0.14,314,21,11,88,16,34,36,22,123,158,32,301,14,82,37,67,1.58,1.26,1.44,36.78,72.42,7.62,29.70,6.26,1.26,5.73,0.99,5.83,1.16,3.44,0.56,3.41,0.52,9.15,1
64.05,14.03,4.67,0.08,1.75,2.27,1.82,2.23,0.82,0.09,383,28,12,86,24,35,43,26,110,146,31,355,13,87,35,67,1.76,0.98,2.16,43.37,81.06,9.33,35.81,6.37,1.38,5.90,1.02,5.17,0.94,2.80,0.44,2.82,0.43,11.60,2
60.73,15.75,6.43,0.08,2.1,1.73,1.57,1.84,0.92,0.07,322,26,13,129,14,26,48,18,109,148,32,323,15,97,47,57,2.28,1.39,2.63,55.86,94.91,11.55,46.11,8.30,1.67,7.52,1.38,7.37,1.29,4.13,0.65,3.90,0.58,12.35,1
59.24,15.85,5.52,0.07,2.18,1.97,1.95,1.78,0.81,0.1,479,22,11,105,16,33,36,18,86,267,29,334,15,78,36,52,2.69,1.40,2.02,63.46,104.06,12.80,50.19,8.70,1.85,7.09,1.23,6.09,1.05,3.35,0.54,3.23,0.51,11.37,1
60.1,13.34,8.28,0.13,3.06,1.25,1.23,1.64,1.06,0.18,406,21,13,135,16,19,83,38,73,77,25,192,12,142,68,79,1.13,1.86,1.37,29.18,55.99,6.49,26.96,4.93,1.33,4.71,0.77,4.31,0.78,2.36,0.40,2.36,0.32,4.76,1
58.39,14.23,8.1,0.15,3.4,2.13,1.15,1.84,0.99,0.1,327,26,14,151,10,22,83,38,74,83,27,186,10,218,55,105,1.10,1.63,1.34,27.44,51.45,6.20,25.26,4.90,1.26,4.74,0.85,4.49,0.86,2.33,0.40,2.51,0.39,4.67,2
56.01,14.71,9.14,0.13,4.08,2.78,0.99,1.78,0.71,0.12,346,26,16,132,12,26,83,33,78,76,24,167,8,192,69,118,1.23,1.74,1.65,27.97,50.99,6.35,26.31,4.83,1.26,4.53,0.81,4.18,0.76,2.18,0.36,2.05,0.28,4.48,2
54.46,14.29,9.55,0.13,4.88,2.58,1.37,1.65,1.09,0.09,421,28,14,137,11,30,94,37,72,108,26,184,13,180,76,97,1.55,1.80,1.68,34.52,62.77,7.47,30.54,5.70,1.55,5.29,1.00,5.42,1.03,2.74,0.45,2.86,0.40,5.75,1
56.63,14.23,7.69,0.11,3.79,2.86,2.01,1.88,0.97,0.13,443,23,13,108,17,24,51,24,99,218,26,261,11,100,63,78,1.58,1.50,1.99,40.96,74.91,8.83,34.77,5.81,1.58,5.48,0.95,5.09,0.96,2.81,0.41,2.79,0.41,8.25,0.5
62.26,13.7,6.81,0.09,2.89,2.79,1.67,1.61,0.96,0.11,384,21,12,117,15,18,51,36,77,200,28,317,13,100,52,63,1.33,1.20,1.51,38.60,76.02,7.96,32.70,6.21,1.51,5.91,1.03,5.92,1.18,3.49,0.54,3.60,0.54,9.35,2
60.45,14.78,6.8,0.09,1.93,3.19,1.78,1.44,0.96,0.08,401,23,15,137,8,16,42,30,64,209,30,284,13,88,34,46,1.35,1.42,2.63,31.31,62.37,6.74,28.22,6.10,1.69,5.39,1.02,5.42,1.04,3.04,0.50,3.01,0.44,7.86,0.5
59.56,15.39,6.79,0.09,1.91,2.89,1.53,1.56,0.87,0.08,405,24,14,131,12,31,47,33,89,218,33,293,13,94,47,57,1.62,1.16,3.63,35.05,69.50,7.43,29.93,5.91,1.38,5.77,1.10,6.18,1.16,3.37,0.56,3.62,0.50,8.19,1
59.9,16.6,6.5,0.1,1.51,2.54,1.55,1.57,0.88,0.06,320,25,14,121,13,30,47,29,96,170,43,342,14,105,46,47,1.73,1.40,2.81,48.39,94.86,9.59,38.76,7.33,1.50,7.27,1.40,7.53,1.44,4.21,0.62,4.13,0.57,10.98,1
58,15.03,6.38,0.1,1.81,2.44,1.73,2,0.92,0.14,362,22,13,118,16,33,43,31,102,208,30,317,14,86,48,63,2.00,1.27,2.65,48.97,86.36,9.87,39.65,7.34,1.55,6.87,1.26,6.79,1.21,3.93,0.62,3.82,0.56,10.42,1.6
60.05,14.27,6.19,0.09,1.97,4.34,1.04,1.82,1.14,0.11,313,18,13,133,13,23,45,23,87,168,30,335,16,97,45,56,1.69,1.17,1.02,40.87,72.73,8.60,34.83,6.47,1.44,5.65,1.00,5.35,0.99,3.11,0.44,2.92,0.42,8.39,0.5
60.57,14.7,5.99,0.09,2.33,2.1,1.37,1.79,0.99,0.09,384,17,12,124,14,22,50,31,94,132,29,400,17,104,42,51,2.10,1.32,2.65,54.73,94.58,11.20,43.94,7.55,1.60,6.76,1.20,5.94,1.12,3.38,0.52,3.32,0.51,13.00,1
60.06,14.98,5.82,0.09,2.19,2.45,1.5,2.2,0.92,0.16,496,21,10,107,18,23,41,19,100,180,29,433,15,84,39,61,2.72,1.14,1.05,66.73,109.04,12.59,48.90,8.01,1.58,6.64,1.07,5.06,0.90,2.75,0.41,2.62,0.40,10.03,0.5
59.44,14.88,10.54,0.19,3.01,0.83,1,2,1.02,0.1,293,17,15,185,7,10,70,36,85,50,27,202,13,143,105,71,1.37,2.23,0.50,31.81,59.69,7.02,29.68,5.79,1.42,5.32,0.96,5.20,0.96,3.00,0.42,2.68,0.41,4.84,0.5
64.16,13.49,8.68,0.14,3.26,1.23,0.68,1.74,1.01,0.1,318,18,12,141,8,23,62,23,76,65,24,204,14,143,66,98,1.39,1.91,0.50,30.56,55.26,6.89,27.99,5.18,1.13,4.92,0.87,4.85,0.92,2.85,0.41,2.60,0.39,5.70,1.6
56.94,12.54,8.71,0.1,6.49,3.19,0.95,1.38,1,0.11,265,18,14,116,9,19,77,27,69,81,24,159,10,133,82,84,1.22,2.45,1.43,25.93,47.41,6.05,25.36,4.37,1.33,4.36,0.80,4.14,0.81,2.26,0.35,2.30,0.34,4.37,1.6
55.12,12.24,8.58,0.11,4.33,6.21,1.57,1.38,1.08,0.08,371,18,16,169,8,14,52,25,51,177,26,270,12,101,90,64,1.21,1.37,0.50,24.65,46.73,5.64,24.00,4.85,1.41,4.71,0.93,5.35,1.01,2.84,0.44,2.85,0.44,8.49,1
59.09,14.95,6.72,0.1,2.18,4.04,1.87,1.81,0.94,0.11,473,21,15,129,9,17,31,18,78,295,31,449,14,65,37,59,1.67,1.25,0.50,47.77,88.09,9.12,35.99,6.72,1.66,6.03,1.05,5.53,1.04,3.29,0.48,3.22,0.49,12.13,0.5
66.22,12.24,5.18,0.08,1.84,3.69,2.48,1.4,0.94,0.13,320,21,11,116,12,15,26,18,53,309,28,349,13,71,18,44,1.09,1.23,1.14,35.49,69.21,8.31,34.71,7.02,1.85,6.18,1.20,6.59,1.21,3.47,0.55,3.54,0.53,11.43,1.2
60.28,13.1,6.78,0.1,1.99,3.54,1.76,1.51,0.79,0.12,407,20,12,126,10,19,30,21,76,263,29,337,12,57,42,60,1.72,1.21,1.03,45.26,87.74,8.71,34.52,6.48,1.57,5.55,1.03,5.20,1.01,3.23,0.47,3.12,0.48,9.85,2.5
58.82,14.55,7.11,0.1,1.92,2.67,1.38,1.37,0.9,0.11,316,24,13,131,12,18,36,23,81,200,31,317,15,85,49,52,1.86,1.23,1.02,44.58,87.61,9.13,36.11,6.93,1.56,6.08,1.13,5.81,1.10,3.46,0.50,3.57,0.54,9.12,0.5
61.79,14.92,5.92,0.09,1.66,2.33,1.55,1.65,0.73,0.08,306,24,12,107,13,46,33,16,105,187,40,269,15,72,33,66,2.16,1.21,3.33,43.00,83.80,9.20,35.10,7.32,1.29,6.48,1.32,7.01,1.41,4.09,0.63,4.19,0.59,7.47,0.5
62.21,15.19,5.02,0.09,1.57,2.24,2.1,2.39,0.81,0.08,342,20,10,89,21,25,35,21,142,210,34,458,16,75,32,61,2.46,1.30,3.88,49.26,87.00,10.39,40.71,7.74,1.40,6.74,1.20,6.28,1.15,3.64,0.59,3.88,0.60,15.53,0.5
59.43,16.81,5.11,0.09,1.84,2.26,2.54,2.4,0.89,0.09,358,23,10,84,22,21,37,21,113,195,35,504,20,91,30,71,2.44,1.19,2.96,64.48,107.47,12.84,48.14,8.04,1.45,6.64,1.08,5.49,1.00,3.04,0.53,3.32,0.53,15.38,0.5
60.72,14.29,6.95,0.1,2.41,3.35,1.32,1.6,1.14,0.09,350,26,14,150,14,20,35,16,79,203,29,445,16,85,46,53,2.11,1.16,0.50,52.36,102.49,10.88,42.81,7.70,1.65,6.39,1.07,5.41,0.99,2.97,0.42,2.90,0.47,12.39,0.5
57.86,15.9,7.39,0.1,2.3,2.49,0.98,1.83,1.25,0.11,401,23,12,146,13,23,44,24,95,177,30,375,18,89,45,63,2.34,1.23,1.06,61.63,110.82,12.30,47.64,8.17,1.76,7.13,1.17,5.74,1.09,3.36,0.50,3.40,0.53,9.85,0.5
58.54,11.98,7.27,0.11,4.85,3.03,1.77,1.37,1.03,0.12,344,18,12,119,11,17,64,26,66,78,26,177,11,122,52,79,1.05,2.29,1.54,30.81,60.27,6.72,26.98,5.50,1.16,4.53,0.80,4.52,0.85,2.47,0.35,2.44,0.39,4.95,1
57.52,13.16,9.31,0.14,4.66,1.76,1.95,1.72,1.22,0.11,446,24,11,137,10,22,73,37,68,103,26,181,12,153,74,115,1.39,1.78,1.30,29.75,56.87,6.77,27.30,5.65,1.33,4.87,0.78,4.69,0.85,2.62,0.36,2.51,0.35,4.79,2
56.97,13.8,7.09,0.1,2.07,1.87,1.61,2.47,1.02,0.13,292,20,10,127,12,23,45,33,85,126,27,302,12,88,36,105,1.57,1.31,1.96,40.36,76.40,8.76,35.34,6.43,1.40,5.43,0.93,4.95,0.85,2.64,0.42,2.63,0.39,9.53,0.5
57.38,15.5,7.17,0.09,2.62,2.13,2.9,1.97,0.86,0.11,491,27,13,104,18,22,40,22,82,192,29,300,12,67,36,61,1.67,1.27,1.96,39.63,70.56,7.94,30.07,5.60,1.34,4.89,0.82,4.78,0.90,2.55,0.40,2.84,0.44,10.00,0.5
59.86,14.25,6,0.09,2.28,3.62,2.81,1.5,0.97,0.09,480,30,13,96,16,18,40,24,58,348,34,401,12,86,31,56,1.23,1.37,2.08,38.58,71.99,8.76,34.35,7.06,1.66,6.24,1.09,5.89,1.14,3.69,0.47,3.63,0.53,10.96,1
58.8,15.39,6.53,0.09,2.29,3.4,2.55,1.44,0.93,0.09,469,25,14,115,14,21,38,25,67,316,31,313,13,66,41,55,1.59,1.20,2.03,41.51,74.73,8.80,33.82,6.62,1.57,5.74,0.99,5.04,0.94,2.93,0.42,3.09,0.46,9.15,2
58.57,15.05,6.6,0.1,2.06,4.09,2.63,1.66,0.98,0.08,472,33,15,118,14,19,40,27,72,352,33,517,12,72,36,60,1.31,1.43,2.02,42.74,80.41,9.19,37.01,7.09,1.69,6.37,1.07,5.78,1.14,3.73,0.52,3.55,0.61,15.45,0.5
60.71,14.45,6.15,0.09,2.28,3.19,3.25,1.33,0.87,0.1,372,31,12,101,11,17,43,26,59,272,33,361,12,73,42,61,1.41,1.20,2.48,33.03,65.18,7.85,31.33,7.03,1.58,6.05,1.00,5.48,1.05,3.22,0.45,3.04,0.48,11.12,1
60.2,15.04,5.02,0.07,1.58,3.26,2.9,1.91,0.78,0.08,409,27,11,84,16,31,37,18,105,243,41,338,15,75,32,58,1.65,1.16,4.50,40.88,78.05,8.71,35.74,7.34,1.36,6.45,1.20,6.95,1.39,4.27,0.58,4.19,0.63,10.07,3
60.14,14.11,6.3,0.09,1.57,2.65,1.22,1.84,0.88,0.08,367,22,10,111,17,25,47,15,103,202,30,375,17,111,37,49,1.89,1.19,0.50,47.93,91.29,9.70,38.03,6.95,1.52,5.97,1.03,5.39,0.99,3.03,0.44,2.90,0.45,9.54,1
57.3,15.21,6.34,0.11,1.72,2.07,2.91,2.03,0.94,0.09,526,19,12,113,18,31,42,18,106,231,28,396,17,84,44,63,2.00,1.10,1.05,58.15,105.94,11.58,44.77,7.66,1.76,6.25,1.03,5.02,0.92,2.82,0.43,2.86,0.41,11.36,0.5
59.09,14.76,5.28,0.11,2.05,2.74,2.38,1.94,0.85,0.09,468,22,10,98,21,22,37,17,98,236,29,398,17,81,30,49,2.23,1.19,1.01,57.27,112.84,11.51,45.09,7.94,1.67,6.38,1.03,4.99,0.93,2.83,0.43,2.87,0.44,9.97,1
56.08,14.75,8.54,0.11,2.42,2.5,1.08,1.66,1.66,0.1,476,19,13,174,11,22,57,31,84,140,32,330,18,109,65,72,1.66,1.23,2.00,41.05,76.09,8.89,35.23,7.05,1.66,5.74,0.97,5.03,1.02,3.06,0.42,2.93,0.47,8.61,1
54.83,13.85,10.88,0.14,3.25,2.84,2.6,1.65,1.24,0.2,512,32,14,121,10,32,68,32,58,138,49,369,16,113,124,124,1.51,1.51,1.90,34.76,71.40,9.00,39.30,8.60,2.13,7.98,1.55,9.14,1.78,5.33,0.70,5.58,0.91,11.15,3
51.54,12.9,11.31,0.17,4.08,3.51,1.62,1.63,1.11,0.14,661,26,17,158,9,30,142,40,70,134,26,167,12,221,143,134,1.42,1.40,1.69,31.25,56.81,6.85,28.39,5.28,1.51,5.31,0.88,4.90,0.91,2.61,0.37,2.55,0.35,4.80,1
56.55,14.66,7.92,0.11,3.01,2.76,2.59,2.07,0.8,0.17,618,32,13,116,15,24,38,27,53,179,27,244,11,64,57,88,1.37,1.22,1.51,36.47,67.98,7.22,29.06,5.32,1.50,5.27,0.89,4.53,0.90,2.61,0.38,2.50,0.39,6.72,2
55.51,15.16,9.24,0.13,3.05,4.48,2.29,1.89,0.96,0.2,591,28,17,143,11,14,50,32,57,290,34,348,12,79,73,91,1.33,1.32,2.16,56.71,107.21,11.15,42.48,7.40,2.12,7.30,1.19,6.38,1.24,3.68,0.47,3.26,0.53,10.24,4
60.1,14.46,6.41,0.09,2.64,4.44,3.13,1.73,0.84,0.11,395,34,15,106,11,20,34,23,56,474,46,577,14,70,33,56,1.34,1.60,3.59,42.49,86.98,9.74,41.82,8.91,2.27,8.58,1.60,9.19,1.73,4.97,0.68,4.79,0.68,16.74,3
58.04,14.94,6.74,0.1,2.56,3.22,2.44,2.06,0.88,0.1,515,28,13,109,16,22,39,29,84,326,29,390,14,69,34,71,1.55,1.35,2.08,43.61,82.89,9.52,36.01,6.37,1.78,5.79,1.06,5.58,1.03,2.82,0.43,3.12,0.44,11.62,2
57.53,15.65,7.11,0.09,2.41,2.37,3.77,0.98,0.93,0.07,266,27,14,135,17,18,50,31,55,163,31,233,16,105,58,59,1.92,1.15,3.26,34.70,62.05,7.08,27.98,5.39,1.36,5.24,0.99,5.46,1.06,3.05,0.45,2.97,0.44,6.21,3
61.32,16,5.64,0.15,1.49,1.7,4.05,1.09,0.77,0.07,239,30,12,90,26,14,38,28,69,106,29,250,18,64,69,43,2.05,1.18,3.38,41.80,72.71,7.98,29.94,5.12,1.17,5.20,0.87,4.80,0.86,2.56,0.36,2.69,0.38,6.67,5
61.73,15.85,5.77,0.07,1.76,1.94,3.57,1.51,0.8,0.08,325,27,12,82,20,28,38,23,78,179,32,282,15,74,122,52,1.94,0.97,3.44,33.50,60.98,6.80,26.83,4.64,1.20,4.68,0.91,5.49,0.99,2.89,0.43,2.90,0.45,6.84,3
57.22,15.94,7.33,0.09,2.18,3.08,2.17,1.72,0.97,0.09,482,36,15,129,18,27,55,23,88,267,36,349,13,106,46,73,1.84,1.29,2.11,44.00,76.13,9.01,35.80,6.60,1.80,6.22,1.07,5.64,1.08,3.07,0.45,3.09,0.47,9.65,2
55.08,16.53,5.63,0.08,3.32,2.25,2.07,2.13,0.77,0.1,331,30,12,79,28,32,40,18,140,206,45,345,19,71,33,65,2.36,1.04,3.17,60.06,109.13,13.70,51.41,9.41,1.77,8.64,1.44,7.87,1.49,4.22,0.67,4.39,0.63,13.56,1
60.76,15.53,4.99,0.08,1.73,2.6,1.68,2.25,0.77,0.1,382,16,11,92,20,27,32,14,115,230,29,381,17,65,25,47,2.50,1.13,1.84,58.82,99.07,12.04,44.81,7.75,1.54,6.72,1.16,5.78,1.07,3.18,0.50,3.46,0.55,12.10,0.5
63.66,14.42,5.07,0.09,1.67,2.38,1.4,2.37,0.83,0.09,439,18,11,102,12,20,28,13,100,194,26,285,15,52,30,54,1.81,1.03,1.23,43.39,74.84,8.91,33.88,5.87,1.33,5.26,0.91,4.82,0.91,2.74,0.41,2.86,0.44,8.03,1.6
53.82,15.09,8.38,0.13,2.87,2.46,2.38,2.45,0.87,0.13,625,31,13,113,12,25,52,25,90,175,33,187,12,92,87,100,2.01,1.28,2.71,37.31,73.19,7.90,32.63,6.50,1.53,5.47,1.00,5.82,1.08,3.55,0.52,3.25,0.48,6.78,1
56.62,14.42,7.13,0.11,3.05,2.27,2.49,2.44,0.85,0.22,545,24,12,88,15,18,46,26,76,121,25,264,14,82,59,79,1.83,1.36,1.80,39.14,70.97,7.94,31.84,5.74,1.39,4.92,0.78,4.24,0.73,2.27,0.35,2.22,0.36,8.41,2
53.43,15.12,8.85,0.11,3.37,2.98,2.57,2,0.98,0.16,588,33,15,121,15,13,54,27,65,236,35,579,17,93,49,84,1.65,1.48,2.04,65.05,124.47,13.96,54.38,9.68,2.12,7.97,1.28,6.62,1.20,3.87,0.56,3.55,0.55,19.71,2
54.44,14.62,8.43,0.1,3.01,3.55,2.03,2.26,0.99,0.15,589,33,13,118,15,14,54,33,83,328,35,476,16,97,51,90,1.84,1.34,2.63,54.26,109.67,11.02,44.60,8.13,1.76,6.95,1.15,6.24,1.13,3.44,0.50,3.28,0.49,15.83,2
50.73,15.63,8.16,0.11,2.81,2.81,1.93,2.44,0.95,0.1,371,24,13,133,9,24,69,30,121,220,33,347,16,141,53,98,1.56,1.27,3.26,44.05,80.62,9.52,37.92,7.56,1.59,6.80,1.26,6.43,1.23,3.69,0.56,3.50,0.53,11.76,0.5
60.66,14.94,5.35,0.07,1.87,2.58,2.66,2.99,0.81,0.11,470,30,10,86,32,33,38,18,155,207,34,407,17,73,35,80,1.70,1.08,3.88,55.79,106.24,10.91,41.11,7.40,1.41,6.13,1.02,5.26,0.94,2.79,0.42,2.61,0.41,11.70,2
60.83,14.89,6.11,0.08,2.15,2.66,2.25,2.56,0.96,0.06,420,35,13,94,26,26,50,33,133,246,32,506,17,93,34,61,1.77,1.41,4.48,70.18,123.49,14.64,53.83,9.25,1.77,7.47,1.21,6.36,1.08,3.39,0.50,3.18,0.51,15.72,2
56.05,14.05,7.72,0.1,3.19,2.55,1.78,2.55,0.9,0.11,582,29,13,91,19,23,112,34,143,200,33,404,14,242,54,91,1.71,1.49,4.05,54.76,99.03,10.90,42.70,7.97,1.53,6.61,1.10,5.75,1.06,3.23,0.48,2.92,0.46,12.98,2
60.37,15.81,5.44,0.08,1.85,2.85,3.76,1.67,0.82,0.09,357,26,12,92,17,21,40,26,69,276,28,350,14,64,41,49,2.23,1.43,4.82,40.09,74.38,8.30,32.59,6.03,1.40,5.21,0.91,4.92,0.91,2.79,0.41,2.72,0.43,10.73,3
57.02,15.01,6.73,0.09,2.25,3.37,3.04,1.83,0.96,0.12,543,29,15,119,16,25,44,29,79,289,33,417,15,92,41,70,2.30,1.51,3.34,36.26,69.37,7.69,31.74,6.31,1.70,5.67,1.02,5.62,1.03,3.22,0.50,3.10,0.46,13.46,1
64.88,15.84,3.1,0.06,0.96,1.27,4.09,2.42,0.57,0.06,340,30,9,39,40,17,25,20,151,132,32,448,24,52,18,46,2.44,1.17,3.99,43.16,78.54,8.71,32.77,6.00,1.01,5.39,0.98,5.37,1.03,3.25,0.53,3.64,0.61,15.10,1
59.94,15.26,5.49,0.07,2.31,1.35,2.54,1.3,0.99,0.08,282,22,11,104,25,17,37,18,65,123,29,357,18,66,25,55,1.88,1.05,2.38,45.51,84.19,9.97,38.64,6.70,1.27,5.99,1.01,5.30,0.92,2.93,0.43,2.97,0.46,12.14,1
60.48,15.85,4.63,0.06,2.03,1.3,2.35,2.61,0.65,0.06,681,21,10,71,18,29,27,15,100,136,23,277,14,49,40,53,1.83,1.02,1.80,43.26,71.32,8.07,30.51,5.16,1.22,4.50,0.73,3.81,0.71,2.17,0.32,2.28,0.37,8.09,1
52.9,16.85,7.54,0.15,2.22,1.83,2.29,2.95,0.86,0.11,559,27,12,121,11,27,37,30,95,178,29,256,13,62,52,75,1.93,1.41,2.18,39.50,69.90,8.23,31.99,5.94,1.48,5.36,1.00,5.22,0.97,3.05,0.48,3.15,0.49,7.89,0.5
53.05,14.78,8.93,0.09,3.59,3.18,2.55,1.38,1.18,0.17,428,24,16,141,12,18,57,30,56,271,34,504,12,107,48,74,1.62,1.41,2.25,35.13,62.78,7.65,32.52,6.65,1.81,6.47,1.16,6.51,1.15,3.46,0.51,3.34,0.52,20.34,1
51.78,16,8.21,0.11,2.15,2.38,1.68,2.52,0.92,0.1,409,22,12,100,13,22,58,33,132,187,32,321,16,130,48,125,1.80,1.29,3.64,60.10,104.71,11.88,45.87,7.84,1.73,7.11,1.21,6.12,1.14,3.40,0.51,3.20,0.48,10.63,0.5
52.57,15.52,9.14,0.1,3.31,3.26,2.74,1.69,1.05,0.17,456,36,16,130,11,22,56,29,59,282,36,458,14,97,79,82,1.38,1.28,2.70,42.02,77.63,8.53,34.49,6.85,1.54,6.23,1.16,6.25,1.12,3.37,0.50,3.38,0.53,18.19,1
54.38,15.59,6.78,0.09,2.09,2.7,2.02,2.18,0.93,0.08,387,24,13,120,18,21,43,29,116,201,34,355,16,98,45,75,1.49,1.22,3.50,44.30,81.58,9.24,36.49,6.88,1.52,6.36,1.13,6.02,1.09,3.30,0.52,3.28,0.51,12.58,0.5
54.52,16.06,7.02,0.08,2.12,2.6,2.13,2.1,0.96,0.08,327,21,12,114,13,19,51,26,120,254,33,437,16,105,46,84,1.68,1.31,3.35,51.50,88.79,10.38,40.37,7.33,1.70,6.72,1.22,6.34,1.12,3.43,0.53,3.28,0.51,16.25,0.5
55.75,16.07,5.21,0.07,1.3,1.98,2.4,2.88,0.72,0.11,315,25,12,87,25,34,32,22,158,148,25,280,13,52,35,79,1.73,0.99,3.64,76.91,129.90,14.15,50.57,7.71,1.30,6.51,1.02,4.86,0.87,2.68,0.38,2.46,0.36,7.92,0.5
58.35,16.29,6.02,0.1,1.58,2.58,2.71,2.1,0.75,0.08,339,25,11,101,10,32,45,26,130,197,31,241,16,87,50,85,2.15,1.25,3.73,28.36,56.60,6.15,24.43,5.11,1.16,5.05,1.02,5.56,1.05,3.26,0.56,3.53,0.54,7.90,0.5
57.08,16.25,6.78,0.1,1.71,2.98,2.28,1.98,0.86,0.08,328,26,14,119,16,31,45,27,96,211,47,333,13,106,50,86,2.01,1.24,2.76,33.60,63.20,7.40,29.96,6.51,1.35,6.60,1.42,8.19,1.61,5.04,0.81,4.95,0.71,12.01,0.5
57.55,16.24,8.06,0.11,1.82,2.3,2.33,2.16,0.86,0.1,333,30,12,117,12,23,41,30,109,173,49,264,16,80,55,87,1.92,1.24,3.27,35.96,66.39,7.96,31.20,6.78,1.26,6.52,1.38,7.88,1.52,4.61,0.74,4.53,0.69,8.21,0.5
56.71,16.54,4.45,0.07,1.83,1.81,3.73,2.43,0.82,0.11,400,29,12,60,54,17,31,16,138,221,42,684,28,59,29,66,3.09,1.11,4.08,59.73,104.56,11.87,44.14,7.84,1.25,7.06,1.16,5.84,1.10,3.48,0.55,4.09,0.66,19.97,0.5
63.94,15.62,4,0.06,1.46,1.04,3.22,2.02,0.63,0.08,229,21,8,62,37,16,25,19,117,114,31,390,22,50,24,64,2.61,0.85,3.37,60.03,98.28,11.72,44.24,7.95,1.33,6.72,1.07,5.34,1.03,3.20,0.50,3.25,0.51,11.63,0.5
60.67,15.93,6.14,0.07,1.64,1.71,2.2,2.06,0.9,0.1,216,22,11,116,29,22,31,18,134,142,34,377,17,68,44,83,3.00,1.23,3.33,61.75,95.51,12.02,45.60,8.24,1.49,7.02,1.19,6.19,1.17,3.59,0.60,3.88,0.63,12.44,0.5
54.34,17.32,8.16,0.12,2.21,2.09,1.81,3.18,0.88,0.1,513,24,12,130,16,28,31,23,119,169,34,218,17,58,68,100,1.98,1.30,2.70,55.15,99.97,10.84,42.23,7.80,1.82,6.72,1.19,6.37,1.18,3.74,0.58,3.79,0.57,6.90,0.5
59.81,14.98,5.56,0.08,1.96,2.98,2.05,2.36,0.95,0.1,309,19,11,105,16,26,38,21,123,277,32,538,14,74,37,79,1.44,1.08,3.89,60.79,107.82,12.13,47.24,8.82,1.91,7.38,1.31,6.54,1.21,3.57,0.59,3.52,0.52,17.53,0.5
59.91,15.31,5.97,0.08,2.16,2.74,1.93,2.5,0.95,0.07,269,25,10,111,14,29,36,24,139,249,36,389,17,89,35,82,1.63,1.10,3.61,50.62,90.95,10.27,41.14,7.82,1.81,6.85,1.19,6.45,1.21,3.60,0.54,3.37,0.48,11.85,0.5
54.72,15.48,8.45,0.1,3.27,3.18,2.26,1.46,1.03,0.1,286,28,13,175,11,19,59,32,54,268,31,371,18,115,64,88,1.44,1.32,3.03,53.95,93.44,10.98,43.51,8.26,1.90,6.58,1.13,5.85,1.04,3.22,0.49,3.05,0.49,12.70,0.5
63.01,15.26,5.07,0.08,1.43,2.55,2.21,2.76,0.81,0.06,305,28,12,102,28,30,27,22,151,174,26,318,13,59,35,68,1.63,1.12,3.22,48.06,80.66,9.36,36.07,6.74,1.55,5.76,0.96,5.08,0.92,2.77,0.41,2.59,0.40,9.99,0.5
56.41,16.17,7.82,0.1,2.19,2.98,1.71,1.97,1.08,0.11,299,33,14,133,14,22,46,32,101,306,32,484,10,92,45,98,2.21,1.15,3.18,55.52,97.71,11.39,46.06,8.85,1.99,7.30,1.22,6.14,1.10,3.22,0.49,2.94,0.44,17.25,0.5
57.6,15.87,7.41,0.09,2.29,2.8,1.9,2.34,0.99,0.11,303,29,13,120,20,27,49,31,106,228,32,502,12,96,49,84,1.35,1.11,3.52,50.69,91.26,10.77,43.77,8.95,1.88,7.54,1.25,6.31,1.11,3.26,0.52,3.06,0.49,16.55,0.5
57.91,15.98,7.65,0.1,2.14,2.98,1.8,1.88,1.02,0.06,390,26,14,138,13,25,56,31,75,249,32,361,14,127,47,76,1.34,1.43,3.21,47.47,84.05,9.53,38.73,7.11,1.79,6.20,1.05,5.70,1.06,3.35,0.52,3.24,0.50,12.31,0.5
57.5,15.47,7.91,0.1,2.53,3.12,1.66,1.96,1.01,0.08,391,25,13,138,10,23,66,30,89,216,33,364,15,142,62,97,1.47,1.28,2.95,42.73,74.41,8.82,35.72,7.23,1.81,5.94,1.03,5.67,1.05,3.11,0.49,3.13,0.50,11.94,0.5
62.17,15.92,5.68,0.09,1.85,1.86,2.14,2.23,0.78,0.09,446,20,11,88,14,24,37,16,99,210,28,315,14,73,31,84,2.24,0.97,2.30,52.10,85.55,9.89,38.21,6.87,1.53,5.35,0.88,4.40,0.79,2.44,0.38,2.45,0.36,9.42,0.5
61.38,15.29,5.88,0.08,2.09,2.23,2.49,2.13,1.04,0.11,561,21,11,109,19,27,33,26,94,257,29,669,17,70,35,74,2.05,1.15,2.74,54.51,97.87,11.14,42.57,7.68,1.62,6.44,1.00,5.10,0.93,2.91,0.44,3.19,0.48,21.26,0.5
58.06,15.51,5.49,0.07,2.59,1.53,3.19,2.27,0.71,0.1,561,24,10,75,15,26,33,20,75,202,22,326,11,51,27,71,1.38,0.96,1.65,35.20,62.56,6.84,26.20,4.47,1.08,4.03,0.64,3.16,0.59,1.67,0.27,1.82,0.29,9.98,1
60.76,15.37,7.22,0.12,2.38,1.99,1.69,1.98,1.08,0.1,385,24,12,133,15,25,44,27,91,171,32,364,16,94,59,85,1.91,1.23,2.71,54.50,93.01,11.13,42.76,7.31,1.62,6.36,1.01,5.27,0.95,2.94,0.44,3.10,0.44,10.61,0.5
56.6,16.15,8.04,0.12,2.31,2.91,1.98,2.41,0.89,0.08,426,30,14,125,15,24,39,28,102,234,31,369,17,74,51,87,1.72,1.44,2.93,63.32,112.66,12.52,48.44,8.70,1.71,7.61,1.24,6.49,1.20,3.41,0.49,3.12,0.46,13.56,0.5
60.19,15.44,5.57,0.08,1.54,2.63,2.1,2.7,0.94,0.08,276,22,12,107,24,26,33,20,158,159,26,328,13,68,40,66,1.74,1.21,3.74,64.17,109.78,12.33,46.66,8.02,1.51,6.94,1.07,5.83,1.06,3.18,0.47,3.20,0.41,11.29,0.5
57.84,15.37,5.64,0.08,1.86,3.26,2.05,2.59,0.87,0.1,295,26,11,104,20,30,39,22,162,187,31,346,15,83,40,79,1.94,1.18,3.58,43.84,78.12,9.06,35.17,6.95,1.55,5.97,1.05,5.96,1.12,3.51,0.51,3.57,0.50,11.03,0.5
58.81,15.35,6.67,0.08,2.14,2.46,1.82,2.63,0.82,0.14,295,27,12,99,21,26,38,28,143,235,28,426,14,73,42,92,1.67,1.20,3.19,57.82,108.66,12.14,46.27,9.33,1.53,7.43,1.18,5.68,0.99,2.91,0.41,2.86,0.40,13.87,0.5
57.22,16.35,6.34,0.08,2.36,3.22,1.97,2.52,0.86,0.09,294,24,13,100,23,30,32,17,123,295,32,478,11,62,44,80,1.42,1.13,3.24,67.31,115.05,13.38,51.86,9.44,1.97,7.94,1.25,6.38,1.14,3.38,0.48,3.10,0.46,16.51,0.5
56.92,14.53,7.87,0.1,2.57,2.94,1.59,2.37,1.13,0.09,401,24,13,129,13,24,60,28,128,192,44,642,22,121,54,92,1.42,1.29,2.64,53.70,99.83,11.61,47.69,9.63,2.03,8.70,1.53,8.35,1.50,4.59,0.69,4.84,0.69,22.26,0.5
58.5,15.13,6.54,0.08,2.18,2.67,1.75,2.6,0.89,0.09,331,27,12,110,21,27,50,25,133,182,29,403,15,109,46,76,1.36,1.16,2.56,67.84,115.14,13.65,51.20,9.20,1.60,7.74,1.18,5.92,1.04,3.10,0.44,2.95,0.42,14.56,0.5
59.04,16.16,6.84,0.09,2.16,2.24,1.67,2.84,0.93,0.09,332,24,11,106,24,26,42,20,141,204,27,500,13,96,47,94,1.41,1.14,2.75,59.50,103.24,11.70,44.80,7.92,1.71,6.46,0.99,4.90,0.87,2.73,0.41,2.76,0.39,15.57,0.5
55.61,15.18,8.03,0.1,2.68,3.02,1.46,2.18,0.96,0.1,396,22,11,123,12,24,64,25,115,214,30,426,16,151,56,100,1.41,1.26,3.15,45.82,80.60,9.53,38.10,7.39,1.70,6.52,1.07,5.63,1.04,3.17,0.47,3.25,0.45,13.91,0.5
58.93,15.17,6.26,0.1,2.07,2.52,1.87,1.88,0.88,0.11,495,19,10,95,12,31,47,20,91,311,29,425,13,96,35,88,1.97,1.13,2.97,53.93,94.13,10.73,42.07,7.30,1.83,6.60,1.03,5.29,0.97,2.87,0.47,2.89,0.46,14.75,0.5
57.77,15.15,6.2,0.09,2.29,2.54,2.24,1.95,0.93,0.1,354,27,11,112,20,36,42,18,101,215,32,323,14,87,41,94,1.88,1.15,3.88,58.71,98.92,11.49,43.07,7.83,1.62,7.04,1.13,5.78,1.02,3.07,0.47,2.86,0.43,10.64,0.5
60.44,16.09,6.41,0.08,2.64,1.09,1.87,2.46,0.79,0.08,474,22,10,99,13,30,32,19,97,156,24,421,11,59,68,90,1.55,0.90,1.65,48.58,80.45,10.24,39.67,6.99,1.66,5.84,0.87,4.41,0.78,2.42,0.38,2.52,0.37,13.27,0.5
60.91,14.76,6.33,0.09,2.39,1.18,1.62,2.38,0.88,0.1,510,19,11,111,14,22,31,18,88,149,28,493,12,70,49,87,1.42,0.91,1.66,42.05,77.40,8.96,35.79,6.59,1.68,5.61,0.86,4.55,0.81,2.51,0.39,2.72,0.39,15.60,0.5
53.72,16.02,8.72,0.11,2.78,2.91,1.34,2.16,1.11,0.12,344,29,14,152,14,27,53,25,125,272,36,486,13,103,57,101,1.53,1.19,4.60,56.36,99.52,12.07,48.67,9.60,2.08,8.90,1.58,9.09,1.77,5.66,0.90,5.86,0.83,19.43,0.5
54.95,15.15,8.35,0.1,3.31,2.7,1.66,2.34,0.99,0.11,255,24,14,132,14,32,49,27,114,205,33,303,11,97,64,104,1.41,1.07,3.21,40.40,72.76,9.00,37.41,7.94,1.83,7.17,1.19,6.16,1.09,3.06,0.47,2.86,0.42,10.66,0.5
57.34,15.9,7.1,0.09,2.41,2.32,2.25,1.87,0.89,0.11,237,28,11,118,23,21,39,23,90,174,33,328,14,83,51,81,1.66,1.14,3.26,52.08,86.91,10.57,41.31,8.17,1.73,6.94,1.16,5.87,1.10,3.12,0.49,3.06,0.46,11.38,0.5
60.45,15.83,5.57,0.08,2.15,1.22,3.15,1.22,0.88,0.1,186,18,10,97,29,20,37,19,63,94,33,324,19,81,80,55,1.75,0.92,3.08,64.32,102.29,12.19,45.12,7.55,1.41,6.60,1.04,5.22,0.91,2.86,0.42,2.76,0.41,8.33,0.5
54,15.2,8.42,0.11,2.45,4,1.53,1.52,1.1,0.18,316,26,14,141,12,18,54,23,65,311,31,618,11,98,64,99,1.28,1.05,2.66,52.19,99.10,11.38,45.90,8.76,2.11,7.45,1.18,6.08,1.03,3.20,0.46,2.97,0.44,21.59,0.5
55.33,15.23,9.22,0.11,2.87,2.89,1.26,1.93,1.19,0.12,377,26,13,156,11,21,72,29,94,213,38,593,15,150,57,112,1.31,1.21,2.46,61.81,104.68,12.52,49.28,8.78,2.05,7.83,1.22,6.38,1.20,3.75,0.57,3.92,0.56,18.72,0.5
54.47,15.29,8.31,0.1,2.96,3.18,1.73,1.96,1.2,0.15,376,24,13,120,12,17,64,30,87,317,35,679,14,118,53,102,1.44,1.09,2.89,54.00,97.92,11.79,48.90,9.26,2.16,8.08,1.32,6.91,1.23,3.81,0.58,3.73,0.56,24.04,0.5
56.12,16.01,7.84,0.1,2.65,3.19,1.87,1.71,1.24,0.09,277,26,14,124,13,21,71,28,82,291,34,735,17,152,55,85,1.44,1.18,2.51,56.06,99.56,11.70,47.95,8.98,2.47,7.75,1.26,6.66,1.18,3.61,0.59,3.80,0.60,26.75,0.5
57.65,15.25,5.79,0.09,1.76,2.41,1.95,2.84,0.78,0.11,395,25,11,95,34,38,36,21,140,203,25,282,12,67,48,96,1.68,1.11,3.59,64.59,104.34,12.37,45.15,7.88,1.52,6.87,1.02,5.11,0.92,2.64,0.38,2.29,0.37,8.71,0.5
57.14,15.61,5.78,0.08,1.77,3.04,2.14,2.64,0.73,0.11,404,28,10,96,20,52,29,16,123,257,33,300,15,65,36,103,1.67,1.18,3.57,56.44,93.31,11.14,41.92,7.93,1.42,7.20,1.11,5.88,1.03,3.06,0.44,2.58,0.41,11.12,0.5
59.67,14.45,5.94,0.08,1.66,3.01,2.4,2.33,0.95,0.09,279,27,11,120,33,34,33,20,131,204,31,335,14,74,41,89,1.60,1.16,3.17,63.59,109.28,12.60,46.96,8.81,1.59,7.95,1.25,6.61,1.19,3.42,0.51,3.06,0.48,10.91,0.5
61.33,14.99,7.02,0.1,2.01,1.6,1.5,2.12,0.94,0.1,382,23,10,120,17,27,44,27,114,181,32,425,16,83,61,94,1.81,1.19,2.62,59.48,103.06,12.01,45.58,7.93,1.63,7.01,1.09,5.44,1.03,3.07,0.44,2.83,0.47,13.49,0.5
59.74,15.55,5.15,0.08,1.23,2.18,2.13,2.72,0.86,0.11,224,25,12,102,38,37,28,15,184,139,38,295,15,66,33,87,2.06,1.20,3.59,81.58,133.75,15.30,55.37,9.43,1.44,8.44,1.33,6.92,1.29,3.98,0.58,3.53,0.56,9.69,0.5
53.38,14.65,8.98,0.11,3.66,2.65,1.67,2.25,1.02,0.13,424,24,14,143,11,22,52,24,89,228,31,243,12,130,72,104,1.36,1.23,2.50,45.79,80.33,9.58,38.60,7.41,1.71,6.98,1.09,5.93,1.11,3.20,0.46,2.89,0.47,7.96,0.5
53.55,15.29,9.04,0.11,3.77,2.77,1.82,2.11,1.18,0.11,463,20,13,145,6,25,51,31,86,299,38,357,14,93,60,116,1.66,1.32,2.82,60.49,104.05,12.62,50.73,9.15,2.12,8.47,1.37,7.37,1.39,4.28,0.60,3.75,0.57,12.06,0.5
50.07,14.44,8.66,0.11,3.53,2.37,1.53,2.4,0.87,0.14,360,25,13,130,9,25,39,39,105,197,37,249,14,95,54,88,1.99,1.22,4.26,47.09,77.55,9.05,34.52,6.58,1.36,6.81,1.19,7.09,1.35,4.08,0.59,3.58,0.53,9.18,0.5
53.22,15.08,8.82,0.13,3.95,2.3,1.78,2.52,1.01,0.13,456,25,13,136,8,19,38,25,102,225,38,367,13,71,58,88,2.05,1.32,3.97,66.37,108.24,12.46,46.93,8.06,1.72,7.83,1.33,7.64,1.45,4.63,0.72,4.28,0.67,13.87,0.5
55.66,16.06,8.7,0.11,2.43,2.97,1.39,1.46,1.17,0.09,289,26,15,142,11,20,56,31,76,291,35,605,15,121,64,94,1.35,1.21,2.57,62.76,106.07,12.84,51.40,8.99,2.28,8.20,1.31,7.12,1.31,3.91,0.60,3.81,0.60,20.51,0.5
54.1,16,9.53,0.11,2.85,2.89,1.53,1.59,1.38,0.11,262,33,14,151,7,17,87,32,73,296,33,711,15,178,63,97,1.47,1.30,2.48,71.67,124.30,14.17,55.40,9.59,2.23,8.38,1.21,6.37,1.16,3.51,0.52,3.28,0.56,27.67,0.5
54.52,15.33,8.99,0.1,2.58,3.08,1.59,1.69,1.11,0.15,356,23,13,127,8,22,64,36,75,307,32,597,15,110,58,100,1.26,1.29,2.78,54.69,98.88,11.76,48.00,8.74,2.11,7.92,1.20,6.37,1.17,3.55,0.49,3.25,0.51,21.36,0.5
54.98,15.78,8.28,0.1,2.64,3.07,1.59,1.81,1.17,0.11,348,25,14,136,6,23,67,29,82,255,40,557,14,128,50,97,1.44,1.22,2.60,39.48,75.89,9.60,41.24,9.05,2.16,7.87,1.50,8.31,1.59,4.91,0.72,4.73,0.69,16.98,1
59.83,14.5,5.53,0.09,1.73,2.3,2.27,2.06,0.87,0.09,240,20,11,103,28,35,33,18,117,179,39,295,15,72,41,82,1.66,1.21,4.61,52.59,89.10,10.33,39.45,7.37,1.37,6.55,1.20,6.46,1.22,3.72,0.55,3.51,0.55,9.42,0.5
56.29,13.64,6.12,0.08,1.87,2.98,1.73,2.29,0.78,0.12,275,21,11,96,19,45,42,24,127,227,33,301,15,72,45,99,1.72,1.08,5.44,53.72,87.31,10.52,39.44,7.57,1.31,6.37,1.09,5.50,1.03,3.01,0.43,2.83,0.41,8.19,0.5
58.27,13.73,5.51,0.09,1.74,2.88,1.58,2.4,0.85,0.1,284,20,10,95,28,42,37,21,135,170,32,284,16,70,33,96,1.78,1.18,4.55,62.78,106.66,12.67,47.36,9.16,1.52,7.68,1.20,6.19,1.10,3.13,0.46,2.76,0.40,8.44,0.5
58.69,15.59,6.21,0.09,2.47,1.15,2.05,2.34,0.88,0.11,362,15,10,100,16,25,32,20,97,135,27,483,14,62,37,85,1.61,0.97,1.92,44.59,80.91,9.25,36.69,6.84,1.67,5.56,0.93,4.89,0.85,2.48,0.40,2.56,0.39,14.57,2
54.06,13.82,10.31,0.13,3.08,1.68,1.42,1.99,1.16,0.11,460,18,11,166,8,35,86,34,96,127,29,284,11,139,101,112,1.61,1.16,3.26,87.32,10.35,41.64,7.78,1.83,6.33,1.06,5.40,0.97,2.91,0.41,2.71,0.41,9.37,1.01,14
59.04,17.76,5.88,0.09,1.24,0.52,0.61,3.33,0.63,0.1,498,22,14,113,17,26,40,13,170,64,37,250,18,87,36,72,2.73,1.42,4.40,52.57,93.29,11.51,44.10,7.98,1.59,8.20,1.14,6.74,1.28,4.25,0.72,4.21,0.66,8.27,1
61.9,16.29,5.03,0.09,1.55,1.09,0.79,2.80,0.9,0.08,469,20,12,131,15,20,53,15,140,84,32,294,19,107,40,60,2.32,1.26,3.92,48.47,86.48,10.68,40.51,7.45,1.41,7.04,1.04,6.57,1.23,3.88,0.78,4.13,0.61,9.91,0.5
62.88,15.6,5.14,0.13,1.52,1.1,0.7,2.70,1.09,0.14,475,19,12,156,14,42,51,18,139,82,30,274,23,108,38,111,2.25,1.42,4.17,59.96,107.45,13.15,50.09,9.26,1.72,8.86,1.24,6.99,1.31,4.10,0.75,4.30,0.61,9.17,0.5
66.57,14.34,4.23,0.1,1.3,0.72,0.58,2.35,0.86,0.11,367,16,10,124,15,15,40,14,108,63,28,254,20,88,30,52,1.73,1.07,3.04,52.20,92.97,11.39,43.57,7.60,1.43,7.41,1.06,5.89,1.07,3.41,0.63,3.66,0.47,7.98,0.5
58.76,16.58,5.7,0.08,2.41,1.16,0.69,3.63,1.02,0.2,545,20,12,153,14,14,36,16,140,66,31,333,20,75,33,55,2.31,1.36,3.47,45.65,81.50,10.54,41.61,7.79,1.51,7.59,1.10,6.01,1.30,4.03,0.75,3.92,0.64,12.45,1
59.89,17.2,5.83,0.08,2.04,0.67,0.75,3.57,1.04,0.18,556,21,17,153,14,17,37,15,146,68,31,292,20,79,36,60,2.19,1.32,3.58,39.68,74.18,9.32,35.74,7.12,1.37,6.95,1.00,5.50,1.23,3.45,0.69,3.66,0.60,11.26,0.5
60.88,16.86,5.34,0.06,2.31,0.88,0.53,3.55,0.95,0.1,495,20,14,145,13,23,36,14,150,63,32,325,17,78,35,48,2.08,1.17,2.91,41.51,68.02,9.62,37.57,7.36,1.35,6.81,1.03,5.30,1.24,3.54,0.63,3.39,0.62,11.85,1
57.89,17.63,5.03,0.08,2.46,1.6,0.77,4.17,0.85,0.18,582,22,14,140,15,24,36,18,161,81,29,218,16,88,29,64,2.79,1.30,3.59,51.44,90.51,11.25,43.73,8.17,1.49,7.46,1.04,5.58,1.21,3.51,0.64,2.99,0.50,7.89,2
54.63,17.76,4.53,0.06,1.91,4.27,0.71,3.91,0.83,0.2,518,20,15,138,15,26,36,13,155,93,31,269,19,88,21,58,2.36,1.10,3.44,47.97,87.29,11.10,42.87,8.36,1.59,7.81,1.10,5.49,1.21,3.40,0.62,3.04,0.54,11.43,1
58.81,16.75,5.16,0.05,2.49,1.2,0.46,3.83,0.88,0.11,495,21,14,144,14,18,37,13,172,74,32,389,16,92,28,50,2.53,1.22,2.88,42.26,72.95,9.59,37.98,7.09,1.39,7.04,1.06,5.54,1.34,3.82,0.74,4.07,0.66,14.96,1
61.02,17.48,4.41,0.04,1.29,0.68,0.73,4.35,0.79,0.19,587,21,13,134,18,27,29,10,179,93,33,457,18,85,19,40,2.25,0.96,2.93,74.53,135.24,16.31,61.55,11.18,1.71,10.23,1.43,8.16,1.81,5.26,0.92,4.58,0.80,16.00,1
57.58,19.65,4.58,0.04,1.7,1.05,1.08,4.26,0.83,0.14,562,24,15,161,18,30,33,13,196,99,34,232,22,96,21,44,2.47,1.23,4.05,107.53,189.61,23.75,90.30,16.44,2.44,14.41,1.77,8.14,1.51,4.66,0.69,3.78,0.66,8.29,1
55.29,18.94,4.97,0.04,1.81,2.16,0.98,4.16,0.88,0.34,532,23,15,147,18,24,36,12,170,128,36,251,18,103,25,60,2.39,1.24,3.30,120.89,215.15,25.44,94.60,16.38,2.28,14.64,1.84,8.88,1.76,4.88,0.91,4.47,0.74,9.63,1
64.18,17.62,5.95,0.08,1.91,0.81,0.76,3.54,0.87,0.12,404,34,16,106,22,42,59,14,153,89,31,375,20,110,36,75,2.27,1.98,3.83,49.94,91.44,11.01,43.79,8.75,1.59,7.32,1.21,6.97,1.26,3.96,0.62,3.84,0.61,10.41,0.5
62.38,18.35,6.53,0.09,2.03,0.61,0.78,3.71,0.9,0.1,492,36,18,109,17,42,71,16,164,87,34,333,21,118,39,83,2.44,2.00,4.69,50.64,94.12,11.29,44.09,8.26,1.54,7.21,1.24,6.73,1.18,3.59,0.57,3.64,0.53,8.73,0.5
65.81,17.47,5.53,0.09,1.47,0.85,0.68,3.20,0.98,0.12,312,37,14,86,28,35,42,17,150,92,35,338,24,99,34,75,2.12,1.97,3.69,64.29,125.30,14.12,55.32,10.73,1.79,9.06,1.56,8.27,1.55,4.82,0.79,4.65,0.69,8.65,0.5
67.03,14.31,5.28,0.17,3.44,0.58,0.54,2.50,0.78,0.1,376,37,11,70,20,40,184,24,103,62,31,435,17,259,30,68,1.62,1.87,2.67,40.40,76.60,8.88,35.63,6.73,1.26,6.22,1.14,6.59,1.25,3.68,0.60,3.71,0.58,12.40,0.5
65.73,15.37,5.22,0.08,2.36,0.81,0.69,3.40,0.92,0.13,356,34,13,86,20,34,46,20,124,77,28,371,19,93,32,75,1.80,1.77,3.03,37.65,73.02,8.36,33.11,6.49,1.22,5.36,0.95,5.09,0.99,2.99,0.48,3.07,0.44,10.21,0.5
64.12,16.05,5.08,0.07,2.07,1.22,0.64,3.60,1.02,0.13,379,37,14,86,14,36,31,20,133,85,28,359,18,75,29,77,2.11,1.71,3.55,39.17,71.38,8.69,33.77,6.60,1.23,5.64,1.02,5.25,1.03,3.15,0.46,3.03,0.46,10.06,0.5
55.56,19.95,5.75,0.06,1.79,0.74,0.71,4.39,0.87,0.14,586,25,15,148,18,24,40,14,176,90,37,260,16,99,21,59,2.85,1.43,3.97,57.46,100.36,13.16,51.10,9.30,1.71,8.87,1.35,7.24,1.63,4.59,0.89,4.36,0.70,9.68,1
67.93,14.27,3.25,0.05,1.21,2.56,0.56,3.55,0.85,0.16,320,33,12,67,21,32,22,13,130,92,32,605,18,68,14,63,2.03,1.71,2.75,72.88,137.18,15.34,58.40,10.43,1.70,8.83,1.43,7.57,1.52,4.76,0.68,4.60,0.70,17.26,0.5
63.56,18.41,4.73,0.04,1.34,0.7,0.83,4.11,0.75,0.14,321,36,14,82,25,37,39,14,163,113,30,286,20,117,17,69,2.16,2.25,3.56,74.27,142.68,15.57,58.32,10.41,1.75,8.21,1.20,5.28,0.93,2.63,0.35,2.36,0.34,8.13,0.5
65.16,17.68,4.69,0.05,1.62,0.62,1.05,4.03,0.91,0.12,279,31,15,79,29,33,26,14,154,109,34,341,26,92,19,70,2.98,1.99,2.98,92.85,172.33,19.50,72.33,11.74,1.75,10.14,1.56,8.26,1.64,5.06,0.71,4.62,0.63,9.50,0.5
67.35,16.15,3.53,0.05,1.52,0.53,1.07,4.54,0.68,0.09,421,30,11,75,20,46,23,14,157,91,23,436,16,66,18,68,2.41,1.57,2.59,68.82,131.54,14.35,54.59,9.87,1.57,8.02,1.30,5.93,1.07,3.23,0.43,2.96,0.47,12.06,0.5
64.14,18.03,4.63,0.04,1.38,0.38,1.13,4.43,1.25,0.12,291,40,16,93,36,50,25,15,180,119,38,271,27,84,16,64,2.44,2.00,4.92,154.51,287.09,32.83,126.95,22.69,3.42,18.62,2.91,13.49,2.44,6.85,0.93,5.87,0.85,7.58,0.5
60.46,19.13,5.46,0.05,1.73,0.7,1.24,4.76,0.96,0.14,342,36,17,107,27,46,28,12,204,130,39,263,25,85,19,77,3.20,1.67,4.57,105.13,200.26,23.47,90.52,16.01,2.54,15.08,2.11,9.55,1.79,5.46,0.72,4.74,0.68,7.52,0.5
49.02,8.44,12.92,0.22,16.08,0.83,0.22,1.09,0.45,0.1,217,35,9,87,15,37,1464,79,71,67,21,171,11,1666,91,86,1.19,1.61,2.63,23.84,44.11,5.31,21.00,4.31,0.74,3.52,0.60,3.16,0.63,1.78,0.25,1.76,0.25,4.04,3
69.2,11.28,5.6,0.12,4.96,0.45,0.37,2.06,0.98,0.08,337,33,10,72,20,33,280,31,95,59,34,444,21,398,28,65,1.52,1.64,2.13,40.00,78.48,8.99,34.90,7.02,1.33,6.22,1.16,6.39,1.29,3.91,0.56,3.89,0.62,12.65,0.5
60.28,12.04,7.08,0.11,8.75,0.78,0.45,2.12,0.88,0.09,242,27,10,80,21,41,575,35,99,75,29,329,19,697,29,68,1.51,1.58,2.48,48.18,95.01,10.68,41.56,7.80,1.32,6.31,1.10,5.55,1.00,3.08,0.42,2.94,0.43,7.79,0.5
70.06,14.84,4.91,0.07,1.35,0.57,0.73,2.73,1.22,0.11,279,35,11,89,24,30,36,19,112,80,33,445,25,107,32,70,2.46,1.78,3.84,58.24,112.00,12.92,50.75,9.58,1.54,7.58,1.36,6.91,1.28,3.96,0.59,3.86,0.58,12.49,0.5
61.84,15.89,4.94,0.11,1.7,1.27,0.77,2.82,0.95,0.12,431,18,12,132,13,19,41,19,146,79,29,266,22,85,30,48,2.03,2.02,2.68,48.07,93.14,10.65,41.37,7.74,1.40,6.07,1.02,6.17,1.16,3.57,0.52,4.05,0.63,7.96,1
60.02,16.39,4.89,0.07,2.14,1.1,0.86,3.48,0.82,0.1,515,20,12,130,15,29,40,16,166,77,32,353,23,94,30,63,2.40,1.73,2.58,54.27,103.63,11.97,46.30,8.53,1.43,6.12,1.05,6.29,1.17,3.62,0.54,4.07,0.52,12.00,1
69.64,15.27,3.13,0.05,1.13,0.59,0.68,4.69,0.61,0.09,403,35,11,55,22,44,23,11,153,84,24,581,16,59,15,56,2.00,1.47,2.35,45.24,86.85,9.58,36.70,6.83,1.21,5.45,0.92,4.38,0.83,2.47,0.40,2.63,0.40,15.54,0.5
65.26,17.5,4.56,0.04,1.39,0.5,0.93,4.06,0.82,0.14,347,35,11,76,32,33,29,14,156,104,32,259,21,94,20,66,2.32,2.41,4.11,96.57,187.05,21.05,80.63,13.61,2.03,11.18,1.71,7.96,1.65,4.89,0.64,4.07,0.72,6.83,0.5
70.75,14.94,3.87,0.04,1.45,0.45,0.7,3.11,0.68,0.12,324,34,11,61,35,30,26,13,120,102,34,370,24,66,19,66,1.81,1.95,2.82,83.50,163.98,18.31,69.63,11.57,1.63,9.38,1.43,7.04,1.49,4.44,0.69,4.15,0.62,9.50,0.5
68.15,15.66,3.63,0.04,1.47,0.61,0.85,4.54,0.65,0.13,378,35,10,57,28,44,27,16,166,92,20,514,21,64,16,64,1.36,1.34,2.28,49.04,97.07,10.84,42.29,6.56,1.00,5.21,0.78,3.84,0.79,2.38,0.37,2.21,0.34,11.16,0.5
61.22,19.85,5.22,0.05,1.57,0.8,1.03,4.80,0.71,0.14,335,32,17,100,28,44,29,14,203,144,32,278,21,98,21,71,2.99,2.32,4.32,90.56,173.01,19.77,75.31,13.54,2.39,11.23,1.72,8.59,1.72,4.76,0.67,4.05,0.58,7.74,0.5
64.4,17.46,4.64,0.04,1.59,1.09,0.97,4.11,0.81,0.19,327,32,15,94,31,43,22,13,159,125,38,260,20,80,25,72,2.44,2.34,4.03,115.91,214.70,24.22,92.10,15.83,2.39,12.80,1.77,7.99,1.47,4.03,0.59,3.54,0.53,7.31,0.5
60.08,18.89,5.48,0.05,2,1.27,1.16,4.63,0.85,0.24,374,35,16,97,27,46,28,13,201,133,39,265,20,89,27,73,2.86,2.14,4.24,106.16,203.41,23.50,92.01,16.36,2.47,12.91,1.92,8.95,1.66,4.72,0.64,3.74,0.56,7.38,0.5
58.17,7.36,7.83,0.08,13.65,0.85,0.29,0.87,0.61,0.14,451,14,11,58,3,22,1214,60,51,47,18,147,9,1635,30,62,1.15,1.95,2.26,29.28,57.19,6.62,26.24,4.81,0.88,4.04,0.69,3.63,0.71,2.39,0.29,2.38,0.34,3.87,1
56.61,9.38,7.98,0.12,13.19,0.52,0.34,1.38,0.73,0.11,550,16,14,73,4,27,1208,66,78,51,23,222,11,1669,30,62,1.27,1.73,2.02,40.05,78.82,8.84,34.67,5.23,1.20,4.94,0.88,5.90,1.14,3.66,0.52,3.48,0.54,8.92,0.5
61.17,15,5.08,0.13,2.45,0.94,0.73,2.74,0.87,0.13,534,18,15,122,13,20,105,16,146,75,32,301,21,133,34,57,1.97,1.99,2.77,51.93,101.31,11.34,47.36,8.05,1.53,6.96,1.11,7.13,1.27,3.83,0.61,4.18,0.57,9.14,1
61.52,15.55,5.13,0.13,2.12,0.9,0.74,2.76,0.91,0.12,517,18,16,130,14,19,87,18,146,77,32,286,19,139,37,54,2.25,2.09,3.08,51.21,101.77,11.38,46.26,7.32,1.55,6.36,1.10,6.78,1.33,4.13,0.72,4.41,0.63,9.36,0.5
62.62,13.89,4.44,0.08,2.75,1.73,0.62,2.57,0.88,0.12,413,16,12,120,12,20,49,17,119,69,26,295,17,84,26,50,1.88,1.67,2.25,40.23,73.32,8.64,34.52,6.14,1.26,5.15,0.87,5.77,1.16,3.24,0.48,3.28,0.54,9.83,0.5
59.27,17.62,4.27,0.06,1.57,0.91,2.25,3.97,0.74,0.16,512,25,12,121,21,12,22,11,221,85,34,610,39,41,12,48,2.63,1.42,1.83,121.99,261.18,27.02,103.55,15.48,1.67,11.68,1.50,7.73,1.35,3.67,0.46,3.04,0.46,26.28,0.5
58.19,16.83,5.06,0.08,1.8,1.43,1.99,3.63,0.88,0.2,551,24,13,130,17,13,28,12,216,100,37,577,44,63,15,52,2.53,1.38,1.93,115.32,229.04,25.68,101.45,15.30,1.73,11.44,1.57,8.05,1.50,3.78,0.53,3.07,0.47,23.43,0.5
58.53,16.64,5.35,0.07,1.76,1.4,2.02,3.57,0.96,0.23,567,24,12,139,17,15,24,12,225,100,43,839,51,51,19,66,2.40,1.59,1.60,120.19,242.94,27.61,108.65,16.79,1.94,13.70,2.10,11.42,1.99,5.10,0.63,4.19,0.58,39.90,0.5
58.54,17.28,4.72,0.05,1.91,1.57,1.72,3.86,0.82,0.22,633,23,12,129,16,16,27,11,193,114,33,461,31,64,17,46,1.95,1.52,1.79,132.03,251.16,29.53,113.00,17.35,2.52,13.45,1.76,8.84,1.62,4.29,0.62,4.01,0.53,17.21,0.5
55.86,18.68,5.98,0.07,1.89,1.01,1.39,3.88,0.82,0.16,665,26,14,132,18,17,35,16,223,104,37,368,35,80,26,65,2.40,1.59,2.85,133.66,251.14,29.54,114.47,17.67,2.11,13.02,1.62,7.56,1.42,3.63,0.44,3.12,0.46,12.74,1
55.92,19.94,5.4,0.04,1.42,0.61,1.05,4.17,0.7,0.14,582,25,15,134,21,27,42,13,195,117,39,296,20,112,20,39,2.34,2.00,4.01,138.57,266.42,29.61,111.39,18.04,3.26,15.16,2.06,11.35,2.10,5.79,0.77,4.48,0.74,10.99,1
61.17,18.21,3.51,0.03,1.34,1.1,1.27,3.80,0.64,0.15,552,21,12,114,19,34,29,9,155,150,37,297,20,86,19,37,2.26,1.80,2.82,122.93,243.69,26.87,101.49,17.44,3.02,14.95,2.32,12.83,2.67,7.11,1.12,6.84,1.00,11.67,0.5
59.45,18.6,4.7,0.07,1.36,0.85,1.1,3.64,0.81,0.14,573,22,14,137,20,29,40,15,173,107,41,287,19,92,25,48,2.30,2.03,4.08,113.60,215.85,24.63,94.31,15.83,2.76,13.25,1.86,10.06,1.94,5.44,0.80,5.09,0.78,10.45,1
62.57,10.73,5.43,0.19,7,0.53,0.36,1.58,0.67,0.15,417,15,10,79,8,31,488,38,76,46,24,129,13,538,37,69,1.64,2.28,2.25,43.36,82.11,9.34,36.66,5.66,1.29,5.02,0.87,5.81,1.04,3.33,0.46,3.10,0.45,5.08,0.5
62.7,10.38,5.45,0.19,6.93,0.5,0.34,1.52,0.67,0.14,424,14,10,80,8,32,511,37,72,43,24,129,12,540,47,71,1.60,2.18,2.29,40.37,78.64,8.80,34.67,5.58,1.26,5.13,0.89,5.93,1.11,3.56,0.52,3.29,0.50,4.82,0.5
58.83,17.78,5.83,0.08,1.47,0.62,1.1,3.18,0.88,0.1,527,22,14,143,16,18,43,20,153,68,36,253,19,94,28,65,2.74,2.31,5.05,59.52,111.20,12.82,51.48,8.26,1.92,7.29,1.29,8.52,1.59,5.08,0.75,4.94,0.76,9.87,0.5
58.66,13.89,4.32,0.07,3.11,5.01,0.4,2.50,0.82,0.08,397,15,12,110,11,17,32,12,102,68,25,309,19,76,20,41,1.52,1.60,2.47,39.57,73.83,8.77,34.79,6.34,1.23,5.28,0.90,5.23,1.12,3.11,0.56,3.52,0.51,14.19,0.5
52.14,13.59,4.28,0.07,3.24,8.96,0.38,2.37,0.8,0.07,376,13,13,101,8,15,27,11,112,86,24,303,18,68,30,40,1.70,1.56,2.33,38.58,72.63,8.68,34.53,6.57,1.24,5.33,0.92,5.54,1.12,3.37,0.52,3.35,0.53,12.96,1
65.99,13.04,4.53,0.06,2.33,0.89,0.39,2.14,0.95,0.08,326,14,9,122,12,12,35,14,98,55,25,360,18,80,25,37,1.51,1.66,2.16,35.92,66.16,8.10,31.76,5.81,1.06,4.44,0.77,5.03,0.90,2.94,0.49,3.12,0.49,12.59,0.5
57.67,16.8,5.41,0.06,1.98,1.47,1.61,3.88,0.87,0.13,544,25,11,133,19,9,30,12,208,89,35,529,39,55,15,42,2.67,1.44,1.60,137.05,238.86,30.83,117.35,16.26,1.60,11.37,1.55,7.92,1.22,4.13,0.46,3.27,0.52,18.36,0.5
58.21,17.05,5.35,0.06,1.94,1.4,1.77,3.81,0.9,0.14,540,25,11,148,19,9,24,12,198,88,36,570,42,51,12,41,2.67,1.41,1.60,130.27,232.11,28.93,111.93,15.87,1.60,10.98,1.63,7.90,1.35,4.06,0.54,3.85,0.56,20.17,0.5
60.03,15.6,4.47,0.07,1.63,1.81,1.77,3.52,0.99,0.16,596,21,11,145,15,17,29,17,197,138,41,758,44,53,16,43,2.54,1.75,2.44,140.31,270.37,33.72,137.09,19.87,2.48,15.22,2.17,11.63,2.06,6.39,0.85,5.77,0.84,35.92,0.5
60.92,14.86,3.9,0.06,1.39,1.52,1.64,3.48,0.95,0.14,528,21,9,133,15,19,29,16,197,123,37,779,44,59,18,37,2.14,1.63,2.19,126.44,230.38,28.70,113.54,15.67,2.04,12.29,1.79,9.70,1.78,5.71,0.77,4.96,0.74,37.35,0.5
52.85,17.77,6.36,0.1,2.14,2.52,1.43,3.57,1.34,0.46,944,23,13,197,17,11,32,19,168,192,41,693,37,58,22,55,2.19,1.88,1.15,168.15,249.74,53.86,208.02,26.88,4.27,20.09,2.59,11.72,1.96,6.32,0.77,5.14,0.76,20.65,0.5
50.56,17.18,7.44,0.1,3.26,3.08,1.09,3.26,1.27,0.36,601,23,15,180,9,12,38,22,147,260,36,438,37,115,33,70,3.35,2.46,6.21,133.43,247.65,29.93,120.11,17.41,3.48,14.09,2.06,11.36,1.95,5.94,0.79,5.13,0.72,20.75,0.5
60.85,17.3,4.25,0.05,1.37,0.89,1.25,3.82,0.76,0.13,534,22,11,122,20,23,29,9,169,102,31,346,20,72,13,40,2.17,1.91,2.14,101.88,190.49,21.59,81.50,12.89,1.84,9.05,1.44,8.13,1.46,4.76,0.66,4.50,0.63,11.40,0.5
65.96,16.23,5.48,0.07,1.7,1.63,0.64,3.03,0.99,0.26,329,30,14,80,19,37,38,13,129,104,32,323,22,84,32,82,2.02,2.02,3.53,62.42,123.25,13.77,53.93,9.61,1.71,7.96,1.25,6.06,1.21,3.68,0.55,3.31,0.50,9.08,0.5
71.35,12.89,4.64,0.7,2.21,0.89,0.73,2.04,0.93,0.23,607,25,11,64,15,35,70,17,93,76,28,299,19,102,42,63,1.45,2.14,2.28,40.15,78.03,8.89,35.45,6.77,1.31,5.70,1.03,5.66,1.13,3.54,0.54,3.06,0.50,9.32,0.5
67.13,13.77,4.55,0.1,1.82,0.72,0.56,2.17,1.12,0.09,390,15,10,142,12,14,55,16,113,63,26,320,22,116,35,43,1.46,1.82,2.17,38.25,73.96,8.78,34.83,5.87,1.30,4.58,0.95,6.29,1.09,3.48,0.53,3.58,0.54,11.52,1
62.71,15.54,5.16,0.1,1.88,0.78,0.58,2.60,1.13,0.12,442,18,12,164,13,16,73,20,127,61,32,309,24,109,45,56,2.01,2.31,4.14,47.13,91.13,10.32,41.14,6.92,1.61,5.89,1.12,7.45,1.38,4.47,0.69,4.49,0.68,11.72,0.5
63.09,12.81,4.29,0.08,2.64,1.83,0.49,2.22,0.99,0.12,344,15,10,123,10,15,54,18,93,60,25,320,18,101,24,42,1.53,1.94,2.94,41.64,80.18,9.08,35.80,5.87,1.25,5.04,0.86,5.73,1.05,3.37,0.53,3.60,0.55,12.44,0.5
56.71,15.48,5.38,0.09,3.18,2.12,0.43,2.66,1,0.12,439,18,13,141,11,19,56,21,123,65,30,339,20,119,36,53,2.20,2.02,4.01,50.72,93.96,11.10,44.35,7.02,1.54,6.11,1.09,6.89,1.35,4.11,0.63,4.30,0.66,12.63,0.5
61.54,15.43,4.4,0.07,1.91,0.81,0.99,3.19,0.87,0.07,378,19,10,131,14,15,41,18,165,74,33,346,24,94,21,37,3.57,1.73,3.01,89.76,170.85,19.71,77.83,12.77,1.98,10.15,1.58,8.69,1.48,4.29,0.62,3.92,0.59,13.92,0.5
55.44,15.51,6.41,0.09,3.06,2.91,1.24,2.36,1.17,0.31,482,19,12,157,9,20,40,19,142,203,33,398,36,116,22,57,2.94,1.87,3.56,97.16,191.95,22.51,90.52,12.06,2.76,10.60,1.60,9.50,1.68,5.26,0.70,4.69,0.67,17.66,0.5
54.79,16.48,5.79,0.09,2.58,3.42,1.96,3.59,1.2,0.49,667,23,12,167,11,15,34,19,193,238,44,583,50,63,20,56,2.52,2.25,3.83,199.28,313.73,47.57,191.12,25.90,4.13,19.94,2.75,13.93,2.39,7.26,0.93,6.07,0.89,22.94,0.5
52.88,16.47,5.89,0.09,2.73,2.95,1.79,3.68,1.16,0.43,677,21,12,168,13,15,35,17,194,205,39,406,44,66,23,57,2.45,2.01,3.34,175.13,297.63,40.20,159.03,21.53,3.22,16.49,2.20,10.82,1.85,5.69,0.72,4.69,0.63,15.76,0.5
58.31,18.18,4.26,0.08,1.63,1.42,1.23,4.66,0.64,0.18,634,23,11,116,15,22,26,10,184,133,38,536,19,78,16,40,4.56,2.07,3.06,83.93,139.71,17.44,66.69,9.60,1.93,8.37,1.39,8.86,1.76,5.57,0.87,5.60,0.84,24.11,0.5
58.12,17.03,4.73,0.06,2.35,1.75,1.55,4.19,0.79,0.16,655,21,11,125,13,24,38,15,162,143,31,436,19,84,21,43,2.83,1.91,2.97,84.87,155.17,17.65,67.67,9.45,1.96,8.05,1.22,6.86,1.27,3.84,0.56,3.84,0.57,17.81,0.5
56.11,17.71,4.56,0.06,2.33,1.99,1.6,4.38,0.78,0.14,678,22,11,137,14,28,37,14,180,155,35,468,20,96,15,45,2.75,2.04,3.52,81.87,148.79,17.26,67.10,9.81,2.03,9.12,1.58,9.59,1.92,5.75,0.93,5.42,0.87,19.71,0.5
62.14,15.41,5.2,0.12,2.53,1.28,0.63,2.55,0.87,0.09,440,17,12,118,13,23,183,25,117,61,29,349,20,378,27,55,1.66,1.24,2.66,44.52,80.06,10.25,39.37,7.36,1.34,7.25,1.15,6.44,1.52,4.42,0.87,4.21,0.68,12.26,1
63.57,16.01,4.51,0.1,1.65,0.68,0.63,2.88,0.9,0.09,453,19,11,140,19,23,51,15,91,38,32,361,13,107,16,57,1.83,1.09,2.83,52.75,96.95,12.26,46.73,9.08,1.52,8.44,1.25,6.97,1.57,4.64,0.94,4.43,0.71,14.27,1
60.06,17.98,5.56,0.08,1.31,0.65,0.71,3.14,1.11,0.1,482,22,15,174,18,9,39,16,119,54,34,302,19,93,27,54,2.34,1.35,3.47,50.40,90.99,10.97,43.08,8.25,1.46,8.06,1.04,6.47,1.29,4.12,0.69,3.79,0.63,10.98,2
58.17,18.22,5.62,0.08,1.3,1.46,0.61,3.04,1.11,0.15,391,21,12,172,14,13,46,16,150,79,36,62,25,82,39,304,2.08,1.13,2.70,44.97,84.04,10.38,40.76,6.73,1.26,6.66,0.97,4.97,1.16,2.82,0.60,2.84,0.49,8.82,3
60.78,14.99,5.04,0.07,3.28,1.75,0.55,2.91,0.92,0.15,464,19,11,127,12,18,44,21,143,73,30,332,20,86,33,54,2.08,2.07,4.52,48.70,93.75,10.58,42.08,6.47,1.39,5.94,1.02,6.26,1.26,3.71,0.60,3.95,0.61,12.09,0.5
58.33,16.97,4.91,0.06,1.67,2.61,0.65,3.32,0.88,0.11,400,19,13,141,14,28,36,17,141,86,31,244,20,91,22,58,2.35,2.41,3.90,66.41,126.78,14.15,55.21,8.49,1.70,7.66,1.29,7.73,1.49,4.44,0.72,4.42,0.69,9.74,0.5
60.66,17.04,3.61,0.06,1.35,1.19,1.74,3.91,0.62,0.1,398,22,9,102,16,24,28,12,199,100,34,327,21,76,14,38,2.70,1.86,2.73,79.70,141.45,15.70,58.63,7.88,1.38,7.20,1.11,6.61,1.31,3.96,0.59,3.75,0.58,12.08,0.5
55.96,15.45,5.73,0.08,2.52,3.02,1.8,2.67,1.22,0.41,572,19,11,163,8,13,29,17,139,268,32,506,43,76,21,52,2.43,1.90,3.37,115.69,221.85,26.54,104.02,13.79,2.71,11.68,1.66,8.70,1.55,4.45,0.63,3.79,0.57,23.39,0.5
55.49,15.58,6.43,0.09,3.07,2.91,1.32,2.39,1.19,0.29,478,18,12,158,8,16,36,18,138,206,34,411,36,108,21,66,2.67,1.85,3.59,90.44,180.35,21.33,85.59,12.38,2.35,10.41,1.61,8.61,1.60,4.55,0.67,4.24,0.65,16.50,0.5
59.46,17.23,3.57,0.07,1.2,1.16,1.91,3.92,0.6,0.1,381,23,9,95,18,26,29,10,217,100,36,331,24,57,17,37,2.83,1.79,3.43,90.14,162.78,17.88,66.83,8.55,1.38,7.53,1.19,7.16,1.38,4.07,0.66,3.92,0.60,16.44,0.5
55.86,15.58,4.82,0.06,2.7,5,1.21,2.85,0.87,0.19,421,19,13,126,13,18,41,14,146,110,32,435,32,93,19,58,2.83,1.59,2.88,100.11,195.52,22.21,87.11,12.26,1.68,10.60,1.64,9.18,1.64,4.82,0.69,4.15,0.61,18.93,0.5
59.33,15.88,4.71,0.07,2.41,1.59,1.3,2.91,0.95,0.15,450,19,10,134,14,19,32,15,150,102,31,544,32,88,20,47,2.85,1.57,2.81,96.60,193.30,21.66,83.28,11.77,1.57,9.85,1.46,7.56,1.38,3.98,0.61,3.89,0.60,23.26,0.5
58.85,15.68,5.02,0.06,2.43,1.82,1,3.86,0.9,0.45,635,21,11,135,13,21,32,14,156,142,31,362,20,82,25,64,2.63,1.99,4.28,100.34,182.11,21.05,81.41,10.98,2.22,9.85,1.64,10.41,2.03,6.06,0.96,5.72,0.85,13.27,0.5
65.9,14.33,4.29,0.07,1.56,1.48,1.04,2.28,1.42,0.07,407,15,11,191,12,16,36,16,95,73,25,41,24,69,30,330,1.57,1.07,2.43,38.75,69.36,8.55,34.09,6.46,1.17,6.75,0.89,5.52,1.07,3.59,0.59,3.42,0.66,11.78,1
62.86,15.03,4.89,0.09,2.3,1.32,0.73,2.54,1.14,0.09,411,17,12,156,13,25,103,19,110,66,31,53,20,167,27,347,2.10,1.20,2.71,44.46,80.54,9.62,36.92,6.81,1.33,6.43,0.93,6.23,1.29,3.52,0.64,3.72,0.64,12.57,1
60.09,17.93,5.53,0.08,1.24,0.6,0.73,3.00,1.23,0.1,465,20,14,186,15,16,36,14,155,73,34,56,25,89,38,290,2.54,1.43,3.68,55.77,97.85,11.40,43.16,7.78,1.45,6.64,0.97,6.45,1.36,3.56,0.63,3.71,0.63,9.10,2
62.61,16.59,5.34,0.07,1.18,0.8,0.59,2.70,1.27,0.12,456,18,13,187,14,12,36,15,133,67,33,57,26,84,35,319,2.58,1.35,3.57,53.45,94.75,11.09,41.12,7.31,1.35,6.07,0.93,6.54,1.38,3.68,0.67,3.68,0.61,9.52,2
61.71,14.18,4.84,0.08,3.22,1.74,0.58,2.71,0.9,0.14,441,17,11,122,12,15,37,14,128,79,31,341,20,87,34,49,2.03,1.97,4.73,49.38,92.96,10.85,43.04,6.65,1.36,6.17,1.11,6.80,1.31,3.87,0.64,4.06,0.63,12.90,0.5
58.18,17.28,5.01,0.06,1.8,1.53,1.07,3.42,0.91,0.14,504,21,12,143,14,22,32,13,173,115,51,442,38,90,25,53,3.18,2.27,4.44,82.57,157.19,18.22,73.29,11.93,2.24,11.53,2.34,16.57,3.28,9.49,1.52,9.56,1.32,19.15,0.5
59.12,16.46,3.94,0.07,2.08,2.47,1.87,3.92,0.64,0.17,453,22,11,93,14,23,23,11,238,108,44,444,32,59,24,46,2.92,1.63,5.56,70.99,134.86,15.34,60.35,9.78,1.59,8.73,1.63,9.74,1.84,5.53,0.82,5.37,0.78,16.48,0.5
55.68,15.02,5.95,0.07,3.2,3.21,2.22,3.01,1.03,0.13,482,22,11,142,8,13,82,19,147,146,57,598,57,164,18,53,4.78,2.15,6.47,75.43,138.26,17.19,71.09,12.41,2.24,11.90,2.54,18.41,3.78,11.91,1.98,12.79,1.84,27.65,0.5
55.96,18.24,4.87,0.07,2.06,1.44,1.7,4.22,0.91,0.09,563,26,11,149,16,20,47,13,197,100,74,1382,71,83,19,53,4.80,1.84,3.71,117.89,233.77,27.47,111.91,20.89,3.05,19.11,3.73,24.76,5.04,16.00,2.69,18.64,2.69,70.41,0.5
53.85,19.19,5.4,0.06,2.38,1.89,1.24,4.65,0.92,0.19,675,26,16,159,17,24,46,15,226,144,36,275,28,118,30,67,4.16,1.97,3.20,121.91,228.84,26.74,103.90,15.28,2.52,12.40,1.77,8.72,1.40,4.00,0.56,3.57,0.51,12.60,0.5
56.84,16.92,5.31,0.07,2.3,2.08,1.42,3.97,0.94,0.24,541,23,13,150,15,23,41,15,230,133,41,636,41,99,33,65,2.91,1.95,3.23,112.74,205.69,23.79,91.73,13.87,2.23,11.81,1.82,8.91,1.59,4.66,0.66,4.44,0.63,25.44,0.5
56.98,17.39,5.34,0.09,1.82,2.18,1.6,4.23,0.84,0.18,644,24,12,138,14,17,31,11,202,117,53,526,43,76,22,57,4.19,1.66,2.29,112.85,213.27,25.43,98.35,16.38,2.15,13.17,2.38,15.89,2.90,9.46,1.41,8.99,1.40,25.34,0.5
56.25,16.8,5.32,0.08,2.09,2.31,1.16,4.35,1.01,0.19,698,24,13,160,14,24,34,16,213,132,48,644,39,81,26,64,3.46,2.00,4.07,119.42,220.26,25.24,99.13,14.20,2.43,12.54,2.25,15.75,3.20,9.65,1.52,9.80,1.36,28.88,0.5
63.05,15.49,4.9,0.09,1.87,0.95,0.78,2.64,1.02,0.08,464,18,12,150,13,27,70,17,131,70,32,341,20,113,36,58,2.52,1.22,3.25,44.37,78.84,9.11,34.51,6.14,1.14,5.03,0.82,5.86,1.23,3.24,0.60,3.36,0.59,10.55,1
61.31,16.28,5.52,0.1,2.04,0.74,0.63,2.90,1.05,0.09,506,19,12,152,14,25,86,19,139,63,34,327,21,140,34,59,2.85,1.31,3.04,44.65,77.88,9.08,34.01,6.16,1.14,4.99,0.81,5.89,1.27,3.26,0.60,3.50,0.59,9.45,1
61.47,16.42,5.48,0.1,1.41,0.89,0.9,2.79,1.08,0.11,448,19,13,157,14,18,37,18,149,86,33,270,23,97,42,58,2.99,1.50,3.59,56.44,97.18,11.53,42.96,7.44,1.28,5.78,0.86,5.80,1.18,3.19,0.58,3.23,0.53,8.67,1
61.45,16.5,5.22,0.11,1.39,1.47,0.94,2.69,1.08,0.1,419,17,12,148,14,21,38,17,139,94,31,260,22,87,37,56,2.97,1.44,3.58,56.60,98.31,11.55,43.18,7.64,1.27,5.81,0.83,5.61,1.14,3.03,0.53,3.00,0.50,7.76,1
55.44,18.25,5.65,0.1,2.11,2.12,0.97,3.82,0.95,0.18,578,23,14,158,14,24,50,19,178,120,32,226,21,107,35,66,2.84,2.61,5.32,59.71,112.11,12.36,47.68,7.40,1.63,6.36,1.12,7.38,1.43,4.37,0.69,4.69,0.64,9.93,0.5
61.19,16.28,3.97,0.07,1.88,1.37,1.54,3.97,0.68,0.13,528,22,11,117,15,21,30,12,201,104,41,422,27,76,24,44,2.90,1.62,4.93,49.30,92.04,10.66,42.65,7.20,1.40,6.56,1.34,9.10,1.86,5.63,0.89,5.72,0.83,15.10,0.5
63.66,14.29,4.47,0.07,2.93,1.19,1.29,2.71,0.67,0.09,407,18,9,96,12,15,47,12,125,72,32,402,21,95,14,40,2.56,1.65,1.68,37.17,70.23,8.33,33.35,6.04,1.18,5.48,1.02,7.54,1.45,4.75,0.72,4.66,0.73,14.83,0.5
58.22,15.25,4.8,0.07,2.67,2.39,1.99,3.27,0.82,0.23,515,23,12,111,12,16,36,13,171,111,77,647,64,69,30,60,4.03,1.88,5.71,96.44,178.59,21.62,89.11,15.21,2.32,14.61,3.08,22.56,4.65,14.15,2.35,15.30,2.21,32.84,0.5
59.01,15.15,4.53,0.07,2.51,2.52,2.2,3.34,0.89,0.21,520,23,12,126,13,13,29,13,166,110,76,701,64,56,21,54,3.87,1.78,6.15,89.79,163.89,19.56,79.75,14.29,2.18,14.53,3.08,23.37,4.88,15.11,2.59,16.91,2.39,32.86,0.5
60.3,14.99,5.76,0.08,2.35,2.03,1.6,3.11,0.96,0.15,570,22,12,124,11,11,35,17,169,130,70,704,61,79,21,66,5.17,1.30,2.98,77.81,110.06,16.95,65.87,13.55,1.71,10.68,1.95,15.92,3.51,9.10,1.71,9.51,1.55,25.59,0.5
59.24,16.31,5.17,0.08,2.04,1.79,1.94,3.63,0.78,0.12,492,23,12,114,14,18,32,12,180,107,63,500,49,71,19,52,4.35,1.59,2.13,89.03,168.22,20.17,83.09,15.66,1.92,13.19,2.54,17.28,3.46,10.98,1.66,10.49,1.46,19.61,0.5
56.14,18.1,4.45,0.07,1.79,1.64,1.24,5.08,0.81,0.23,664,26,12,143,17,29,28,12,211,116,46,549,27,78,24,51,5.16,1.69,3.44,88.33,158.85,19.46,75.58,11.47,1.94,10.29,1.84,13.29,2.76,9.22,1.38,8.81,1.42,22.02,0.5
63.38,14.17,3.37,0.06,1.84,2.43,1.09,3.99,0.69,0.22,581,18,10,100,12,27,28,12,155,128,28,419,18,89,22,41,2.07,1.61,2.96,60.93,111.06,12.84,49.44,7.43,1.50,6.62,1.17,7.57,1.46,4.81,0.71,4.55,0.70,15.63,0.5
59.12,15.97,6.29,0.11,3.13,0.94,0.61,2.88,1.05,0.16,504,21,13,145,13,27,166,21,140,63,34,70,18,232,33,277,3.30,1.51,4.29,45.43,79.14,9.49,35.52,6.49,1.21,5.04,0.78,5.59,1.21,3.24,0.59,3.49,0.58,9.13,2
61.43,15.36,5.46,0.1,3.24,0.92,0.61,2.49,1.07,0.14,443,17,11,147,11,27,165,18,121,75,31,57,22,247,39,301,2.71,1.36,3.44,48.30,84.82,10.04,37.18,6.52,1.15,5.02,0.76,5.20,1.05,2.81,0.51,2.85,0.50,9.38,2
62.96,16.61,5.27,0.09,1.86,0.7,0.65,2.51,1.18,0.1,413,18,11,163,13,23,53,15,130,77,33,55,25,132,39,302,2.08,1.27,3.80,50.66,89.30,11.05,42.18,7.66,1.55,7.61,1.08,6.63,1.40,4.11,0.70,4.22,0.67,10.18,1
59.11,16.38,4.87,0.12,2.25,2.17,0.83,3.21,1.01,0.21,517,19,11,157,13,20,52,13,163,91,30,64,26,102,43,237,2.23,1.14,3.59,53.33,93.93,11.34,42.76,7.72,1.43,7.69,1.02,5.74,1.20,3.47,0.59,3.54,0.55,7.88,1
60.92,16.37,4.93,0.12,2.11,1.44,0.85,3.36,1.03,0.17,562,20,12,162,14,21,45,14,159,82,31,58,24,92,36,238,2.31,1.19,3.66,56.62,100.46,11.97,45.33,7.85,1.49,7.92,1.04,6.24,1.36,4.09,0.69,4.17,0.65,7.86,1
53.93,18.56,5.22,0.08,2.32,2.39,0.97,4.29,0.86,0.16,609,23,14,148,16,25,42,14,222,110,37,269,26,103,27,64,3.83,2.36,5.82,87.02,164.15,18.89,72.45,10.06,2.27,8.62,1.45,8.98,1.62,5.07,0.70,4.34,0.71,11.72,0.5
54.79,16.4,4.33,0.06,2.18,5.21,1.25,4.15,0.59,0.28,364,21,13,94,13,19,35,13,236,112,35,272,20,70,32,51,3.22,1.82,6.99,60.68,117.18,13.51,51.50,7.35,1.43,6.57,1.16,7.35,1.36,4.11,0.59,3.84,0.62,11.86,0.5
59.59,16.04,4.78,0.08,2.59,1.2,1.35,3.09,0.99,0.12,449,20,11,144,14,16,30,16,147,101,39,367,28,78,31,50,2.70,2.00,3.83,100.55,187.53,21.98,85.56,12.91,2.41,11.15,1.96,12.62,2.30,6.95,1.00,6.29,0.96,15.80,0.5
53.46,19.51,5.58,0.09,2.44,2.58,1.17,4.06,0.88,0.19,573,23,12,140,14,21,38,12,224,138,43,62,34,91,27,403,3.59,1.18,4.21,103.85,150.68,22.91,87.13,16.20,2.25,15.13,1.93,10.17,2.06,6.15,1.02,6.17,0.98,16.72,1
55.84,17.05,5.41,0.11,2.7,2.31,1.63,4.09,0.83,0.13,545,25,11,130,13,17,42,13,239,151,45,60,33,95,28,336,3.43,1.02,2.90,97.33,138.18,20.81,80.28,14.54,1.94,13.84,1.71,9.06,1.80,5.21,0.85,4.94,0.78,9.37,1
58.11,15.72,4.9,0.08,2.27,2.26,1.84,3.74,0.76,0.26,485,24,12,109,13,18,35,16,179,111,59,408,47,80,36,63,3.86,1.80,4.50,85.70,162.97,19.64,78.12,13.04,1.85,12.34,2.58,18.89,3.76,11.86,1.82,11.48,1.84,20.17,0.5
57.49,16.36,5.6,0.09,2.25,2.09,1.52,3.89,0.9,0.2,534,24,11,136,14,19,32,13,200,124,56,58,45,72,19,613,3.58,1.14,2.70,104.36,147.01,23.04,87.97,15.80,1.88,15.52,2.09,12.29,2.59,7.66,1.28,7.65,1.21,22.40,1
62.98,17.11,3.78,0.04,1.2,0.74,0.98,4.84,0.73,0.1,679,22,9,129,15,37,25,7,188,150,38,36,15,81,14,814,2.84,0.80,3.36,39.13,74.02,8.49,31.87,6.04,1.57,6.52,1.02,7.19,1.62,4.76,0.86,5.17,0.86,25.29,0.5
77.25,12.1,3.5,0.11,1.18,0.53,0.45,1.75,0.57,0.07,248,24,9,60,14,40,26,15,93,71,24,180,18,63,32,70,1.52,2.38,2.51,52.58,96.83,11.33,43.63,7.69,1.29,6.02,0.95,4.54,0.92,2.67,0.41,2.47,0.36,5.53,0.5
75.66,12.72,3.7,0.14,1.21,0.53,0.41,2.00,0.57,0.08,323,26,9,53,18,40,28,18,100,70,27,163,19,65,34,71,1.71,2.46,2.53,49.25,93.11,10.70,41.94,7.24,1.25,5.77,0.88,4.38,0.87,2.56,0.35,2.38,0.33,4.08,0.5
62.49,15.53,5.04,0.08,2.27,1.1,0.71,2.62,1.04,0.14,387,17,11,140,12,21,67,16,123,85,29,54,21,139,28,300,3.35,1.19,4.70,48.76,87.24,10.52,40.03,7.16,1.35,7.07,0.95,5.51,1.12,3.30,0.55,3.46,0.54,9.72,1
60.38,16.08,5.26,0.11,1.86,1.86,0.7,2.75,1.12,0.13,395,17,11,163,12,19,51,16,140,76,32,57,25,104,31,266,2.22,1.26,3.57,45.32,79.90,9.63,36.47,6.57,1.28,6.50,0.91,5.45,1.11,3.28,0.56,3.29,0.54,8.48,1
57.86,13.44,5.18,0.09,2.93,4.2,0.55,2.06,1.06,0.21,308,16,12,127,9,21,68,17,122,108,30,52,20,139,42,343,1.78,1.15,3.06,42.73,74.82,9.28,35.62,6.44,1.26,6.59,0.95,6.05,1.27,3.63,0.62,3.65,0.58,11.55,1
52.92,16.93,5.8,0.09,3.13,3.65,0.87,3.88,0.77,0.18,456,22,13,116,11,21,71,18,211,94,36,244,19,152,29,66,3.47,2.10,5.14,60.81,108.99,13.09,50.93,7.66,1.87,6.89,1.25,8.05,1.44,4.25,0.62,3.86,0.63,12.34,0.5
54.93,16.71,4.78,0.08,2.47,4.22,2.04,3.56,0.73,0.21,466,20,12,112,12,12,46,18,188,135,32,244,16,92,34,50,2.87,1.53,4.38,59.60,104.71,12.78,50.22,7.75,1.57,6.67,1.14,6.85,1.26,3.74,0.55,3.43,0.56,10.56,0.5
59.92,15.02,4.86,0.07,2.2,2.61,1.27,2.75,1.09,0.11,391,18,12,145,12,17,48,28,144,108,30,303,23,99,33,43,2.33,2.13,3.93,63.37,118.75,13.85,53.95,8.03,1.80,7.17,1.28,8.78,1.62,4.86,0.70,4.44,0.70,12.42,0.5
61.03,15.46,4.06,0.06,1.42,2.45,0.74,3.89,0.93,0.12,490,18,11,147,14,26,36,17,175,78,34,494,20,78,19,45,2.19,1.71,3.67,75.73,145.16,15.84,64.64,10.11,2.00,8.67,1.47,9.09,1.70,5.19,0.80,5.09,0.86,18.20,0.5
59.13,15.77,4.27,0.06,2.03,2.53,1.2,3.49,0.97,0.16,488,19,11,145,13,22,34,15,169,137,41,459,34,81,25,47,2.63,1.90,15.63,77.60,146.01,17.54,70.04,10.83,2.27,10.13,2.03,15.38,3.01,9.39,1.38,8.86,1.37,20.30,0.5
62.75,15.1,4.87,0.08,1.96,1.11,1.26,2.73,1.14,0.09,424,19,11,156,14,19,33,20,134,92,41,342,33,76,29,41,2.50,2.14,7.72,139.76,261.22,29.65,114.07,18.18,2.81,15.29,2.48,14.39,2.69,7.90,1.12,6.92,1.00,12.70,0.5
68.42,13.72,3.9,0.13,1.37,0.68,0.58,2.31,0.5,0.11,316,17,8,68,14,25,30,15,123,69,29,52,16,69,31,230,1.64,0.77,1.94,44.84,77.76,9.58,36.63,6.42,1.10,6.48,0.83,4.80,0.98,2.74,0.45,2.64,0.42,5.84,1
62.93,13.96,4.2,0.06,2.11,1.98,1.64,2.85,0.79,0.11,397,16,10,112,11,66,39,19,122,131,27,351,18,85,29,65,2.07,1.54,2.96,41.64,77.05,9.09,35.92,5.62,1.43,5.03,0.93,6.63,1.31,4.18,0.64,3.97,0.62,14.35,0.5
78.43,10.49,2.96,0.1,1.06,0.47,0.36,1.55,0.47,0.08,267,30,8,52,21,35,20,10,81,63,23,161,16,54,30,72,1.23,2.39,1.98,46.95,87.93,10.18,39.76,7.11,1.17,5.82,0.87,4.34,0.87,2.56,0.35,2.12,0.34,3.42,0.5
77.13,11.13,3.22,0.12,1.15,0.56,0.38,1.71,0.5,0.08,265,27,9,49,18,35,24,15,86,65,23,176,16,54,33,67,1.38,2.30,2.35,43.69,82.07,9.56,37.47,6.59,1.14,5.18,0.91,4.30,0.76,2.32,0.35,2.18,0.37,4.52,0.5
62.12,14.87,5.11,0.08,2.06,1.78,0.55,2.34,1.13,0.1,365,16,10,149,11,17,37,14,115,74,29,47,21,95,29,399,1.83,1.25,3.25,46.07,81.38,9.80,37.51,6.73,1.23,6.64,0.92,5.74,1.19,3.58,0.62,3.81,0.64,13.87,1
61.52,14.65,4.9,0.07,2.73,2.35,0.52,2.21,1.14,0.12,401,16,12,151,13,13,39,19,89,63,27,46,19,102,24,409,1.81,1.17,3.17,47.42,86.83,10.32,39.98,7.17,1.28,6.92,0.95,5.48,1.18,3.48,0.59,3.59,0.59,14.30,1
55.04,15.8,5.37,0.08,2.78,4.06,1.6,3.03,0.92,0.15,359,19,12,131,10,19,50,21,163,107,31,252,17,98,41,46,2.24,1.57,4.00,43.56,80.45,9.40,37.95,6.36,1.51,5.75,1.06,7.23,1.48,4.51,0.69,4.40,0.69,10.86,0.5
59.69,16.33,5.13,0.07,2.23,1.33,1.21,3.95,0.86,0.07,394,23,12,129,12,22,40,19,231,102,34,232,18,94,35,42,2.81,1.73,3.50,38.75,72.54,8.52,33.65,5.58,1.37,4.74,0.89,6.12,1.22,3.72,0.59,3.77,0.59,9.45,0.5
60.65,14.98,4.84,0.09,2.44,2.09,0.95,2.85,0.98,0.13,372,18,11,137,12,18,51,20,141,85,30,279,19,114,28,48,2.13,1.80,3.53,54.14,101.77,11.80,45.60,6.86,1.45,6.03,1.02,6.40,1.20,3.72,0.53,3.63,0.53,9.62,0.5
61.96,15.18,5.25,0.08,1.85,1.04,0.61,2.47,1.21,0.09,406,16,11,170,13,18,45,22,118,65,31,344,24,101,25,48,1.86,2.05,3.79,52.66,98.95,11.46,44.92,6.78,1.57,5.82,1.04,7.27,1.45,4.53,0.70,4.57,0.71,13.11,0.5
59.78,14.94,4,0.05,1.28,3.4,0.58,3.78,0.84,0.18,436,18,11,132,13,26,33,17,171,93,32,437,19,85,25,42,2.10,1.85,3.48,70.98,138.42,15.26,59.73,8.76,1.92,7.76,1.35,9.17,1.76,5.48,0.82,5.23,0.80,17.02,0.5
63.74,15.06,3.31,0.04,1.18,2.45,0.6,3.46,0.87,0.13,380,16,10,133,15,19,23,12,116,70,27,32,17,57,14,401,1.80,0.76,2.42,44.24,79.32,9.75,37.43,6.31,1.24,6.41,0.85,4.91,1.05,3.04,0.52,2.98,0.47,13.53,1
58.35,18.93,4.47,0.04,1.4,2.04,0.93,3.77,0.91,0.13,480,21,13,156,17,17,32,13,152,110,35,48,21,82,14,267,2.58,1.14,3.48,63.54,111.33,13.52,51.53,9.18,1.63,9.31,1.21,6.88,1.42,4.05,0.63,3.67,0.59,10.45,1
59.51,18.65,4.68,0.03,1.45,1.34,1.05,3.71,1.01,0.15,497,23,13,174,19,18,28,12,148,95,32,57,20,87,15,214,2.72,1.23,3.89,75.04,111.12,16.22,61.26,10.75,1.76,10.37,1.34,7.27,1.47,4.24,0.65,3.63,0.55,7.11,1
57.39,19.62,4.33,0.03,1.53,1.43,1.12,4.10,0.89,0.14,570,24,13,165,21,26,33,10,160,89,33,43,20,95,19,370,2.74,1.14,4.25,87.51,128.19,19.16,72.91,12.97,2.18,12.48,1.54,8.08,1.67,5.02,0.78,4.48,0.70,13.04,1
74.49,11.25,3.52,0.14,1.38,1.83,0.33,1.73,0.56,0.13,251,23,9,60,17,37,27,18,88,83,23,193,15,61,38,74,1.49,1.96,2.30,46.65,86.97,10.16,40.03,7.06,1.20,6.24,0.88,4.38,0.81,2.40,0.38,2.29,0.32,4.75,0.5
64.55,14.49,4.39,0.11,1.93,1.32,0.6,2.25,0.73,0.29,388,16,10,101,13,18,68,18,104,66,27,55,13,97,33,210,1.74,1.04,3.14,37.15,63.41,8.15,31.78,5.90,1.20,5.76,0.82,5.00,1.05,3.02,0.54,2.99,0.50,6.99,3
59.67,14.82,5.19,0.07,2.71,2.67,0.68,2.42,1.05,0.15,381,18,13,142,13,16,49,18,109,73,28,48,17,103,26,332,1.82,1.20,3.16,37.76,67.82,8.23,32.32,6.09,1.15,6.01,0.88,5.56,1.17,3.44,0.57,3.42,0.56,11.00,1
59.09,15.09,5.39,0.07,2.84,2.17,0.76,2.58,0.92,0.14,421,19,12,131,12,24,54,18,133,98,30,52,16,113,31,302,2.02,1.21,3.33,37.26,66.35,8.10,31.63,5.83,1.20,5.89,0.82,4.97,1.04,3.06,0.52,2.95,0.51,10.26,1
63.35,14.62,4.2,0.06,2.03,1.44,1.11,3.20,0.73,0.07,399,18,10,111,12,21,34,17,167,122,29,316,18,94,23,34,2.09,1.72,3.42,46.29,88.49,10.21,39.94,6.15,1.47,5.39,0.96,6.60,1.31,3.97,0.62,3.88,0.60,11.79,0.5
55.94,16.05,5.01,0.06,2.33,2.65,0.89,3.91,0.78,0.09,419,21,11,126,12,24,43,20,201,100,31,260,17,96,27,52,2.64,1.75,2.87,39.61,73.84,8.65,34.21,5.36,1.34,4.69,0.88,6.05,1.17,3.59,0.55,3.58,0.53,10.08,0.5
58.77,14.94,4.34,0.06,1.78,3.6,0.73,3.41,0.84,0.13,435,18,12,124,12,25,32,17,162,101,27,288,21,75,24,47,2.15,1.60,2.85,47.06,87.85,10.12,39.18,6.21,1.37,5.44,0.93,6.32,1.23,3.84,0.57,3.64,0.53,10.90,0.5
58.74,16.99,5.22,0.06,2.09,0.8,0.91,3.86,1,0.12,454,22,12,163,14,30,44,17,216,82,34,228,25,96,25,80,2.83,2.08,4.06,66.52,125.90,14.55,56.16,9.05,1.80,7.37,1.17,7.52,1.35,3.91,0.57,3.56,0.51,9.69,0.5
63.06,16.56,4.23,0.04,1.43,1.34,0.84,3.47,1.02,0.1,446,19,11,161,17,23,31,12,142,84,32,47,20,84,22,356,2.33,1.06,3.92,63.68,111.67,13.64,51.95,9.06,1.55,9.14,1.18,6.63,1.38,3.97,0.65,3.72,0.61,12.34,1
64.43,16.04,4.56,0.05,1.26,0.54,0.63,2.99,1,0.09,417,19,11,150,17,22,33,15,120,57,32,46,20,90,16,386,2.16,1.10,3.08,50.03,88.66,10.64,40.50,7.45,1.41,7.55,1.13,6.93,1.50,4.41,0.75,4.27,0.70,13.34,1
66.62,14.26,3.45,0.07,1.33,1.82,0.69,2.74,0.65,0.13,378,15,9,93,14,21,24,13,114,80,25,44,16,71,21,218,2.31,0.87,2.92,52.59,91.79,10.93,41.13,7.27,1.30,6.84,0.91,5.38,1.12,3.22,0.53,2.97,0.46,6.61,0.5
43.32,15.04,6.23,0.05,3.22,11.35,0.96,2.18,0.98,0.16,378,16,18,127,7,16,71,21,97,169,23,70,16,121,52,232,2.87,1.49,3.30,46.05,81.20,9.77,37.87,6.73,1.42,6.47,0.84,4.62,0.91,2.62,0.41,2.41,0.37,10.61,0.5
54.12,17.04,10.03,0.09,4.35,3.69,0.79,2.26,1.21,0.15,438,44,21,173,21,31,93,35,124,160,27,271,19,187,71,101,2.71,1.60,4.34,59.53,113.47,13.63,54.93,10.30,1.95,8.58,1.41,7.22,1.42,4.37,0.64,3.74,0.54,8.02,0.5
64.03,15.56,5.34,0.41,2.09,2.96,0.7,2.77,0.91,0.16,384,31,15,78,19,39,54,18,125,94,33,249,19,87,34,78,2.07,2.11,3.57,47.93,91.13,10.47,41.63,7.64,1.48,6.54,1.16,6.45,1.24,3.82,0.61,3.54,0.53,7.34,0.5
55.71,13.54,4.68,0.06,3.88,5.57,1.06,1.87,0.81,0.14,331,15,12,105,10,18,46,16,105,144,24,47,13,98,32,272,1.59,0.93,2.62,30.59,54.69,6.23,24.47,4.54,1.00,4.76,0.66,3.85,0.76,2.23,0.37,2.24,0.36,8.81,0.5
60.37,14.75,5.13,0.07,2.67,2.27,0.91,2.53,0.98,0.17,373,18,13,136,13,20,46,21,127,94,29,52,17,114,30,330,1.75,1.17,3.19,40.54,73.65,8.96,34.77,6.55,1.18,6.43,0.88,5.25,1.09,3.05,0.52,3.19,0.50,12.49,1
47.52,14.64,7.2,0.08,4.46,6.64,0.74,2.34,1.09,0.16,292,19,16,143,6,15,59,24,142,152,29,70,20,101,75,196,2.06,1.27,2.19,29.46,51.26,6.41,25.88,4.85,1.12,4.75,0.69,4.30,0.86,2.41,0.39,2.23,0.35,5.71,2
59.17,16.06,4.8,0.07,2.82,2.2,0.88,3.08,0.85,0.1,332,19,11,122,11,27,40,17,170,88,33,46,19,79,22,276,2.30,0.91,2.02,35.26,61.63,7.63,29.80,5.84,1.08,5.72,0.85,5.17,1.07,3.04,0.49,2.96,0.46,7.78,2
60.08,14.75,4.28,0.06,2.27,3.37,0.72,3.00,0.75,0.11,331,17,11,106,11,19,41,15,146,76,30,47,16,81,21,281,1.64,0.79,1.94,29.63,53.22,6.48,25.72,4.81,0.96,4.88,0.68,4.16,0.86,2.46,0.41,2.40,0.38,7.89,2
56.74,13.65,3.39,0.06,1.41,7.57,0.51,2.64,0.67,0.16,272,12,11,82,9,18,28,10,117,92,25,44,16,63,27,303,1.39,0.63,2.00,31.07,54.55,6.58,25.86,4.66,0.95,4.66,0.66,3.97,0.83,2.30,0.38,2.22,0.34,7.77,1
72.26,11.52,3.7,0.04,1.04,2.59,0.56,2.52,0.59,0.13,323,33,8,47,15,32,21,15,97,90,25,421,16,44,15,61,1.30,1.51,1.90,46.51,90.23,9.94,38.79,6.85,1.12,5.51,0.94,4.63,0.86,2.81,0.41,2.56,0.43,10.58,0.5
68.87,13.96,3.66,0.04,1.82,1.11,0.96,3.10,0.83,0.16,338,26,10,70,21,33,23,16,110,111,26,392,18,74,21,64,1.71,1.78,2.66,91.68,175.14,19.42,75.24,13.03,1.86,10.04,1.61,8.06,1.42,4.28,0.62,3.63,0.57,10.97,1
54.61,15.88,6.99,0.07,3.91,5.39,1.46,2.89,1.09,0.21,476,35,19,113,23,39,63,26,108,171,25,277,19,134,28,82,3.18,1.34,2.68,66.55,120.93,13.96,54.20,9.88,1.64,7.86,1.14,5.07,0.84,2.59,0.35,2.26,0.35,7.88,0.5
55.63,17.53,6.9,0.06,3.29,4.13,1.38,3.71,0.92,0.11,325,38,19,119,27,43,55,19,143,151,18,229,18,99,50,92,2.96,1.24,2.15,65.65,128.85,14.70,57.34,9.64,1.30,7.11,0.94,3.79,0.65,1.80,0.25,1.58,0.23,8.54,0.5
52.92,14.45,6.93,0.07,4.77,5.3,1.09,1.44,1.08,0.13,343,17,15,127,7,15,63,22,90,171,23,75,20,122,40,272,2.08,1.30,3.08,39.20,69.45,8.25,32.40,5.96,1.15,5.82,0.78,4.69,0.97,2.80,0.46,2.74,0.43,8.08,1
50.68,14.8,8.03,0.09,3.69,6.71,0.82,1.35,1.29,0.25,359,14,16,144,4,15,78,25,82,185,26,73,23,169,47,264,1.94,1.52,3.34,37.25,66.67,8.39,34.42,6.40,1.47,6.42,0.88,5.13,1.03,2.85,0.46,2.79,0.42,9.16,1
59.4,20.05,4.86,0.04,1.74,0.53,1.36,4.86,0.86,0.13,628,24,16,125,39,28,29,12,169,82,28,242,31,100,26,57,3.00,1.56,4.08,150.03,285.83,30.04,112.96,3.79,18.86,15.16,1.95,6.98,1.11,2.73,0.31,1.99,0.28,7.36,1.5
56.42,21.09,5.63,0.05,1.84,0.53,1.24,5.27,0.99,0.11,715,26,17,133,37,28,34,13,200,84,26,262,42,107,31,64,3.27,1.66,4.44,108.84,212.25,22.36,83.05,2.96,14.09,11.45,1.56,6.14,1.04,2.71,0.35,2.25,0.32,8.17,1.5
54.24,21.14,6.64,0.08,1.9,0.63,1.12,4.58,0.95,0.1,569,25,21,140,43,35,45,19,207,88,32,304,43,123,31,53,2.76,1.74,3.98,141.66,275.82,28.69,108.27,3.63,18.33,14.89,1.93,7.53,1.33,3.57,0.46,3.00,0.42,8.21,1.5
61.41,18.54,4.9,0.04,1.88,0.9,1.27,4.13,1.39,0.12,396,20,17,120,78,1,27,12,151,89,32,280,43,95,22,55,2.88,1.58,3.20,262.96,500.67,52.09,197.65,5.78,33.08,26.45,3.38,11.59,1.72,4.19,0.48,3.00,0.41,9.78,1.5
63.03,16.59,4.46,0.03,1.89,2.29,1.18,3.74,0.59,0.15,447,19,13,96,37,26,17,7,154,122,28,218,29,87,22,58,2.24,1.66,3.00,85.48,163.76,17.07,63.95,2.19,10.86,8.90,1.26,5.38,1.02,2.70,0.38,2.47,0.34,5.19,1.5
64.61,16.91,4.92,0.03,1.49,0.52,0.96,3.63,0.9,0.15,365,19,16,98,59,1,19,5,154,135,48,260,38,84,16,40,2.50,1.92,3.07,170.87,335.96,34.87,130.83,3.72,22.35,18.72,2.83,12.85,2.53,6.74,0.95,5.85,0.79,6.91,1.5
59.23,18.53,5.87,0.05,1.83,1.16,1.01,3.68,0.93,0.14,379,19,18,133,35,11,32,14,145,105,36,272,28,101,27,51,2.18,1.70,3.01,112.89,218.15,22.46,85.46,2.79,14.49,12.34,1.87,8.99,1.85,5.14,0.72,4.61,0.63,8.00,1.5
61,15.05,6.1,0.08,2.19,3.35,1.14,2.34,1.56,0.12,238,18,19,214,40,7,30,15,94,136,36,285,37,104,34,58,1.69,1.42,2.78,114.83,216.92,23.05,87.85,2.83,14.83,12.58,1.90,8.95,1.75,4.68,0.66,4.02,0.55,8.67,1.5
63.86,16.14,3.68,0.03,1.61,3,0.97,3.49,0.66,0.14,400,19,15,104,36,34,20,6,130,86,27,272,30,82,19,45,2.49,1.39,2.78,52.83,110.31,11.86,44.37,1.68,7.82,6.73,1.04,5.29,1.09,3.02,0.44,2.72,0.37,7.90,1.5
41.43,15.93,4.41,0.05,2.59,14.06,0.65,3.12,0.79,0.13,430,18,2,110,34,30,33,14,135,86,32,232,15,105,26,55,2.16,1.14,2.67,57.88,117.84,13.12,48.97,1.91,8.53,7.15,1.03,4.77,0.96,2.55,0.38,2.44,0.35,7.80,1.5
46.42,18.61,5.22,0.06,2.31,8.49,1.2,4.9,0.95,0.1,955,27,14,115,25,24,34,14,184,98,30,258,26,122,13,78,2.78,1.13,4.16,54.58,112.58,12.17,47.31,2.02,8.25,7.01,1.05,4.97,1.01,2.76,0.40,2.69,0.37,8.78,1.5
58.66,17.53,6.27,0.15,2.26,1.3,0.84,3.94,0.84,0.19,590,23,17,107,36,42,34,11,182,93,31,278,42,98,36,78,2.92,1.42,3.95,77.68,147.86,16.49,62.83,2.40,10.87,9.00,1.29,5.44,1.07,2.85,0.41,2.57,0.35,8.04,1.5
60.43,17.2,5.98,0.06,2.52,1.25,1.16,4.24,0.95,0.11,423,21,18,113,37,23,32,11,183,92,28,392,39,100,37,64,2.72,1.30,2.53,84.62,167.47,16.47,63.90,2.12,10.65,8.92,1.22,5.31,1.01,2.65,0.37,2.45,0.34,11.08,1.5
63.93,17.76,4.21,0.03,1.63,0.47,1.22,4.12,0.65,0.12,477,20,16,100,56,12,19,8,153,87,31,291,28,81,19,46,2.29,1.62,3.20,168.66,323.55,31.96,121.55,3.76,20.15,16.58,2.22,9.02,1.57,4.11,0.53,3.41,0.46,8.44,1.5
62.39,18.91,3.97,0.05,1.81,1.06,1.57,4.12,0.8,0.14,489,22,15,116,66,29,26,12,152,119,27,346,34,101,26,52,4.06,1.39,3.30,171.36,332.91,33.77,128.06,4.32,21.46,17.34,2.18,7.75,1.24,3.06,0.35,2.29,0.31,9.16,1.5
59.62,19.69,4.65,0.05,2.01,0.63,1.24,5.04,0.83,0.13,561,26,17,142,55,40,29,14,179,76,20,303,34,118,38,41,2.24,1.14,3.44,146.98,279.58,28.63,107.05,3.47,17.78,13.77,1.56,4.86,0.75,2.07,0.24,1.60,0.22,7.21,1.5
56.21,18.34,4.26,0.05,1.82,4.91,1.26,4.29,0.77,0.1,458,23,16,124,51,24,28,12,144,76,24,264,22,101,29,38,1.99,1.20,3.16,147.04,278.93,28.49,107.91,3.64,17.87,14.18,1.63,5.23,0.81,2.15,0.25,1.69,0.23,7.24,1.5
57.7,18.22,4.5,0.04,2.12,3.51,1.16,4.29,1.01,0.11,487,20,16,130,67,13,29,12,151,81,25,308,33,102,26,50,2.32,1.26,2.93,207.64,390.61,39.72,151.24,4.65,24.66,19.18,2.17,6.52,0.93,2.55,0.27,2.02,0.29,21.04,1.5
67.3,15.56,3.83,0.03,1.61,0.78,1.12,3.49,0.67,0.09,438,20,14,108,61,9,23,11,141,78,25,271,27,88,32,48,2.35,1.02,2.20,137.19,260.53,27.01,100.84,3.22,17.24,13.66,1.62,5.73,0.83,2.05,0.21,1.35,0.19,6.47,1.5
68.64,15.02,3.35,0.04,1.55,1.18,1.8,3.01,0.66,0.11,326,14,10,88,46,14,20,7,112,70,25,255,26,79,20,44,1.85,1.12,1.94,114.82,219.61,22.73,84.85,2.56,14.30,11.58,1.49,5.92,0.99,2.47,0.28,1.78,0.24,5.57,1.5
63.63,13.86,6.26,0.09,2.03,2.71,1.01,2.23,1.55,0.14,297,15,20,232,25,31,32,17,94,115,26,335,36,125,39,63,1.57,1.02,2.39,48.17,101.56,10.84,41.74,1.64,7.46,6.18,0.87,3.99,0.77,2.03,0.30,1.97,0.28,8.54,1.5
63.17,16.53,4.69,0.04,1.94,1.85,0.89,3.32,0.8,0.11,394,18,17,136,42,28,28,11,132,71,25,290,31,107,34,45,1.75,1.11,2.27,88.25,170.01,17.74,67.77,2.27,11.35,9.06,1.22,4.87,0.86,2.28,0.30,1.90,0.27,8.58,1.5
66.19,13.36,4.36,0.05,1.83,2.46,0.72,3.17,0.78,0.08,373,13,9,93,16,20,26,12,128,57,20,272,13,75,32,44,1.97,1.32,3.16,67.50,140.26,14.98,56.07,1.98,9.47,7.87,1.13,4.77,0.87,2.38,0.32,2.17,0.31,8.64,1.5
58.08,14.13,5.78,0.1,2.08,4.7,0.91,3.36,0.82,0.11,437,19,12,85,11,19,30,13,147,99,30,337,13,78,19,69,2.83,1.38,2.20,56.10,115.35,12.34,46.83,1.89,7.88,6.97,1.14,6.06,1.37,4.09,0.62,4.07,0.58,11.01,1.5
71.07,12.37,4.22,0.07,1.6,1.08,1.09,2.81,0.94,0.07,302,20,7,97,23,16,22,12,115,101,24,360,15,84,26,41,2.54,1.30,2.33,89.26,174.29,18.48,68.54,2.03,11.33,9.25,1.27,4.94,0.94,2.71,0.38,2.57,0.37,11.31,1.5
60.97,16.26,5.78,0.06,2.41,0.83,1.05,4.87,0.87,0.07,430,19,10,92,18,16,27,14,207,74,16,263,17,75,38,52,3.23,1.27,2.87,90.13,170.77,17.90,65.06,2.04,10.28,8.62,1.14,4.33,0.81,2.28,0.31,2.04,0.29,8.82,1.5
62.14,18.42,5.3,0.03,1.41,0.35,1.13,4.11,0.85,0.13,435,22,16,106,56,5,22,9,180,113,45,309,43,85,16,48,2.24,1.82,3.22,157.23,305.63,30.90,116.40,3.76,20.38,17.61,2.56,12.12,2.27,5.86,0.85,5.33,0.75,8.26,1.5
64.03,17.17,4.15,0.04,1.59,1.26,1.29,3.82,0.89,0.14,402,18,15,102,70,1,20,8,138,98,47,312,29,88,17,50,2.31,1.65,3.01,223.89,421.53,42.78,161.25,5.03,27.31,22.77,3.16,13.67,2.55,6.57,0.86,5.49,0.72,8.72,1.5
64.27,16.51,4.37,0.04,1.58,1.38,1.35,3.73,0.7,0.12,428,19,16,101,57,1,22,11,144,89,35,285,24,86,24,61,2.70,1.46,2.76,190.55,353.94,36.31,134.64,4.39,22.67,18.74,2.39,9.47,1.64,4.22,0.56,3.59,0.50,8.85,1.5
60.7,19.25,3.93,0.04,1.33,1.44,1.65,4.66,0.64,0.13,592,21,17,120,53,1,20,9,141,76,31,260,19,103,25,50,3.72,1.58,3.62,234.58,445.86,45.46,171.21,5.74,29.13,23.57,2.99,11.27,1.84,4.53,0.54,3.37,0.45,10.11,1.5
64.43,17.65,4.05,0.05,1.5,0.55,1.38,4.16,0.73,0.1,494,18,16,103,51,6,20,7,135,77,33,346,25,92,26,46,2.52,1.42,2.61,188.78,355.41,36.81,139.44,4.55,23.02,19.00,2.38,8.50,1.45,3.69,0.47,3.09,0.43,10.89,1.5
65.5,16.94,3.92,0.03,1.65,0.55,1.37,3.91,0.74,0.09,393,18,16,108,55,17,23,11,139,80,23,332,26,85,23,48,2.30,1.15,2.33,149.85,288.70,29.70,110.31,3.71,19.02,14.45,1.74,5.22,0.73,1.86,0.19,1.37,0.20,8.05,1.5
67.5,15.47,4.45,0.04,1.69,0.64,1.05,3.26,0.71,0.08,369,16,13,106,49,6,26,11,137,80,26,294,23,100,26,55,2.21,1.20,2.19,132.92,254.56,26.46,97.55,3.18,16.84,12.80,1.56,5.47,0.90,2.37,0.30,1.91,0.27,7.15,1.5
70.39,14.25,3.39,0.03,1.45,0.74,1.15,3.24,0.46,0.11,356,17,11,94,46,12,19,10,124,66,21,196,21,76,22,42,1.92,1.20,2.24,146.52,282.00,29.32,106.22,3.44,18.09,13.41,1.56,4.46,0.64,1.66,0.17,1.12,0.17,4.81,1.5
63.64,12.4,5.23,0.07,1.91,3.84,1.07,2.38,1.01,0.19,374,19,9,136,21,22,30,13,108,107,22,267,13,87,39,65,1.78,1.22,2.60,71.02,146.70,15.75,59.89,2.23,10.47,8.74,1.20,4.72,0.86,2.40,0.32,2.09,0.29,7.72,1.5
55.7,13.86,5.77,0.09,1.99,4.42,4.34,2.22,1.58,0.07,443,15,11,158,15,12,30,12,89,116,28,471,16,99,36,50,2.13,1.21,2.00,90.85,168.10,18.36,70.57,2.43,12.06,10.34,1.53,6.65,1.31,3.76,0.53,3.53,0.50,13.14,1.5
65.86,14,5.07,0.07,1.4,1.34,1.57,3.03,1.15,0.07,489,20,8,125,11,11,22,13,117,97,23,323,16,83,29,47,3.00,1.18,2.54,40.78,89.10,9.11,34.53,1.58,6.09,5.51,0.93,4.83,1.03,2.86,0.43,2.75,0.39,9.29,1.5
64.67,15.33,3.94,0.05,1.54,0.85,3.74,3.34,0.83,0.07,347,17,8,92,37,19,17,10,137,101,22,299,13,69,27,32,3.24,1.28,2.36,135.11,248.01,26.25,96.58,2.53,16.28,12.69,1.71,6.40,1.15,3.27,0.41,2.72,0.39,9.22,1.5
59.12,17.73,5.29,0.06,2.39,0.64,1.09,5.47,0.67,0.08,340,25,10,67,23,22,23,11,266,74,23,249,19,65,20,47,5.04,1.36,4.13,67.90,142.62,15.19,55.91,1.82,9.39,7.43,1.12,4.93,0.98,2.70,0.38,2.45,0.34,7.85,1.5
64.67,16.32,4.41,0.04,1.29,0.63,1.28,4.19,0.8,0.1,401,23,8,85,55,25,19,5,182,141,66,699,18,78,20,39,3.26,1.83,3.64,186.82,345.10,36.96,139.87,4.44,25.30,21.24,3.38,15.84,3.31,9.17,1.34,8.56,1.20,19.67,1.5
64.79,16.5,4.23,0.05,1.48,0.81,1.3,3.92,1.03,0.11,392,23,11,102,53,22,24,9,152,94,40,339,18,86,17,49,2.89,1.71,3.99,183.38,341.26,35.83,134.01,3.99,23.31,18.46,2.65,10.21,1.81,4.92,0.64,4.09,0.59,10.71,1.5
68.04,14.26,4.39,0.05,1.66,0.72,1.03,3.32,1.32,0.17,306,20,8,99,64,20,20,12,134,85,46,301,21,78,24,53,2.39,2.51,3.03,202.35,377.22,40.42,153.88,4.41,27.11,21.39,2.99,11.44,2.08,5.68,0.74,4.69,0.65,8.42,1.5
65.13,15.99,4.77,0.04,1.72,0.67,1.2,3.61,0.7,0.09,398,21,9,97,42,26,22,12,136,103,35,325,12,84,19,44,3.21,1.81,3.33,171.48,304.55,30.94,113.64,3.34,18.93,15.72,2.28,9.60,1.76,4.66,0.61,3.88,0.55,9.79,1.5
61.13,16.83,4.23,0.04,1.78,0.61,1.31,4.13,0.88,0.09,381,23,10,107,70,26,25,12,143,87,31,375,11,101,30,54,3.32,1.71,3.37,331.79,627.09,60.11,241.26,6.92,42.65,32.65,4.16,12.92,1.82,4.20,0.43,2.87,0.39,10.88,1.5
63.73,16.94,4.49,0.05,1.86,0.77,1.46,4.04,0.81,0.11,427,19,8,112,51,26,30,13,152,97,25,398,14,97,29,63,3.14,1.57,3.45,222.55,407.34,43.08,161.01,4.87,27.46,20.97,2.67,8.20,1.19,3.31,0.34,2.37,0.34,11.59,1.5
60.44,16.89,3.98,0.04,1.52,3.17,1.67,3.93,0.58,0.07,510,21,11,89,40,41,24,12,155,98,14,276,12,83,36,61,3.01,1.39,3.36,122.95,223.82,23.89,88.89,3.04,15.24,11.51,1.42,4.02,0.56,1.65,0.17,1.23,0.18,7.82,1.5
62.75,16.16,4,0.04,1.75,2.85,1.17,3.55,0.52,0.1,390,15,10,88,36,35,29,14,143,83,14,235,11,83,41,49,2.44,1.27,2.75,152.10,276.17,29.12,109.18,3.26,18.41,13.72,1.64,4.51,0.62,1.91,0.18,1.36,0.21,6.84,1.5
69.06,14.18,4.15,0.04,1.56,0.58,0.96,3.35,0.5,0.08,365,22,8,79,42,30,25,11,147,65,18,210,11,84,35,42,2.01,1.46,2.63,135.16,252.25,26.47,98.92,3.07,16.79,12.74,1.64,5.25,0.79,2.18,0.22,1.50,0.21,5.55,1.5
59.38,14.12,8.33,0.1,3.02,2.88,1.8,2.21,1.22,0.1,297,18,12,133,7,22,69,20,106,121,23,346,16,127,44,69,2.09,1.36,7.70,42.04,92.15,9.90,38.75,1.86,7.22,6.00,1.04,5.18,1.09,2.94,0.45,2.96,0.42,9.82,1.5
66.04,13.6,4.88,0.06,1.63,1.32,1.33,2.99,0.88,0.1,352,17,9,102,20,23,26,13,127,93,20,315,13,84,30,50,2.55,1.24,2.40,38.54,86.83,8.71,33.06,1.42,5.97,4.88,0.81,4.01,0.82,2.26,0.35,2.26,0.33,7.98,1.5
67.53,13.75,4.97,0.06,1.65,0.88,1.48,3.93,0.82,0.06,378,20,9,94,22,27,20,10,162,86,26,357,14,76,21,49,2.79,1.36,4.64,82.07,163.83,17.96,66.79,1.98,11.55,9.36,1.43,6.44,1.31,3.63,0.53,3.47,0.47,10.77,1.5
65.17,11.41,6.57,0.09,1.64,2.81,1.46,1.96,1.65,0.11,374,17,10,205,12,19,33,19,74,132,24,329,13,91,48,61,1.59,1.15,2.48,50.97,104.36,11.41,43.52,1.57,7.88,6.46,1.06,5.21,1.05,2.84,0.43,2.72,0.40,8.89,1.5
57.89,19.15,5.24,0.04,1.44,0.69,1.93,4.34,1.16,0.2,323,26,10,96,190,13,28,11,182,173,181,700,8,88,19,57,3.88,2.43,4.17,716.08,1287.74,148.84,559.70,12.82,88.43,72.28,10.88,49.14,9.52,26.31,3.65,23.68,3.19,19.68,1.5
66.34,15.61,4.53,0.04,1.3,0.56,1.36,3.45,1.26,0.17,221,16,10,93,74,21,23,11,144,123,67,259,24,78,15,45,2.41,2.01,3.46,290.11,521.93,55.97,210.67,5.67,37.36,30.15,4.39,18.15,3.46,9.74,1.31,8.27,1.11,7.50,1.5
61.43,17.55,5.36,0.04,1.32,0.33,1.36,3.81,1.85,0.13,299,24,9,119,78,24,25,12,152,118,70,287,33,77,25,37,2.11,1.87,3.93,332.73,605.52,64.21,241.96,6.49,42.88,34.94,5.21,23.05,4.43,12.27,1.65,10.13,1.33,8.05,1.5
65.89,16.24,3.79,0.03,1.4,0.57,1.48,3.77,0.62,0.09,331,19,10,92,28,36,24,15,144,102,29,280,17,77,21,49,2.96,1.62,3.49,104.67,189.90,19.76,72.85,2.44,12.38,10.20,1.53,6.84,1.30,3.56,0.48,3.09,0.44,8.12,1.5
63.4,16.53,4.01,0.04,1.62,1.53,1.7,3.74,0.63,0.1,323,23,9,82,72,30,29,13,145,97,37,429,11,87,22,58,3.45,1.67,4.05,296.76,512.30,53.24,196.72,5.58,32.98,25.96,3.37,11.15,1.65,4.49,0.44,3.01,0.42,11.71,1.5
64.44,15.61,4.28,0.05,1.93,1.03,1.47,3.63,0.71,0.23,415,19,8,86,52,43,31,16,138,100,19,362,14,86,34,71,2.93,1.42,3.49,196.15,342.18,35.97,133.90,3.93,22.28,17.71,2.24,6.81,0.98,2.83,0.29,2.09,0.30,11.16,1.5
66.72,15.29,4.32,0.05,1.91,0.73,1.3,3.4,0.52,0.1,359,24,9,88,30,37,32,13,149,82,13,260,13,90,34,53,2.97,1.52,2.47,228.62,399.12,41.76,154.41,4.51,25.77,20.51,2.59,7.88,1.09,2.97,0.28,1.97,0.27,8.98,1.5
67.05,13.55,4,0.04,1.57,0.94,1.55,2.85,0.75,0.08,370,22,8,85,54,37,24,13,128,93,22,333,14,73,27,57,2.71,1.29,2.67,120.51,216.47,22.59,83.16,2.76,14.20,10.95,1.36,4.26,0.67,1.97,0.21,1.54,0.22,7.13,1.5
65.5,15.08,4.51,0.07,1.53,0.65,1,3.45,0.74,0.12,331,24,9,86,30,31,28,14,152,69,23,249,16,77,36,44,2.35,1.46,2.73,120.69,215.42,22.67,84.11,2.69,14.29,11.35,1.57,6.22,1.06,2.81,0.33,2.21,0.30,6.39,1.5
62.91,15.9,5.61,0.06,2.27,0.96,1.31,3.79,1.1,0.1,446,27,9,98,12,28,39,12,149,82,20,413,21,94,23,49,3.17,1.25,2.84,43.80,93.52,9.28,34.40,1.62,5.76,4.78,0.77,3.85,0.80,2.27,0.34,2.19,0.31,10.70,4.0
67.7,14.24,4.51,0.05,1.49,0.67,1.52,3.78,0.68,0.06,360,24,8,80,19,28,22,11,170,95,24,332,17,81,26,52,3.27,1.45,2.85,56.89,107.75,11.66,42.71,1.46,7.29,5.97,0.97,4.75,0.98,2.82,0.42,2.74,0.39,8.50,1.5
68.35,14.26,3.6,0.04,1.32,0.93,1.74,4.44,0.53,0.05,415,21,8,54,31,25,20,9,183,102,31,395,15,70,12,34,3.07,1.29,2.49,96.81,178.04,19.24,71.79,1.89,12.40,9.76,1.50,6.58,1.31,3.72,0.52,3.41,0.47,10.56,1.5
65.67,14.44,3.96,0.05,1.04,2.13,1.04,4.85,0.69,0.08,407,22,9,63,20,25,24,10,210,71,25,430,14,69,20,49,2.89,1.68,2.23,66.67,124.11,14.33,53.77,1.68,9.31,7.38,1.20,5.58,1.15,3.23,0.46,3.12,0.45,12.52,1.5
60.64,19.51,4.18,0.04,1.19,0.52,1.8,4.88,0.87,0.15,328,28,11,94,75,33,20,10,177,137,70,521,15,91,14,48,3.92,2.12,4.09,362.24,639.37,66.44,257.09,7.25,43.54,34.72,5.22,20.40,3.67,10.31,1.32,8.63,1.19,12.99,1.5
60.37,18.62,4.94,0.04,1.31,0.57,1.44,4.03,0.78,0.11,375,26,12,94,32,42,29,11,179,155,38,340,18,114,19,26,2.85,1.77,4.12,122.09,223.38,24.08,91.18,3.11,16.06,12.66,2.00,8.87,1.77,4.85,0.65,4.19,0.57,7.38,1.5
65.27,16.07,5.33,0.04,1.19,0.34,1.04,3.27,0.81,0.11,271,22,10,91,13,32,24,10,149,113,36,248,23,75,17,51,2.49,2.07,3.26,67.06,137.69,14.07,52.44,1.76,9.13,7.74,1.38,7.53,1.71,4.89,0.77,4.92,0.69,6.98,1.5
65.35,16.38,4.09,0.04,1.52,0.58,1.56,3.77,0.73,0.11,352,19,9,95,39,40,24,11,147,108,30,323,16,89,26,52,3.29,1.62,3.70,144.69,253.09,26.42,96.77,2.94,16.32,13.42,1.96,7.95,1.47,4.13,0.54,3.49,0.48,9.28,1.5
64.8,14.39,4.15,0.04,1.4,3.42,1.26,3.11,0.78,0.2,321,19,10,69,23,27,25,11,130,121,40,353,17,71,22,49,2.35,1.86,2.73,129.54,226.32,23.21,86.71,2.47,14.74,12.23,1.99,9.24,1.87,5.22,0.75,4.75,0.67,10.29,1.5
60.51,18,5.35,0.06,1.68,0.76,1.35,3.87,0.75,0.12,334,26,10,104,31,29,29,14,168,167,39,393,16,94,25,48,3.01,1.92,3.51,140.99,285.36,28.78,103.11,3.16,17.73,15.28,2.35,10.14,2.03,5.63,0.78,4.98,0.68,11.50,1.5
69.69,13.77,4.25,0.05,1.46,0.48,1.39,2.99,0.85,0.09,266,22,7,83,57,29,21,13,143,100,35,413,16,66,21,52,5.71,1.84,3.91,221.68,388.50,40.01,146.49,3.79,24.36,19.61,2.67,9.58,1.66,4.86,0.59,3.86,0.56,11.51,1.5
67.15,14.05,3.72,0.04,1.74,1.42,1.17,3.19,0.5,0.14,367,16,9,83,29,34,26,12,133,89,18,259,12,75,25,49,2.80,1.35,2.88,109.73,202.62,21.31,78.89,2.47,13.51,10.38,1.41,4.80,0.79,2.27,0.25,1.66,0.24,7.24,1.5
63.38,11.98,4.25,0.06,1.86,4.58,0.53,2.52,0.83,0.12,320,13,10,76,11,24,28,13,106,62,24,478,14,73,25,45,1.70,1.17,1.92,55.13,115.97,11.63,44.12,1.54,7.74,6.30,1.02,4.81,1.02,2.95,0.46,3.00,0.44,13.65,1.5
67.99,14.67,4.25,0.05,1.88,1.14,1.78,3.42,0.75,0.08,370,25,9,78,17,30,23,11,140,100,23,335,17,81,22,45,3.41,1.35,2.50,51.07,106.96,10.47,39.52,1.58,6.85,5.60,0.95,4.63,0.96,2.73,0.41,2.73,0.38,9.84,1.5
68.81,14.44,3.61,0.05,1.48,0.77,1.73,3.8,0.53,0.07,419,21,8,61,16,31,20,8,155,104,25,327,14,61,16,43,3.16,1.30,2.35,62.56,122.48,12.90,47.61,1.70,8.40,7.01,1.18,5.92,1.28,3.71,0.57,3.62,0.51,9.70,1.5
60.21,15.88,4.96,0.07,2.76,1.78,3,3.83,0.67,0.13,481,24,10,61,26,28,46,15,183,167,23,419,17,145,19,48,3.77,1.24,1.95,82.16,159.37,16.95,61.86,2.04,9.78,8.01,1.18,5.18,1.11,3.29,0.48,3.02,0.43,13.64,1.5
54.72,15.52,8.39,0.11,3.67,3.36,2.37,2.42,1.58,0.58,345,28,12,142,16,28,46,20,142,232,34,453,32,157,30,71,3.18,1.38,3.75,87.46,172.22,19.42,74.14,2.92,12.88,10.48,1.73,7.87,1.56,4.32,0.61,3.91,0.54,14.50,1.5
57.71,17.68,4.34,0.06,1.25,3.43,1.53,4.49,0.82,0.1,525,28,14,75,26,28,18,10,154,120,32,659,15,82,20,37,2.75,1.45,3.02,94.83,185.03,19.67,74.67,2.80,13.10,10.85,1.71,7.43,1.42,3.95,0.55,3.62,0.54,19.97,1.5
64.49,16.44,3.94,0.03,1.21,0.77,1.27,3.88,0.58,0.23,387,24,11,57,31,36,17,5,151,204,34,345,15,73,16,45,3.02,1.91,3.75,90.54,178.88,18.90,71.87,2.58,12.59,10.76,1.86,9.84,2.16,6.29,0.96,6.22,0.87,9.57,1.5
60.83,16.8,4.02,0.04,1.49,3.01,1.32,3.77,0.97,0.17,405,21,13,92,52,30,24,11,149,103,24,266,18,78,21,53,3.43,1.60,4.02,172.52,332.62,34.03,134.80,3.87,23.16,18.34,2.42,7.97,1.23,3.39,0.36,2.31,0.32,7.09,1.5
67.91,14.61,4.13,0.04,1.42,0.52,1.07,3.05,0.98,0.11,345,21,8,76,73,16,20,10,120,94,44,299,16,65,21,46,2.51,1.85,2.79,233.26,450.25,38.52,152.29,4.42,29.78,23.84,3.29,12.33,2.02,5.48,0.62,4.01,0.54,8.76,1.5
65.06,15.87,4.95,0.04,1.5,0.43,1,3.15,0.93,0.12,319,25,9,87,50,14,24,9,137,102,43,298,18,74,20,43,2.13,2.00,3.26,148.42,285.62,28.56,108.08,2.92,18.29,15.38,2.34,10.34,1.94,5.29,0.72,4.50,0.61,8.74,1.5
60.97,18.17,5.12,0.03,1.59,1.03,1.19,3.93,0.72,0.11,333,24,13,90,23,23,24,7,153,122,29,281,19,79,20,55,2.64,1.95,3.76,67.13,124.97,13.13,48.31,1.81,8.23,7.17,1.19,6.03,1.27,3.57,0.53,3.58,0.50,8.12,1.5
66.5,14.64,4.1,0.04,1.58,0.98,1.33,3.05,0.98,0.11,327,21,9,88,47,20,21,11,117,106,32,350,17,82,19,54,2.13,1.78,2.84,176.45,328.61,31.14,126.48,3.45,21.19,17.15,2.40,9.37,1.68,4.70,0.59,3.94,0.56,10.77,1.5
68.77,12.85,3.92,0.05,1.65,1.52,0.87,2.74,0.64,0.1,369,19,9,76,45,21,23,9,122,79,24,305,12,73,30,52,2.29,1.42,3.02,117.13,223.87,23.75,89.07,2.57,15.08,11.86,1.63,5.92,0.98,2.73,0.32,2.15,0.29,8.34,1.5
68.41,12.09,4.91,0.07,1.95,1.77,1.04,2.53,0.92,0.09,318,20,8,68,25,13,27,12,109,70,24,485,17,73,25,51,2.55,1.29,2.80,54.89,106.42,11.36,42.40,1.57,7.23,6.13,0.98,4.64,0.96,2.77,0.41,2.77,0.39,12.78,1.5
56.69,16.66,7.1,0.07,3.31,1.9,1.68,2.73,1.07,0.09,442,27,15,116,20,19,51,19,131,192,23,362,19,132,57,71,2.43,1.19,1.81,53.95,108.23,11.23,42.42,1.79,7.18,6.09,0.98,4.90,1.04,3.01,0.45,2.89,0.42,10.72,1.5
58.97,15.32,6.38,0.1,2.28,3.25,1.64,3.15,1.18,0.24,300,25,14,98,28,20,29,12,144,167,36,576,24,82,22,52,3.00,1.51,4.05,87.11,170.69,18.53,69.84,2.55,11.99,9.92,1.57,7.60,1.56,4.39,0.65,4.20,0.58,16.66,1.5
58.54,16.67,5.51,0.08,2.44,2.41,2.94,2.54,1.26,0.24,395,29,13,87,42,13,26,10,133,247,31,684,36,74,26,54,2.98,1.27,3.50,91.11,195.38,19.88,75.11,2.72,12.56,10.04,1.45,6.19,1.22,3.55,0.49,3.27,0.47,20.39,1.5
55.72,17.62,6.56,0.09,2.5,1.1,1.37,3.83,0.9,0.08,464,35,13,92,28,23,40,14,194,118,31,377,19,121,29,62,5.12,1.34,2.13,76.74,142.55,16.00,59.45,2.20,10.23,8.53,1.34,6.55,1.37,3.91,0.58,3.77,0.53,13.93,1.5
71.35,12.34,2.9,0.05,0.72,0.69,0.92,4.59,0.75,0.07,775,13,7,54,28,38,16,6,163,110,40,1204,14,54,14,29,1.97,1.21,2.35,53.60,106.22,11.47,43.55,2.24,8.09,7.18,1.34,7.94,1.84,5.52,0.91,6.17,0.90,36.27,1.5
63.61,16.68,4.84,0.04,1.24,0.43,0.99,3.56,1.08,0.13,342,23,12,78,34,25,24,10,149,125,36,306,22,86,20,51,2.42,1.91,3.39,113.87,223.61,23.36,87.20,2.56,15.06,12.67,2.00,9.53,1.96,5.55,0.80,5.13,0.69,9.27,1.5
65.99,16.58,3.47,0.04,1.49,0.54,1.29,3.68,0.72,0.1,350,24,12,89,42,34,20,9,117,92,27,298,14,75,25,44,2.84,1.43,3.20,114.50,218.40,23.26,87.23,2.79,14.94,12.20,1.66,6.00,0.98,2.67,0.32,2.10,0.30,8.27,1.5
66.48,15.07,4.35,0.04,1.22,0.49,0.98,3.11,1.04,0.13,317,21,9,86,46,15,16,9,129,110,39,247,22,65,17,51,2.28,2.07,3.23,151.02,297.78,29.76,117.90,3.02,20.09,16.79,2.64,12.12,2.35,6.42,0.86,5.24,0.70,6.91,1.5
67.99,13.87,3.99,0.03,1.26,0.91,0.95,2.97,0.79,0.14,246,18,8,76,45,15,17,7,124,95,31,277,22,67,16,45,2.21,1.90,2.71,143.69,275.73,28.82,107.69,2.93,17.81,14.27,2.10,8.55,1.59,4.57,0.62,4.06,0.56,8.25,1.5
66.94,15.05,3.84,0.03,1.56,0.55,1.35,3.35,0.49,0.14,368,20,10,67,63,26,20,10,124,86,27,351,9,72,21,56,2.86,1.71,3.05,240.94,450.34,43.63,174.20,4.90,29.68,23.46,3.08,9.88,1.40,3.87,0.38,2.66,0.37,11.27,1.5
62.49,14.39,3.78,0.04,1.76,3.44,2.07,2.86,0.56,0.1,430,19,12,75,31,21,25,10,123,97,19,277,12,70,25,51,2.38,1.33,3.02,103.52,194.91,20.62,76.97,2.50,13.15,10.40,1.43,5.28,0.90,2.48,0.30,2.09,0.30,7.81,1.5
63.2,14.04,4.68,0.06,1.86,3.11,0.75,2.95,0.75,0.12,349,22,11,86,33,23,30,12,141,77,26,321,13,81,32,50,2.00,1.41,3.23,113.84,213.56,23.14,86.32,2.74,14.84,11.80,1.60,6.15,1.09,3.02,0.36,2.41,0.35,8.78,5.0
56.95,14.73,7.22,0.17,3.23,3.78,1.83,1.99,1.14,0.14,329,22,14,106,14,15,38,15,98,128,34,510,20,87,35,62,2.82,1.56,2.11,62.42,119.36,12.86,48.64,2.00,8.36,7.36,1.25,6.90,1.57,4.51,0.71,4.71,0.66,15.41,1.5
54.95,16.35,7.9,0.1,2.92,3.05,2.09,2.25,1.23,0.19,489,29,16,117,19,17,56,20,109,201,28,393,21,116,47,76,2.64,1.31,2.28,68.43,131.30,14.16,53.51,2.11,8.77,7.40,1.16,5.46,1.13,3.23,0.46,2.94,0.42,11.41,1.5
55.81,17.35,7.06,0.09,2.32,2.01,1.96,2.79,0.97,0.07,377,31,13,105,27,18,45,16,162,150,28,407,19,118,37,58,3.85,1.30,2.86,77.85,148.02,16.28,59.73,1.95,10.19,8.41,1.26,5.53,1.10,3.07,0.44,2.87,0.41,11.89,1.5
58.56,17.13,6.54,0.09,2.29,1.36,1.58,3.37,1.24,0.08,393,30,13,108,31,12,33,15,157,119,34,480,21,110,57,45,3.88,1.36,2.66,128.87,247.37,25.96,100.10,3.25,17.15,13.85,2.11,8.79,1.72,4.78,0.66,4.31,0.66,15.08,1.5
54.76,19.07,7.94,0.12,2.75,1.01,1.01,4.08,0.88,0.06,364,30,13,91,25,15,40,11,219,86,44,371,18,110,45,63,6.63,1.96,2.69,97.58,178.19,20.35,77.00,2.51,13.68,11.23,1.81,8.74,1.84,5.15,0.76,4.88,0.69,11.67,1.5
68.01,14.36,3.58,0.04,1.22,0.83,1.21,3.46,0.86,0.15,439,19,8,60,48,20,15,5,132,141,42,369,20,64,18,43,2.66,1.68,2.98,122.46,242.26,25.16,93.45,2.84,16.18,13.51,2.09,9.72,2.00,5.66,0.81,5.06,0.71,10.98,1.5
64.01,15.79,4.46,0.04,1.39,1.83,1.08,3.45,0.77,0.11,313,22,10,72,31,22,20,10,141,114,34,322,19,72,15,46,2.35,1.86,3.55,91.97,177.84,18.77,69.60,2.16,12.03,10.19,1.62,7.97,1.69,4.82,0.74,4.76,0.67,9.35,1.5
67.73,13.59,4.2,0.04,1.34,0.8,1.7,2.84,1.05,0.16,385,17,8,72,49,18,22,10,131,112,27,233,20,64,17,53,1.99,1.64,3.48,149.42,284.84,29.80,111.61,3.11,19.43,16.01,2.28,8.52,1.41,3.79,0.43,2.69,0.36,6.84,1.5
63.51,16.87,4.91,0.04,1.17,0.37,0.93,3.67,1.05,0.12,341,24,11,86,32,26,21,10,156,137,38,303,22,79,18,55,2.65,2.01,4.04,95.08,189.46,19.83,74.96,2.43,13.43,11.23,1.83,8.81,1.74,4.76,0.68,4.29,0.60,8.98,1.5
66.87,15.18,4.2,0.04,1.79,0.43,1.26,3.4,0.53,0.08,356,22,9,69,64,23,23,13,135,78,23,316,10,68,24,51,2.66,1.70,3.17,218.21,407.82,39.75,156.32,4.58,26.43,21.28,2.78,8.79,1.20,3.07,0.27,1.83,0.27,9.35,1.5
68.91,13.42,3.53,0.04,1.59,0.95,1.15,3.14,0.44,0.19,385,22,8,67,42,29,19,6,125,81,14,264,9,63,27,61,2.56,1.44,4.07,115.59,218.55,23.06,85.40,2.70,14.45,11.37,1.48,4.48,0.62,1.71,0.17,1.24,0.18,7.48,1.5
62.98,13.41,3.27,0.03,1.43,5.7,0.95,2.99,0.51,0.08,434,21,12,65,27,23,23,9,112,83,16,249,10,66,24,49,2.47,1.33,3.51,100.51,191.21,20.17,75.22,2.48,12.91,9.92,1.30,4.37,0.68,1.91,0.21,1.53,0.22,7.34,1.5
57.69,15.25,7.44,0.13,2.61,2.92,1.92,1.99,1.24,0.09,354,23,14,115,18,15,51,26,102,151,28,357,18,133,49,54,2.46,1.40,2.33,59.66,113.62,12.15,45.86,1.86,7.92,6.62,1.10,5.47,1.17,3.33,0.51,3.27,0.47,11.32,1.5
54.85,16.83,8.15,0.16,2.7,3.66,2.01,2.58,1.23,0.12,393,29,14,108,21,12,58,19,112,179,36,489,19,155,33,65,2.76,1.85,4.04,76.53,141.49,15.41,57.73,2.31,10.00,8.75,1.43,7.48,1.61,4.56,0.69,4.56,0.66,16.47,1.5
68.64,12.37,4.96,0.07,2.12,1.47,1.08,2.38,0.82,0.07,422,21,8,81,31,24,31,12,118,84,25,334,15,83,30,51,2.23,1.45,3.09,91.82,175.89,18.65,69.40,2.26,11.82,9.48,1.34,5.53,1.02,2.83,0.38,2.53,0.36,10.23,1.5
59.91,16.69,5.93,0.08,2.68,1.29,2.7,2.28,1.08,0.11,299,28,11,86,54,10,33,12,138,132,34,507,28,107,22,47,3.76,1.32,4.08,150.65,293.15,30.20,107.72,2.64,17.32,14.13,1.93,7.88,1.51,4.30,0.58,3.83,0.54,14.47,1.5
51.95,16.24,7.36,0.12,2.45,5.41,1.29,2.9,1,0.19,334,26,16,91,30,20,36,14,141,97,32,307,17,83,53,62,4.06,1.46,2.87,104.99,192.54,21.30,79.17,2.54,13.94,11.30,1.67,7.34,1.45,3.90,0.54,3.45,0.48,10.40,1.5
59.97,17.79,5.5,0.07,1.72,0.9,1.31,3.92,0.79,0.07,328,28,12,83,23,20,30,14,238,85,31,342,21,92,24,52,4.09,1.35,4.00,65.97,120.24,13.47,50.14,1.67,8.99,7.46,1.25,6.27,1.34,3.70,0.57,3.69,0.53,11.51,1.5
61.45,14.96,3.13,0.05,1.34,4.89,0.82,4.13,0.7,0.1,443,24,12,54,20,27,19,11,165,94,30,501,15,60,13,36,2.28,1.22,3.00,58.82,111.36,12.58,47.65,1.84,8.46,7.00,1.16,5.88,1.27,3.58,0.57,3.79,0.55,14.66,1.5
65.74,16.61,4.62,0.04,1.11,0.33,1.19,3.34,1.29,0.14,319,24,10,77,48,24,21,8,143,135,38,284,22,78,15,48,2.46,1.76,3.74,165.22,325.00,34.33,128.57,3.60,22.57,18.04,2.66,11.67,2.32,6.48,0.89,5.64,0.76,8.88,1.5
66.09,16.38,4.37,0.03,1.11,0.46,1.22,3.34,1.2,0.13,347,24,10,87,41,21,22,10,135,116,31,252,23,75,19,36,2.15,1.69,3.74,177.75,352.70,36.44,142.16,3.94,25.11,19.43,2.58,8.86,1.50,4.18,0.50,3.21,0.44,7.88,1.5
71.57,12.16,4.37,0.04,1.38,0.38,0.69,2.47,1.3,0.14,164,13,12,82,46,1,19,5,127,79,31,200,40,67,16,52,1.41,1.84,2.31,138.93,272.87,27.51,100.48,2.71,16.79,13.16,1.83,7.65,1.41,3.83,0.51,3.15,0.44,5.33,1.5
66.79,16.07,4.55,0.03,1.7,0.45,1.13,3.59,0.48,0.08,410,18,15,94,67,1,21,9,158,74,26,326,32,80,27,57,2.13,1.39,2.31,136.08,260.06,26.55,96.07,3.23,16.41,13.06,1.72,5.99,0.87,2.09,0.23,1.49,0.22,6.28,1.5
65.69,14.05,3.76,0.03,1.62,3.07,1.16,3.04,0.64,0.1,416,16,14,86,48,7,21,11,119,74,24,278,22,79,20,52,2.33,1.23,3.25,131.94,248.73,25.80,98.73,3.27,16.36,12.94,1.67,5.63,0.82,2.04,0.23,1.62,0.24,8.30,1.5
69.06,12.47,3.65,0.04,1.59,2.92,0.79,2.67,0.59,0.12,290,15,13,82,47,11,22,9,119,68,24,267,24,75,19,50,1.52,1.07,1.59,85.14,168.51,17.60,66.03,2.22,11.24,8.69,1.12,3.95,0.63,1.63,0.19,1.27,0.18,5.27,1.5
59.92,14.28,6.67,0.12,2.87,4.66,1.03,2.68,0.99,0.18,478,19,17,115,21,26,69,21,113,180,29,297,31,185,42,60,2.16,1.35,3.69,44.93,99.30,9.17,35.05,1.64,6.47,5.56,0.89,4.73,1.03,2.87,0.45,3.04,0.43,8.73,1.5
57.09,18.33,7.19,0.11,2.35,2.15,2.18,2.25,1.4,0.1,354,21,22,142,20,16,39,20,108,151,31,345,35,110,39,57,2.91,1.12,2.04,58.02,117.94,12.47,47.30,2.11,8.23,7.19,1.18,6.05,1.24,3.36,0.50,3.22,0.46,9.72,1.5
55.56,17.06,7.19,0.13,2.79,3.27,1.97,2.57,1.33,0.3,341,20,18,114,26,17,32,17,129,202,34,484,40,83,40,66,3.30,1.31,2.84,88.52,176.00,20.17,76.26,2.86,12.50,10.36,1.49,6.78,1.37,3.70,0.52,3.33,0.48,15.51,1.5
56.66,17.73,4.6,0.07,2.05,2.43,5.47,3.03,1.07,0.19,716,20,13,77,23,21,14,6,129,253,36,1244,49,52,14,45,3.15,1.14,2.51,86.13,172.79,19.30,73.02,3.04,12.39,10.09,1.52,7.43,1.48,4.03,0.58,3.89,0.56,38.47,1.5
61.89,15.95,5.66,0.26,2.17,2.4,1.74,2.8,0.71,0.08,326,20,16,68,26,28,25,10,142,113,33,423,38,80,19,47,2.92,1.14,1.92,42.40,86.86,7.99,29.88,1.17,5.63,4.81,0.83,4.57,1.01,2.83,0.46,2.89,0.43,9.68,1.5
57.36,17.77,6.92,0.07,2.22,1.88,1.52,2.65,1.18,0.07,388,29,16,119,17,14,46,19,128,113,31,367,16,116,38,57,2.37,1.31,3.58,55.97,100.72,11.62,43.42,1.90,7.77,6.54,1.10,5.71,1.23,3.55,0.55,3.64,0.53,10.97,1.5
53.42,14.51,4.38,0.04,1.46,7.99,1.08,3.21,1.2,0.17,359,18,17,86,51,22,24,13,156,151,30,238,22,59,16,61,2.66,1.36,2.83,143.53,277.60,30.64,115.83,3.71,20.98,16.18,2.05,6.87,1.11,2.94,0.37,2.22,0.30,6.31,1.5
66.4,14.54,5.1,0.09,1.46,0.9,1.11,3.51,1.2,0.08,394,22,9,95,53,26,26,15,163,84,57,546,24,68,16,55,3.25,1.41,2.41,153.38,296.30,31.91,119.67,3.59,20.71,17.44,2.54,11.58,2.31,6.21,0.87,5.29,0.72,13.61,1.5
74.93,10.27,2.49,0.05,0.68,1.43,0.81,3.94,0.69,0.08,576,15,7,50,18,31,12,12,142,77,28,677,16,39,11,30,1.44,1.03,2.02,34.70,72.50,6.69,25.35,1.29,4.59,4.17,0.72,3.99,0.91,2.51,0.41,2.87,0.40,15.05,1.5
63.68,17.38,4.8,0.04,1.43,0.75,1.13,3.7,0.94,0.14,359,19,16,99,46,11,24,9,157,131,40,250,41,89,17,47,2.14,1.83,2.71,100.60,198.71,20.80,76.75,2.66,14.18,12.04,1.91,9.52,1.88,4.83,0.69,4.32,0.59,6.53,1.5
62.58,14.43,4.26,0.03,1.62,3.97,1.18,3.24,0.56,0.1,437,18,16,85,51,19,24,9,144,85,27,302,26,75,31,61,2.37,1.39,2.86,109.55,208.44,21.46,78.91,2.84,13.74,11.12,1.54,5.80,0.96,2.34,0.29,1.93,0.28,7.91,1.5
59.17,16.97,4.32,0.03,1.96,4.32,1.22,3.78,0.53,0.11,549,20,15,92,45,33,24,9,149,88,27,303,26,89,26,61,2.34,1.41,2.79,106.35,201.17,20.58,76.55,2.72,13.15,10.60,1.45,5.71,0.91,2.35,0.29,1.93,0.29,7.91,1.5
64.1,15.43,4.11,0.04,1.85,2.31,1.61,2.98,0.58,0.11,372,16,13,90,38,20,25,10,123,56,23,240,26,88,27,51,2.04,1.34,2.30,89.48,179.15,18.73,68.94,2.34,12.07,9.31,1.16,4.10,0.67,1.84,0.23,1.52,0.22,6.65,1.5
60.57,17.05,6.52,0.22,2.22,1.6,1.91,2.67,0.99,0.11,407,22,15,88,39,1,33,13,107,99,35,345,34,93,28,54,3.68,1.43,1.73,125.97,225.46,24.30,92.28,3.00,14.54,12.16,1.76,7.46,1.50,3.90,0.55,3.62,0.50,10.92,1.5
53.06,15.53,7.05,0.09,2.88,6.34,2.61,1.94,1.24,0.37,435,21,18,136,22,20,52,23,88,241,34,467,35,106,39,60,1.99,1.09,2.49,66.21,131.66,14.96,57.37,2.25,9.27,7.96,1.21,5.65,1.15,3.10,0.45,2.94,0.39,12.23,1.5
59.53,14.74,5.79,0.08,3.04,4.17,2.38,2.78,1.32,0.67,821,21,15,103,23,34,15,10,100,474,39,598,54,65,8,57,2.65,1.18,2.57,120.94,230.93,26.10,100.65,3.67,15.35,12.59,1.78,7.84,1.57,4.16,0.58,3.54,0.50,17.30,1.5
57.37,14.53,7.67,0.11,3.33,4.2,1.74,2.36,1.24,0.5,632,22,19,118,19,38,18,12,116,409,40,446,53,80,8,78,2.36,1.30,2.26,129.37,252.92,29.13,114.32,4.02,17.33,13.84,1.88,7.97,1.55,4.09,0.54,3.41,0.46,12.89,1.5
65.77,15.2,3.89,0.06,1.2,1.64,2.9,2.66,1.05,0.1,509,18,14,61,22,23,19,4,140,201,33,1338,56,57,14,37,2.10,1.15,3.75,71.04,144.20,16.11,62.05,2.91,10.32,8.40,1.26,6.08,1.24,3.29,0.49,3.21,0.48,31.71,1.5
54.72,15.72,7.59,0.08,4.48,5.57,2.06,1.22,0.93,0.08,115,19,24,215,13,16,85,18,81,137,26,180,21,296,115,32,1.53,1.22,2.07,35.22,71.19,6.87,25.90,1.24,4.79,4.31,0.75,4.05,0.88,2.35,0.37,2.46,0.35,6.79,1.5
54.86,16.01,6.87,0.08,2.89,3.83,2.29,2.77,1.05,0.14,437,25,16,122,22,20,44,17,136,165,30,283,18,100,39,66,2.75,0.97,4.93,53.11,107.24,12.15,47.32,1.86,8.89,7.18,1.10,4.91,0.98,2.60,0.37,2.31,0.32,6.82,1.5
81.4,8.04,3.44,0.06,0.71,0.53,0.75,2.23,1.35,0.09,147,13,6,79,151,1,14,6,100,84,59,562,16,45,8,54,1.62,1.57,2.02,357.36,702.98,18.13,288.46,8.82,50.19,38.62,4.71,14.50,2.35,6.53,0.79,5.19,0.73,12.95,1.5
70.7,12.84,4.6,0.05,1.44,1.07,1.07,2.84,0.97,0.19,365,23,9,87,62,25,27,10,152,116,39,289,18,76,18,60,2.01,1.44,3.23,130.39,257.61,27.23,106.94,3.38,18.25,14.34,1.98,7.63,1.38,3.62,0.48,2.88,0.39,6.59,1.5
76.46,9.85,4.5,0.05,1.16,0.91,0.74,2.32,1.53,0.11,379,17,7,103,24,19,19,6,128,104,22,212,27,51,17,56,1.54,1.56,3.23,45.90,95.96,10.17,37.71,1.36,6.38,5.41,0.84,3.84,0.80,2.20,0.34,2.19,0.30,4.90,1.5
67.12,10.85,3.52,0.04,1.42,5.29,0.84,2.44,0.54,0.08,418,19,10,64,31,21,21,6,114,80,20,306,12,62,21,49,1.93,1.22,2.23,95.35,178.62,18.92,71.45,2.41,11.94,9.47,1.24,4.36,0.73,1.92,0.26,1.68,0.23,6.79,1.5
65.37,14.54,5.25,0.06,1.96,2.16,1.24,2.95,0.81,0.1,485,22,11,93,31,22,29,13,126,111,28,411,19,79,28,59,2.99,1.40,2.05,81.72,152.16,16.58,63.62,2.39,10.55,8.64,1.22,5.08,0.95,2.58,0.37,2.49,0.36,10.53,1.5
59.04,15.78,7.56,0.1,2.04,2.75,2.76,2.77,1.51,0.38,542,27,14,108,37,17,17,13,145,262,61,1549,47,41,12,69,3.48,1.57,2.50,217.41,420.18,47.24,181.96,5.24,26.66,21.18,2.95,12.29,2.45,6.79,0.92,5.94,0.83,33.85,1.5
61.8,14.07,6.82,0.09,1.91,3.85,3.12,2.4,1.56,0.59,695,22,13,120,22,23,21,9,97,361,47,906,32,56,12,64,2.60,1.41,2.31,118.48,237.02,26.62,106.92,4.10,16.75,13.48,2.05,9.32,1.82,4.98,0.71,4.36,0.61,20.46,1.5
58.55,15.69,6.3,0.08,2.91,4.35,2.61,2.5,1.32,0.73,708,23,17,99,24,38,15,7,100,438,48,678,67,53,9,58,2.94,1.34,2.63,174.21,343.86,39.31,149.26,4.99,21.64,17.81,2.43,10.11,2.01,5.22,0.71,4.26,0.60,17.44,1.5
58.15,16.54,6.33,0.09,2.04,3.26,2.44,2.95,1.32,0.25,837,24,20,87,23,51,24,9,136,386,45,1230,77,78,12,66,2.53,1.37,2.42,139.55,267.26,30.95,120.17,4.99,19.01,15.16,2.12,9.41,1.90,4.91,0.69,4.51,0.61,28.95,1.5
68.79,14.17,4.2,0.07,1.31,1.02,2.19,3.5,0.68,0.08,321,21,9,61,34,20,20,10,200,86,28,404,21,66,17,45,2.84,1.22,2.40,50.85,103.91,11.67,44.10,1.36,7.89,6.43,0.98,4.59,0.95,2.60,0.40,2.51,0.36,10.47,1.5
58.02,14.27,9.08,0.14,3.43,2.95,1.11,1.68,1.61,0.09,274,23,15,165,12,11,58,30,92,70,35,292,15,103,104,42,1.98,1.12,2.55,37.61,79.36,7.59,31.11,1.63,5.98,5.46,1.01,5.74,1.25,3.50,0.56,3.55,0.50,7.49,1.5
71.19,11.15,4.73,0.06,1.54,1.68,1.3,2.55,0.85,0.15,356,19,8,82,49,20,33,10,135,125,32,367,16,91,24,59,2.14,1.38,2.81,112.77,225.41,24.47,93.31,3.14,16.24,13.29,1.77,6.81,1.26,3.46,0.48,3.12,0.44,9.17,1.5
70.86,11.78,4.51,0.06,1.47,2.71,1.36,2.12,1,0.11,380,16,9,87,29,23,31,12,115,132,31,375,18,87,17,56,2.06,1.28,2.56,71.33,141.02,15.54,59.91,2.20,10.33,9.02,1.37,6.13,1.18,3.18,0.46,2.99,0.42,9.29,1.5
69.42,12.24,4.42,0.06,1.43,1.72,1.24,2.24,0.92,0.1,393,15,9,86,20,29,29,10,112,118,29,347,19,75,20,50,1.92,1.25,2.35,42.63,84.91,9.60,37.22,1.45,6.50,5.93,0.95,4.75,1.02,2.81,0.44,2.83,0.42,8.83,1.5
64.95,12.27,4.3,0.05,1.81,3.61,1.12,2.43,0.76,0.13,394,16,11,80,29,28,32,11,114,114,28,358,15,87,24,51,1.83,1.16,2.45,82.16,156.91,16.33,62.37,2.23,10.53,8.50,1.24,5.04,0.89,2.42,0.35,2.19,0.30,8.81,1.5
64.88,13.14,4.48,0.08,1.49,3.4,4.86,1.86,1.2,0.46,606,21,10,85,39,18,13,7,69,326,45,893,30,48,6,40,2.70,1.27,2.00,119.68,235.93,26.08,101.26,3.64,16.20,13.15,1.92,8.47,1.62,4.54,0.64,3.93,0.56,19.64,1.5
62.47,13.59,5.55,0.08,1.84,3.88,3.73,2.06,1.3,0.66,683,19,11,98,26,21,16,12,82,396,42,892,33,53,13,58,2.63,1.14,3.10,95.50,189.06,21.78,87.15,3.45,13.58,11.00,1.70,7.63,1.53,4.22,0.59,3.68,0.52,18.85,1.5
63.76,12.63,6.01,0.09,1.67,3.67,3.32,2.2,1.64,0.62,644,25,12,117,33,25,17,12,80,329,52,1385,37,68,9,60,2.14,1.29,2.90,126.17,250.78,28.98,113.68,4.04,17.99,14.61,2.16,9.83,2.00,5.35,0.77,4.81,0.69,28.96,1.5
61.7,14.56,5.06,0.08,1.46,2.99,3.29,3.35,1.18,0.4,790,28,12,91,32,22,15,9,121,339,40,1149,32,49,6,51,2.53,1.25,2.65,124.08,250.95,27.26,105.34,3.73,15.64,12.71,1.82,7.96,1.57,4.33,0.61,3.72,0.53,25.54,1.5
62.2,15.01,5.48,0.08,1.77,1.98,2.12,3.1,0.95,0.12,512,24,10,55,15,31,23,7,157,212,38,619,30,61,16,61,2.66,1.60,1.92,99.57,200.12,22.55,84.78,2.63,13.34,10.58,1.49,7.07,1.39,3.67,0.55,3.37,0.48,17.10,1.5
61.14,13.01,6.96,0.09,4.03,2.34,1.05,2.58,0.9,0.13,293,23,12,91,18,22,41,15,147,78,39,304,19,109,31,53,3.19,1.74,3.00,59.46,106.47,12.43,46.13,1.45,8.11,7.54,1.21,6.67,1.48,4.02,0.63,3.95,0.55,9.68,1.5
58.92,10.07,6.97,0.1,5.51,5.01,0.9,1.41,1.29,0.13,238,16,10,104,16,24,44,13,76,85,32,290,17,117,55,65,1.72,1.47,2.60,53.25,96.69,11.18,42.47,1.45,7.56,6.85,1.05,5.48,1.14,3.14,0.48,2.98,0.43,9.48,4.8
63.38,15.52,5.16,0.05,1.84,2.08,1.74,3.27,0.81,0.12,340,18,11,95,30,30,27,8,167,112,36,237,17,88,15,71,2.75,1.63,4.03,79.07,156.81,16.96,63.93,2.25,10.93,9.31,1.45,7.01,1.46,3.83,0.57,3.63,0.50,6.43,1.5
69.91,13.37,3.83,0.04,1.13,1.09,1.05,2.91,1.08,0.09,355,22,9,91,72,12,19,10,135,100,48,308,21,63,14,58,2.25,1.52,3.98,171.73,339.59,35.60,138.28,4.05,23.47,19.28,2.54,9.77,1.80,4.80,0.65,4.16,0.57,7.33,1.5
65.64,11.88,4.43,0.05,1.45,4.98,0.86,2.23,0.8,0.09,358,18,11,79,29,20,33,11,120,87,31,394,15,85,22,50,1.80,1.20,2.56,69.74,131.69,14.84,56.05,2.03,9.70,8.53,1.25,5.44,1.07,2.81,0.42,2.72,0.39,8.97,1.5
68.97,10.99,4.25,0.06,1.55,3,1.38,2.2,0.89,0.1,353,14,9,84,41,21,25,7,101,105,30,454,16,81,21,57,1.95,1.31,2.20,119.96,227.31,24.32,92.38,3.12,15.71,13.23,1.83,7.18,1.29,3.40,0.48,3.31,0.49,24.47,1.5
62.95,14.09,6.17,0.1,2.88,2.01,1.36,2.92,1.02,0.15,388,20,12,102,17,19,30,16,141,141,35,446,21,95,20,64,2.98,1.31,2.29,45.91,95.27,10.66,41.25,1.76,7.32,6.68,1.13,6.03,1.29,3.56,0.57,3.78,0.53,11.90,1.5
59.56,13.54,6.4,0.1,2.15,4.7,3.46,1.7,1.53,0.84,467,23,13,121,26,25,23,12,71,322,45,878,34,84,8,67,3.03,1.24,2.83,82.84,162.77,19.23,76.53,3.37,12.62,11.27,1.76,8.49,1.74,4.56,0.67,4.36,0.61,20.97,1.5
55.83,12.71,7.92,0.1,2.81,6.01,1.76,1.6,1.66,0.81,604,17,16,150,19,12,37,21,68,340,41,544,28,107,19,70,2.04,1.17,2.25,77.57,157.70,18.00,72.20,3.26,12.24,10.82,1.69,8.24,1.72,4.64,0.67,4.22,0.59,13.95,1.5
59.87,13.78,6.49,0.09,1.81,4.34,3.05,2.51,1.5,0.79,625,27,14,116,48,22,17,11,104,397,53,1406,32,43,6,78,2.97,1.53,2.93,161.02,321.52,35.55,141.49,4.72,21.24,17.84,2.50,10.73,2.10,5.72,0.76,4.90,0.71,33.65,1.5
61.75,13.72,5.88,0.08,2.42,3.48,2.54,2.77,1.07,0.28,561,25,12,86,17,26,27,9,116,292,40,679,26,66,24,54,2.66,1.78,2.20,119.17,230.07,26.14,96.94,2.88,14.70,12.00,1.69,7.86,1.55,4.00,0.59,3.56,0.52,20.13,1.5
65.01,14.03,5.1,0.08,1.84,1.91,2.6,2.85,0.87,0.1,453,24,11,63,16,24,22,6,157,165,38,950,27,63,21,56,2.63,1.65,1.71,82.27,161.59,18.92,74.74,2.54,12.36,10.21,1.45,6.96,1.39,3.72,0.56,3.68,0.55,28.34,1.5
61.64,14.03,7.17,0.08,4.94,2.65,1.05,2.32,0.91,0.12,336,22,10,95,15,26,47,15,126,84,34,235,17,105,37,58,1.96,1.60,2.69,54.97,87.45,11.42,43.57,1.60,7.75,7.04,1.12,6.09,1.31,3.66,0.57,3.58,0.52,7.63,1.5
58.63,12.91,6.2,0.09,4.15,4.2,0.87,2.13,0.78,0.23,285,17,11,88,17,26,47,12,117,89,27,206,15,105,45,74,2.01,1.36,3.63,43.28,73.35,9.04,35.00,1.33,6.16,5.47,0.87,4.59,0.94,2.68,0.41,2.62,0.39,6.56,1.5
50.77,15.04,5.25,0.06,3.09,0.81,4.17,0.85,7.61,0.11,413,19,17,93,22,23,39,16,156,101,21,298,14,96,30,49,2.20,1.38,2.33,47.61,88.13,10.00,36.86,6.35,1.07,5.77,0.86,4.42,0.88,2.64,0.40,3.07,0.40,8.59,1.6
58.38,17.64,6.09,0.07,2.67,1.23,4.65,0.75,1.04,0.07,440,18,13,99,29,21,33,16,174,100,22,261,17,92,31,47,3.31,1.28,2.50,54.42,101.31,11.06,40.79,7.05,1.20,6.27,0.84,4.13,0.81,2.43,0.31,2.23,0.32,7.92,2.0
60.28,15.93,5.77,0.09,2.29,2.18,3.05,0.99,2.69,0.20,486,23,12,95,31,19,36,20,135,226,26,499,26,76,35,55,3.08,1.31,2.39,80.82,151.58,17.13,65.47,10.42,1.88,9.19,1.12,5.35,0.95,2.82,0.36,2.69,0.38,14.13,1.8
56.22,18.58,7.33,0.10,2.27,1.54,3.24,0.81,1.99,0.07,387,23,16,102,18,22,47,24,147,170,25,398,15,99,62,50,3.08,1.51,1.75,55.61,105.12,11.34,42.27,7.42,1.43,6.74,0.99,4.72,0.88,2.77,0.36,2.66,0.39,11.72,1.6
57.93,17.83,7.31,0.15,2.35,1.44,3.80,0.72,1.19,0.10,346,23,14,74,36,17,41,22,186,74,29,245,17,90,44,51,3.69,1.73,3.61,83.75,164.56,18.64,72.05,13.80,1.39,11.51,1.32,6.17,1.03,3.06,0.44,2.79,0.36,7.08,3.0
59.70,15.06,6.00,0.07,3.59,0.92,2.67,0.94,2.68,0.08,362,20,14,116,26,12,40,20,120,112,33,282,16,110,44,67,1.77,1.33,2.42,77.72,148.25,16.12,63.10,11.09,2.02,9.94,1.39,6.61,1.13,3.40,0.43,3.33,0.44,7.81,1.6
57.21,17.03,6.88,0.09,2.84,2.49,1.74,1.08,3.12,0.10,284,15,17,159,16,16,60,28,82,125,25,613,15,131,42,46,1.33,1.33,2.44,37.54,68.75,7.72,29.86,5.85,1.50,5.39,0.78,4.44,0.87,2.55,0.37,2.86,0.47,18.81,1.2
55.65,15.03,7.99,0.11,4.29,1.53,1.76,1.16,3.76,0.11,237,19,16,153,14,12,58,24,84,121,28,210,14,108,75,56,2.61,1.90,2.16,32.80,60.06,6.95,28.42,6.15,1.31,5.21,0.90,5.08,0.97,3.01,0.42,2.87,0.43,6.69,2.0
58.83,16.05,7.04,0.08,2.86,0.93,2.40,1.04,2.52,0.11,415,19,17,126,22,17,45,25,124,123,32,296,17,119,46,65,1.86,1.57,2.95,65.49,125.17,13.24,54.59,10.38,1.81,8.40,1.52,8.83,1.77,5.79,0.89,5.32,0.81,8.16,2.0
57.42,18.02,6.64,0.07,1.81,0.69,2.74,0.91,1.08,0.09,397,19,15,110,30,18,39,24,138,102,43,301,14,121,39,67,2.66,1.75,3.43,134.72,259.33,27.21,107.99,18.98,3.15,14.09,2.19,10.96,1.90,5.89,0.81,4.58,0.81,8.83,1.8
57.42,19.43,7.47,0.06,2.32,0.69,2.88,0.88,0.73,0.10,340,24,16,117,58,10,34,21,144,79,74,212,11,106,33,68,2.73,1.81,3.55,307.90,545.44,62.21,243.98,42.29,6.68,31.20,4.69,21.44,3.32,9.62,1.21,7.52,1.10,6.22,2.0
56.56,16.85,7.08,0.07,4.86,0.77,2.25,1.04,1.68,0.07,247,21,15,117,34,20,40,21,114,62,41,233,17,101,40,70,2.45,1.71,3.54,146.72,256.89,30.00,117.54,20.37,3.38,15.44,2.25,11.07,1.88,5.84,0.71,4.20,0.67,6.81,2.2
59.18,14.13,7.58,0.09,3.54,0.37,3.02,1.00,2.21,0.10,362,18,13,137,18,20,56,20,116,76,31,261,18,120,103,49,1.96,1.40,2.73,47.69,89.85,9.56,39.10,7.37,1.46,6.46,1.12,5.63,1.09,3.53,0.46,3.08,0.48,6.82,3.0
60.02,14.65,4.74,0.05,2.59,1.38,3.85,0.88,0.82,0.13,463,21,8,75,39,21,20,11,165,132,22,472,24,54,22,42,2.70,1.28,2.50,118.09,216.56,23.49,86.41,13.07,1.92,9.38,1.20,5.06,0.83,2.46,0.31,1.86,0.29,14.41,3.0
53.44,16.04,6.99,0.07,4.37,1.39,3.52,1.01,3.17,0.10,448,23,15,109,27,21,37,20,166,151,27,473,25,98,27,64,2.64,1.24,2.39,103.83,198.44,19.81,74.17,11.81,1.93,8.69,1.21,6.00,1.09,3.95,0.54,3.00,0.54,13.18,1.4
61.07,14.89,6.88,0.12,2.54,0.81,2.46,1.06,2.58,0.08,302,20,12,114,23,15,43,19,137,141,27,412,19,103,34,61,3.09,1.62,2.56,53.20,98.74,11.29,46.03,9.26,1.48,6.81,1.05,5.40,1.01,3.20,0.45,2.81,0.58,14.10,2.0
56.95,18.06,7.41,0.10,2.90,1.21,3.59,0.97,1.87,0.19,314,22,15,101,40,17,32,19,195,113,32,272,24,85,42,83,5.51,1.84,2.39,119.78,229.79,25.39,99.85,17.93,2.12,13.00,1.78,7.89,1.35,3.82,0.57,2.86,0.45,8.38,2.0
56.05,19.10,5.78,0.08,2.11,2.05,4.28,0.72,0.79,0.08,378,22,13,82,33,20,29,18,184,72,33,255,16,82,25,48,4.57,1.65,2.62,92.41,170.31,19.40,73.82,13.50,1.97,10.73,1.44,6.40,1.16,3.54,0.55,3.50,0.52,8.49,3.5
52.02,17.84,8.82,0.09,3.20,1.59,2.42,0.99,2.59,0.09,423,22,18,133,23,15,59,23,117,94,31,326,18,145,49,62,2.78,1.49,2.30,58.68,116.01,12.22,47.39,8.90,1.42,6.70,1.02,5.22,0.93,3.01,0.36,2.57,0.41,8.19,1.4
55.93,14.63,8.46,0.13,3.43,0.70,1.96,0.97,3.43,0.12,409,20,13,119,15,10,48,23,102,105,32,324,16,117,42,62,1.62,1.98,2.57,53.99,98.41,11.39,44.31,8.47,1.54,6.97,1.07,5.77,1.11,3.37,0.43,3.03,0.49,9.10,2.0
61.56,15.44,6.34,0.07,2.10,0.89,2.36,0.99,1.38,0.15,408,19,12,130,23,11,34,18,119,104,33,362,17,116,37,69,2.15,1.55,2.91,70.40,138.53,14.76,57.71,10.55,2.04,8.73,1.37,7.53,1.48,4.99,0.70,4.13,0.67,9.24,4.0
60.73,16.54,5.79,0.07,2.01,0.75,2.47,0.88,1.20,0.09,446,17,12,101,27,12,31,15,131,102,30,269,16,103,25,71,2.11,1.50,3.95,80.64,154.92,16.42,65.98,11.78,2.09,9.39,1.44,7.40,1.24,3.91,0.55,3.22,0.58,8.18,3.0
57.62,15.70,7.22,0.09,2.68,0.80,2.14,1.08,1.64,0.13,419,22,13,141,15,30,43,21,119,95,29,249,16,116,48,132,2.21,1.59,3.06,56.75,110.16,11.86,47.63,8.70,1.73,7.32,1.08,5.75,1.02,3.14,0.45,3.01,0.43,6.39,1.8
57.59,14.07,7.81,0.12,4.04,0.70,2.00,0.92,2.32,0.14,280,19,12,121,14,11,48,25,93,59,28,243,14,107,51,80,1.98,1.51,2.43,45.84,86.90,9.65,38.30,7.18,1.35,6.13,0.93,5.11,0.91,2.87,0.39,2.61,0.46,6.62,3.0
58.23,15.28,7.80,0.10,2.79,0.93,1.61,0.96,2.01,0.09,309,15,15,179,12,9,65,35,69,81,26,237,12,193,87,69,1.44,1.33,3.13,31.01,56.12,6.75,27.96,5.89,1.25,4.91,0.86,4.77,0.93,2.91,0.39,2.42,0.42,6.00,2.0
57.39,16.69,5.38,0.08,3.93,1.56,3.63,0.76,1.83,0.08,405,22,13,83,31,14,32,16,185,116,25,349,16,82,27,58,3.83,1.45,2.64,84.74,156.26,16.45,61.85,10.19,1.60,7.98,1.24,5.44,0.95,2.85,0.39,2.72,0.42,10.23,1.0
51.24,14.36,5.53,0.08,2.68,1.58,2.04,1.02,8.73,0.08,399,20,16,115,16,12,51,22,107,150,25,332,16,88,47,56,2.20,1.13,2.53,43.71,86.71,8.87,34.56,6.19,1.28,5.12,0.86,4.12,0.77,2.43,0.36,2.51,0.35,8.68,2.0
49.08,18.89,9.71,0.13,3.32,0.83,2.50,0.88,2.09,0.11,392,25,17,136,15,7,54,26,128,87,30,217,15,121,54,85,2.05,2.30,2.46,67.26,135.83,13.87,54.26,9.57,1.84,8.64,1.44,8.12,1.46,4.49,0.67,4.16,0.64,6.78,1.0
47.69,15.44,7.68,0.11,4.42,1.19,1.87,1.09,6.46,0.11,332,19,16,130,18,5,59,29,90,73,29,288,13,128,64,40,1.99,1.48,2.50,50.84,98.22,10.80,43.76,8.02,1.64,7.34,1.13,5.92,1.05,2.96,0.42,2.62,0.38,8.39,4.0
58.01,14.29,5.41,0.08,2.90,0.87,1.85,0.92,3.73,0.12,351,20,14,104,21,9,38,17,107,96,28,306,14,104,32,48,1.83,1.44,3.39,50.22,100.92,10.73,41.79,7.41,1.41,6.54,1.05,5.53,0.96,2.91,0.44,2.79,0.40,8.92,1.0
55.89,18.69,6.27,0.07,2.07,0.77,2.35,0.83,1.87,0.09,399,21,17,111,24,5,35,16,148,91,30,259,17,106,15,46,2.76,1.61,2.97,77.41,147.99,15.94,60.79,10.29,1.95,8.95,1.36,6.65,1.15,3.59,0.50,3.01,0.47,7.12,3.0
59.05,16.22,5.86,0.07,2.56,0.77,2.82,0.88,2.07,0.09,429,20,16,109,22,13,39,23,124,82,32,227,14,112,38,60,2.11,1.50,3.19,74.90,140.39,15.35,60.03,10.16,1.95,8.84,1.35,6.90,1.17,3.62,0.54,3.31,0.47,5.99,1.0
53.91,15.20,10.98,0.12,3.60,1.06,1.21,1.39,1.92,0.09,267,19,18,222,11,9,75,37,60,60,25,201,12,148,108,74,1.01,1.27,3.51,21.44,41.13,5.12,21.74,4.63,1.25,4.41,0.84,4.86,0.95,2.87,0.46,2.85,0.41,5.30,2.0
57.83,11.10,9.70,0.14,4.26,1.74,1.35,1.48,3.03,0.17,497,19,13,218,9,72,98,33,59,112,24,168,13,240,91,264,0.95,1.44,3.14,22.67,46.40,5.51,23.46,4.91,1.43,4.87,0.82,4.72,0.87,2.49,0.38,2.42,0.33,5.00,2.0
61.91,16.76,6.05,0.07,2.61,2.77,2.01,1.06,1.81,0.08,297,19,13,135,23,14,43,24,97,141,23,304,20,112,90,48,2.53,1.37,2.74,41.19,75.83,8.61,33.92,6.24,1.46,5.48,0.82,4.41,0.79,2.36,0.36,2.17,0.32,9.04,5.0
56.78,16.69,6.40,0.15,2.47,1.51,2.87,0.83,2.88,0.09,415,21,14,88,28,15,32,20,148,107,29,332,18,85,29,55,4.44,1.67,2.55,92.27,178.22,19.04,73.49,13.19,2.00,10.75,1.60,8.20,1.40,3.96,0.57,3.56,0.49,9.90,2.0
55.50,13.23,7.22,0.21,3.14,0.98,2.08,0.76,6.63,0.16,375,25,14,86,18,6,32,19,117,92,29,241,17,64,57,78,4.74,1.86,2.36,51.21,96.96,10.61,42.22,7.47,1.42,6.67,1.02,5.40,0.93,2.81,0.42,2.70,0.36,6.04,1.0
54.30,16.70,8.95,0.14,3.37,1.40,2.05,0.95,3.01,0.16,269,24,15,140,18,8,72,31,104,85,27,201,16,151,48,128,2.22,1.71,3.28,55.03,102.72,11.36,43.94,7.79,1.53,6.86,1.10,5.60,0.97,2.85,0.41,2.64,0.38,5.42,2.0
57.04,13.52,6.76,0.09,3.51,1.38,2.06,1.12,3.43,0.14,276,25,14,160,25,7,55,26,103,92,33,300,18,141,69,71,2.44,1.49,3.62,54.84,104.52,11.34,44.65,7.85,1.40,7.00,1.11,6.05,1.14,3.27,0.52,3.35,0.47,7.68,2.0
52.79,15.81,8.36,0.12,4.53,0.83,2.20,0.99,2.60,0.15,348,22,15,147,14,9,79,26,107,72,30,246,15,152,63,53,2.18,1.54,2.49,52.08,101.01,10.73,42.88,7.77,1.67,6.96,1.08,5.98,1.11,3.17,0.48,3.05,0.43,6.47,2.0
63.13,15.45,5.15,0.07,1.92,1.03,2.25,0.90,1.42,0.11,400,19,14,89,22,6,31,16,111,114,28,330,18,96,23,59,2.06,1.54,2.85,58.43,114.97,12.21,48.03,8.28,1.61,7.00,1.05,5.75,0.96,2.83,0.44,2.86,0.41,8.60,2.0
68.91,14.10,4.46,0.06,1.63,1.08,2.01,0.91,1.12,0.09,341,19,10,80,23,6,23,13,86,100,26,292,19,83,54,52,1.72,1.44,3.92,71.29,135.81,14.31,54.66,9.65,1.61,7.51,1.16,5.45,0.90,2.77,0.40,2.46,0.37,7.75,2.0
64.45,15.13,5.07,0.08,1.77,1.10,2.38,0.99,1.97,0.07,354,18,12,87,22,13,28,20,104,111,29,263,18,91,21,40,1.53,1.46,3.72,55.56,106.01,11.28,44.66,8.39,1.67,6.76,1.16,5.85,1.05,3.30,0.49,2.97,0.44,6.65,5.0
59.42,15.01,7.62,0.09,3.38,0.87,2.50,1.10,1.60,0.11,346,20,14,142,19,6,61,25,104,66,28,230,13,161,68,44,1.63,1.53,3.76,74.97,141.97,15.20,58.61,10.62,1.89,8.43,1.35,6.25,1.06,3.28,0.47,2.94,0.42,6.77,2.0
57.55,14.21,9.61,0.14,3.26,1.11,1.26,1.23,1.96,0.10,419,21,14,195,13,41,70,33,65,98,29,254,14,147,104,128,1.24,1.41,2.52,35.07,68.95,7.79,31.94,6.42,1.45,5.58,0.98,5.33,0.98,3.08,0.47,2.84,0.43,6.81,2.0
61.68,13.55,8.21,0.14,3.43,1.64,1.62,1.12,1.31,0.09,957,19,12,136,13,292,48,22,69,101,25,294,15,103,67,639,1.45,1.45,3.27,37.27,70.39,7.81,30.80,5.86,1.39,5.19,0.90,4.94,0.94,2.88,0.43,2.71,0.43,9.20,2.0
56.88,16.35,7.81,0.10,2.94,1.53,2.71,1.60,2.21,0.17,396,25,14,182,30,8,41,28,139,176,35,438,24,118,46,77,3.21,1.62,3.34,119.30,223.86,24.66,93.70,17.39,2.55,14.09,2.16,10.46,1.79,5.73,0.81,4.70,0.71,14.04,1.0
58.08,17.04,6.62,0.13,2.08,1.85,2.83,1.02,2.28,0.10,349,26,13,133,21,17,30,19,169,94,24,208,19,70,34,63,5.63,1.74,2.76,47.91,92.22,10.11,38.94,7.50,1.16,6.16,1.00,4.94,0.84,2.60,0.42,2.50,0.34,6.34,2.0
54.26,15.30,8.41,0.13,4.02,1.29,1.70,1.18,3.01,0.13,342,19,15,160,19,9,52,22,95,101,29,326,16,113,51,56,2.13,1.41,3.35,41.70,80.51,8.48,34.38,6.81,1.43,6.14,1.14,6.47,1.12,3.65,0.57,3.54,0.51,9.54,1.0
56.67,15.17,8.01,0.11,3.00,1.05,1.66,1.19,2.94,0.09,279,22,15,172,18,9,65,29,93,92,31,342,17,142,78,43,1.79,1.40,3.58,44.75,86.97,9.31,36.52,7.25,1.56,6.29,1.12,6.15,1.13,3.60,0.55,3.32,0.52,9.86,2.0
53.08,15.68,9.35,0.15,3.68,1.31,1.39,1.12,2.39,0.08,295,21,21,177,14,6,83,35,83,72,35,215,14,168,185,37,2.00,1.85,4.56,47.49,89.80,9.94,40.41,7.38,1.75,6.95,1.20,6.44,1.17,3.61,0.51,3.37,0.51,6.37,81.0
58.37,15.22,6.79,0.09,3.16,1.03,2.64,0.90,1.79,0.14,306,16,13,105,22,6,40,21,127,69,29,223,14,111,41,56,2.02,1.73,4.23,79.96,144.50,15.77,60.62,10.60,2.15,8.89,1.45,6.91,1.20,3.73,0.53,3.21,0.52,6.45,14.0
68.08,15.38,4.69,0.06,1.40,1.18,2.00,0.90,0.54,0.07,388,19,11,92,21,2,24,13,109,75,23,231,18,74,38,61,1.65,1.57,3.24,55.02,108.62,10.86,42.11,7.11,1.45,5.95,0.96,4.77,0.79,2.42,0.35,2.37,0.38,6.35,4.0
67.37,15.26,5.03,0.07,1.40,1.00,2.05,1.05,0.54,0.05,284,17,11,96,17,6,27,14,101,63,20,221,24,79,39,45,1.67,1.54,2.52,38.27,72.29,7.70,29.86,5.27,1.04,4.36,0.75,3.74,0.71,2.23,0.32,2.14,0.33,6.07,1.0
56.73,15.19,9.47,0.17,2.92,1.10,0.97,1.05,2.01,0.08,305,12,17,190,10,18,66,42,53,118,30,238,11,149,112,74,1.26,1.44,3.37,44.21,86.58,9.67,40.91,7.54,1.80,6.67,1.21,6.47,1.18,3.52,0.49,3.15,0.48,6.20,2.0
50.94,13.35,13.38,0.15,4.38,1.48,0.99,1.35,2.91,0.15,282,16,14,191,7,27,157,44,65,114,25,200,14,337,128,138,1.60,1.25,3.15,31.76,57.52,7.05,29.47,5.81,1.66,5.30,1.01,5.18,0.96,2.95,0.41,2.77,0.40,5.54,2.0
58.60,17.54,6.89,0.10,2.36,1.31,3.09,1.00,1.18,0.06,392,25,13,119,29,12,39,18,193,95,35,380,19,88,44,49,4.78,1.70,3.35,83.08,156.59,16.73,64.36,11.45,1.68,9.66,1.42,6.41,1.09,3.30,0.47,3.09,0.48,10.76,2.0
64.44,15.66,4.98,0.13,1.71,1.94,2.89,0.68,1.01,0.14,295,23,11,77,30,15,20,14,172,71,32,353,16,65,21,46,2.98,1.87,3.47,76.12,146.50,15.43,60.36,10.97,1.38,9.55,1.46,7.06,1.19,3.67,0.55,3.38,0.48,10.54,1.0
65.65,14.24,5.12,0.09,2.17,2.08,1.96,0.97,1.99,0.13,241,21,11,121,21,9,32,15,114,100,26,274,16,93,34,55,2.72,1.54,3.25,38.58,75.69,8.02,31.50,6.21,1.05,5.49,1.00,5.34,0.98,3.09,0.46,2.88,0.42,7.42,1.0
56.78,14.66,7.28,0.13,5.04,0.98,1.89,0.96,2.68,0.16,349,20,11,129,19,13,41,17,106,108,34,309,15,113,45,83,1.96,1.49,3.66,61.10,119.29,12.54,51.05,9.16,1.84,7.75,1.30,6.50,1.13,3.53,0.49,3.06,0.44,8.34,3.0
54.33,14.89,8.15,0.11,4.46,1.96,1.04,1.24,4.15,0.10,252,21,18,196,13,7,55,27,62,101,27,226,13,146,63,51,1.29,1.40,3.52,32.35,61.39,7.04,28.67,5.66,1.37,5.32,0.95,5.25,0.99,2.97,0.45,2.84,0.45,6.24,2.0
54.74,13.89,7.75,0.16,4.87,1.00,2.11,0.91,3.82,0.17,313,17,13,100,16,13,63,39,94,61,37,226,12,126,201,44,2.00,1.45,1.62,46.80,80.86,9.88,39.40,7.47,1.49,6.74,1.21,6.64,1.25,3.57,0.52,3.20,0.45,5.40,232.0
60.55,17.82,6.83,0.07,1.52,1.14,2.98,0.94,0.76,0.07,443,22,14,98,22,6,39,23,134,72,34,244,14,111,24,46,2.53,1.78,1.47,62.41,96.83,12.61,48.38,8.34,1.59,6.86,1.06,5.50,0.96,3.04,0.46,2.88,0.42,5.90,3.0
70.68,12.39,5.02,0.07,1.30,0.80,1.87,1.34,0.57,0.05,388,14,9,82,15,7,31,22,86,59,26,231,24,76,58,57,1.60,1.48,<1,43.90,76.80,9.05,34.62,5.98,1.06,4.90,0.81,4.01,0.75,2.24,0.36,2.23,0.34,4.97,2.0
58.07,16.08,9.24,0.11,2.24,1.13,2.67,1.30,0.97,0.09,412,23,14,147,9,9,58,35,98,58,29,206,13,148,67,82,1.71,1.54,1.08,34.73,69.08,7.23,28.46,5.49,1.21,5.06,0.89,5.00,1.01,2.89,0.44,2.54,0.40,6.02,2.0
60.35,14.93,9.40,0.15,2.04,1.12,1.05,1.26,1.94,0.14,246,14,14,191,12,11,71,41,47,80,32,291,10,155,83,54,1.44,1.41,<1,38.85,73.79,8.73,36.25,6.76,1.45,6.56,1.15,5.69,1.09,3.08,0.46,2.85,0.42,7.41,2.0
66.73,12.12,6.21,0.11,1.94,1.34,1.81,1.07,1.46,0.14,421,14,9,122,14,12,42,33,64,90,29,400,12,109,62,61,1.04,1.08,<1,46.98,90.49,9.68,38.50,6.92,1.25,5.94,1.01,5.36,1.00,2.96,0.40,2.69,0.46,11.13,5.0
62.98,15.22,5.85,0.09,2.04,2.27,2.62,1.20,1.63,0.12,619,17,11,91,28,20,24,23,99,208,56,1422,40,55,31,55,2.02,1.13,1.33,175.95,295.70,33.07,121.11,16.40,2.90,13.76,1.97,9.42,1.86,5.13,0.81,5.06,0.77,36.92,2.0
63.66,14.69,5.28,0.09,2.12,2.28,3.43,1.36,1.71,0.35,825,21,9,93,46,22,18,18,123,335,47,1782,38,47,19,56,2.52,1.19,1.18,170.78,264.76,29.65,107.95,15.69,2.99,12.63,1.79,8.51,1.53,4.65,0.76,5.32,0.88,49.96,2.0
62.66,16.45,4.76,0.15,1.48,2.12,3.40,0.67,1.55,0.09,349,23,9,52,28,29,29,31,230,89,36,298,24,53,25,59,4.50,2.61,6.08,64.93,124.83,13.78,52.03,9.53,1.28,7.80,1.30,6.92,1.32,4.13,0.64,3.98,0.59,10.11,3.0
63.21,16.49,5.20,0.08,1.93,1.45,3.67,0.87,1.33,0.08,342,22,11,85,26,29,37,28,183,100,35,552,19,84,34,69,3.72,1.67,1.19,87.59,159.56,17.92,69.23,12.68,1.73,10.15,1.61,7.80,1.38,4.15,0.56,3.95,0.62,15.74,2.0
59.04,15.47,7.74,0.10,3.21,1.14,2.04,1.14,2.56,0.11,286,25,13,128,22,19,58,32,105,102,31,362,20,127,55,67,1.91,1.66,1.04,51.52,87.34,10.23,39.36,6.98,1.41,6.49,1.06,5.75,1.10,3.42,0.52,3.26,0.55,10.57,1.0
61.08,13.70,6.50,0.08,3.85,1.35,1.90,1.03,3.24,0.08,376,24,12,136,20,20,56,31,113,130,33,359,17,113,53,69,2.46,1.61,1.14,46.22,81.18,9.49,37.62,7.11,1.48,6.08,1.09,5.64,1.01,3.14,0.42,3.00,0.48,10.23,1.0
58.50,13.97,7.87,0.16,4.71,0.93,1.87,1.15,2.29,0.18,401,15,12,129,25,16,56,30,97,79,44,342,14,141,55,67,2.05,1.36,1.13,57.58,100.91,12.24,49.13,9.11,1.79,7.70,1.29,6.53,1.23,3.43,0.53,3.16,0.44,8.03,2.0
50.48,15.52,6.86,0.08,3.39,0.96,2.40,0.95,5.79,0.12,430,20,15,98,18,9,46,24,108,68,36,195,12,101,28,63,2.07,1.44,1.01,54.56,93.36,11.07,43.62,7.89,1.49,6.70,1.11,6.04,1.15,3.35,0.51,3.01,0.43,4.68,5.0
55.32,18.53,6.70,0.10,1.93,1.24,2.82,0.96,2.33,0.10,467,18,13,107,22,13,44,29,128,80,32,208,15,102,20,57,2.20,1.66,1.87,66.70,103.38,13.33,51.22,8.89,1.77,7.51,1.25,6.05,1.10,3.13,0.48,3.04,0.44,5.42,2.0
63.04,14.37,6.27,0.11,2.65,0.70,2.59,0.94,1.03,0.07,334,20,11,114,18,17,54,24,116,66,37,298,14,128,51,69,2.23,1.63,1.40,65.04,107.46,13.61,52.14,9.24,1.69,7.82,1.33,6.70,1.25,3.68,0.57,3.62,0.51,7.36,4.0
58.28,15.07,9.55,0.10,2.60,0.73,2.97,1.38,0.73,0.08,342,17,15,163,11,10,77,40,99,42,30,219,13,193,75,79,1.60,1.64,<1,38.44,64.03,8.35,33.53,6.55,1.53,6.00,1.08,5.80,1.11,3.25,0.50,3.25,0.45,5.41,2.0
58.51,14.05,9.53,0.18,2.69,0.55,2.07,1.04,1.54,0.12,422,15,12,138,11,47,66,31,87,61,35,306,13,142,74,130,1.80,1.50,2.17,41.16,73.54,9.13,36.01,6.69,1.46,6.26,1.09,5.81,1.09,3.21,0.51,3.17,0.48,7.19,5.0
62.16,15.59,7.18,0.10,1.66,2.45,1.91,0.96,2.12,0.08,504,25,12,132,15,14,30,28,70,170,30,325,12,65,47,60,1.53,1.21,<1,47.57,83.03,9.38,35.36,6.24,1.40,5.54,0.95,4.97,0.95,2.76,0.45,2.96,0.45,8.03,2.0
61.47,15.23,7.00,0.11,1.96,2.46,2.71,1.32,2.53,0.17,760,28,11,137,26,26,33,25,119,307,40,780,28,58,34,76,2.39,1.44,2.09,109.61,197.45,21.75,84.01,13.52,2.69,10.63,1.62,7.84,1.38,4.30,0.62,4.05,0.63,21.45,4.0
61.02,17.39,5.78,0.09,1.95,3.39,2.97,0.59,1.49,0.08,469,32,9,73,18,35,30,22,125,174,31,232,20,50,37,73,2.36,1.04,<1,40.07,80.46,7.96,31.30,5.90,1.32,5.56,0.94,5.17,0.97,2.89,0.49,3.13,0.45,6.73,1.0
61.51,17.32,6.60,0.07,2.34,1.80,2.95,0.88,1.75,0.07,364,29,13,102,31,19,45,27,188,102,31,360,20,107,40,89,3.33,1.74,2.67,81.81,153.07,16.78,65.95,11.89,1.70,9.14,1.35,6.31,1.00,2.92,0.43,2.59,0.41,10.84,1.0
60.01,15.95,5.43,0.09,2.94,1.62,3.39,0.79,2.58,0.19,339,23,12,84,32,26,35,23,211,89,30,311,21,88,34,71,3.84,1.54,2.16,63.62,117.51,13.07,51.11,9.64,1.43,8.27,1.37,7.43,1.31,4.16,0.67,3.91,0.60,9.21,2.0
61.81,14.36,6.59,0.06,2.90,1.56,2.28,0.94,2.69,0.07,324,23,12,150,18,17,56,33,123,137,28,302,19,143,64,40,2.17,1.57,1.09,39.65,68.66,7.53,29.75,5.49,1.19,4.83,0.85,4.21,0.81,2.48,0.41,2.60,0.38,8.48,2.0
55.07,14.24,9.32,0.19,6.46,0.86,1.50,1.23,2.94,0.18,222,24,14,156,16,25,63,34,84,80,40,264,16,131,51,64,1.89,1.35,1.72,46.29,82.43,9.63,39.62,7.94,1.73,6.92,1.18,6.34,1.18,3.53,0.59,3.21,0.52,8.08,2.0
58.13,16.93,9.15,0.11,2.03,1.15,1.81,1.76,2.59,0.13,426,28,14,216,13,20,52,35,91,153,30,231,19,106,64,90,1.69,1.39,1.01,37.55,64.98,8.06,32.81,6.46,1.60,5.85,1.03,5.70,1.06,3.24,0.51,3.04,0.44,6.91,2.0
62.05,18.26,7.27,0.07,1.74,1.33,2.62,1.23,1.17,0.09,383,29,15,143,18,18,48,26,134,97,34,248,23,110,48,88,2.80,1.63,1.86,66.11,96.82,12.99,50.98,9.31,1.78,7.41,1.21,6.03,1.08,3.17,0.50,2.99,0.49,6.81,3.0
60.61,14.75,9.01,0.15,2.60,0.89,2.36,1.23,0.96,0.09,411,16,13,141,16,15,88,32,94,57,34,240,13,191,94,61,1.87,1.54,1.12,50.43,81.62,10.85,44.17,8.18,1.68,7.04,1.22,6.71,1.16,3.60,0.51,3.39,0.49,7.66,2.0
55.84,15.79,10.39,0.19,2.83,0.62,2.34,1.32,1.72,0.13,406,23,14,158,10,21,89,42,85,51,39,272,14,163,99,105,1.99,1.42,1.41,45.17,80.28,9.87,41.06,8.21,1.76,7.33,1.30,7.27,1.33,4.15,0.60,3.91,0.59,8.87,5.0
64.65,13.71,7.52,0.19,2.25,0.51,2.53,1.06,1.06,0.11,358,21,11,127,12,21,58,29,103,64,35,332,14,131,62,76,2.01,1.61,1.40,53.38,93.43,11.24,45.75,8.52,1.68,7.38,1.24,6.89,1.26,4.00,0.56,3.63,0.56,9.94,4.0
60.57,14.93,7.78,0.11,2.17,1.30,1.80,1.11,2.39,0.12,466,23,14,149,14,25,46,31,77,157,33,262,14,104,56,91,1.69,1.45,<1,51.49,88.73,10.69,42.98,7.33,1.72,6.55,1.13,6.00,1.08,3.35,0.50,3.17,0.48,7.75,6.0
60.21,14.85,6.99,0.09,2.58,2.10,2.66,1.41,2.48,0.19,948,23,12,119,23,19,28,25,106,380,40,750,24,92,22,60,2.09,1.50,1.21,154.05,254.12,29.44,110.00,16.03,3.30,13.33,1.86,8.66,1.46,4.69,0.64,4.36,0.65,20.99,1.0
62.96,15.63,6.72,0.09,1.42,2.30,2.09,0.99,1.85,0.07,535,29,11,118,23,20,28,21,81,195,39,652,24,60,49,47,1.84,1.21,1.00,92.67,169.32,17.21,64.69,10.80,1.96,9.06,1.43,7.15,1.35,4.18,0.64,3.86,0.61,16.91,3.0
60.31,14.63,7.88,0.11,2.58,2.29,1.73,1.02,2.82,0.18,419,31,12,137,21,21,42,31,70,242,29,431,15,80,57,75,1.69,1.26,<1,41.70,78.10,8.59,35.10,6.59,1.58,5.77,0.96,4.92,0.94,2.68,0.45,2.62,0.42,13.03,2.0
56.54,18.00,7.22,0.08,2.83,1.73,2.98,1.30,2.01,0.07,313,25,14,131,29,17,54,37,136,99,30,356,22,113,54,40,2.38,1.45,<1,97.66,175.26,20.42,77.24,12.93,2.19,10.87,1.64,8.34,1.39,4.04,0.58,3.77,0.55,11.12,3.0
53.54,17.65,8.39,0.08,4.13,1.23,1.90,1.00,3.15,0.07,237,25,17,133,14,11,74,38,93,112,35,268,19,156,85,43,2.14,1.56,1.24,61.11,110.75,12.79,49.25,8.28,1.64,7.24,1.16,6.37,1.07,3.56,0.50,3.20,0.51,7.25,4.0
54.17,14.89,8.87,0.10,5.32,1.16,2.33,1.13,3.96,0.31,402,24,15,136,19,20,88,35,115,109,36,218,15,200,70,84,2.21,1.60,1.76,66.38,120.10,14.99,60.22,10.55,2.42,8.64,1.37,7.46,1.33,4.07,0.59,3.62,0.53,6.16,5.0
60.80,18.33,6.99,0.07,2.25,1.12,3.04,0.92,1.05,0.09,496,24,14,104,21,27,43,23,160,106,31,219,18,109,51,93,2.56,1.72,2.14,67.25,112.78,13.80,53.86,9.05,1.87,7.40,1.23,6.50,1.05,3.41,0.49,3.22,0.48,6.37,4.0
58.08,16.90,7.07,0.15,3.93,0.86,2.40,0.93,2.22,0.15,381,25,13,105,21,31,48,22,120,83,35,262,19,111,57,75,2.05,1.54,1.51,52.31,81.69,11.16,43.34,7.82,1.65,6.57,1.10,5.89,1.07,3.44,0.50,3.00,0.47,7.18,5.0
61.74,16.05,8.33,0.11,2.33,1.10,1.60,1.62,1.95,0.08,318,20,14,203,15,20,47,31,78,100,25,249,23,106,54,57,1.58,1.47,1.02,40.39,69.01,8.79,34.34,6.45,1.46,5.71,0.92,5.01,0.93,2.96,0.41,2.61,0.40,7.75,2.0
56.29,14.22,8.93,0.14,3.48,0.89,1.32,1.53,3.83,0.15,357,22,14,180,19,26,65,34,72,105,33,307,18,131,68,66,1.35,1.40,1.02,42.01,77.49,9.47,37.15,6.84,1.51,6.08,1.01,5.74,1.00,3.02,0.44,2.80,0.42,8.69,3.0
50.50,13.70,10.69,0.14,2.67,1.10,0.91,1.87,6.08,0.14,305,21,18,231,9,25,64,40,46,158,37,228,15,102,117,95,1.06,1.39,<1,29.41,56.71,7.10,30.01,6.21,1.76,5.89,1.07,6.38,1.13,3.61,0.50,3.07,0.47,6.81,3.0
56.67,13.43,9.67,0.14,3.69,1.26,1.53,1.94,3.66,0.24,576,25,15,227,16,24,60,31,76,285,32,379,20,270,62,84,1.65,1.46,<1,73.42,130.79,15.28,58.32,9.97,2.09,8.08,1.27,5.89,1.09,3.35,0.43,3.06,0.47,10.09,2.0
61.78,16.15,6.43,0.08,1.65,2.80,2.53,1.04,2.29,0.16,801,25,12,122,23,27,26,20,102,316,32,626,22,43,41,60,1.87,1.30,1.06,73.68,136.60,14.45,53.76,9.12,1.88,7.01,1.17,5.74,1.07,3.47,0.48,3.38,0.52,16.98,1.0
65.40,14.83,4.77,0.07,1.15,2.42,1.83,0.75,2.02,0.07,426,19,10,80,12,13,24,28,62,193,33,321,12,59,24,42,1.73,1.22,<1,42.65,72.33,8.52,32.14,5.88,1.27,5.26,0.97,5.48,1.09,3.32,0.55,3.54,0.54,9.40,1.0
64.79,12.19,7.75,0.09,2.59,1.91,0.80,1.29,2.07,0.39,253,20,10,152,14,8,38,30,30,99,20,217,9,84,68,82,1.15,0.95,<1,24.18,45.27,5.28,21.00,4.15,0.99,3.63,0.64,3.57,0.69,2.03,0.31,2.03,0.31,6.36,2.0
58.17,14.76,8.19,0.08,3.18,1.19,2.27,0.91,2.99,0.09,391,24,13,149,11,7,66,35,114,121,26,250,11,154,96,41,2.31,1.55,1.06,42.34,72.37,8.32,32.09,5.97,1.27,5.08,0.86,4.87,0.90,2.65,0.40,2.71,0.40,6.69,2.0
54.79,14.86,9.72,0.13,4.48,1.05,1.52,1.70,3.44,0.10,262,21,16,165,14,7,61,37,68,72,33,226,14,119,97,61,1.86,1.45,2.09,38.85,70.55,8.49,35.16,6.85,1.57,6.23,1.18,6.56,1.25,3.60,0.55,3.47,0.51,6.89,4.0
56.39,17.23,7.90,0.08,2.60,1.19,2.41,1.34,2.03,0.25,434,24,12,121,19,14,38,31,106,152,39,265,18,121,36,89,2.85,1.90,2.07,80.22,140.72,16.87,66.63,11.47,2.24,9.30,1.54,8.04,1.44,4.35,0.66,4.13,0.59,7.78,1.0
56.46,17.15,7.32,0.11,2.88,1.11,2.66,1.12,1.34,0.11,457,24,13,108,17,14,43,29,115,88,35,236,16,119,36,94,2.94,1.70,1.40,52.82,91.32,10.82,41.57,7.43,1.47,6.47,1.17,6.69,1.27,3.95,0.58,3.84,0.58,6.47,2.0
58.37,16.65,5.51,0.08,2.44,1.25,2.50,0.92,2.66,0.11,404,17,14,96,17,17,40,17,116,84,25,189,13,100,46,62,2.07,1.50,1.45,42.19,72.89,8.43,32.93,6.00,1.18,5.00,0.84,4.38,0.78,2.50,0.37,2.39,0.35,5.38,2.0
64.49,16.05,5.81,0.09,1.45,1.40,2.32,1.21,0.83,0.06,358,18,11,103,20,15,41,29,115,75,30,260,19,106,28,50,2.00,1.54,1.46,51.20,84.42,10.39,39.93,6.81,1.35,5.97,1.02,5.03,0.97,2.81,0.45,2.79,0.40,6.43,4.0
64.02,13.50,7.13,0.20,2.78,1.13,1.37,1.16,1.29,0.07,313,15,10,129,16,21,61,30,76,69,34,383,15,138,51,67,1.66,1.38,1.02,47.33,87.99,10.13,39.70,7.33,1.37,6.50,1.11,5.93,1.06,3.22,0.51,3.17,0.47,10.53,4.0
54.54,13.83,10.89,0.13,3.58,1.06,1.25,1.19,3.48,0.12,852,20,15,167,7,11,212,52,48,180,31,199,8,305,190,73,1.05,1.39,<1,40.31,74.98,9.12,38.30,7.35,1.96,6.52,1.11,6.10,1.09,3.19,0.47,2.98,0.41,5.10,4.0
65.53,14.25,8.00,0.09,3.45,1.16,1.82,1.05,2.86,0.24,380,20,14,139,12,73,73,41,76,205,28,306,11,255,53,223,1.54,1.68,<1,57.85,110.71,12.87,52.14,8.84,1.87,7.10,1.12,5.62,1.03,3.06,0.47,3.00,0.44,9.11,2.0
59.58,15.49,6.23,0.10,1.81,2.14,2.01,1.12,3.18,0.23,632,23,14,126,12,18,28,25,78,394,28,304,14,74,37,59,1.69,1.33,<1,73.85,130.28,14.83,57.78,9.44,2.00,7.44,1.11,5.44,0.98,3.12,0.43,2.87,0.45,8.95,1.0
63.54,13.67,6.59,0.10,1.39,2.12,1.75,1.54,3.10,0.19,517,19,12,177,14,14,29,29,55,216,29,290,14,71,51,61,1.21,1.18,<1,36.25,64.15,7.52,30.50,5.59,1.47,5.33,0.91,5.24,0.98,2.99,0.49,3.17,0.45,8.63,2.0
62.67,13.82,6.78,0.10,1.56,2.03,1.20,1.30,3.11,0.10,353,20,12,156,11,13,39,32,49,187,28,342,11,82,56,58,1.27,1.20,<1,34.44,62.48,7.27,30.38,5.78,1.47,5.37,0.89,5.09,0.95,2.68,0.45,2.86,0.42,11.03,2.0
62.55,14.52,6.87,0.09,1.54,2.24,1.27,1.37,2.57,0.09,315,15,13,169,12,14,33,28,45,181,29,307,10,79,58,48,1.35,1.20,<1,36.77,65.37,7.76,31.53,5.97,1.42,5.49,0.91,5.32,0.97,2.85,0.44,2.85,0.44,9.08,1.0
51.65,15.82,12.70,0.13,3.09,1.26,1.20,1.64,3.52,0.09,250,22,19,188,9,7,73,41,40,74,32,204,17,151,132,49,2.09,1.72,1.99,58.83,94.18,10.69,41.52,7.82,1.52,6.82,1.21,6.57,1.18,3.56,0.54,3.47,0.49,6.24,6.0
58.29,14.09,7.05,0.16,6.65,0.79,1.83,0.96,1.95,0.13,254,24,12,102,18,20,51,31,100,74,37,286,14,122,38,93,2.94,1.70,2.84,51.02,86.92,10.63,41.98,7.75,1.48,6.38,1.13,5.90,1.07,3.21,0.47,3.08,0.46,7.55,2.0
62.44,16.29,7.26,0.13,1.58,1.16,2.59,1.02,1.27,0.07,397,17,14,97,15,21,41,35,97,79,27,246,15,123,52,84,2.21,1.76,1.12,51.49,92.13,10.31,39.93,7.14,1.30,5.76,0.93,4.78,0.87,2.70,0.40,2.66,0.39,6.89,1.0
63.33,13.04,6.00,0.13,3.23,0.74,2.14,1.00,1.69,0.12,443,16,10,93,17,19,44,27,100,73,29,271,15,112,31,57,2.09,1.42,1.16,43.40,73.63,8.99,35.70,6.64,1.25,5.42,0.90,4.80,0.89,2.69,0.39,2.62,0.39,7.12,1.0
58.41,16.98,6.34,0.09,2.36,1.29,2.44,1.04,0.96,0.08,397,20,12,99,17,14,47,19,122,86,34,239,14,115,42,67,2.48,1.54,1.67,63.27,90.40,12.70,49.67,8.94,1.70,7.20,1.21,6.19,1.11,3.44,0.50,3.23,0.47,7.21,2.0
63.13,13.21,7.12,0.11,2.45,1.01,1.34,1.18,2.03,0.08,300,12,11,137,15,10,68,39,55,60,29,315,12,137,56,50,1.49,1.19,1.16,42.15,79.41,9.06,36.49,6.50,1.28,5.82,1.02,5.48,1.03,2.98,0.48,2.99,0.42,8.75,2.0
68.29,12.12,6.02,0.10,2.13,0.72,1.52,1.05,1.32,0.07,281,13,10,118,21,15,57,36,67,70,33,425,12,135,45,83,1.37,1.30,<1,52.10,97.24,11.24,44.58,8.02,1.45,6.85,1.12,6.00,1.11,3.28,0.52,3.27,0.48,12.27,2.0
63.93,12.35,8.19,0.13,2.92,1.32,1.52,1.04,2.11,0.11,339,18,11,115,16,22,71,41,61,122,31,364,12,219,46,255,1.74,1.20,1.14,48.59,88.55,10.22,41.35,7.19,1.53,6.32,1.03,5.60,1.03,3.00,0.47,2.98,0.42,9.18,2.0
61.87,15.30,6.34,0.09,1.72,1.95,1.61,1.01,2.57,0.09,403,20,12,110,15,14,41,29,60,202,32,305,14,104,40,40,1.64,1.33,<1,44.05,79.78,8.85,34.51,6.29,1.46,5.31,0.97,5.23,0.98,3.15,0.46,3.08,0.45,7.19,2.0
60.83,16.89,6.34,0.10,1.30,2.52,1.64,0.85,2.73,0.06,454,22,12,102,13,18,31,26,60,316,29,280,11,53,42,51,1.76,1.43,<1,57.86,99.45,10.56,39.00,6.69,1.61,5.69,0.94,4.85,0.96,2.98,0.46,3.06,0.47,7.10,1.0
61.99,14.26,7.19,0.10,1.63,2.12,1.38,1.17,3.46,0.09,408,16,13,150,9,12,35,24,50,231,33,262,11,80,55,59,1.17,1.16,<1,32.12,57.49,6.92,28.70,5.80,1.58,5.42,1.01,5.85,1.09,3.42,0.53,3.38,0.50,7.33,2.0
62.38,15.43,6.47,0.07,1.83,3.39,0.76,0.97,1.64,0.07,277,15,10,112,19,11,30,27,36,151,28,441,11,83,27,43,1.46,0.99,<1,40.91,69.20,8.34,33.27,5.89,1.37,5.46,0.86,4.79,0.89,2.62,0.41,2.77,0.39,12.21,1.0
63.48,15.24,5.30,0.08,1.28,2.91,1.64,0.83,2.58,0.08,432,18,11,91,14,26,27,25,63,296,29,501,10,61,36,45,1.59,1.19,<1,51.02,85.82,9.84,38.32,6.55,1.57,5.85,0.91,5.05,0.94,2.69,0.44,2.92,0.43,13.97,2.0
56.87,13.80,7.90,0.14,5.85,0.60,1.63,1.13,2.99,0.12,268,18,14,117,17,16,85,29,90,75,36,318,15,225,49,55,3.59,1.49,2.24,43.42,80.31,9.55,38.53,7.38,1.54,6.45,1.11,5.92,1.09,3.28,0.53,3.20,0.47,9.21,5.0
62.13,15.04,6.04,0.08,2.80,0.94,2.36,1.28,1.19,0.10,346,15,11,101,16,13,47,40,100,75,31,284,18,102,30,57,1.84,1.49,2.00,43.18,74.05,9.06,35.32,6.64,1.22,5.61,0.99,5.66,1.19,4.10,0.67,4.29,0.64,6.58,1.0
55.62,17.09,6.87,0.08,2.07,0.95,2.75,1.08,3.40,0.08,459,17,16,105,17,15,47,30,111,84,33,268,15,111,36,49,2.14,1.57,2.61,48.02,83.11,10.00,39.61,7.12,1.42,6.34,1.07,5.71,1.10,3.45,0.56,3.59,0.50,7.03,3.0
58.54,12.13,10.30,0.13,3.45,0.67,1.59,1.42,1.28,0.07,204,15,14,166,11,9,69,34,65,55,32,259,12,162,89,69,1.47,1.41,<1,37.11,67.47,8.13,32.97,6.57,1.38,5.67,1.00,5.30,1.01,2.96,0.48,2.97,0.45,6.26,2.0
59.74,12.39,7.07,0.10,3.37,0.66,1.93,1.18,3.91,0.08,421,9,11,122,12,13,89,38,67,53,27,264,10,207,56,58,1.18,1.11,<1,38.21,72.08,8.44,32.77,6.21,1.24,5.37,0.98,5.32,1.05,3.10,0.46,3.01,0.43,7.75,4.0
67.81,10.91,5.92,0.07,2.04,0.69,1.60,0.75,1.83,0.17,320,10,9,98,15,14,43,28,63,68,26,287,9,97,47,98,1.09,1.21,<1,32.63,59.81,7.12,28.29,5.27,1.16,4.50,0.81,4.21,0.77,2.32,0.35,2.20,0.37,8.37,2.0
61.22,12.37,7.84,0.13,2.58,0.79,1.40,1.07,3.82,0.07,288,16,11,113,11,22,114,37,62,75,29,289,11,199,336,95,1.66,1.39,<1,38.44,70.93,8.53,33.74,6.22,1.39,5.66,0.95,5.18,0.98,2.96,0.45,2.87,0.43,9.02,3.0
61.39,16.23,6.05,0.09,1.48,2.19,2.18,0.95,2.60,0.08,598,17,11,104,23,24,29,22,98,371,31,433,12,64,31,57,1.87,1.28,1.09,59.36,107.59,11.59,43.69,7.44,1.85,6.53,1.06,5.36,1.01,3.19,0.48,3.09,0.48,14.23,2.0
62.59,14.84,6.44,0.09,1.64,2.39,1.43,1.02,3.53,0.09,451,18,14,124,12,17,36,33,46,273,30,360,12,71,47,48,1.38,1.37,<1,41.15,74.33,8.68,33.91,6.54,1.67,5.95,1.11,6.25,1.24,3.76,0.59,3.85,0.58,11.59,1.0
65.10,13.74,5.40,0.08,1.75,2.11,1.31,0.88,2.23,0.09,361,19,9,102,16,16,32,25,60,204,28,363,11,92,34,49,1.63,1.15,1.10,41.17,73.91,8.75,33.58,6.19,1.34,5.30,0.91,4.68,0.89,2.77,0.42,2.74,0.41,10.19,2.0
62.06,15.19,6.95,0.10,2.03,2.25,1.41,1.10,2.00,0.10,375,19,11,128,15,13,35,30,58,174,31,434,11,80,43,56,1.52,1.20,<1,41.89,72.09,8.82,34.18,6.37,1.49,5.53,0.95,5.02,0.94,2.91,0.43,2.82,0.43,12.35,1.0
60.88,16.00,6.93,0.11,1.74,2.03,1.91,1.15,3.29,0.09,582,20,14,125,18,28,34,29,95,338,32,593,14,83,48,75,2.07,1.37,1.28,54.38,99.34,10.95,41.84,7.46,1.81,6.28,1.07,5.40,1.01,3.13,0.48,3.17,0.52,20.15,2.0
62.91,15.45,6.65,0.09,3.58,0.82,2.38,0.96,1.25,0.11,334,17,11,89,13,13,46,26,111,66,32,270,15,114,35,50,2.25,1.54,1.84,53.27,93.10,11.25,42.99,7.64,1.44,6.48,1.06,5.60,1.03,3.15,0.45,2.97,0.44,7.43,2.0
59.53,14.08,9.37,0.27,3.32,0.53,2.44,1.04,1.23,0.10,438,18,11,129,12,15,62,29,101,55,31,268,12,143,77,59,1.82,1.35,2.20,41.73,77.10,9.16,35.94,6.64,1.48,5.78,1.01,5.07,0.96,2.98,0.44,2.73,0.41,7.92,5.0
60.34,14.07,7.75,0.15,3.01,0.78,2.69,1.13,2.37,0.18,453,16,14,127,15,23,62,30,103,78,33,299,11,134,62,88,1.97,1.58,1.93,48.75,85.07,10.27,42.27,7.81,1.60,6.95,1.25,6.90,1.25,3.96,0.59,3.66,0.55,9.27,2.0
59.08,14.04,8.05,0.11,3.52,0.84,1.36,1.27,1.91,0.08,358,18,13,164,13,14,60,27,71,104,31,387,16,138,53,70,1.93,1.30,3.54,45.42,86.87,9.56,39.58,7.44,1.68,6.47,1.18,6.42,1.27,3.95,0.61,3.87,0.54,10.77,1.0
57.07,13.16,6.22,0.10,2.22,0.87,2.00,1.07,5.93,0.10,214,16,13,119,14,16,56,24,79,104,28,342,15,109,42,40,1.30,1.08,1.35,52.43,95.25,10.94,41.78,7.32,1.38,6.37,1.02,5.25,0.97,2.81,0.42,2.68,0.40,10.14,1.0
62.72,13.88,7.47,0.15,3.35,0.73,1.79,1.11,1.80,0.10,291,19,11,136,13,23,69,25,84,80,28,350,15,147,46,62,1.52,1.24,1.21,45.80,85.35,9.81,38.60,7.12,1.32,6.10,0.98,5.20,0.98,2.84,0.41,2.79,0.39,9.72,2.0
72.87,10.15,4.74,0.06,1.99,0.69,1.52,0.82,1.07,0.06,276,15,8,97,14,18,43,30,68,63,25,429,14,100,31,59,1.08,1.01,<1,33.58,62.34,7.14,28.42,5.04,0.96,4.58,0.78,4.19,0.82,2.41,0.37,2.45,0.37,10.93,1.6
59.92,14.09,6.23,0.10,2.36,1.38,1.76,0.96,3.67,0.12,375,20,13,108,15,19,45,29,81,198,29,359,19,91,36,67,1.52,1.15,1.21,42.81,79.72,8.98,34.81,6.41,1.32,5.64,0.96,5.13,0.96,2.84,0.42,2.72,0.40,9.77,2.0
58.06,13.01,5.58,0.09,1.79,1.25,1.49,0.91,6.43,0.08,425,17,13,101,13,25,50,40,75,235,30,334,14,76,38,47,1.84,1.32,1.65,46.10,90.96,9.48,36.31,6.63,1.52,6.72,0.92,5.54,1.16,3.29,0.53,3.28,0.55,10.68,1.6
58.59,16.17,7.59,0.12,1.81,1.48,1.85,1.06,2.80,0.21,386,26,14,132,23,40,41,26,106,286,31,470,15,75,67,90,3.31,1.46,3.17,72.38,140.31,14.06,52.69,9.25,2.05,9.28,1.18,6.61,1.35,3.76,0.60,3.65,0.62,18.96,2.0
56.54,18.59,7.73,0.11,2.22,0.91,3.13,1.01,0.92,0.11,424,19,14,108,15,12,60,26,153,75,32,231,15,144,53,60,2.57,1.72,3.81,60.62,90.11,12.17,46.76,8.02,1.65,7.01,1.11,5.65,0.99,3.08,0.43,2.71,0.40,6.63,5.0
57.09,14.37,9.76,0.25,3.63,0.76,1.80,1.53,1.82,0.13,335,21,14,149,13,17,72,30,85,54,36,283,15,140,73,68,2.04,1.52,3.75,46.50,84.00,10.01,41.07,7.49,1.63,7.19,1.20,6.71,1.23,3.83,0.55,3.59,0.56,7.82,6.0
57.45,14.55,8.22,0.18,3.86,0.47,2.00,0.94,1.16,0.11,338,21,11,129,16,21,81,26,101,58,30,278,17,179,59,96,1.85,1.44,2.38,47.91,90.14,10.11,40.98,7.46,1.60,6.64,1.10,5.86,1.10,3.32,0.48,3.12,0.44,7.01,2.0
56.86,14.46,7.60,0.17,3.52,0.52,1.65,0.98,1.80,0.14,335,19,13,135,17,17,73,23,97,69,32,338,17,169,39,73,2.14,1.29,2.59,51.70,101.66,10.84,43.70,7.83,1.65,6.84,1.10,5.90,1.10,3.38,0.48,3.21,0.46,8.93,2.0
67.29,14.38,7.41,0.23,1.67,0.72,2.23,1.07,0.78,0.08,337,19,11,154,14,22,69,35,88,61,29,319,18,134,53,35,1.33,1.16,1.40,43.44,81.93,9.37,37.60,6.70,1.35,5.92,0.98,5.10,0.97,2.83,0.43,2.67,0.39,7.44,2.0
56.42,14.15,7.70,0.09,3.78,0.54,1.92,0.86,4.42,0.12,285,15,14,144,11,24,68,27,82,59,25,232,12,127,67,180,1.32,1.32,1.16,31.49,57.18,6.83,27.28,5.03,1.11,4.70,0.79,4.42,0.84,2.46,0.40,2.36,0.36,6.56,2.0
67.79,12.92,5.52,0.09,1.73,1.09,1.91,0.86,1.62,0.08,378,15,10,112,15,19,39,26,79,127,29,386,14,91,43,51,1.31,1.18,1.49,46.79,86.58,9.81,38.38,6.98,1.34,6.13,1.03,5.76,1.11,3.16,0.49,3.14,0.47,10.63,1.0
58.15,16.59,7.02,0.12,1.62,1.97,2.08,0.87,2.44,0.11,387,19,15,128,18,32,36,29,148,234,38,348,24,69,63,60,3.77,1.40,9.95,53.81,102.93,11.23,43.88,8.25,1.56,8.53,1.25,7.42,1.54,4.40,0.77,4.88,0.79,12.38,1.6
59.86,15.99,6.07,0.08,2.8,1.6,1.28,3.55,0.92,0.06,682,13,12,100,20,28,42,17,151,136,39,353,16,100,41,78,3.14,1.86,3.47,64.52,123.96,13.78,52.51,1.73,9.88,8.8,1.42,7.56,1.6,4.37,0.7,4.57,0.66,12.66,1.5
55.69,15.23,6.57,0.08,3.46,4.08,0.7,3.15,0.91,0.11,613,12,12,98,21,25,45,17,151,150,42,308,19,106,40,81,1.83,1.41,2.87,60.24,115.87,13.1,50.29,1.64,9.34,8.53,1.4,7.66,1.68,4.7,0.75,4.92,0.69,12.73,1.5
63.88,12.55,4.78,0.08,2.69,2.89,1.15,2.14,0.86,0.1,455,10,11,85,22,20,40,13,93,124,34,409,20,95,22,57,2.35,1.65,3.54,62.29,117.86,13.15,50.07,1.64,9.25,8.09,1.28,6.73,1.42,3.84,0.61,3.96,0.56,11.07,1.5
62.57,11.71,4.82,0.074,2.16,2.74,0.73,2.39,0.78,0.1,385,15,12,93,19,22,40,15,106,104,31,338,18,100,24,72,1.84,1.21,2.45,38.69,80.76,9.65,31.6,1.48,7.49,7.35,1.17,6.01,1.26,3.46,0.56,3.74,0.53,9.76,1.5
62.5,11.46,5.05,0.075,2.26,4.09,0.76,2.03,0.78,0.09,350,15,11,92,17,30,44,12,99,100,28,349,14,101,32,55,1.77,1.15,2.54,38.64,79.92,9.41,30.94,1.48,7.39,7.39,1.17,6.05,1.26,3.4,0.55,3.67,0.52,9.62,1.5
62.7,12.35,4.98,0.075,2.47,2.55,0.82,2.18,0.76,0.1,366,13,11,91,21,26,44,15,101,126,29,349,15,112,26,63,1.87,1.11,2.57,40.64,85.21,9.87,32.68,1.58,7.82,7.81,1.24,6.56,1.4,3.87,0.62,4.14,0.58,8.92,1.5
68.28,10.17,3.69,0.074,1.67,1.92,1.34,1.87,0.81,0.1,328,6,11,76,25,24,28,11,73,129,28,484,18,110,14,49,1.85,1.2,2.47,51.17,100.58,11.26,43.52,1.43,8.26,7.6,1.24,6.91,1.5,4.13,0.67,4.41,0.63,11.76,1.5
68.32,10.45,4.37,0.049,1.2,2.22,0.63,1.83,0.88,0.07,298,13,12,93,28,44,29,12,76,75,25,463,16,94,26,152,1.54,1.62,2.02,55.11,107.71,11.94,45.66,1.33,8.36,7.46,1.18,6.25,1.3,3.48,0.57,3.71,0.53,10.42,3
59.65,9.96,4.98,0.08,2.43,7.92,1.25,1.62,0.69,0.08,323,15,14,94,12,42,39,13,89,150,28,280,12,87,28,99,1.92,1.72,2.12,40.54,78.09,8.26,31.98,1.13,6.09,5.55,0.89,4.9,1.06,2.86,0.46,3.01,0.43,6.86,1.5
59.41,11.69,4.93,0.06,2.74,5.93,0.95,1.88,0.78,0.1,382,15,13,94,19,31,45,16,99,303,34,404,18,105,24,72,1.91,1.16,1.97,48.97,94.15,10.86,42.22,1.42,7.95,7.19,1.15,6.15,1.3,3.5,0.56,3.62,0.51,10.09,1.5
60.05,12.88,5.58,0.079,2.9,3.74,1.4,1.99,0.97,0.11,378,16,12,102,32,26,41,17,98,135,38,434,19,116,21,81,2.22,1.57,2.41,79.29,150.92,17.1,65.81,1.98,11.97,10.88,1.7,9.12,1.89,5.05,0.8,5.12,0.72,11.62,3
61.32,12.28,5.36,0.071,2.71,4.41,1.09,2.04,0.83,0.12,385,12,12,93,16,25,46,14,100,153,31,313,16,118,23,72,2.21,1.36,2.23,47.92,85.11,10.27,40.2,1.45,7.68,6.9,1.13,5.92,1.25,3.34,0.53,3.51,0.51,8.88,1.5
58.64,10.86,4.91,0.058,2.74,7.84,0.98,1.47,0.84,0.09,355,12,13,99,16,23,41,15,76,208,31,322,14,110,23,53,2.38,1.32,2.26,49.74,94.67,10.84,41.85,1.37,7.81,7.12,1.11,5.93,1.24,3.37,0.54,3.57,0.51,9.49,1.5
59.25,14.93,6.31,0.09,2.73,2.76,1.43,3.15,0.99,0.08,564,18,13,99,26,28,43,14,135,155,43,403,16,106,35,71,2.81,1.69,3.29,57.14,105.86,12.03,46.29,1.65,8.65,7.72,1.26,6.75,1.46,4.05,0.65,4.29,0.61,13.23,1.5
59.24,14.27,5.73,0.08,2.89,3.95,0.83,2.84,0.85,0.09,548,15,11,98,19,25,43,18,127,120,40,316,15,97,31,69,2.33,1.58,3.02,67.48,128.34,14.23,54.44,1.67,9.91,8.79,1.39,7.09,1.46,3.92,0.61,3.98,0.57,11.45,1.5
58,15.07,7.33,0.1,3.51,2.19,0.72,2.59,1.09,0.08,498,13,12,125,15,21,51,21,129,112,38,286,17,122,35,88,2.18,1.63,3.84,55.83,107.24,12.12,47.19,1.63,8.93,8.14,1.32,7.09,1.52,4.13,0.65,4.3,0.61,10.79,1.5
56.75,15.17,6.84,0.079,2.86,1.64,0.61,3.21,0.93,0.07,456,13,13,116,18,32,56,19,149,106,36,334,17,128,48,108,2.42,1.62,2.73,74.88,148.17,16.87,57.71,2.12,12.69,12.49,1.91,9.48,1.9,5,0.77,5.02,0.69,9.14,1.5
58.47,13.92,6.2,0.083,2.62,2.43,0.77,2.87,0.84,0.09,449,12,13,107,14,26,50,17,141,115,33,323,14,125,38,86,2.17,1.46,2.78,52.26,105.54,12.13,46.96,1.72,9.17,8.83,1.36,6.75,1.38,3.68,0.59,3.94,0.55,8.03,1.5
58.32,13.1,5.6,0.075,2.78,3.57,0.98,2.77,0.73,0.12,374,18,12,95,11,26,45,15,121,127,34,253,13,105,25,80,2.04,1.32,2.81,35.95,75.58,8.97,28.12,1.49,7.08,7.1,1.15,6.12,1.32,3.62,0.58,3.89,0.54,6.45,1.5
62.63,11.32,4.52,0.072,2.11,3.1,0.95,2.28,0.77,0.13,426,14,12,85,19,19,32,10,103,161,31,412,16,111,23,67,1.92,2.24,2.54,53.66,103.87,11.95,46.42,1.56,8.77,8.09,1.32,7.37,1.6,4.51,0.71,4.69,0.66,12.14,1.5
63.13,11.17,4.65,0.064,1.89,3.61,1.16,2.26,0.88,0.14,358,11,12,99,14,79,31,11,97,171,32,449,18,99,14,105,2.1,1.29,2.7,50.76,95.95,11.08,42.87,1.38,8.08,7.37,1.19,6.63,1.43,3.95,0.63,4.06,0.58,9.86,1.5
60.79,11.7,5.17,0.08,2.64,3.52,1.2,2.41,0.89,0.14,429,12,14,97,18,53,36,16,108,180,32,379,19,100,22,185,2.16,1.55,2.76,56.64,107.11,12.62,45.27,1.7,9.57,8.91,1.45,7.97,1.68,4.59,0.72,4.64,0.65,10.74,1.5
62.11,11.71,4.78,0.078,2.43,2.97,1.28,2.49,0.81,0.14,417,13,12,88,14,23,34,14,105,180,32,362,16,105,20,69,2.25,1.33,2.59,42.58,76.8,9.54,37.79,1.56,7.57,6.91,1.18,6.56,1.43,3.89,0.63,4.21,0.61,11.62,1.5
62.48,11.19,4.48,0.078,2.11,2.43,1.298,2.38,0.86,0.14,396,14,10,76,24,24,29,11,91,158,31,487,17,109,15,59,2.1,1.3,2.44,55.93,99.83,12.43,48.59,1.63,9.27,8.3,1.32,6.92,1.46,4,0.65,4.38,0.63,13.95,1.5
64.54,10.82,3.89,0.068,2.02,2.38,1.48,2.31,0.77,0.11,398,15,11,73,24,25,29,13,86,164,29,417,16,90,16,54,2.07,1.23,2.09,44.12,79.8,9.88,39.15,1.46,7.87,7.23,1.19,6.71,1.46,4.09,0.66,4.41,0.64,12.75,1.5
63.4,10.73,4.28,0.069,2.52,3.63,1.25,2.27,0.73,0.15,401,9,11,81,17,18,35,13,99,206,29,353,16,97,21,60,2.18,1.2,2.79,41.76,75.25,9.19,36.31,1.38,7.1,6.4,1.05,5.69,1.21,3.21,0.52,3.45,0.5,9.65,1.5
59.11,11.86,5.11,0.082,2.76,4.13,1.23,2.53,0.87,0.18,402,13,12,90,20,23,38,15,103,195,37,425,18,110,22,65,2.04,1.19,3.11,45.35,97.94,11.69,36.14,1.88,9.31,9.2,1.44,7.35,1.52,4.14,0.66,4.45,0.62,12.17,1.5
60.97,13.61,5.19,0.08,2.9,2.85,1.27,2.85,0.84,0.13,518,17,10,89,23,28,36,15,116,181,43,389,14,96,28,64,2.33,1.55,3.57,68.38,127.83,14.54,55.81,1.79,10.36,9.1,1.42,7.22,1.47,3.92,0.61,4.02,0.58,12.38,1.5
58.84,12.33,6.16,0.11,3.37,5.48,1.24,2.25,1.09,0.16,468,13,14,106,16,17,45,16,96,165,43,382,27,116,25,74,2.42,1.38,5.01,52.61,101.89,11.86,41.17,1.89,9.34,8.59,1.43,7.83,1.71,4.68,0.75,4.94,0.7,13.64,1.5
60.25,11.74,5.03,0.077,2.54,4.97,1.22,2.56,0.79,0.12,447,14,11,80,27,30,35,13,113,178,38,392,13,85,22,65,2.66,1.61,2.61,70.53,131.45,15.35,59.77,1.88,11.24,10.22,1.66,8.71,1.85,5,0.81,5.37,0.78,12.49,1.5
59.93,12.26,5.05,0.079,2.35,3.17,1.28,2.64,0.81,0.17,403,12,12,91,23,20,35,15,109,168,32,385,14,110,19,66,2.31,1.5,2.6,63.99,118.93,13.82,53.99,1.73,10.27,9.27,1.46,7.65,1.6,4.39,0.69,4.47,0.63,11.53,1.5
61.47,11.9,4.7,0.079,2.16,2.07,1.23,2.55,0.77,0.15,401,18,12,93,14,21,38,11,109,164,30,357,15,102,21,61,2.02,1.26,2.49,45.8,87.04,9.99,38.65,1.42,7.61,6.93,1.14,6.33,1.36,3.77,0.6,3.88,0.54,10.03,3
61.73,11.88,4.86,0.083,2.31,3.14,1.3,2.47,0.84,0.18,435,11,11,86,22,20,35,12,97,167,32,367,16,106,16,61,2.14,1.41,3.33,56.65,100.52,12.32,48.07,1.7,9.28,8.33,1.38,7.66,1.69,4.69,0.77,4.94,0.72,11.46,1.5
59.05,12.77,5.36,0.082,2.88,3.57,1.01,2.83,0.81,0.2,458,16,12,83,25,33,39,15,123,169,34,348,17,98,23,76,2.21,1.46,3.32,51.71,88.84,11.2,43.72,1.62,8.44,7.58,1.23,6.75,1.45,3.88,0.62,4.03,0.57,10.67,1.5
59.02,11.82,4.94,0.082,2.8,3.85,1.3,2.56,0.84,0.22,450,12,13,95,9,56,37,14,110,207,32,387,15,93,19,93,2.13,1.37,3.38,50.02,95.93,11.16,43.61,1.64,8.6,7.86,1.29,7.12,1.52,4.19,0.67,4.28,0.6,10.8,5
61.19,11.66,4.89,0.085,2.37,2.75,1.24,2.44,0.81,0.23,396,11,11,89,15,85,34,17,95,169,28,404,18,103,18,116,2,1.36,3.7,47.3,83.78,10.5,41.43,1.6,8.22,7.51,1.27,7.31,1.64,4.47,0.72,4.71,0.67,13.49,1.5
63.04,11.69,4.46,0.072,2.19,2.33,1.45,2.44,0.82,0.11,384,15,10,79,23,26,31,15,97,170,32,433,19,107,15,55,2.02,1.3,3.07,51.39,90.96,11.31,44.36,1.6,8.61,7.69,1.27,7.04,1.54,4.22,0.68,4.46,0.64,13.74,1.5
63.57,12.16,4.66,0.076,2.14,3.81,2.09,2.02,0.89,0.09,385,15,11,87,23,19,29,13,81,169,32,423,16,102,16,53,1.99,1.32,2.91,53.77,94.16,11.76,46.11,1.6,8.87,7.73,1.26,6.87,1.47,4.01,0.64,4.24,0.6,12.49,1.5
62.28,12.25,5,0.081,2.47,2.39,1.61,2.11,0.88,0.11,352,12,11,84,20,20,35,14,90,133,30,379,16,103,27,55,2.08,1.61,3,62.23,114.35,13.19,50.89,1.64,9.59,8.44,1.33,7.06,1.49,3.91,0.63,4.01,0.57,12.87,1.5
63.25,12.72,5.62,0.09,2.72,2.59,1.83,2.35,0.93,0.1,375,8,14,102,19,16,44,18,96,154,36,408,18,117,20,64,2.21,1.26,2.65,45.95,90.16,10.56,36.23,1.58,7.98,7.37,1.23,6.85,1.49,4.08,0.65,4.27,0.6,12.03,1.5
60.88,11.51,4.97,0.082,2.6,3.58,1.33,2.33,0.81,0.2,360,14,12,96,15,19,38,14,89,179,33,389,18,109,20,65,1.95,1.12,3.44,47.5,94.29,11.18,34.03,1.75,8.88,8.82,1.39,7.09,1.49,4.03,0.65,4.32,0.6,10.21,1.5
59.82,12.26,5.36,0.089,2.77,4.12,1.26,2.61,0.86,0.22,451,16,13,94,20,20,38,13,107,196,35,391,18,104,19,64,2.12,1.44,3.56,40.97,83.71,9.68,31.8,1.62,7.23,6.33,1.08,6.25,1.39,3.86,0.62,3.93,0.56,9.52,1.5
59.79,11.85,5.02,0.08,2.73,3.89,1.3,2.54,0.85,0.19,432,16,11,87,18,19,36,16,105,203,35,392,18,94,17,66,2.38,1.36,3.39,46.08,91.38,10.73,40.13,1.65,8.25,7.67,1.27,7.13,1.53,4.27,0.68,4.42,0.63,12.15,1.5
64.28,10.91,3.89,0.068,1.82,2.23,1.47,2.24,0.71,0.13,372,9,11,79,17,21,27,10,83,162,28,344,15,83,11,47,1.88,1.2,2.19,45.93,87.04,10,39.42,1.36,7.73,7.01,1.1,5.81,1.2,3.21,0.52,3.36,0.48,9.56,1.5
61.75,11.28,4.88,0.082,2.44,4.53,1.37,2.33,0.89,0.22,427,15,12,89,17,21,33,13,99,193,33,465,18,107,15,63,2,1.29,3.66,57.25,111.86,12.97,50.72,1.77,9.83,9.05,1.47,8.01,1.69,4.71,0.75,4.92,0.7,15.71,1.5
60.04,13.06,5.69,0.083,2.32,4.43,0.83,2.45,0.79,0.08,446,13,14,97,33,20,41,17,123,133,38,374,13,109,23,68,2.36,1.64,2.26,84.97,159.35,17.9,68.9,2.04,12.63,11.38,1.75,8.71,1.74,4.53,0.71,4.58,0.64,11.51,1.5
60.58,10.01,5.24,0.125,1.86,6.6,1.1,1.68,1.15,0.09,343,17,14,87,54,18,33,14,66,356,43,732,20,105,8,67,1.87,1.67,2.1,134.02,259.71,27.75,106.53,2.55,19.37,16.1,2.59,12.61,2.54,6.69,1.06,6.91,0.98,21.58,10
61.2,14.26,5.92,0.093,2.12,2.93,0.81,2.68,0.85,0.08,453,16,12,100,23,34,44,16,124,102,34,347,15,106,25,85,2.71,1.75,3.24,68.02,130.83,14.63,56.25,1.75,10.55,9.54,1.51,7.81,1.62,4.29,0.67,4.35,0.61,9.93,7
62.51,12.09,5.05,0.078,2.34,3.1,0.93,2.26,0.79,0.1,401,9,12,94,9,114,42,14,111,137,29,377,18,110,25,140,2.11,1.47,2.93,49.68,86.51,10.96,43.19,1.55,8.37,7.45,1.22,6.8,1.46,3.96,0.64,4.23,0.6,11.23,1.5
62.14,11.56,4.65,0.08,2.39,2.71,1.21,2.28,0.82,0.14,385,15,12,90,25,24,34,12,96,192,33,449,16,106,16,62,1.95,1.28,2.46,56.16,97.98,12.25,47.68,1.59,9.16,8.08,1.3,7.01,1.53,4.08,0.65,4.23,0.61,13.94,1.5
57.96,11.89,5.73,0.075,2.92,4.21,1.96,1.26,1.26,0.08,213,16,13,101,31,13,31,17,52,115,30,280,17,87,26,60,2.43,1.84,2.78,72.93,123.3,13.95,53.89,1.68,10.08,9.2,1.48,8.05,1.74,4.61,0.72,4.62,0.64,8.65,1.5
56.46,13.14,4.54,0.05,2.59,3.89,1.76,1.8,0.91,0.09,250,18,11,78,21,15,28,15,66,102,23,155,13,72,61,47,2.38,1.71,2.87,56.27,99.04,11.86,45.54,1.42,8.31,7.31,1.15,5.97,1.22,3.2,0.49,3.23,0.44,5.39,1.5
58.65,12.76,6.78,0.1,4.33,3.75,1.38,2.12,0.91,0.12,400,11,15,115,21,16,60,21,103,152,39,289,20,145,31,76,2,1.21,3.01,36.89,76.05,8.9,30.17,1.46,7.1,6.63,1.13,6.33,1.38,3.79,0.61,3.94,0.56,9.95,1.5
64.24,13.13,6,0.1,2.84,3.28,1.56,2.13,0.89,0.08,418,10,12,118,15,18,49,16,81,158,34,369,22,123,21,66,1.98,1.21,2.91,38.06,81.29,9.41,31.14,1.51,7.41,6.99,1.19,6.72,1.49,4.19,0.67,4.42,0.63,11.38,1.5
62.44,13.66,6.49,0.1,3.07,3.55,1.25,2.23,1.05,0.1,438,12,13,116,21,12,45,20,94,169,49,432,20,105,21,66,1.86,1.32,2.83,55.16,107.27,12.31,44.5,1.71,9.47,8.78,1.42,7.71,1.66,4.53,0.72,4.76,0.67,12.48,1.5
65.26,11.5,4.84,0.082,1.97,3.63,1.44,2.12,0.84,0.1,390,11,12,90,26,25,35,14,95,144,36,446,16,112,16,60,1.94,1.38,2.96,67.22,131.69,14.78,57.27,1.87,10.85,10.08,1.63,8.76,1.86,5.02,0.79,5.15,0.73,14.3,1.5
60.18,10.17,4.46,0.081,1.92,7.16,1.49,1.78,0.84,0.1,373,14,12,90,34,21,33,10,72,218,39,514,16,97,12,48,1.77,1.32,1.84,102.65,193.41,20.89,80.69,2.24,14.96,13.54,2.12,10.81,2.21,5.92,0.93,6.03,0.85,14.55,1.5
61.57,11.46,4.75,0.078,1.83,4.92,0.96,2.06,0.81,0.07,365,11,13,96,42,24,38,13,94,141,40,478,14,99,21,55,1.76,1.42,1.9,103.84,194.2,21.81,83.98,2.43,15.36,13.89,2.16,10.95,2.28,6.01,0.94,6.01,0.85,13.8,1.5
62.25,13.67,5.63,0.089,2.28,2.11,0.89,2.62,0.82,0.09,467,17,11,98,22,27,43,13,129,127,35,376,16,111,27,73,2.17,1.47,3.04,73.19,138.66,15.5,59.31,1.75,10.91,9.88,1.54,7.83,1.6,4.2,0.67,4.31,0.6,10.36,4
59.57,13.52,5.47,0.08,2.32,2.49,0.83,2.65,0.82,0.09,391,16,12,97,22,25,43,13,134,126,36,373,18,116,20,69,2.74,1.47,3.47,78.37,145.45,16.38,62.79,1.91,11.53,10.57,1.65,8.59,1.78,4.74,0.74,4.83,0.66,11.32,4
57.2,13.74,5.63,0.067,2.44,5.79,1.19,2.75,0.75,0.09,435,16,12,89,20,34,41,17,141,152,37,308,15,91,23,75,2.98,1.57,3.45,76.81,142.35,15.87,60.89,1.82,11.02,9.83,1.47,7.07,1.36,3.46,0.54,3.49,0.48,8.46,4
63.45,13.78,5.08,0.081,1.82,1.82,1.46,2.28,0.85,0.08,387,16,12,95,27,25,41,14,105,141,33,411,17,110,21,56,2.45,1.43,3.7,59.62,105.52,12.71,49.11,1.7,9.22,8.51,1.34,7.11,1.51,4.03,0.65,4.22,0.58,10.83,5
59.74,11.63,5.85,0.109,2.1,4.74,1.49,1.89,1.03,0.11,351,18,12,89,35,16,33,16,70,157,37,528,19,104,15,72,2.65,1.76,2.4,106.34,200.91,22.06,82.59,2.33,15.72,13.13,2.33,11.07,2.44,6.09,1.04,6.31,0.95,14.9,1.5
61.99,11.71,7.27,0.127,2.21,3.36,0.83,2.04,1.24,0.07,271,18,13,100,27,15,36,19,87,78,34,456,16,88,37,75,2.63,2.18,2.17,89.22,167.55,18.73,71.84,2,13.29,12.29,1.9,9.62,1.96,5.07,0.8,5.32,0.73,12.91,5
65.27,12.58,5.54,0.118,1.86,1.46,0.72,1.99,0.92,0.06,374,18,13,105,18,24,46,19,101,89,31,436,18,119,43,54,2.11,1.38,2.47,59.36,104.14,12.68,49.35,1.63,9.24,8.46,1.33,7.03,1.5,4.03,0.65,4.24,0.59,10.82,1.5
58.66,12.12,7.59,0.13,4.53,5.72,1.88,1.68,1.1,0.11,367,13,16,140,18,12,64,24,72,172,55,488,24,178,22,67,1.84,1.31,3.8,52.11,106.25,12.26,42.13,2,10.14,9.73,1.65,9.41,2.09,5.8,0.95,6.25,0.89,16.25,1.5
61.59,14.08,6.5,0.11,3.22,2.8,1.5,2.59,1.04,0.12,429,12,13,109,28,23,47,19,113,176,55,544,20,132,28,73,2.1,1.47,4.63,80.93,153.87,17.31,67.11,1.96,12.44,11.26,1.78,9.12,1.89,4.96,0.79,5.18,0.74,16.29,1.5
58.87,14.93,6.42,0.09,3.41,3.03,0.92,2.56,0.94,0.11,479,14,13,114,22,24,51,18,120,166,44,348,19,114,31,75,2.14,1.45,2.97,69.27,133.5,15.06,56.27,1.7,10.88,10,1.57,8.12,1.68,4.47,0.71,4.61,0.65,11.56,1.5
60.71,10.19,4.14,0.068,2.16,5.95,1.42,1.64,0.78,0.09,317,7,12,93,35,17,36,9,71,261,35,529,17,102,18,42,1.64,1.18,1.87,68.88,134.06,15.25,59.14,1.71,11.16,10.08,1.6,8.4,1.77,4.78,0.75,4.95,0.71,15.09,1.5
61.04,11.25,5,0.085,2.27,5.11,1.06,2.04,0.84,0.09,401,11,13,93,46,25,42,13,91,199,41,517,16,111,19,55,1.82,1.32,2.47,91.55,173.3,19.47,75.32,2.17,13.97,12.58,2,10.28,2.13,5.67,0.89,5.79,0.83,14.96,1.5
59.83,13.9,6.34,0.092,2.59,2.09,0.59,2.56,0.86,0.09,429,17,12,111,14,27,54,24,133,110,36,339,17,142,30,76,1.98,1.42,2.17,56.37,103.06,11.56,45.21,1.56,8.59,7.8,1.25,6.56,1.38,3.65,0.58,3.8,0.53,8.94,3
58.18,15.85,6.88,0.082,2.75,1.44,0.74,3.12,0.86,0.07,496,18,13,115,16,24,53,17,170,118,36,316,17,125,40,95,2.57,1.58,3.32,77.22,141.36,16.14,61.69,1.8,11.25,10,1.54,7.72,1.56,4.11,0.64,4.09,0.57,8.74,1.5
59.83,14.16,5.95,0.077,2.41,2.67,1.06,2.98,0.77,0.11,440,14,12,96,24,23,43,16,149,127,39,301,16,101,23,83,2.93,1.64,3.52,97.84,180.67,20.48,77.91,2.28,14.1,12.68,1.96,9.95,2.01,5.18,0.8,5.05,0.7,8.09,6
62.96,12.08,5.46,0.11,2.09,3.87,1.16,2.45,0.92,0.12,383,13,12,94,36,24,37,15,106,151,39,473,17,100,18,66,2.31,1.63,3.37,87.36,160.98,18.34,70.61,2.1,13.25,12.25,2.02,11.19,2.49,6.88,1.12,7.19,0.99,13.03,3
65.67,11.3,4.71,0.087,1.82,2.93,1.29,2.02,0.84,0.1,374,17,11,89,33,17,34,14,76,158,32,472,16,112,16,53,2.03,1.32,2.25,64.03,107.82,13.5,52.37,1.72,9.94,9.18,1.46,7.77,1.67,4.54,0.73,4.86,0.69,12.93,11
61.35,12.08,4.93,0.084,1.85,5.36,2.32,2.01,0.87,0.09,355,12,13,85,29,17,27,14,74,153,31,151,17,94,17,55,2.23,1.35,3.67,74.38,127.96,15.94,61.75,1.91,11.6,10.8,1.76,9.53,2.03,5.55,0.86,5.56,0.77,14.15,1.5
61.2,11.47,7.02,0.113,2,3.1,0.73,2.25,1.05,0.07,305,15,12,89,24,14,32,14,86,66,34,539,18,94,27,77,2.55,2.27,2.41,89.17,179.79,18.55,71.13,1.79,13.03,11.88,1.87,9.64,2.05,5.6,0.87,5.88,0.83,18.75,1.5
64.65,10.5,5.37,0.092,1.87,2.16,0.45,2.77,0.73,0.04,311,16,9,96,20,24,10,2,96,53,26,438,13,72,75,47,2.02,1.53,1.56,54.85,106.93,11.88,46.63,1.44,8.59,7.89,1.22,6.06,1.23,3.22,0.52,3.61,0.51,14.37,1.5
56.29,13.19,8.04,0.12,4.68,4.4,1.29,2.02,1.03,0.15,349,11,15,137,7,15,71,24,95,167,48,330,25,185,31,84,2.05,1.21,3.21,36.07,78.58,9.15,31.56,1.64,7.58,7.34,1.24,7.01,1.55,4.23,0.7,4.57,0.65,10.2,1.5
59.97,13.32,5.99,0.1,3.42,3.92,1.54,2.19,0.88,0.17,398,16,12,106,17,16,53,20,80,173,35,395,19,126,26,69,1.93,1.07,3.82,39.46,87.51,10.04,32.84,1.69,8.04,7.66,1.3,7.32,1.62,4.5,0.73,4.86,0.69,12.96,1.5
61.87,12.36,5.82,0.11,3.28,4.45,1.41,1.89,1.07,0.11,407,13,13,106,35,14,41,18,71,160,50,593,23,124,15,55,1.56,1.22,2.63,84.33,162.13,18.22,68.12,2.09,13.5,12.32,1.95,10.14,2.12,5.65,0.9,5.91,0.85,17.96,1.5
59.25,11.27,5.36,0.078,2.46,6.79,1.31,2.05,0.76,0.09,397,15,13,101,52,17,38,19,94,201,45,456,12,100,21,59,1.72,1.42,3.07,129.62,240.03,26.96,103.75,2.4,18.87,16.23,2.54,12.33,2.4,6.12,0.95,6.16,0.86,13.12,1.5
63.3,11.02,4.75,0.075,2.08,4.82,1.31,1.92,0.82,0.09,334,14,11,87,21,24,37,14,81,187,37,452,16,123,16,49,1.75,1.21,1.78,60.31,115.34,13.07,50.65,1.66,9.7,8.72,1.45,7.98,1.74,4.66,0.74,4.83,0.68,12.32,10
59.5,12.92,6.01,0.091,2.77,4.48,1.26,2.11,0.83,0.08,340,10,14,113,23,28,59,18,99,132,34,414,17,164,28,70,1.94,1.32,2.54,57.38,104.05,11.72,45.88,1.73,9.05,8.23,1.39,7.83,1.72,4.68,0.75,4.94,0.71,11.71,1.5
60.83,13.57,5.67,0.087,2.65,2.72,1.9,2.76,0.82,0.1,444,15,12,95,33,24,42,13,122,153,34,360,15,116,28,76,2.2,1.61,2.54,74.36,126.58,15.63,59.76,1.72,10.93,9.87,1.53,7.51,1.54,4.04,0.62,4.1,0.58,9.52,1.5
60.1,9.98,4.18,0.082,1.88,7.02,1.48,1.68,0.77,0.1,358,9,13,85,39,21,32,12,64,471,36,515,14,101,14,46,1.83,1.33,2.21,110.91,217.19,22.49,88.58,2.16,16.02,14.38,2.33,11.08,2.28,5.86,0.92,6.04,0.85,14.98,3
68.44,10.68,4.33,0.082,1.45,3.4,1.67,1.81,0.8,0.09,357,17,10,99,24,14,14,5,72,182,32,460,15,100,13,48,1.93,1.26,2.3,63.14,121.17,13.89,54.87,1.74,10.32,9.42,1.5,7.72,1.62,4.32,0.69,4.73,0.66,13.15,1.5
65.02,12.19,5.12,0.085,1.87,2.44,1.29,2.05,0.91,0.09,367,18,10,122,24,17,18,2,79,138,31,502,18,110,17,56,2.04,1.22,1.9,63.89,125.2,14.36,56.47,1.88,10.74,9.95,1.64,8.52,1.83,5.02,0.8,5.39,0.75,14.15,1.5
64.68,11.72,4.98,0.087,1.84,3.12,1.44,2.01,0.85,0.1,418,18,10,108,21,16,15,2,79,141,32,459,16,98,18,56,2.43,1.34,2.01,56.37,109.82,12.6,49.99,1.76,9.66,8.94,1.42,7.57,1.61,4.44,0.7,4.85,0.68,12.63,1.5
61.68,12.21,5.44,0.087,2.14,2.97,1.12,2.34,0.89,0.09,351,19,10,110,23,18,15,1,93,112,33,424,16,96,23,62,3.95,1.68,2.15,72.53,137.48,15.59,60.98,1.85,11.28,10.35,1.65,8.53,1.74,4.6,0.72,4.84,0.67,12.71,1.5
57.48,12.2,6.74,0.091,3.17,2.83,0.71,2.58,0.9,0.08,355,15,13,116,31,28,39,16,108,79,32,459,16,107,40,79,2.07,1.72,4.79,70.61,123.1,15.16,58.71,1.69,10.89,10.2,1.62,8.41,1.74,4.62,0.75,4.96,0.67,14.01,7
58.01,13.55,7.09,0.12,3.01,3.96,1.83,1.98,1.05,0.12,396,13,15,135,13,16,54,20,86,163,51,460,24,132,31,76,2.17,1.03,3.88,39.46,85.35,9.76,32.34,1.8,8.36,8.23,1.46,8.71,1.99,5.66,0.93,6.12,0.87,14.84,1.5
61.37,13.52,5.98,0.1,2.91,3.08,1.79,2.21,0.98,0.1,432,16,13,105,16,17,53,16,84,156,37,481,24,144,25,65,2.1,1.07,3.75,42.22,89.8,10.18,34.63,1.73,8.31,7.92,1.34,7.69,1.73,4.85,0.8,5.32,0.76,15.08,1.5
56.12,12.81,7.55,0.12,4.54,5.63,1.37,1.93,1.03,0.09,348,11,15,140,29,17,65,21,85,166,46,350,22,183,35,72,1.6,1.33,2.47,70.78,137.66,15.51,56.18,1.88,11.64,10.66,1.69,8.79,1.82,4.74,0.75,4.85,0.69,11.04,1.5
57.45,11.47,6.09,0.098,2.88,7.84,1.64,1.84,0.99,0.08,378,18,15,120,24,22,54,20,75,212,44,495,19,150,18,57,1.64,1.25,2.52,105.26,199.68,22.4,86.71,2.17,16.2,14.44,2.34,12.63,2.65,6.94,1.08,6.91,0.97,15.05,1.5
60.98,12.7,5.39,0.075,2.32,4.44,1.36,2.23,0.84,0.08,337,14,13,106,15,23,44,17,97,153,34,365,17,127,20,61,1.99,1.2,2.69,61.43,116.51,13.31,52.19,1.73,9.93,8.69,1.4,7.47,1.56,4.07,0.64,4.12,0.58,11.3,1.5
59.84,14.44,6.37,0.084,2.58,1.64,0.76,2.85,0.85,0.08,439,19,12,106,20,32,52,19,144,109,36,377,15,126,37,78,2.17,1.58,2.73,80.28,151.35,16.86,64.48,1.75,11.74,10.08,1.6,8.56,1.8,4.71,0.73,4.72,0.67,11.46,1.5
62.24,13.62,5.79,0.94,2.26,1.68,0.91,2.46,0.86,0.09,439,13,12,108,25,25,49,17,124,132,34,441,16,126,28,70,2.21,1.44,2.96,73.2,126.25,15.69,60.69,1.83,11.28,10.18,1.6,8.13,1.65,4.39,0.69,4.52,0.65,12.49,1.5
65.04,10.04,4.11,0.087,1.67,4.21,1.53,1.72,0.77,0.08,410,12,11,83,31,20,28,12,65,172,34,460,18,100,11,41,2.17,1.31,2.05,80.02,151.21,17.22,66.76,2.04,12.76,11.84,1.93,10.29,2.2,5.78,0.93,6.21,0.87,13.99,1.5
62.49,14.13,5.85,0.088,1.96,1.45,0.85,2.54,0.8,0.08,465,14,11,99,36,20,43,17,130,108,36,406,17,110,26,68,2.04,1.53,3.77,88.55,166.05,18.52,71.16,2.11,12.89,11.46,1.78,8.91,1.77,4.73,0.72,4.8,0.68,13.8,3
63.12,11.91,4.59,0.077,1.79,2.19,0.97,2.07,0.89,0.08,365,18,9,110,26,16,16,5,78,123,32,543,17,105,17,48,2.08,1.23,1.85,65.7,131.1,14.94,59.52,1.86,11.24,10.28,1.67,8.87,1.89,5.25,0.86,5.78,0.82,15.95,1.5
58.84,14.13,5.7,0.076,2.44,2.98,1.09,2.73,0.76,0.18,422,22,11,116,17,19,20,2,117,147,32,294,17,107,24,72,2.76,1.26,2.64,43.4,85.57,9.82,39.1,1.62,7.82,7.24,1.18,6.51,1.38,3.79,0.6,4.1,0.56,9.67,1.5
58.79,11.64,5.11,0.091,1.9,6.62,1.28,1.88,1.15,0.09,325,17,11,104,27,16,12,2,73,130,38,467,13,91,12,56,3.8,1.61,2.13,93.84,175.75,20.09,78.66,2.25,14.37,13.08,2.14,11.09,2.29,6.31,1,6.93,0.95,14.66,1.5
62.31,11.6,7.69,0.131,1.92,1.91,0.73,1.64,1.81,0.06,248,11,15,106,61,14,32,16,60,71,41,702,21,90,11,98,3.6,2.41,2.18,195.85,388.27,40.33,156.45,4.07,28.45,26.17,4.02,19.02,3.81,9.05,1.53,9.25,1.44,25.57,1.5
53.13,12.41,6.07,0.11,4.06,7.32,1.12,2.04,0.95,0.12,345,12,14,117,19,18,49,17,75,133,33,543,19,119,24,58,1.87,1.05,3.61,43.76,92.69,10.37,33.72,1.75,8.6,8.29,1.47,8.66,1.98,5.61,0.94,6.32,0.93,20.28,1.5
56.08,13.81,7.15,0.1,3.95,4.12,1.04,2.15,1.05,0.1,388,14,16,133,15,16,60,19,86,136,34,300,17,153,32,75,1.58,1.19,3.08,43.57,90.1,10.3,35.02,1.68,8.17,7.81,1.29,7.21,1.57,4.29,0.69,4.44,0.64,10.32,1.5
58.7,13.69,6.1,0.09,3.1,3.56,0.74,2.21,0.98,0.11,445,14,13,120,17,20,52,19,84,125,27,269,16,117,31,65,1.73,1.04,2.86,47.23,98.24,11.36,40.63,1.71,8.93,8.87,1.41,7.24,1.51,4.05,0.65,4.36,0.61,9.73,1.5
60.33,13.53,6.43,0.09,2.23,2.89,1.09,2.08,1.25,0.14,419,11,14,117,26,20,45,19,95,126,35,426,30,121,31,72,2.14,1.38,2.45,86.88,158.85,17.85,70.08,2.3,13.44,11.92,1.95,10.63,2.24,5.69,0.87,5.61,0.81,14.51,1.5
60.13,13.91,6.17,0.079,2.37,2.09,0.89,2.44,0.97,0.09,414,17,13,113,22,23,44,18,118,120,38,473,22,118,33,70,2.1,1.46,2.26,110.81,203.27,22.85,88.69,2.23,16.31,13.73,2.16,11.09,2.2,5.54,0.83,5.42,0.79,16.56,1.5
58.66,13.93,6.62,0.094,2.49,3.23,1.29,2.4,1.17,0.14,364,12,14,124,27,22,47,18,110,132,39,400,33,143,29,68,2.15,1.34,2.57,98.29,185.56,20.68,80.93,2.36,15.31,13.42,2.2,11.46,2.35,5.91,0.89,5.88,0.84,12.35,1.5
59.2,13.98,6.03,0.082,2.37,3.03,1.09,2.58,0.88,0.09,464,23,11,125,32,19,21,3,124,129,39,369,20,110,31,73,2.11,1.42,2.46,112.18,208.79,23.75,91.69,2.33,16.82,15.38,2.37,11.08,2.12,5.39,0.84,5.49,0.78,10.12,1.5
60.35,14.02,5.97,0.092,2.32,2.72,1.51,2.56,0.94,0.13,413,21,10,119,28,19,17,119,107,142,36,345,20,94,23,69,2.24,1.55,2.5,93.32,175.99,20.28,79.02,2.18,14.9,13.81,2.2,10.76,2.16,5.71,0.91,6.17,0.85,9.89,1.5
62.39,13.68,5.84,0.086,2.02,1.78,0.9,2.43,0.89,0.09,451,22,10,120,27,18,22,2,120,106,35,425,17,110,23,66,2.13,1.43,2.57,66.32,130.29,14.8,57.93,1.88,11.15,10.1,1.59,7.97,1.59,4.26,0.71,4.71,0.65,11.62,1.5
64.54,11.01,5.15,0.09,1.81,3.98,1.48,1.87,0.94,0.13,391,16,11,114,24,16,15,2,70,167,34,564,18,101,14,49,1.9,1.29,1.84,60.31,120.7,14.03,55.77,1.93,10.83,10.23,1.69,8.55,1.77,4.78,0.78,5.36,0.75,14.44,1.5
62.64,11.61,5.09,0.079,1.94,4.71,1.55,2.09,0.89,0.1,359,18,11,104,32,17,11,1,89,191,37,566,18,91,12,57,2.37,1.44,2.56,84.76,161.42,18.88,74.56,2.23,14.07,13.09,2.05,9.91,1.98,5.22,0.85,5.73,0.78,14.35,1.5
57.49,15.75,6.59,0.077,2.86,3.09,1.09,2.75,0.85,0.1,395,24,11,128,23,20,29,4,143,130,35,294,14,128,22,85,3.63,1.59,3,64.13,121.49,14,53.65,1.8,10.31,9.7,1.49,7.1,1.33,3.42,0.54,3.77,0.5,8.15,1.5
57.78,14.37,6.24,0.097,2.33,4.46,1.33,2.08,1.27,0.09,334,20,12,137,39,18,19,2,84,109,44,554,25,114,16,63,4.3,1.79,3.16,100.54,193.18,22.04,86.44,2.51,16.28,16.16,2.75,14.84,3.22,8.81,1.42,9.39,1.28,16.88,1.5
57.94,12.86,6.59,0.097,3.06,3.66,1.38,2.01,0.88,0.09,350,16,13,129,11,15,64,22,84,146,30,328,18,197,28,65,1.69,1.19,3.16,32.89,68.15,7.57,20.15,1.51,6.08,5.53,0.99,6.07,1.44,4.16,0.68,4.4,0.63,8.64,1.5
59.2,12.64,5.96,0.89,2.74,3.38,1.5,2.2,0.91,0.11,326,17,14,115,17,15,46,17,90,131,32,382,20,154,17,64,1.85,1.22,4.11,45.31,84.16,9.5,37.25,1.6,7.29,6.51,1.14,6.58,1.46,3.99,0.64,4.08,0.58,10.72,1.5
58.22,12.67,6.89,0.108,2.47,3.88,1.17,2.13,1.46,0.21,405,14,16,125,35,22,43,16,76,144,44,1337,31,156,14,67,2.11,1.41,3.6,122.24,231.47,26.47,103.59,2.82,19.87,18.17,2.87,14.83,3.14,8.4,1.35,8.98,1.29,28.26,1.5
63.24,11.89,5.13,0.084,2.04,2.53,1.28,2.17,0.95,0.14,389,16,12,95,19,21,33,11,81,151,32,565,18,107,13,62,2.18,1.26,1.87,74.68,139.76,15.91,62.38,2.04,11.91,10.23,1.69,9.15,1.97,5.2,0.82,5.5,0.8,17.54,1.5
65.64,11.46,4.62,0.074,1.67,2.19,1.34,1.96,0.9,0.08,391,10,12,87,23,26,31,13,80,136,32,513,20,100,14,43,1.98,1.29,1.72,77.29,142.88,16.28,63.61,1.94,12.22,10.56,1.73,9.23,1.93,4.98,0.78,5.2,0.75,16.26,1.5
65.22,12.09,5.06,0.083,1.86,2.2,1.31,2.1,0.92,0.1,363,15,13,93,18,18,37,14,86,135,30,496,19,118,17,54,1.96,1.23,1.92,61.74,121.43,13.97,50.75,1.85,10.6,9.2,1.53,8.34,1.8,4.79,0.76,5.06,0.73,15.82,1.5
63.23,11.9,4.92,0.075,2.18,2.44,1.47,2.17,0.8,0.14,359,18,9,108,17,15,15,5,82,159,30,415,18,97,15,56,2.47,1.29,2.34,53.8,97.04,11.37,45.39,1.64,8.93,8.47,1.36,6.85,1.47,3.94,0.64,4.58,0.63,11.78,1.5
62.13,10.91,4.5,0.072,2.04,2.98,1.37,2.01,0.83,0.19,332,17,10,107,9,16,13,5,70,166,31,482,16,93,14,53,1.9,1.19,3.96,59.67,117.13,13.08,51.5,1.8,9.81,9.32,1.48,7.8,1.67,4.5,0.75,4.82,0.7,17.34,1.5
63.36,12.68,5.4,0.074,2.04,2.31,1.24,2.12,0.88,0.11,407,20,10,122,20,16,20,2,86,145,30,475,20,109,20,62,2.06,1.18,1.63,49.38,96.4,10.86,42.72,1.61,8.11,7.73,1.25,6.73,1.44,3.87,0.63,4.03,0.58,14.56,1.5
61.76,10.96,4.64,0.073,1.85,4.32,1.46,1.77,0.97,0.1,366,17,10,104,21,13,12,5,66,170,31,567,19,96,11,45,1.84,1.21,1.75,70.1,135.09,15.18,59.71,1.9,11.18,10.6,1.68,8.88,1.89,4.99,0.8,5.2,0.75,21.1,1.5
56.62,10.03,5.53,0.1,1.97,7.71,1.94,1.49,1.33,0.09,339,16,12,131,26,13,10,1,48,190,40,743,23,81,6,45,1.54,1.41,1.75,97.09,183.01,22.39,80.41,2.42,15.39,14.67,2.35,12.9,2.83,7.82,1.3,8.42,1.22,28.76,1.5
60.46,14.28,5.59,0.079,2.16,1.87,0.87,2.62,0.88,0.09,441,22,10,116,33,18,19,2,132,120,39,459,19,105,18,77,2.32,1.4,3.49,95.96,182.19,21.98,78.12,2.32,14.32,12.69,1.9,9.11,1.78,4.54,0.71,4.51,0.64,14.04,1.5
59.56,14.46,5,0.062,2.11,2.08,1.06,3.14,0.64,0.1,425,22,9,92,28,20,14,5,147,137,38,235,12,79,20,61,2.83,1.46,2.9,83.33,155.18,17.91,67.43,2.18,12.34,11.04,1.67,8.5,1.72,4.41,0.69,4.35,0.61,7.13,1.5
60.24,12.01,5.57,0.083,2.38,3.55,1.34,2.21,0.94,0.12,353,17,12,105,21,19,39,16,85,144,32,494,21,126,22,61,1.98,1.14,3.07,59.65,120.05,13.64,48.16,1.72,10.25,9.41,1.53,8.07,1.72,4.55,0.73,4.74,0.67,15.14,1.5
60.74,12.64,6.27,0.1,2.26,3.04,1.47,2.15,1.18,0.15,401,10,15,111,25,21,38,15,72,138,38,870,26,118,13,63,1.97,1.3,2.82,86.84,165.39,18.83,69.11,2.1,14.18,13.15,2.11,11.35,2.47,6.64,1.07,6.98,0.99,21.93,1.5
58.48,13.97,5.53,0.076,2.17,2.82,1.53,2.43,1.02,0.11,361,12,13,111,25,25,38,15,101,146,40,553,28,119,20,59,2.49,1.34,3.96,111.65,212.1,23.71,91.41,2.52,17.12,15.41,2.38,11.51,2.25,5.65,0.87,5.67,0.81,19.66,1.5
63.49,12.11,4.5,0.074,1.67,3.27,1.55,2.14,0.84,0.1,386,13,12,86,24,26,32,15,88,156,34,491,19,104,16,49,2.31,1.27,2.19,64.93,126.24,14.12,54.86,1.77,10.51,9.71,1.54,8.18,1.7,4.53,0.71,4.54,0.65,14.09,1.5
61.04,13.66,6.06,0.089,2.14,3.23,1.35,2.19,0.92,0.1,376,14,13,112,19,25,46,18,88,154,31,465,19,119,23,66,2.1,1.28,2.08,63.21,122.63,13.91,54.49,1.85,10.5,9.74,1.58,8.76,1.85,5.08,0.81,5.18,0.72,13.05,3
63.1,11.84,4.55,0.073,1.94,2.55,1.68,2.06,0.83,0.09,366,12,11,84,24,15,31,16,79,153,32,505,18,102,13,46,1.95,1.27,1.81,72.86,143.73,16.33,60.85,1.89,12.21,11.15,1.75,9.26,1.91,5.12,0.81,5.18,0.73,16.5,1.5
64.6,11.55,4.77,0.077,1.79,2.41,1.59,2.09,0.84,0.1,375,11,11,92,21,19,31,14,80,147,30,440,18,100,18,54,1.81,1.23,1.84,62.65,122.2,13.75,50.47,1.77,10.26,9.35,1.46,7.82,1.59,4.33,0.68,4.39,0.61,12.75,1.5
59.78,11.58,4.57,0.072,2.3,6.28,2.85,1.85,0.93,0.14,361,11,13,93,27,23,31,13,71,378,36,550,17,106,10,45,1.79,1.16,2.28,80.35,152.93,16.78,65.27,1.99,12.23,11.17,1.77,9.2,1.88,5.07,0.78,5.04,0.71,16.97,5
63.38,10.83,4.36,0.073,1.75,4.63,1.6,1.8,0.86,0.12,354,17,10,101,20,15,14,5,70,197,30,446,15,101,11,47,1.89,1.16,1.65,60.3,115.87,12.91,51.02,1.72,9.65,8.98,1.41,7.48,1.58,4.21,0.69,4.48,0.65,17.52,1.5
64.88,11.8,4.5,0.089,1.64,1.86,1.21,2.12,0.82,0.1,370,18,9,99,32,18,13,3,89,133,36,539,16,100,15,50,2.1,1.43,1.61,82.42,159.92,17.6,67.59,1.91,12.5,11.46,1.74,8.94,1.84,4.88,0.8,5.13,0.74,17.4,1.5
64.85,12.55,5.17,0.088,1.7,1.73,0.96,2.19,0.91,0.08,445,20,9,117,30,17,20,2,98,120,34,554,17,122,19,57,2.06,1.3,1.88,81.13,153.87,17.1,66.26,2.07,12.2,11.21,1.72,8.93,1.86,4.91,0.79,5.03,0.72,16.55,1.5
60.61,13.07,5.26,0.072,2.05,2.34,0.89,2.5,0.82,0.1,412,21,10,105,44,17,16,1,125,136,43,513,16,113,13,61,2.42,1.43,2.95,124.27,229.66,30.23,98.87,2.74,17.71,15.82,2.3,11.27,2.2,5.55,0.87,5.46,0.77,15.92,1.5
61.2,13.67,4.99,0.084,1.95,1.6,0.98,2.96,0.72,0.1,465,21,9,95,40,21,14,1,128,128,42,378,14,89,18,63,2.38,1.51,2.03,112.24,221,26.43,89.04,2.52,15.76,14.07,2.07,10.4,2.09,5.41,0.85,5.22,0.73,11.48,1.5
60.71,12.46,6.52,0.091,2.36,3.28,1.47,2.17,1.11,0.17,450,14,13,111,18,24,43,15,85,144,35,500,36,109,24,71,2.24,1.19,2.87,59.48,119.39,13.66,47.89,2.14,10.82,10.11,1.65,8.81,1.89,4.97,0.79,5.17,0.73,15.39,1.5
59.37,14.33,6.14,0.069,2.46,2.03,1.23,2.84,0.94,0.11,405,17,12,115,29,23,43,19,127,130,39,479,16,119,27,82,2.2,1.32,2.11,119.79,224.78,25.11,96.99,2.32,17.91,16,2.39,11.35,2.17,5.33,0.8,5.16,0.73,16.29,1.5
61.68,12.43,5.13,0.074,2.04,3.21,1.11,2.23,0.95,0.09,364,15,13,102,30,23,36,15,93,142,37,606,21,121,21,55,1.89,1.26,2.36,119.54,224.65,25.3,97.78,2.37,17.98,15.97,2.44,11.73,2.27,5.74,0.88,5.78,0.82,19.69,1.5
65.46,9.96,4.26,0.078,1.48,4.51,1.79,1.72,1.01,0.1,372,11,11,82,42,23,26,13,65,175,42,852,19,112,9,39,1.63,1.32,2.24,134.42,250.3,28.19,109.37,2.51,20.04,18.02,2.74,13.65,2.64,6.87,1.06,6.79,0.97,25.67,1.5
60.8,15.02,6.34,0.082,2.63,1.88,1.55,2.42,0.83,0.09,343,16,13,112,25,22,50,18,122,127,39,346,14,128,29,79,2.18,1.61,3.15,113.61,216.32,24.18,92.55,2.27,16.94,15.39,2.34,11.65,2.27,5.83,0.88,5.41,0.75,9.43,1.5
61.73,13.99,5.936,0.08,2.39,1.84,1.37,2.49,0.85,0.09,360,19,12,102,34,22,44,15,117,136,37,361,14,127,26,71,2.28,1.57,3.17,113.74,213.1,23.64,90.43,2.18,16.18,14.51,2.15,10.36,1.9,4.71,0.7,4.39,0.6,9.97,1.5
65.22,12.13,4.78,0.075,1.63,1.82,1.24,2.24,0.87,0.09,403,13,12,93,25,32,35,15,97,132,34,502,17,114,22,58,1.71,1.28,1.94,77.83,149.1,16.72,64.48,1.84,12.01,10.92,1.69,8.68,1.73,4.66,0.73,4.55,0.64,13.19,1.5
61.15,11.77,5.79,0.087,2.45,3.75,1.56,1.97,1.03,0.16,385,16,13,111,20,23,45,17,81,179,35,508,29,132,19,58,1.91,1.2,3.73,64.55,127.11,14.52,52.98,2.11,11.26,10.63,1.73,9.6,2.03,5.65,0.91,5.75,0.82,15.91,4
63.76,11.2,4.54,0.078,1.81,3.49,1.22,1.97,0.87,0.1,420,11,12,84,33,20,34,13,81,157,35,579,17,110,16,49,1.93,1.32,2.76,110.16,206.8,23.03,88.37,2.27,16.12,14.45,2.19,11.03,2.15,5.65,0.89,5.58,0.78,17.21,3
61.65,13.38,5.34,0.071,2.09,2.15,0.86,2.55,0.83,0.12,387,21,10,114,35,23,20,3,129,146,40,466,17,110,24,74,2.21,1.42,2.91,108.05,206.1,25.53,87,2.38,15.75,14.5,2.17,11.01,2.21,5.82,0.89,5.7,0.8,14.04,1.5
64.25,11.97,4.56,0.079,1.56,1.69,1,2.11,0.83,0.07,385,19,9,105,32,19,15,2,96,119,35,512,16,89,14,52,1.88,1.31,2.87,83.23,161.93,17.59,68.04,1.96,12.3,11.28,1.71,8.92,1.84,4.92,0.77,4.95,0.71,16.9,1.5
58.9,14.57,6.43,0.092,2.36,1.85,1,2.59,0.85,0.08,387,22,10,123,54,20,20,6,138,100,46,449,18,107,20,74,2.14,1.64,3.47,209.17,390.42,44.9,167.54,3.8,25.72,23.57,3.47,17.6,3.57,8.22,1.38,7.53,1.17,14.05,1.5
59.92,14.42,5.55,0.062,2.15,2.39,1.03,2.84,0.69,0.07,456,23,10,101,27,20,19,1,156,129,35,256,14,89,22,72,2.42,1.42,3.48,76.5,144.03,15.51,60.49,1.78,10.68,9.66,1.42,7.05,1.39,3.6,0.55,3.45,0.48,7.88,1.5
62.18,10.66,4.88,0.072,2.08,4.64,1.32,1.85,0.91,0.13,346,11,14,103,24,14,33,14,66,162,32,583,19,118,13,48,1.69,1.14,2.32,59.41,112.78,13.05,51.62,1.71,10.06,9.15,1.46,7.82,1.65,4.43,0.72,4.69,0.67,18.22,1.5
57.79,13.47,6.03,0.073,2.5,2.55,1.11,2.53,0.94,0.09,390,17,12,113,30,19,38,14,104,129,37,459,19,131,24,67,1.83,1.34,2.59,131.97,255.66,27.54,105.88,2.52,18.29,15.34,2.55,11.04,2.03,5.44,0.81,5.19,0.72,16.84,1.5
60.26,12.89,5.45,0.072,2.35,2.76,1.33,2.31,0.9,0.1,375,14,13,108,29,22,40,14,100,134,37,498,18,125,21,63,1.81,1.25,2.2,94.23,177.66,19.91,76.21,1.98,13.91,12.46,1.88,9.49,1.87,4.83,0.74,4.83,0.69,13.5,1.5
59.89,13.59,5.62,0.074,2.29,2.94,1.13,2.47,0.83,0.11,441,15,13,103,38,22,41,16,117,149,42,497,18,112,25,69,1.97,1.37,3.22,114.08,201.77,22.62,86.46,2.13,16.04,14.8,2.28,11.25,2.22,5.67,0.87,5.51,0.77,13.43,1.5
60.95,13.94,5.97,0.089,2.12,1.83,0.84,2.4,0.88,0.09,396,15,13,110,39,24,48,17,120,111,41,451,17,123,30,65,2.26,1.53,2.95,131.23,253.02,25.77,108.8,2.3,18.08,16.6,2.57,12.8,2.56,6.58,1.01,6.41,0.89,13.51,1.5
64.81,12.55,4.91,0.08,1.93,1.82,1.2,2.2,0.84,0.1,366,9,12,93,31,27,38,15,100,129,36,526,18,120,23,57,2.33,1.4,4.53,90.56,177.04,20.45,79.15,2.04,14.72,13.33,2.05,10.07,1.99,5.17,0.8,5.15,0.74,15.8,1.5
62.01,13.61,5.51,0.073,2.06,1.82,1.09,2.7,0.84,0.09,469,15,12,97,29,24,40,17,123,133,38,498,19,113,21,61,1.99,1.34,2.08,107.44,191.23,21.4,81.79,2.05,15.12,13.75,2.1,10.47,2.07,5.36,0.83,5.34,0.76,15.78,1.5
61.12,14.35,6.41,0.089,2.22,1.9,1,2.47,0.94,0.09,525,15,12,114,17,27,53,18,129,126,35,399,20,130,34,71,2.13,1.27,2.51,72.02,134.02,14.76,57.04,1.8,10.81,9.82,1.54,8.06,1.66,4.41,0.7,4.48,0.64,12.07,4
63.45,12.64,4.9,0.079,1.76,2.13,1.02,2.18,0.86,0.08,449,11,12,97,25,22,38,15,100,131,33,482,20,109,18,47,2.15,1.25,2.19,75.05,139.33,15.52,59.76,1.8,11.15,9.97,1.56,8.11,1.68,4.45,0.7,4.64,0.66,14.67,12
63.02,13.6,5.34,0.077,1.84,1.51,0.82,2.36,0.9,0.08,437,20,9,120,36,20,20,1,118,109,38,569,18,120,22,61,2.04,1.33,2.63,99.7,192.09,23.31,80.52,2.12,14.46,13.37,2,10.22,2.06,5.5,0.85,5.48,0.78,13.58,1.5
58.78,13.6,6.27,0.102,2.18,2.53,0.97,2.34,1.02,0.1,395,20,11,128,67,20,19,4,106,126,46,582,17,106,23,62,1.66,1.57,1.93,212.44,394.96,49.47,168.47,3.07,28.14,25.41,3.63,17.6,3.32,8.49,1.29,8.17,1.13,15.93,1.5
57.31,14.51,7.01,0.103,2.17,2.06,1.14,2.7,1.12,0.12,412,21,11,131,135,23,17,6,120,117,71,852,19,87,18,70,1.97,1.86,2.7,507.72,954.99,101.73,400.74,7.25,59.75,56.38,7.69,33.11,5.61,12.89,1.79,11.01,1.47,20.76,1.5
60.43,13.54,6.54,0.141,1.9,2.39,1.312,2.42,0.92,0.09,400,14,11,90,74,29,35,15,98,123,59,389,18,77,17,64,2.11,1.88,3.06,290.52,580.2,56.09,213,4.17,38.28,34.41,5.37,27.1,5.5,13.22,2.17,12.57,1.85,12.83,1.5
56.34,12.69,6.55,0.087,3.61,4.21,1.2,2.33,0.97,0.15,351,17,15,127,16,18,56,17,101,136,39,449,21,161,29,77,2.3,1.24,2.93,74.85,145.31,16.72,60.28,1.97,12.41,11.63,1.87,10.04,2.09,5.42,0.86,5.49,0.77,12.74,1.5
59.01,13.17,6.03,0.087,2.81,2.45,1.3,2.57,0.88,0.1,284,11,13,108,24,25,45,14,119,114,40,494,20,121,29,72,2.23,1.39,2.72,97.16,186.1,20.78,79.87,2.02,14.7,13.34,2.08,10.42,2.05,5.28,0.84,5.51,0.77,14.48,1.5
57.51,13.16,7.02,0.092,3.15,3.32,1.53,2.09,1,0.09,309,14,14,134,20,23,65,21,92,135,33,430,16,178,29,76,1.85,1.19,2.21,61.11,129.93,14.74,49.61,1.9,11,10.25,1.66,8.76,1.83,4.91,0.78,5.08,0.73,13.2,1.5
57.75,13.86,7.56,0.098,2.91,3.45,1.34,2.13,1.22,0.11,391,11,17,136,21,18,56,24,94,125,37,563,32,149,29,78,1.81,1.32,2.73,81.72,156.2,17.45,68.84,2.28,13.45,12.66,2.06,11.15,2.37,6.45,1.04,6.79,0.98,16.25,1.5
60.1,15.26,6.41,0.085,2.22,1.44,0.88,2.77,0.86,0.07,405,18,13,115,42,23,47,20,145,100,41,379,17,102,32,72,2.45,1.63,3.15,164.48,300.66,32.6,123.56,2.47,22.25,20.07,3,14.06,2.62,6.46,0.96,6.08,0.85,10.76,1.5
61.66,14.01,5.43,0.078,2.11,1.81,1.04,2.64,0.83,0.08,504,17,11,97,35,23,38,15,129,136,36,500,17,100,15,61,2.01,1.36,2.38,105.5,199.66,21.76,82.41,2.02,14.55,12.8,1.89,8.98,1.73,4.5,0.7,4.58,0.66,13.95,1.5
61.29,14.87,5.77,0.068,2.18,1.52,1.11,2.92,0.8,0.07,493,19,13,102,33,22,43,16,153,127,40,447,19,107,21,70,2.29,1.44,2.21,126.69,226.52,25.19,96.24,2.13,17.32,15.2,2.3,11.13,2.15,5.42,0.83,5.35,0.75,13.58,1.5
60.09,14.61,6.12,0.077,2.26,1.57,1.02,2.8,0.88,0.09,437,16,14,110,58,26,44,18,138,126,47,582,17,130,32,70,2.04,1.56,2.22,170.84,328.12,36.24,138.86,2.68,24.88,22.15,3.3,15.41,2.86,6.94,1.02,6.5,0.91,18.45,1.5
61.23,14.32,5.78,0.074,2.16,2.05,1.64,2.63,0.95,0.09,483,19,12,105,68,23,38,16,120,152,44,597,21,114,26,61,2.08,1.37,1.79,132.56,267.78,29.12,110.85,2.41,19.99,17.81,2.71,13.43,2.65,6.83,1.06,6.79,0.97,18.6,1.5
61.09,14.24,5.71,0.079,2.05,1.57,0.8,2.46,0.84,0.09,444,23,10,117,31,21,23,3,133,114,37,427,19,105,26,68,2.08,1.32,2.43,91.69,176.29,19.77,72.77,1.98,12.95,11.87,1.76,9.01,1.83,4.84,0.75,4.85,0.67,11.29,1.5
53.39,13.31,9.07,0.127,3.26,4.72,1.67,1.42,1.72,0.11,423,8,9,104,31,17,5,5,54,182,41,504,20,129,5,77,1.47,1.45,2.16,246.43,458.13,55.25,56.24,3.56,30.13,27.06,3.68,16.81,3.1,7.77,1.17,7.39,1.02,13.2,1.5
59.85,13.09,6.92,0.119,1.83,1.32,1.03,2.45,0.98,0.09,419,19,10,116,119,24,13,7,97,93,58,626,14,64,23,62,1.25,1.97,1.16,465.77,879.1,107.37,365.2,4.92,57.85,51.6,6.85,28.8,4.86,11.46,1.67,10.41,1.43,18.37,1.5
58.4,14.82,5.78,0.074,2.08,1.77,0.99,2.8,0.87,0.09,400,22,10,111,60,19,17,2,34,114,46,346,16,93,31,66,2.3,1.62,2.03,228.28,428.59,53.33,167.9,3.39,30.93,27.24,3.78,17.12,3.06,7.19,1.04,6.37,0.88,9.1,1.5
62.31,10.42,4.63,0.064,2.02,6.35,1.9,1.19,0.93,0.11,262,14,14,85,14,18,30,9,61,157,28,414,16,101,15,46,1.79,1.39,2.95,49.16,95.92,10.47,40.83,7.73,1.42,7.15,1.14,6.32,1.39,3.78,0.61,4,0.57,10.74,1.5
59.87,12.66,6.69,0.1,2.66,5.17,1.98,1.24,0.99,0.08,305,16,14,131,13,25,46,16,75,105,28,305,15,117,40,45,1.86,1.56,3.77,49.16,94.23,10.38,40.32,7.52,1.45,6.89,1.07,5.78,1.24,3.31,0.53,3.39,0.48,9.18,1.5
59.99,12.15,5.44,0.074,2.79,4.66,0.56,1.62,0.8,0.09,346,16,13,98,14,23,49,15,106,157,32,298,15,120,35,74,2.11,1.51,3.12,43.4,83.34,9.38,36.19,6.86,1.32,6.29,1.01,5.59,1.22,3.33,0.53,3.44,0.49,8.99,1.5
61.33,11.25,5.09,0.067,2.51,4.74,0.63,1.42,0.82,0.11,293,14,14,95,13,19,40,17,89,175,29,305,16,100,36,65,2.16,1.74,2.76,37.78,75.85,8.57,33.24,6.32,1.21,5.83,0.94,5.21,1.14,3.13,0.5,3.27,0.47,9.23,1.5
65.71,10.22,4.77,0.078,1.76,4.43,0.66,1.35,0.98,0.07,351,14,16,92,17,17,36,12,71,269,28,463,19,102,22,47,1.78,1.4,3.02,56.98,108.64,12.03,46.39,8.56,1.44,7.51,1.16,6.2,1.33,3.65,0.59,3.86,0.56,12.24,1.5
64.12,10.67,5.11,0.071,1.91,3.36,1.03,1.29,1.23,0.07,267,13,14,100,15,17,30,17,59,117,27,380,16,96,28,45,1.76,1.3,2.41,51.21,97.03,10.9,42.32,8,1.48,7.42,1.17,6.42,1.37,3.73,0.6,3.86,0.55,10.76,3
62.91,12.23,5.96,0.093,2.36,3.71,0.94,1.73,1.06,0.06,301,16,14,106,14,22,40,17,87,105,28,271,15,110,33,62,1.85,1.41,2.98,45.73,89.45,10.02,38.89,7.47,1.38,6.98,1.12,6.15,1.31,3.59,0.57,3.65,0.52,8.2,1.5
58.77,12.72,6.11,0.087,2.5,5.99,1.04,1.85,1.08,0.08,382,18,18,133,13,24,39,18,78,136,29,298,17,106,30,67,1.82,1.26,2.74,41.94,84.93,9.6,37.51,7.3,1.52,7.16,1.2,7.08,1.62,4.55,0.73,4.7,0.66,9.49,1.5
60.28,10.42,7.45,0.113,2.14,7.38,2.13,0.98,1.86,0.06,280,15,15,172,11,26,32,20,32,150,25,366,13,107,22,97,1.18,1.23,3.7,41.75,83.49,9.62,37.77,7.53,1.58,7.6,1.26,7.29,1.61,4.41,0.71,4.61,0.65,11.54,1.5
60.44,11.47,5.87,0.072,2.02,6.03,1.23,1.51,1.43,0.07,320,16,13,130,16,22,32,15,56,126,23,321,13,89,26,49,1.59,1.17,2.24,64.74,111.02,12.45,47.74,8.89,1.59,8.18,1.24,6.57,1.38,3.74,0.59,3.85,0.55,10.63,1.5
64.04,9.68,4.32,0.065,1.55,4.18,0.84,1.43,1.03,0.08,245,13,12,90,18,26,31,13,58,107,29,501,16,90,18,63,1.61,1.2,2.29,57.2,109.51,12.33,47.5,8.76,1.46,7.9,1.23,6.74,1.46,4.04,0.66,4.32,0.62,15.44,3
65.76,10.16,3.94,0.075,1.66,3.08,1.18,1.53,0.98,0.09,281,15,11,87,23,25,30,12,67,125,32,613,20,94,17,45,1.84,1.28,2.41,70.58,133.71,15.03,58.92,10.69,1.77,9.93,1.6,8.91,1.96,5.53,0.9,5.86,0.85,17.09,5
59.21,9.5,4.8,0.073,2.12,8.98,0.65,1.26,1.09,0.08,358,15,14,103,16,21,39,13,67,269,29,433,16,83,20,47,1.7,1.31,2.53,58.71,108.9,12.36,48.02,8.91,1.54,8.09,1.25,6.87,1.5,4.15,0.66,4.33,0.62,13.26,3
65.3,11.05,4.92,0.085,2.36,3.31,1.32,2.03,0.8,0.21,402,15,12,82,14,25,38,12,94,187,30,372,16,99,26,70,2.08,1.33,3.67,48.23,90.69,10.41,40.57,7.6,1.49,7.18,1.12,6.04,1.3,3.5,0.58,3.68,0.53,11.97,1.5
66.36,10.3,4.67,0.102,2,3.69,1.38,1.65,0.85,0.17,366,14,12,87,15,28,35,14,77,155,29,405,14,94,21,60,2.17,1.53,3.51,51.45,97.27,11.29,44.45,8.42,1.58,8.01,1.27,7.04,1.56,4.38,0.72,4.8,0.69,14.17,1.5
65.33,9.88,5.26,0.088,2.15,6.28,1.77,1.36,0.9,0.11,265,16,14,98,13,24,37,12,63,211,31,402,20,101,28,64,1.72,2.28,4.09,46.04,78.66,10.33,40.28,7.48,1.37,6.48,1.13,6.09,1.34,3.75,0.6,3.81,0.53,10.17,3
58.24,12.34,5.13,0.056,2.87,5.15,0.54,1.6,0.79,0.09,392,16,16,95,12,22,49,16,98,180,29,278,14,108,30,64,2.17,1.66,2.61,41.8,79.36,8.81,34,6.37,1.21,5.82,0.91,5.08,1.11,3.02,0.49,3.22,0.46,9.18,1.5
62.74,11.79,5.19,0.088,2.12,4.2,0.64,1.67,0.92,0.08,379,15,12,93,17,20,41,14,83,142,31,433,14,109,20,56,2.15,1.49,2.86,57.97,109.2,12.35,47.83,8.87,1.54,8.02,1.25,6.8,1.46,3.97,0.63,4.12,0.59,12.64,3
65.39,8.9,3.72,0.068,1.48,3.78,0.87,1.3,0.83,0.08,247,13,10,75,16,17,28,10,58,113,29,440,16,85,17,45,1.41,1.27,2.51,53.05,100.39,11.35,44.04,8.08,1.39,7.48,1.16,6.14,1.31,3.6,0.58,3.83,0.55,13.11,4
67.73,10.06,5.1,0.084,2.01,4.58,1.42,1.37,1.05,0.1,306,13,13,88,15,19,30,13,64,121,28,396,17,113,22,56,1.65,1.22,2.78,54.87,96,10.98,42.6,8.01,1.45,7.61,1.21,6.53,1.41,3.82,0.61,3.93,0.57,10.92,1.5
64.83,11.83,5.48,0.086,1.94,4.11,1.03,2.02,1.02,0.09,376,16,14,102,18,24,39,15,95,126,23,348,15,102,28,60,1.9,1.32,3.16,55.24,105.97,12.02,46.59,8.77,1.59,8.14,1.28,6.74,1.42,3.79,0.6,3.86,0.55,9.59,1.5
61.57,10.11,4.6,0.06,1.5,10.9,1.7,1.33,0.88,0.05,364,16,16,104,13,17,26,13,44,163,25,337,12,74,20,39,1.35,1.01,2.01,38.63,73.95,8.79,34.34,6.65,1.43,6.42,1.03,5.75,1.24,3.37,0.54,3.5,0.5,10.27,1.5
68.13,9.45,4.75,0.101,1.39,4.24,0.99,1.42,0.97,0.09,383,13,13,87,19,23,29,12,61,149,28,477,15,87,20,47,1.63,1.23,2.28,57.14,108.55,12.18,47.15,8.78,1.54,8.27,1.31,7.04,1.51,4.13,0.66,4.31,0.63,12.64,1.5
66.55,9.81,4.19,0.074,1.61,5.03,1.14,1.41,0.92,0.09,336,12,12,78,21,22,29,10,69,160,30,497,16,90,16,47,1.69,1.19,3.31,60.79,115.35,13.03,50.38,9.35,1.61,8.74,1.37,7.2,1.54,4.2,0.68,4.42,0.64,17.58,1.5
69.85,11.03,4.59,0.087,1.62,1.85,1.14,1.69,0.87,0.07,354,14,13,86,18,24,39,14,83,119,30,436,16,99,21,51,1.88,1.19,3.22,53.04,100.81,11.21,43.43,8.16,1.56,7.79,1.23,6.78,1.47,4.07,0.66,4.29,0.61,13.31,1.5
64.57,10.57,3.87,0.063,1.76,3.13,1.29,1.75,0.72,0.11,347,16,13,83,14,26,28,11,73,195,27,363,17,75,17,51,1.53,1.06,2.83,48.07,93.38,10.14,39.46,7.49,1.54,7,1.1,5.93,1.28,3.49,0.57,3.69,0.52,9.69,4
60.92,11.4,5.59,0.091,2.4,3.55,1.42,1.81,1.12,0.09,361,15,15,110,18,19,35,15,75,148,33,461,19,126,17,57,2.03,1.53,3.48,73.43,141.13,16.02,62.05,11.65,2.03,11.01,1.74,9.44,2.06,5.68,0.92,5.99,0.85,18.5,1.5
65.42,11.83,5.14,0.086,2.02,2.45,1.6,2.03,0.87,0.11,406,15,13,90,15,25,36,12,87,156,31,395,16,102,21,63,2.22,1.4,3.54,57.72,110.36,12.66,49.25,9.4,1.72,9.01,1.41,7.61,1.64,4.44,0.71,4.63,0.65,13.36,1.5
68.91,9.85,6.25,0.13,1.47,2.91,1.65,1.59,1.28,0.11,330,15,13,130,26,24,34,15,57,146,35,793,22,129,16,53,2.04,1.48,4.02,90.26,175.39,19.82,77.58,14.64,2.4,12.92,2.18,11.61,2.54,7.05,1.15,6.6,1.09,22.89,1.5
67.21,10.65,5.08,0.091,1.96,3.57,1.48,2.03,0.86,0.11,400,16,12,91,15,24,31,14,79,182,30,385,17,101,23,70,1.9,1.53,2.91,47.4,89.89,10.36,40.67,7.82,1.5,7.43,1.21,6.78,1.48,4.1,0.67,4.26,0.61,11.12,1.5
66.66,10.29,5.14,0.104,2.04,3.91,0.9,1.74,0.87,0.08,327,14,10,90,16,22,33,13,69,128,26,380,15,103,24,68,1.65,1.89,2.68,49.3,93.91,10.09,42,7.94,1.44,7.48,1.18,6.42,1.37,3.77,0.6,3.9,0.56,11.43,1.5
69.94,8.71,4.47,0.063,1.5,4.97,1.01,1.36,0.85,0.11,285,12,10,78,17,20,28,11,57,144,25,450,13,84,17,45,1.66,1.2,3.03,55.24,105.62,11.79,45.47,8.44,1.42,7.8,1.21,6.35,1.33,3.61,0.59,3.79,0.55,12.76,1.5
62.47,12.35,5.83,0.061,2.57,3.9,0.81,1.84,0.94,0.09,393,16,16,102,15,17,45,16,92,159,28,293,15,108,27,60,1.97,1.25,2.92,39.8,83.04,9.3,36.27,6.99,1.38,6.67,1.06,5.91,1.27,3.45,0.56,3.52,0.5,8.48,1.5
64.23,10.5,4.5,0.058,1.76,6.86,1.39,1.63,0.98,0.08,285,14,12,86,19,23,31,13,71,96,30,310,14,96,20,50,1.74,1.3,2.79,70.17,128.51,14.58,57.93,10.17,1.65,9.02,1.43,7.49,1.56,4.16,0.66,4.16,0.59,9.64,1.5
65.81,11.38,5.1,0.087,1.85,4.65,1.25,1.44,0.9,0.08,346,15,15,102,15,20,37,15,61,147,26,310,12,105,24,43,1.5,1.12,2.23,32.82,74.97,8.35,32.69,6.46,1.46,6.37,1.06,6.04,1.33,3.65,0.58,3.72,0.53,9.63,5
61.13,12.3,6.61,0.107,2.41,5.17,0.97,1.39,0.9,0.08,347,16,20,123,15,21,43,20,73,143,27,300,12,102,27,55,1.68,1.18,2.65,35.19,78.47,8.81,34.47,6.7,1.41,6.54,1.06,5.87,1.29,3.49,0.56,3.53,0.5,8.48,1.5
64.17,10.33,4.57,0.067,1.99,6.53,1,1.42,0.8,0.1,317,14,15,85,16,20,37,12,71,161,28,362,14,92,19,56,1.8,1.12,2.72,49.52,92.45,10.65,41.55,7.91,1.46,7.44,1.16,6.19,1.33,3.6,0.58,3.76,0.54,11.94,1.5
64.83,10.16,4.79,0.07,1.81,6.3,1.26,1.43,0.99,0.09,343,14,14,98,14,24,34,16,67,142,30,352,14,81,23,66,1.7,1.03,2.4,45.51,85.35,9.63,37.42,7.16,1.41,7.06,1.12,6.14,1.35,3.68,0.6,3.86,0.54,11.79,1.5
64.5,10.37,4.55,0.066,1.94,6.56,0.97,1.41,0.8,0.1,344,17,13,74,23,28,32,15,71,166,28,366,15,91,22,52,1.95,0.9,2.8,42.3,77.79,8.8,33.03,6.16,1.15,5.71,0.92,4.97,1.08,3.03,0.5,3.27,0.48,8.44,5
64.13,11.63,5.76,0.101,2.09,4.2,1.44,1.28,1.2,0.07,330,15,17,103,18,26,40,16,70,114,34,482,22,121,24,53,1.91,1.43,3.67,63.2,120.88,13.63,52.79,9.89,1.69,9.13,1.43,7.72,1.67,4.6,0.73,4.82,0.69,14.72,1.5
63.24,11.74,5.37,0.087,2.24,4.55,1.22,1.68,0.86,0.1,358,16,17,98,15,28,44,13,88,158,32,393,16,108,30,61,2.02,1.29,3.23,49.29,94.72,10.77,42,8.01,1.51,7.4,1.17,6.39,1.36,3.75,0.6,3.89,0.55,12.5,1.5
65.89,11.23,5.77,0.095,1.88,4.05,1.21,1.61,0.97,0.1,330,14,14,100,18,23,40,17,78,135,33,462,17,102,24,58,1.98,1.36,4.06,57.4,110.36,12.49,48.65,9.26,1.65,8.65,1.39,7.56,1.65,4.53,0.73,4.72,0.67,14.37,3
65.69,11.53,4.68,0.078,1.97,2.54,1.47,2.08,0.81,0.13,384,15,12,84,16,25,35,13,85,169,28,386,15,97,22,59,1.98,1.32,3.1,43.32,88.69,10.14,39.6,7.68,1.46,7.16,1.14,6.25,1.34,3.64,0.59,3.85,0.55,12.02,4
69.72,9.18,4.95,0.08,1.48,6.74,2.31,1.36,0.93,0.09,335,14,13,97,13,19,29,10,54,167,26,382,14,105,17,46,1.66,1.42,3.26,45.97,83.38,9.81,38.27,7.33,1.33,6.83,1.1,5.87,1.28,3.47,0.56,3.69,0.52,10.7,1.5
64.89,10.5,5.47,0.085,1.84,4.56,1.14,1.78,0.9,0.16,308,15,12,97,18,23,38,14,74,128,29,481,15,101,22,63,1.73,1.21,4.38,53.19,101.15,11.54,44.92,8.53,1.48,8.02,1.28,6.75,1.44,3.96,0.63,4.19,0.6,13.31,1.5
67.87,10.84,5.04,0.062,1.53,3.4,1.07,1.45,0.94,0.08,288,14,10,88,20,19,35,14,68,88,28,450,16,91,19,42,1.66,1.14,3.81,54.97,106.64,12.03,46.58,8.75,1.45,7.92,1.23,6.44,1.36,3.71,0.58,3.84,0.55,11.74,1.5
69.58,10.98,4.93,0.089,1.83,2.33,1.38,1.7,0.92,0.08,347,15,10,89,18,22,36,17,81,102,28,310,15,105,25,54,1.89,1.3,2.84,44.24,94.51,10.7,41.67,7.93,1.48,7.36,1.18,6.31,1.34,3.62,0.57,3.69,0.52,8.1,1.5
60.82,12.03,6.58,0.085,2.54,5.57,1.15,1.36,1.12,0.09,344,16,19,138,13,21,38,17,57,148,26,288,12,105,30,66,1.39,1.07,2.19,32.91,68.39,7.85,31.42,6.46,1.48,6.11,1.07,6.08,1.33,3.63,0.56,3.66,0.51,7.27,4
65.07,10.35,3.7,0.055,1.61,7.9,2.23,1.41,0.8,0.11,330,15,18,93,13,19,20,11,44,215,26,439,15,71,17,35,1.44,1,2.14,38.44,74.4,8.73,34.54,6.96,1.46,6.76,1.13,6.32,1.38,3.76,0.61,3.89,0.55,11.85,1.5
65.03,10,5.42,0.066,2.14,4.7,0.65,1.43,0.8,0.08,274,14,14,95,13,23,38,13,79,113,26,282,12,81,29,74,1.66,1.22,3.01,36.8,72.46,8.32,32.34,6.19,1.17,5.86,0.94,5.18,1.11,3.05,0.49,3.17,0.45,9.35,1.5
56.98,9.47,3.76,0.048,1.84,13.11,1.26,1.22,0.68,0.06,308,14,14,92,15,23,27,9,55,184,29,371,12,76,18,41,1.36,0.86,2.17,47.05,87.22,10.02,38.61,7.23,1.38,6.77,1.06,5.75,1.24,3.39,0.55,3.59,0.51,12.87,1.5
63.95,11.94,5.27,0.061,2.42,3.07,0.65,1.51,0.86,0.1,348,16,18,97,14,21,45,14,91,161,30,338,15,109,28,56,1.85,1.15,2.99,45.39,83.02,9.04,35.25,6.82,1.32,6.39,1.03,5.58,1.19,3.27,0.53,3.41,0.49,9.79,4
66.69,9.18,5.35,0.115,1.64,5.49,1.01,1.38,1.33,0.08,305,13,15,107,18,23,33,15,56,119,32,588,19,108,19,49,1.66,1.42,2.46,64.65,125.61,14.2,55.32,10.52,1.67,9.8,1.57,8.48,1.84,5.05,0.82,5.37,0.77,16.52,1.5
67.17,11.44,5.36,0.106,1.78,2.35,0.95,1.85,0.99,0.08,347,15,14,93,18,27,39,14,82,119,32,471,16,115,27,58,2.04,1.44,2.8,59.63,115.46,13.15,51.34,9.59,1.66,8.85,1.4,7.56,1.61,4.41,0.71,4.59,0.65,13.26,3
65.25,12.2,5.66,0.082,1.94,2.82,0.99,1.6,1.05,0.08,307,14,16,96,18,21,37,16,74,100,31,435,20,104,30,54,2.03,1.36,3.21,58.7,113.63,12.84,49.67,9.33,1.66,8.8,1.41,7.7,1.66,4.56,0.73,4.7,0.66,12.71,3
68.44,10.64,4.8,0.062,1.83,2.99,1.57,1.3,0.78,0.06,260,14,11,85,14,18,29,10,65,109,25,334,14,97,31,57,1.66,1.64,3.11,35.63,71.17,8.36,32.39,6.19,1.17,5.85,0.96,5.35,1.17,3.3,0.53,3.45,0.48,9.07,1.5
64.18,11.72,5.43,0.081,2.34,3.64,0.81,1.75,0.85,0.1,317,16,12,98,18,30,45,15,87,122,27,339,16,114,36,77,1.9,1.73,2.83,50.87,92.18,10.67,41.5,7.83,1.38,7.3,1.15,6.15,1.31,3.61,0.57,3.71,0.53,9.45,4
68,10.47,4.73,0.082,1.38,4.15,1.15,1.69,0.88,0.08,328,14,12,90,17,26,35,11,76,129,29,432,18,101,23,52,1.76,1.35,2.53,49.5,103.47,11.86,46.2,8.73,1.55,8.09,1.28,6.88,1.47,4.05,0.65,4.16,0.59,11.55,6
67.7,11.16,5.04,0.093,1.97,3.45,1.82,2.03,0.96,0.17,430,15,12,91,16,23,32,13,77,161,32,420,17,95,18,64,2.04,1.34,3.53,46.05,93.96,11.12,43.94,8.63,1.65,8.23,1.34,7.39,1.62,4.46,0.72,4.62,0.64,11.88,1.5
64.9,10.05,5.36,0.114,1.89,4.72,1.31,1.73,1.24,0.14,404,15,12,108,22,26,33,15,64,168,36,574,21,101,17,55,1.9,1.5,3.49,76.9,149.56,17.44,68.43,13.31,2.27,12.51,2.02,11.13,2.44,6.82,1.1,7.09,1,17.22,1.5
63.31,11.38,5.37,0.084,2.03,5.22,1.18,1.82,0.87,0.09,414,15,16,101,14,23,37,16,81,142,28,317,14,103,22,58,1.83,1.2,2.56,37.12,85.82,9.96,38.8,7.47,1.44,7.01,1.13,6.16,1.33,3.69,0.59,3.78,0.54,10.18,1.5
63.71,12.6,5.45,0.074,2.08,4.51,1.39,1.37,0.85,0.07,337,17,17,122,12,18,36,16,58,179,24,269,12,113,24,44,1.41,1.06,1.75,25.87,61.94,7.18,29.01,6.13,1.52,6.09,1.02,5.83,1.28,3.5,0.55,3.49,0.49,7.64,1.5
62.2,10.88,4.66,0.05,2.04,8.55,1.22,1.59,0.81,0.08,350,14,15,96,13,21,36,12,72,165,26,294,12,91,24,53,1.66,1.02,2.16,30.25,68.46,8.04,31.27,6.11,1.25,5.77,0.95,5.22,1.13,3.11,0.5,3.21,0.46,9.1,1.5
65.59,9.77,5.65,0.128,1.69,6.05,0.93,1.16,1.62,0.08,371,14,14,116,23,25,37,13,54,137,34,656,21,104,20,49,1.57,1.39,2.85,78.63,154.48,17.46,68.04,12.93,2.01,12,1.89,10.09,2.14,5.9,0.94,6.13,0.87,18.82,1.5
66.83,10.76,4.55,0.088,1.94,4.59,1.4,1.41,0.94,0.1,358,15,16,94,17,25,34,16,63,172,30,479,14,110,21,44,1.65,1.16,2.85,53.03,111.32,12.78,50.27,9.62,1.74,9.1,1.43,7.69,1.63,4.39,0.69,4.48,0.65,14.57,1.5
62.28,12.49,6.32,0.119,2.28,2.73,1.05,2.53,1.04,0.08,340,15,13,102,15,20,32,15,98,92,33,356,19,101,46,68,2.4,2.4,4.17,50.52,97.87,11.61,44.89,8.52,1.59,7.46,1.32,7.16,1.58,4.32,0.68,4.37,0.62,11.45,1.5
64.19,13.44,5.88,0.092,1.95,1.76,0.82,2.43,0.96,0.08,398,18,13,112,19,31,45,17,117,103,36,433,24,112,40,68,2.44,2.11,4.45,59.53,122.07,13.52,51.66,9.64,1.66,8.11,1.37,6.92,1.49,4.06,0.62,4.04,0.58,11.98,1.5
60.16,11.92,5.36,0.09,2.07,4.68,0.77,2.04,1.11,0.09,386,16,15,105,22,22,36,15,83,158,42,585,26,113,29,57,2.05,2.13,3.33,79.1,159.61,17.56,68.49,12.42,1.95,10.76,1.83,9.6,2.1,5.79,0.92,5.85,0.83,17.22,1.5
66.95,10.05,5.85,0.125,1.34,3.57,1.57,1.17,1.51,0.08,268,14,12,114,30,23,30,12,48,151,41,930,31,122,26,55,1.83,2.56,3.13,125.09,231.23,25.37,96.43,17.55,2.38,15.03,2.49,12.72,2.67,7.41,1.14,7.37,1.03,24.37,1.5
58.78,11.3,4.81,0.071,2.26,7.11,1.54,1.59,0.88,0.1,290,16,14,93,15,28,37,13,74,192,37,450,23,119,25,56,1.86,1.51,3.11,69.03,132.47,15.31,59.81,11.16,1.82,10.47,1.66,9.21,1.97,5.34,0.86,5.58,0.79,16.02,1.5
63.81,10.94,5.25,0.108,2.08,5,0.86,1.36,0.87,0.07,260,14,13,86,13,23,40,13,79,108,28,254,18,95,32,79,1.67,2.18,2.31,42.27,88.74,10.79,42.11,7.82,1.39,7.18,1.12,5.96,1.25,3.29,0.52,3.39,0.48,7.57,1.5
62.07,11.55,5.73,0.083,2.61,5.83,1.84,1.11,0.92,0.09,261,16,13,103,14,20,38,12,59,153,29,299,22,119,25,54,1.81,1.49,3.75,48.1,97.13,11.2,43.47,8.21,1.44,7.65,1.22,6.63,1.4,3.76,0.6,3.88,0.55,9.18,1.5
62.53,11.15,4.96,0.079,2.24,6.91,1.36,1.44,0.99,0.08,313,14,13,85,18,23,35,15,77,140,35,328,25,84,29,51,2.09,2.04,3.46,70.55,131.44,15.17,58.74,10.98,1.74,8.04,1.51,8.01,1.65,4.57,0.72,4.62,0.66,10.03,1.5
66.51,10.99,4.83,0.088,1.78,2.57,1.57,2.07,0.92,0.1,368,15,13,88,17,26,34,12,86,169,35,494,25,104,17,58,2.07,1.93,3.23,55.94,105.58,12.44,48.42,9.3,1.68,6.86,1.34,7.76,1.69,4.67,0.76,4.91,0.71,15.6,1.5
64.96,10.83,5.23,0.091,1.78,4.67,1.44,1.5,0.99,0.12,314,16,16,108,15,21,35,15,62,176,31,441,23,101,21,47,1.64,1.88,2.74,52.74,97.39,11.42,44.83,8.64,1.64,6.38,1.3,7.58,1.65,4.5,0.73,4.8,0.67,13.74,1.5
65.67,11.16,5.11,0.077,2.07,4.52,0.93,1.45,0.89,0.09,345,15,13,105,15,21,39,14,71,170,30,374,14,102,24,55,1.66,1.19,2.49,42.11,80.91,10.44,41.25,8.03,1.54,7.05,1.21,6.56,1.39,3.75,0.6,3.88,0.55,11.3,1.5
67.36,9.61,4.21,0.081,1.68,5.85,1.34,1.48,0.9,0.08,378,13,14,83,18,21,29,11,59,182,32,507,17,96,16,43,1.67,1.17,2.52,55.34,112.23,12.76,49.74,9.44,1.58,8.77,1.38,7.26,1.52,4.11,0.65,4.29,0.61,15.41,1.5
58.29,12.84,6.97,0.073,2.64,5.75,0.61,1.41,1.17,0.16,409,17,17,124,11,19,44,20,77,156,25,250,14,104,29,66,1.86,1.09,2.48,32.25,76.45,8.96,36.14,7.22,1.56,6.98,1.11,6.1,1.3,3.51,0.54,3.51,0.5,7.83,1.5
65.44,10.51,6.73,0.106,2.3,2.27,0.8,1.99,1.22,0.05,285,17,14,117,18,29,36,19,78,66,31,454,22,94,46,82,2.1,2.6,3.03,68.16,135.37,15.03,58,10.84,1.87,9.42,1.56,7.71,1.59,4.35,0.68,4.24,0.62,12.96,1.5
62.48,13.18,6.34,0.096,2.24,2.87,1.18,2.34,0.97,0.08,339,18,12,105,14,28,39,20,102,103,33,327,18,98,30,93,3.02,2.33,4.21,44.15,77.06,9.89,38.11,7.26,1.37,6.37,1.16,6.38,1.39,3.94,0.63,3.95,0.56,8.34,1.5
68.19,11.25,5.51,0.105,1.7,3.77,1.32,1.82,1.06,0.1,388,16,13,90,19,26,37,14,81,178,38,547,25,112,22,75,2.84,2.14,3.82,70.11,144.41,15.75,60.73,11.23,1.82,9.66,1.67,8.68,1.88,5.13,0.8,5.15,0.72,13.42,1.5
67.35,10.28,5.01,0.1,1.65,3.77,1.47,1.64,1.06,0.1,336,14,14,85,22,22,28,13,66,177,39,623,25,101,15,65,2.6,2.1,5.45,85.52,171.14,18.98,72.54,13.52,2.03,11.76,1.98,10.31,2.23,6.17,0.98,6.19,0.86,17.33,1.5
67.58,10.35,4.71,0.075,1.78,3.56,1.25,1.37,0.98,0.08,267,14,15,80,18,21,32,13,70,142,31,419,25,96,24,51,1.81,1.92,2.76,63.57,118.66,13.58,52.3,9.75,1.53,7.01,1.35,7.51,1.58,4.31,0.68,4.48,0.64,13.25,1.5
61.98,11.52,5.3,0.071,2.45,4.83,0.65,1.52,0.88,0.09,316,14,13,98,16,21,42,14,96,158,34,338,22,100,30,58,1.79,1.92,2.86,53.52,103.46,11.61,45.07,8.54,1.44,6.04,1.19,6.67,1.42,3.79,0.61,3.89,0.56,10.82,1.5
63.05,11.04,5.4,0.089,2.28,5.96,0.78,1.51,0.91,0.1,318,14,14,93,17,27,45,12,84,177,33,444,24,111,26,62,1.89,1.89,3.45,58.55,110.72,12.58,48.88,9.1,1.46,6.47,1.3,7.28,1.55,4.21,0.67,4.4,0.63,14.13,1.5
62.02,9.56,4.41,0.071,1.78,9.72,0.93,1.42,0.82,0.08,292,13,12,82,14,27,31,12,69,128,32,338,20,84,17,64,1.62,1.55,2.52,50.52,89.98,10.76,42.3,7.95,1.38,5.58,1.1,6.3,1.32,3.59,0.57,3.71,0.53,11.07,1.5
69.87,10.73,4.67,0.103,1.52,2.05,1.34,1.78,0.86,0.08,364,14,12,87,19,26,35,15,83,140,33,485,24,103,21,54,1.84,1.62,2.61,57.25,106.62,12.21,47.74,8.99,1.55,6.4,1.27,7.23,1.56,4.29,0.68,4.47,0.64,13.49,1.5
65.48,10.54,5.98,0.104,1.75,4.87,1.34,1.76,1.2,0.11,366,16,13,112,29,27,39,13,78,175,40,807,28,134,22,54,1.86,2.06,2.06,101.49,190.84,22.29,82.29,16.03,2.25,11,2.08,11.2,2.34,6.29,1.01,6.6,0.9,24.38,1.5
64.1,11.75,5.44,0.085,2.21,4.03,0.75,1.58,0.94,0.09,370,15,18,105,14,21,42,14,71,159,29,365,13,108,22,54,1.75,1.21,2.75,40.12,95.75,10.89,42.92,8.48,1.53,8.01,1.28,6.91,1.49,4.03,0.65,4.19,0.61,11.26,1.5
67.91,10.84,4.24,0.078,1.71,3.37,1.33,1.52,0.74,0.07,380,13,14,80,12,21,31,12,61,160,24,301,10,94,18,41,1.72,1.14,2.16,44.02,80.69,9.22,36.09,7.01,1.34,6.59,1.05,5.71,1.22,3.34,0.53,3.42,0.49,8.98,1.5
68.02,10.77,3.71,0.067,1.4,6.68,2.78,1.54,0.87,0.1,443,14,13,72,16,22,20,10,46,228,26,437,15,82,11,34,1.64,1.02,2.17,40.33,86.5,10.01,39.08,7.48,1.43,7.05,1.13,6.16,1.32,3.61,0.58,3.8,0.54,12.96,1.5
62.81,11.05,6.99,0.092,2.86,3.5,1.01,2.43,1.02,0.07,342,14,13,105,15,27,46,17,104,72,35,285,19,107,37,92,2.29,2.63,3.62,51.25,97.93,11.35,43.96,8.29,1.52,7.2,1.25,6.56,1.42,3.96,0.63,3.94,0.57,11.31,1.5
64.84,11.06,5.9,0.091,2,2.85,1.04,2.28,1,0.08,355,15,15,107,12,26,34,17,85,100,29,365,20,100,29,73,2.22,2.28,2.12,47.31,79.42,10.39,40.22,7.62,1.42,6.67,1.18,6.4,1.37,3.77,0.6,3.86,0.53,10.74,1.5
67.3,10.42,4.62,0.091,1.56,3.41,1.7,1.84,0.88,0.07,332,14,11,78,20,23,25,12,66,143,37,505,20,97,15,61,2.4,2.17,1.91,78.76,151.6,17.08,65.86,12.22,1.9,10.2,1.74,8.88,1.86,5.15,0.79,5.02,0.71,14.65,1.5
67.28,10.11,4.17,0.079,1.49,4.48,1.64,1.56,1.09,0.09,326,14,13,83,30,25,26,11,65,147,50,723,28,107,16,52,2.35,1.92,3.58,138.19,228.95,25.3,96.74,17.43,2.37,14.62,2.41,12.19,2.53,6.94,1.07,6.78,0.98,21.83,1.5
63.34,13.23,5.88,0.058,2.44,2.87,1.37,2.06,0.86,0.08,300,18,13,101,16,21,41,16,113,151,33,238,18,116,27,79,2.63,1.98,3.75,49.69,87.16,10.52,41.21,7.69,1.41,5.39,1.08,6.18,1.29,3.4,0.56,3.46,0.5,7.81,1.5
58.37,12.15,5.59,0.066,2.83,6.67,0.59,1.62,0.86,0.1,366,15,13,99,15,21,50,15,95,263,36,350,21,115,28,64,1.94,1.78,3.02,52.74,94.74,11.36,44.15,8.28,1.37,5.68,1.19,7,1.54,4.18,0.68,4.36,0.64,11.16,1.5
62.12,10.88,5.66,0.231,2.12,5.43,0.66,1.52,0.92,0.08,284,14,15,98,15,47,40,16,79,115,32,390,20,112,31,121,1.56,2.37,2.93,62.56,116.31,13.13,51.13,9.53,1.48,6.52,1.31,7.63,1.62,4.4,0.72,4.7,0.68,13.97,1.5
64.05,9.01,4.56,0.106,1.83,7.3,1.1,1.18,0.84,0.07,234,13,10,84,11,26,31,14,57,134,26,261,19,76,28,69,1.71,1.94,1.92,45.19,89.12,9.88,38.64,7.22,1.24,4.97,1.02,5.84,1.27,3.41,0.56,3.55,0.52,8.38,1.5
61.87,10.87,5.56,0.105,2.33,7.03,1.26,1.25,0.82,0.09,265,15,12,96,14,21,38,15,76,167,30,283,20,105,44,55,1.61,1.9,2.57,47.16,93.47,9.89,38.89,7.34,1.35,5.54,1.07,5.91,1.28,3.5,0.55,3.59,0.51,7.98,1.5
67.49,10.85,5.62,0.118,1.84,3.71,1.51,1.81,1.12,0.12,362,15,14,107,22,26,38,13,76,160,39,645,27,111,23,58,1.76,1.96,3.35,94.89,167.77,18.35,71.69,13.48,2.15,10.2,1.93,10.36,2.22,6.18,0.97,6.36,0.92,16.98,1.5
63.78,11.01,5.38,0.079,2.13,5.98,0.85,1.55,0.99,0.1,359,15,16,103,14,21,40,13,74,166,30,364,16,104,22,57,1.68,1.23,2.62,45.17,92.21,10.8,42.72,8.36,1.58,8.02,1.3,7.14,1.54,4.2,0.66,4.37,0.62,11.29,1.5
64,12.53,5.82,0.107,2.1,3.71,1.25,1.34,0.99,0.07,382,15,17,111,15,19,38,19,61,144,27,409,13,110,23,47,1.61,1.17,2.35,58.75,103.55,11.83,46.48,8.94,1.72,8.45,1.32,7.19,1.53,4.11,0.65,4.22,0.59,11.56,1.5
71.08,9.62,3.87,0.085,1.29,3.73,1.91,1.62,0.9,0.08,353,13,11,81,19,22,25,11,54,170,29,525,15,90,11,44,1.77,1.21,2.37,50.23,106.27,12.1,47.22,9.05,1.57,8.53,1.36,7.5,1.63,4.51,0.72,4.74,0.68,16.77,1.5
62.48,11.56,7.09,0.141,2.69,4.32,1.11,2.05,1.39,0.12,398,17,17,124,35,30,36,19,89,118,49,678,28,103,31,86,2.72,3.16,2.46,202.42,332.09,36.55,138.06,24.72,3.14,20.44,3.13,14.08,2.76,7.36,1.06,6.83,0.95,19.71,1.5
64.12,9.05,4.98,0.169,3,5.51,0.85,2,0.64,0.09,394,11,11,75,13,24,26,10,84,118,29,275,17,74,22,60,1.77,2.18,1.66,40.68,66.43,8.71,33.58,6.19,1.15,5.45,0.98,5.46,1.19,3.3,0.51,3.29,0.45,8.2,1.5
65.5,12.38,5.34,0.096,1.95,3.11,1.71,2.1,0.96,0.1,362,17,12,81,30,25,31,11,88,141,43,585,26,114,19,89,3.05,2.38,2.7,109.43,199.46,22.29,85.51,15.38,2.24,13.06,2.16,11.12,2.29,6.29,0.95,6.04,0.87,16.36,1.5
61.77,14.42,6,0.083,2.11,2.35,0.77,2.48,0.86,0.09,442,18,15,96,21,26,48,16,135,119,42,366,24,116,31,73,3.07,2.16,3.07,67.84,133.66,14.69,56.91,10.57,1.75,9.16,1.59,8.41,1.78,4.84,0.75,4.63,0.65,10.06,3
62.4,13.17,6.29,0.092,2.4,2.4,0.93,2.16,1.02,0.1,349,19,17,110,27,25,47,22,112,106,44,456,25,129,32,78,2.8,2.68,5.57,100.65,195,21.71,84.03,15.23,2.3,12.75,2.2,11.1,2.37,6.5,0.99,6.35,0.88,12.99,1.5
61.56,13.21,5.73,0.066,2.44,2.94,0.86,1.92,0.92,0.08,323,17,16,104,17,20,43,15,97,157,34,359,24,115,28,68,2.2,2.31,3.52,61.54,118.5,13.25,51.78,9.49,1.64,7.89,1.37,7.07,1.5,4.12,0.62,4.05,0.56,9.23,1.5
62.88,11.67,5.21,0.174,2.14,2.98,1.03,1.56,0.87,0.07,286,15,14,97,16,36,37,14,78,110,31,350,22,113,35,76,1.89,2.58,3.11,44.55,93.73,10.38,40.56,7.62,1.37,6.35,1.13,5.97,1.27,3.56,0.55,3.61,0.5,8.92,1.5
64.62,11.25,5.83,0.217,2.07,2.12,0.68,1.66,0.82,0.07,275,15,14,97,15,50,45,17,99,95,30,318,21,109,45,96,2,2.65,2.9,38.65,85.75,9.6,37.76,7.08,1.35,5.93,1.09,5.91,1.29,3.58,0.56,3.61,0.51,7.36,1.5
62.45,11.19,5.69,0.11,1.92,5.18,2.86,1.18,1.13,0.07,271,14,14,116,18,22,35,14,62,105,31,474,22,113,55,47,1.47,2.47,3.34,77.94,146.69,16.59,64.36,11.61,1.67,9.5,1.64,8.07,1.69,4.67,0.73,4.78,0.67,12.51,1.5
64.89,12.31,4.07,0.071,2.79,7.72,5.08,1.25,0.84,0.1,273,16,15,92,12,21,34,13,68,191,31,295,20,144,23,48,1.85,1.9,3.43,37.28,76.12,9.28,36.58,6.86,1.34,5.61,1.01,5.35,1.14,3.16,0.48,3.12,0.44,7.97,1.5
63.47,10.74,5.56,0.099,2.19,5.51,1.5,1.86,1.08,0.15,391,16,13,108,17,24,34,16,69,176,36,483,19,97,18,57,2,1.35,3.18,57.83,120.49,14.34,54.56,11.11,1.99,10.47,1.69,9.25,1.98,5.45,0.88,5.66,0.8,16.8,1.5
64.39,11.81,5.75,0.091,2.1,4.21,1.2,1.18,0.97,0.08,316,16,19,111,13,19,38,14,59,148,27,362,15,123,22,47,1.41,1.15,2.27,48.39,90.02,10.42,41.44,8.15,1.62,7.61,1.22,6.71,1.44,3.87,0.6,3.93,0.57,12.11,1.5
65.98,12.29,5.07,0.081,1.9,3.64,1.81,1.51,0.86,0.08,388,17,19,104,13,24,29,13,54,207,27,335,11,106,20,50,1.51,1.16,2.03,35.15,77.77,9.03,36.22,7.29,1.62,6.83,1.13,6.37,1.39,3.77,0.61,3.99,0.57,11.38,1.5
63.9,10.62,5.28,0.114,1.66,6.11,1.63,1.72,1.1,0.09,339,14,12,90,38,26,33,17,62,190,49,760,26,110,13,56,2.72,2.58,2.01,193.16,294.9,34.69,135.7,22.74,3,19.03,3.04,14.73,3.04,8.38,1.25,7.99,1.13,24.38,1.5
62.58,10.52,5.39,0.091,2.34,5.58,1.65,1.86,0.98,0.07,311,14,13,102,15,32,31,16,68,132,33,385,19,92,51,68,2.09,2.18,1.72,53.61,86.47,11.31,43.68,8.16,1.45,7.07,1.25,6.78,1.47,4.09,0.63,4.09,0.58,11.72,1.5
58.23,15.46,6.52,0.078,2.72,3.52,1.53,2.74,0.96,0.14,390,21,15,98,20,23,39,18,118,131,40,317,23,101,24,96,3.82,2.6,3.96,80.29,155.69,17.07,65.8,11.71,1.9,10,1.66,8.42,1.76,4.8,0.72,4.5,0.63,9.59,3
63.81,14.45,5.67,0.079,1.88,2.13,1.47,2.68,0.77,0.08,401,18,13,80,35,30,37,13,131,129,55,346,21,97,28,84,4.73,2.52,2.99,162.72,263.02,28.88,109.83,19.9,2.7,17.09,2.86,14.56,3.07,8.34,1.26,7.94,1.07,9.71,1.5
63.07,14.94,5.33,0.07,2.19,2.06,2.14,2.54,0.76,0.09,371,20,13,92,26,33,39,16,130,143,17,363,22,104,29,86,3.41,2.39,4,100.48,195.96,21.74,83.82,15.07,2.26,12.44,2.13,10.7,2.2,6,0.89,5.61,0.78,9.45,1.5
64.35,13.1,6.35,0.093,2.13,3.77,1.31,2.2,1.11,0.09,368,16,17,93,30,21,34,16,100,168,45,476,20,105,27,100,2.83,2.53,3.36,119.1,212.15,23.41,88.82,16.03,2.34,13.72,2.3,11.52,2.39,6.53,0.99,6.23,0.87,12.75,1.5
64.09,11.53,9.06,0.087,1.77,4.7,1.87,1.24,1.61,0.08,250,17,14,171,22,25,33,17,53,222,33,381,22,146,30,98,2.18,3.56,3.67,109.38,200.97,22.33,84.87,15.23,2.11,12.83,2.05,9.85,1.96,5.25,0.76,4.73,0.65,11.16,1.5
70.714,9.26,5.02,0.093,1.85,4.51,1.05,1.3,0.73,0.07,195,15,17,88,12,26,31,10,76,313,28,263,20,90,52,96,1.64,2.92,3.93,31.1,60.99,7.55,29.71,5.63,1.1,4.84,0.92,5.25,1.19,3.27,0.49,3.09,0.42,6.01,1.5
56.48,11.37,5.6,0.133,2.72,7.87,1.44,1.3,0.86,0.06,232,16,12,93,11,38,35,14,67,128,25,216,19,92,44,77,1.69,2.61,2.28,30.13,58.57,7.39,28.94,5.4,1.08,4.58,0.84,4.68,1.03,2.82,0.44,2.83,0.39,6.06,1.5
66.66,10.98,5.35,0.119,1.51,5.49,2.1,1.47,1.09,0.1,304,15,15,91,35,30,29,13,64,150,47,529,25,93,25,61,2.07,2.53,2.96,136.78,245.74,27.55,106.26,19.04,2.44,15.74,2.65,12.73,2.59,7.12,1.03,6.6,0.91,14.09,1.5
66.35,10.38,4.8,0.094,1.52,6.59,2.7,1.5,1.15,0.09,354,14,12,89,28,22,25,11,59,217,37,523,22,86,13,49,1.86,1.42,3.71,99.86,190.4,21.81,84.91,15.84,2.28,14.02,2.2,11.66,2.42,6.48,1.02,6.55,0.93,16.63,1.5
66.73,11.56,5.66,0.103,2.03,3.78,1.67,2.03,1.07,0.11,395,15,15,103,19,23,35,16,85,159,34,418,16,103,20,65,2.05,1.35,5.07,63.3,121.33,14.16,55.22,10.58,1.79,9.59,1.53,8.46,1.8,4.88,0.79,5.1,0.72,12.12,1.5
70.83,9.83,4.45,0.084,1.38,3.94,1.57,1.74,0.89,0.09,390,13,12,78,16,19,26,10,62,157,30,442,15,101,14,42,1.69,1.19,2.18,48.37,95.95,11.13,43.72,8.48,1.52,7.67,1.23,6.85,1.45,3.98,0.64,4.18,0.6,12.73,1.5
69.85,10.52,5.36,0.137,1.3,3.8,1.95,1.76,1.14,0.12,394,13,13,79,53,30,25,11,63,180,59,703,25,82,14,47,2.26,2.72,1.93,210.73,372.54,40.08,143.33,25.64,3.38,21.88,3.13,14.73,2.95,7.63,1.27,7.62,1.14,19.19,1.5
64.9,12.11,5.21,0.085,2.02,2.47,1.48,2.23,0.93,0.07,384,17,13,93,24,30,30,15,87,118,40,528,27,105,34,62,2.8,2.36,2.25,95.85,186.99,20.68,78.85,14.4,2.09,12.25,2.02,10.25,2.14,5.9,0.89,5.8,0.81,15.39,3
61.04,13.7,6.82,0.123,2.34,4.07,1.88,2.13,1.34,0.09,368,20,15,121,34,26,34,19,75,146,47,711,34,114,23,87,3.18,3.18,3.37,215.52,336,36.56,136.19,23.34,3.22,20.09,3.07,14.48,2.88,7.82,1.15,7.33,1.02,21.86,5
59.55,12.38,5.93,0.102,1.9,8.62,2.2,1.7,1.2,0.1,308,19,15,107,39,30,30,14,67,221,56,712,23,93,19,82,3.34,2.76,2.42,207.71,322.61,35.66,136.41,24.23,3.11,20.9,3.28,15.89,3.2,8.64,1.29,8.04,1.11,19.9,4
64.92,12.69,4.6,0.081,1.82,2.26,1.89,2.16,0.96,0.1,342,16,12,77,33,26,31,12,83,138,52,604,27,91,17,66,2.96,2.28,3.01,161.48,253.16,27.91,106.28,19.21,2.72,16.89,2.8,15.08,3.26,9.14,1.39,8.81,1.23,16.87,1.5
62.52,13.96,6.23,0.092,2.07,4.27,2.1,2.02,1.01,0.11,319,21,13,94,34,27,33,15,87,149,51,394,22,96,26,104,3.65,2.84,2.8,179.47,284.23,31.36,118.13,21.63,3.1,18.74,3.06,15.72,3.28,8.94,1.34,8.33,1.15,10.84,1.5
65.95,12.33,7.07,0.121,1.86,4.3,1.8,1.71,1.49,0.11,326,17,16,119,30,22,32,19,68,158,46,528,24,114,22,83,2.4,2.84,2.08,148.49,241.31,26.97,102.55,18.58,2.71,16.17,2.62,13.19,2.74,7.48,1.12,7.18,1,14.98,1.5
63.83,10.7,5.53,0.126,1.98,5.23,1.38,1.44,1.03,0.09,230,17,16,99,25,33,28,15,62,287,45,457,26,102,31,90,2.08,3.49,3.76,121.76,220.16,24.68,94.55,16.87,2.13,14.12,2.46,12.62,2.67,7.4,1.13,7.12,0.99,12.78,1.5
60.7,12.65,5.27,0.129,2.16,4.26,6.19,1.52,0.93,0.09,240,16,13,84,21,27,28,18,70,187,38,395,24,102,23,80,2.46,2.81,2.7,76.54,140.88,15.84,61.36,11.2,1.77,9.3,1.63,8.28,1.73,4.76,0.72,4.69,0.67,10.09,1.5
65.27,12.31,5.47,0.113,1.84,2.54,1.79,1.81,1.01,0.1,297,17,12,88,22,28,35,14,76,126,38,456,26,110,52,73,2.19,2.45,3.68,87.4,159,17.84,68.76,12.53,1.86,10.42,1.8,9.2,1.94,5.35,0.8,5.18,0.72,11.09,1.5
59.91,13.3,4.06,0.059,1.5,5.04,2.31,1.58,1.06,0.07,250,16,12,82,23,17,22,9,57,88,32,418,19,82,16,36,2.01,1.25,5.27,74.21,140.06,16.07,62.5,11.82,1.94,10.86,1.77,9.9,2.11,5.65,0.91,5.79,0.83,14.48,1.5
61.63,11.1,5.97,0.113,1.93,8.13,2.23,1.42,1.38,0.1,293,13,14,107,22,28,23,15,56,121,36,535,18,77,20,69,1.78,1.28,3.68,76.66,145.81,16.77,65.06,12.45,1.98,11.45,1.87,10.6,2.3,6.34,1.03,6.75,0.97,17.28,1.5
64.45,11.62,6.06,0.101,2.04,3.35,1.46,1.79,1.12,0.13,374,14,16,114,19,20,33,16,68,167,30,558,18,124,21,59,1.74,1.3,2.53,65.56,128.04,14.97,58.91,11.53,1.97,10.65,1.74,9.77,2.1,5.74,0.91,5.98,0.86,16.17,1.5
61.46,14.27,8.49,0.137,2.08,3.24,1.43,2.17,2.1,0.17,408,20,19,150,36,26,41,20,92,129,54,564,53,103,29,85,2.61,3.21,3.26,214.7,340.48,37.84,145.21,26.92,3.83,23.33,3.74,18.88,3.85,10.44,1.55,9.5,1.33,16.61,1.5
61.08,15.18,7.09,0.122,2.08,2.65,1.79,2.5,1.22,0.13,363,19,13,101,47,34,34,16,104,146,62,519,34,98,13,81,3.72,3.2,2.98,288.49,444.88,48.39,183.89,33.22,4.03,27.93,4.26,19.58,3.77,9.92,1.38,8.51,1.19,14.62,1.5
65.01,14.08,5.53,0.105,1.73,3.63,2.44,2.06,0.96,0.1,371,17,12,76,43,29,28,11,78,176,48,486,25,78,19,66,3.56,2.66,2.46,220.98,342.11,37.26,139.45,24.97,3.21,21.4,3.19,14.56,2.72,7.41,1.07,6.65,0.93,13.68,1.5
63.54,14.67,5.42,0.072,2.04,2.51,1.81,2.94,0.8,0.07,410,20,16,91,28,27,35,14,115,138,39,369,21,97,25,72,3.55,2.39,3.27,115.51,207.71,22.72,86.4,15.45,2.29,13.07,1.97,8.83,1.68,4.54,0.64,4.11,0.56,9.87,1.5
63.23,13.7,4.42,0.072,1.55,5.31,2.34,2.58,0.69,0.1,415,17,12,61,33,32,25,13,121,191,51,354,21,71,22,58,4.3,2.15,2.61,128.87,226.36,24.8,93.6,17.21,2.44,14.86,2.39,11.92,2.43,6.64,0.96,6.12,0.84,9.65,1.5
69.22,11.13,4.89,0.097,1.4,3.29,1.62,1.94,0.97,0.08,393,13,12,77,29,24,26,12,73,159,45,520,26,95,16,56,2.28,2.15,1.93,113.15,207.37,22.85,87.21,15.73,2.28,13.85,2.24,11.52,2.4,6.49,0.99,6.25,0.89,13.68,1.5
68.68,11.93,5.34,0.089,1.52,3.3,1.77,1.9,0.94,0.1,342,16,12,78,29,21,26,14,74,171,41,439,22,90,16,75,2.8,2.35,1.92,112.54,207.86,23.08,88.4,16.09,2.36,13.72,2.2,11,2.26,6.24,0.94,5.93,0.81,11.78,1.5
63.19,13.1,5.58,0.074,2.4,3.52,2.19,1.83,1.05,0.11,291,18,16,100,26,23,32,26,78,203,39,405,24,100,26,88,2.84,2.59,3.95,107.83,187.01,21.15,80.87,14.9,2.22,12.56,2.12,10.52,2.18,5.87,0.86,5.61,0.76,11.16,1.5
66.89,11.24,5.3,0.098,1.99,3.19,1.44,1.79,0.99,0.08,330,15,12,89,22,23,33,9,82,172,36,459,25,117,26,69,2.13,2.34,3.47,68.13,143.47,16.12,61.91,11.52,1.76,9.59,1.62,8.23,1.68,4.69,0.71,4.58,0.64,13.74,1.5
68.21,12,6.93,0.19,1.29,2.06,2.93,1.02,1.68,0.07,206,15,13,104,31,23,27,16,42,83,35,683,35,117,38,71,1.82,2.82,5.08,120.96,220.51,24.15,92.45,16.7,2.29,13.94,2.26,10.9,2.22,6.05,0.89,5.77,0.81,18.26,1.5
64.2,12.15,7.98,0.186,1.78,3.5,3.08,0.85,2.88,0.08,242,17,14,156,85,30,31,19,29,84,72,1224,43,115,20,66,2.2,2.17,5.97,388.66,741.64,98.14,316.48,57.04,6.56,49.13,7.28,35.86,7.01,18.17,2.82,17.92,2.52,35.39,1.5
65.27,11.62,7.7,0.326,1.59,2.7,2.21,1.33,1.9,0.07,253,17,13,129,25,52,32,17,48,85,30,493,23,102,33,133,2.19,2.53,3.42,96.07,192.48,21.23,76.64,14.52,2.27,12.88,2.35,11.67,2.61,6.91,1.08,6.85,0.97,14.82,1.5
72.09,10.33,4.61,0.083,1.29,1.77,1.62,1.99,0.9,0.06,364,13,8,73,16,21,25,12,82,123,25,409,14,98,17,61,1.94,1.28,2.31,44.16,92.02,10.45,40.55,7.64,1.37,6.98,1.11,5.98,1.28,3.47,0.56,3.66,0.52,11.04,1.5
61.85,13.62,7.85,0.137,2.18,3.93,1.79,2.25,1.42,0.18,427,18,19,109,36,27,36,21,98,157,52,436,37,107,30,95,2.4,2.7,5.3,159.63,313.11,35.41,130.54,23.56,3.01,20.41,3.31,15.94,3.18,8.1,1.24,7.52,1.05,13.15,1.5
62.03,14.01,7.31,0.148,1.9,3.96,2.28,2.09,1.56,0.14,323,17,16,98,51,39,30,16,95,169,70,619,36,94,27,72,3.83,3.07,3.58,234.97,473.71,52.55,196.92,36.58,3.84,30.57,4.91,24.38,4.99,12.82,2,12.54,1.68,20.4,1.5
64.17,14.5,5.55,0.111,1.71,2.66,2.2,2.28,1.09,0.09,395,16,15,78,46,28,25,10,84,165,62,602,30,94,17,62,3.14,2.64,4.07,205.16,410.14,45.44,170.13,31.17,3.71,25.8,4.15,20.81,4.16,10.81,1.67,10.29,1.41,19.23,1.5
63.18,13.5,5.38,0.097,1.89,2.56,1.89,2.43,1,0.1,365,16,14,83,44,31,28,15,83,134,49,489,25,85,20,55,2.94,2.55,3.51,206.77,413.44,46.46,172.09,31,3.39,25.34,4,18.55,3.52,9.04,1.37,8.28,1.17,17.19,1.5
64.92,13.07,5.37,0.101,1.78,2.6,1.58,2.3,0.96,0.1,418,17,13,83,40,30,31,14,94,154,47,489,24,96,43,58,3.03,2.31,3.44,154.58,308.39,34.16,128.56,23.44,2.81,19.44,3.15,15.46,3.21,8.35,1.28,8.09,1.11,15.66,1.5
69.45,12.08,4.75,0.074,1.54,2.29,1.56,2.17,0.86,0.08,383,15,10,74,28,23,29,10,95,141,41,478,23,101,20,60,2.64,1.98,3.46,80.3,173.95,19.82,74.63,13.62,2.01,11.8,1.93,10.02,2.1,5.65,0.88,5.57,0.78,13.97,1.5
66.44,11.6,5,0.083,1.75,4.29,1.49,2.03,0.88,0.09,384,15,13,82,26,27,32,15,84,200,39,453,23,97,26,60,2.53,1.97,3.02,99.04,200.54,22.7,85.29,15.61,2.17,13.06,2.08,10.55,2.09,5.62,0.87,5.46,0.76,13.61,1.5
65.51,11.41,6.52,0.113,1.59,3.7,1.39,1.59,2.01,0.08,355,16,13,110,56,25,32,18,64,146,57,919,33,103,18,65,2.34,3.06,2.58,272.63,481.11,53.32,203.96,36.42,4.21,29.91,4.64,20.85,3.94,10.69,1.53,9.6,1.33,27.87,1.5
69.2,9.93,4.82,0.092,1.77,3.99,1.71,1.5,1.06,0.09,272,14,11,87,24,20,28,10,65,227,40,524,23,93,25,62,2.06,2.29,3.75,80.92,157.67,17.63,68.09,12.54,1.89,10.67,1.81,9.33,1.97,5.43,0.82,5.25,0.72,13.79,1.5
71.18,9.53,5.28,0.145,1.42,2.56,1.9,0.91,1.16,0.04,178,19,18,129,17,45,55,19,37,97,26,290,24,79,45,103,2.33,2.56,4.17,56.05,120.03,13.54,52.45,9.84,1.73,8.33,1.38,6.97,1.41,3.85,0.58,3.71,0.53,11.37,1.5
67.49,11.77,8.84,0.208,1.66,2.22,3.05,1.14,1.82,0.05,215,15,12,118,28,72,33,18,42,64,26,448,24,123,49,229,1.92,2.23,2.6,108.14,202.39,22.59,86.71,15.72,2.07,13.98,2.09,10.14,2,5.11,0.8,5.13,0.72,11.34,1.5
67,10.81,9.55,0.261,1.321,1.85,1.66,1.27,2.97,0.06,256,15,15,139,22,48,33,20,51,75,26,484,32,120,37,149,2.21,2.49,2.74,96.67,185.88,20.65,79.63,14.56,2.09,13.33,2.06,10.77,2.26,5.94,0.95,6.11,0.87,13.36,1.5
63.36,11.75,6.36,0.111,2.8,3.5,2.21,1.72,1.09,0.13,303,14,12,109,16,30,29,14,66,117,29,347,12,98,25,129,1.92,1.53,2.49,51.47,102.78,11.71,45.78,8.75,1.66,8.24,1.31,7.02,1.48,3.96,0.63,4.06,0.58,9.97,1.5
61.86,13.43,7.27,0.136,2.06,4.68,1.58,2.2,1.29,0.16,488,17,18,116,78,31,39,20,96,162,81,415,45,105,25,102,2.11,3.08,4.83,355.36,705.58,86.76,297.28,53.99,6.08,44.11,6.84,31.82,6.02,14.89,2.14,12.63,1.7,13.41,3
61.49,13.47,8.18,0.123,1.92,4.29,2.15,1.86,1.75,0.16,369,18,16,152,40,29,35,18,78,138,61,490,40,98,28,66,2.48,2.75,3.19,180.64,338.88,42.21,169.45,30.72,4.06,25.97,4.31,20.63,3.32,9.76,1.68,9.26,1.23,16.41,20
60.86,16.09,6,0.094,1.91,2.64,7.15,2.71,0.91,0.12,393,14,16,60,41,30,25,10,125,161,57,436,21,103,18,74,4.53,2.42,3.61,153.78,310.54,34.92,128.5,23.41,2.92,19.78,3.1,14.84,2.89,7.44,1.1,6.81,0.95,14.16,1.5
64.2,11.81,5.12,0.086,2.05,3.22,1.78,2.23,0.81,0.08,376,15,11,76,27,29,25,11,83,124,38,401,23,96,82,58,2.85,2.34,3.1,111.97,222.06,25.18,92.76,17.06,2.25,14.14,2.3,11.51,2.31,5.99,0.95,5.94,0.83,14.35,1.5
63.5,13.37,5.61,0.088,2.15,2.4,1.27,2.68,0.88,0.07,468,17,16,93,23,31,37,17,118,115,39,417,21,109,119,64,3.08,2.22,4.16,74.59,170.15,19.5,73.48,13.27,2.02,11.58,1.93,10.18,2.1,5.75,0.92,5.75,0.81,14.15,1.5
63.41,14.37,5.55,0.078,1.98,1.68,1.18,2.86,0.84,0.08,391,18,14,84,25,26,36,14,141,117,41,394,25,100,52,70,3.43,2.16,4.05,81.61,179.36,20.52,75.2,14.02,2,11.82,1.97,9.57,1.94,5.2,0.81,4.92,0.69,13.41,1.5
61.59,14.26,6.59,0.085,2.23,1.93,1.12,2.37,1.08,0.09,399,14,16,88,25,16,32,14,108,119,39,399,24,118,21,69,2.58,2.03,3.4,76.06,167.47,18.99,71.41,13.01,2.1,11.17,1.83,9.3,1.93,5.13,0.8,5.09,0.71,11.45,1.5
63.68,12.91,6.16,0.079,2.15,3.5,1.52,2.15,1.15,0.1,366,15,15,97,26,17,32,15,102,125,45,537,27,106,20,60,2.47,2.23,5.3,94.35,178.94,20.22,77.71,14.66,2.38,12.45,2.11,10.92,2.26,6.24,0.94,6.09,0.84,14.98,1.5
66.11,11.74,5.86,0.094,2.14,3.86,1.88,1.58,1.01,0.09,274,15,11,94,21,19,95,14,77,177,37,460,24,102,34,58,2.03,2.37,3.64,65.44,139.97,15.53,59.79,10.99,1.75,9.27,1.58,7.96,1.62,4.54,0.69,4.4,0.6,12.22,1.5
60.74,13.22,7.89,0.121,3.05,4.12,4.07,0.89,1.31,0.07,157,19,15,137,14,14,37,16,48,119,27,290,25,141,56,49,2.29,2.7,5.83,44.74,88.83,10.84,42.29,8.16,1.47,7.04,1.24,6.61,1.39,3.71,0.56,3.57,0.48,7.88,1.5
64.11,11.71,8.25,0.139,1.63,1.67,1.82,1.52,2.5,0.06,208,16,12,145,25,56,38,18,66,73,29,459,37,127,41,183,2.23,3.39,3.65,120.59,206.7,22.9,86.75,15.41,2.36,13.05,2.02,9.32,1.83,4.95,0.73,4.56,0.64,12.73,1.5
67.74,11.07,7.27,0.156,1.5,2.42,2.13,1.68,1.61,0.11,256,15,11,100,19,85,33,15,74,108,26,366,28,110,62,143,2.06,2.72,2.94,65.47,130.5,14.61,56.16,10.35,1.66,8.87,1.47,7.42,1.57,4.34,0.66,4.27,0.59,9.43,1.5
62.52,10.76,6.09,0.107,2.09,3.28,1.75,1.48,1.21,0.09,300,14,12,117,20,21,28,16,50,99,28,373,17,77,24,130,1.95,1.58,2.36,74.79,139.71,15.67,60.47,11.26,1.83,10.37,1.64,8.73,1.83,4.84,0.77,5.01,0.7,11.29,1.5
61.93,13.29,4.57,0.06,2.43,3.34,2.39,1.94,0.75,0.10,362,15,11,96,8,26,41,14,83,222,26,311,16,106,39,54,1.85,1.09,2.51,40.49,76.73,33.75,8.65,6.50,1.45,5.76,1.14,6.66,1.26,3.87,0.59,4.05,0.60,11.65,1
56.68,13.53,5.15,0.07,3.11,4.62,1.32,2.30,0.82,0.19,417,17,12,106,9,21,46,15,114,238,30,288,23,117,43,65,2.14,1.24,3.23,60.79,114.14,49.02,12.66,8.82,1.55,7.63,1.30,7.26,1.29,4.05,0.63,4.02,0.62,10.29,1
55.80,14.70,6.80,0.08,3.20,3.91,1.63,1.71,1.08,0.12,367,16,9,151,10,16,31,18,144,69,27,294,19,68,27,56,1.80,1.20,2.34,36.23,72.03,34.28,8.14,7.09,1.43,6.11,1.20,7.22,1.37,4.26,0.65,4.54,0.71,4.96,1
60.91,14.21,5.52,0.07,2.91,2.61,2.09,1.82,1.01,0.16,389,16,10,123,12,14,32,16,131,64,30,333,19,69,27,49,1.81,1.05,2.90,36.73,71.20,33.35,8.12,6.97,1.43,6.14,1.15,7.32,1.46,4.50,0.71,4.77,0.72,7.03,1
59.84,14.35,6.26,0.07,2.61,2.57,1.96,1.64,0.98,0.14,373,17,13,129,13,25,35,20,161,76,34,271,21,87,26,50,1.79,1.02,2.94,40.17,74.00,35.87,8.92,7.33,1.55,6.43,1.26,7.24,1.45,4.62,0.69,4.89,0.72,7.92,0.5
58.39,14.27,5.18,0.06,2.85,4.17,2.17,1.64,0.84,0.15,390,15,11,118,12,18,32,17,160,126,29,268,17,82,31,59,1.70,1.08,3.06,51.28,96.06,45.40,11.13,8.42,1.69,7.72,1.37,7.69,1.53,4.96,0.73,5.24,0.76,13.98,0.5
58.88,13.98,5.42,0.05,3.84,3.35,2.10,1.46,0.93,0.13,312,16,12,109,9,10,39,14,71,143,28,313,22,88,24,39,1.90,1.34,3.19,102.78,181.63,75.13,20.02,12.24,2.27,10.50,1.76,9.14,1.74,5.71,0.86,5.45,0.81,10.93,1
58.43,14.02,6.70,0.07,3.53,2.61,1.99,1.05,1.04,0.12,305,16,14,116,7,15,68,22,52,165,26,270,24,168,47,44,1.68,1.21,2.87,39.26,76.21,33.81,8.32,6.32,1.41,5.97,1.16,6.60,1.24,4.00,0.60,3.85,0.55,10.49,1
62.98,13.12,5.02,0.08,2.38,2.72,1.65,1.79,0.86,0.11,338,14,10,109,8,20,42,18,82,169,26,315,19,108,28,49,1.91,1.35,2.60,55.45,102.26,45.07,11.43,7.55,1.51,6.68,1.14,5.82,1.06,3.35,0.53,3.18,0.50,11.14,0.5
60.12,13.19,5.34,0.07,2.52,3.13,1.49,1.94,0.87,0.14,290,13,9,116,5,20,43,14,91,185,23,228,19,94,36,49,1.92,1.41,2.75,40.99,76.95,35.61,8.92,7.02,1.46,5.80,1.03,5.73,0.97,3.17,0.51,3.01,0.47,9.00,1
65.07,11.87,4.29,0.07,2.19,2.34,1.46,2.01,0.81,0.22,313,14,9,102,8,19,36,13,78,182,24,303,16,89,25,53,1.70,1.42,2.47,49.40,91.21,41.76,10.31,7.18,1.38,6.18,1.09,5.97,1.08,3.53,0.54,3.46,0.56,11.11,1
65.99,13.20,4.72,0.07,2.02,1.42,1.41,2.16,0.86,0.10,366,15,9,108,9,25,36,16,94,151,26,308,18,103,26,47,1.74,1.45,2.46,57.98,105.88,47.96,12.45,8.10,1.65,7.17,1.23,6.07,1.05,3.42,0.49,3.39,0.50,11.78,0.5
65.17,13.66,4.89,0.08,2.12,1.49,1.39,2.07,0.86,0.09,348,15,10,111,9,21,41,18,96,146,27,308,18,97,26,48,1.87,1.44,3.81,46.23,85.95,40.11,10.16,7.31,1.48,6.30,1.19,6.31,1.23,3.82,0.61,3.94,0.59,11.75,0.5
56.86,14.35,6.27,0.08,3.12,2.60,1.03,2.22,0.86,0.19,430,18,12,111,9,24,69,19,117,214,32,281,17,142,54,77,2.07,1.31,3.23,46.31,87.83,39.65,10.05,7.54,1.52,6.51,1.21,6.36,1.28,4.05,0.65,4.12,0.61,9.26,0.5
58.19,14.81,5.45,0.07,3.07,3.80,1.72,1.95,0.90,0.12,417,16,11,118,9,23,54,18,101,199,31,338,34,137,35,54,2.31,1.31,3.44,50.60,97.99,43.02,10.66,8.05,1.67,7.16,1.40,8.07,1.61,5.19,0.80,5.34,0.81,13.09,1
59.38,13.65,5.70,0.07,2.97,3.57,1.87,1.83,0.89,0.13,333,15,9,131,10,22,30,16,156,80,29,302,20,76,29,53,2.28,1.26,4.20,59.92,114.11,49.93,12.86,10.03,1.63,8.72,1.55,8.99,1.71,5.27,0.80,5.23,0.77,11.12,2
57.44,14.68,6.36,0.08,3.20,2.60,1.49,2.22,0.97,0.16,437,19,9,117,9,17,29,12,155,64,28,276,19,63,25,45,2.20,1.29,4.11,49.43,93.63,42.52,11.12,8.45,1.72,7.63,1.33,7.76,1.46,4.47,0.69,4.54,0.65,9.28,1
60.08,13.71,5.34,0.07,2.89,2.76,2.06,1.52,0.91,0.16,311,15,7,122,8,25,27,13,115,90,25,329,17,72,25,50,1.82,1.05,2.82,50.80,92.94,38.69,9.75,7.13,1.66,7.07,1.48,9.58,2.02,6.40,1.00,5.37,1.06,11.00,1
54.28,13.94,5.94,0.07,3.49,5.64,1.54,1.22,1.08,0.12,316,14,10,149,11,20,38,19,170,72,31,261,19,78,33,63,1.74,1.14,3.30,95.89,173.88,73.72,19.57,13.48,2.29,11.79,1.83,9.55,1.75,5.21,0.80,4.72,0.72,14.24,2
57.41,15.33,5.07,0.05,3.23,3.79,2.84,1.78,0.84,0.09,333,16,10,112,10,21,47,15,148,92,31,266,17,113,43,52,2.02,1.27,3.29,110.47,214.61,84.76,21.06,13.04,2.34,11.35,1.58,8.55,1.40,4.54,0.63,3.89,0.57,9.76,1
56.34,15.42,6.75,0.07,3.32,2.43,1.43,1.23,0.86,0.12,331,18,11,137,10,21,35,16,137,113,28,274,21,79,31,56,1.83,1.27,3.20,62.27,111.13,47.31,12.37,8.08,1.80,7.54,1.27,6.61,1.30,3.96,0.62,3.80,0.56,8.87,2
56.75,15.60,6.40,0.08,3.64,2.27,1.86,2.28,0.86,0.09,363,19,11,111,9,23,49,22,136,110,26,220,18,120,54,67,2.08,2.43,3.06,52.89,99.95,44.25,11.00,8.37,1.43,6.65,1.13,5.72,1.01,3.02,0.41,2.87,0.43,7.50,1
55.68,17.57,6.85,0.06,2.92,1.83,1.28,2.64,1.08,0.08,442,21,14,159,12,22,47,20,130,116,35,290,24,123,45,69,2.33,1.76,3.54,102.09,185.90,85.17,20.86,15.57,2.40,12.23,1.96,9.33,1.61,4.61,0.62,4.11,0.62,10.60,1
55.15,18.15,5.58,0.06,2.98,1.84,2.80,2.85,0.85,0.10,461,20,13,127,12,26,48,20,147,154,34,231,19,116,41,65,2.25,1.86,3.22,74.24,135.82,62.03,15.37,11.35,1.87,9.17,1.53,8.16,1.50,4.79,0.70,4.68,0.64,7.34,0.5
56.42,16.61,5.14,0.05,2.85,3.12,3.28,2.57,0.76,0.14,358,17,11,105,11,22,37,19,105,146,31,225,16,89,34,48,3.20,1.95,4.12,91.58,165.93,74.44,18.57,13.32,2.12,11.00,1.74,7.85,1.30,3.86,0.53,3.63,0.54,7.98,1
54.27,19.84,5.81,0.05,3.19,1.19,2.83,3.40,0.74,0.06,450,23,13,119,13,19,51,23,182,101,31,181,17,113,40,53,2.79,1.97,4.44,89.82,162.56,73.69,18.45,13.47,2.17,10.52,1.52,6.42,1.05,3.13,0.41,2.85,0.40,6.17,1
52.49,14.25,5.87,0.07,3.59,6.62,1.39,2.05,0.87,0.11,361,16,14,105,7,25,63,19,112,242,27,266,19,147,62,94,1.75,1.03,2.64,42.16,83.14,35.80,8.86,6.85,1.44,5.91,1.11,6.50,1.26,3.97,0.59,4.14,0.60,9.75,0.5
56.25,14.09,5.66,0.07,3.32,4.69,1.70,1.84,1.04,0.14,384,16,12,132,8,21,59,20,93,212,35,297,38,144,36,72,2.20,1.11,3.52,58.53,113.69,49.79,12.37,10.14,1.66,8.86,1.79,11.34,2.26,7.28,1.13,7.72,1.09,11.01,1
55.94,13.78,4.98,0.06,2.78,6.08,1.86,1.45,0.93,0.12,252,14,10,125,11,24,36,14,131,108,28,283,18,87,20,46,1.95,1.02,3.35,57.03,105.90,48.10,12.38,9.10,1.66,8.17,1.44,8.24,1.57,4.84,0.73,4.64,0.70,9.56,0.5
60.36,14.50,4.69,0.06,3.02,2.27,2.27,1.55,0.87,0.16,301,15,14,87,13,23,50,17,142,150,32,248,15,102,37,61,1.94,1.04,2.93,41.54,78.28,35.08,9.02,6.86,1.42,6.26,1.14,6.98,1.38,4.50,0.70,4.24,0.67,10.65,2
58.53,12.95,4.86,0.06,2.58,5.26,1.78,1.76,0.78,0.15,300,14,12,130,13,21,43,21,162,70,35,280,20,80,42,72,1.69,1.12,3.16,47.86,89.99,41.25,10.65,8.04,1.65,7.30,1.21,6.84,1.35,4.35,0.64,4.36,0.62,11.10,1
55.56,13.65,5.42,0.06,3.15,5.52,1.58,1.36,0.82,0.10,285,13,10,151,11,22,29,20,152,72,28,243,23,74,30,66,1.67,1.16,3.07,52.23,97.14,45.32,11.31,8.67,1.65,7.11,1.15,6.39,1.21,3.74,0.58,3.58,0.54,10.74,1
54.13,14.18,4.78,0.06,3.20,6.13,2.72,2.33,0.78,0.18,315,15,8,119,10,17,26,13,125,82,25,320,17,62,21,37,1.91,1.28,2.81,47.04,85.75,39.29,10.11,7.19,1.48,6.32,0.98,5.33,1.03,3.07,0.48,2.89,0.41,8.01,2
57.39,15.04,5.42,0.06,3.01,3.12,2.04,1.33,0.92,0.15,228,15,10,153,11,23,32,19,149,62,30,306,22,70,30,60,1.83,1.38,4.25,51.95,94.95,41.99,10.73,7.94,1.43,7.69,1.52,8.72,1.88,5.30,0.78,5.48,0.81,8.25,1
58.18,15.06,6.44,0.08,3.00,2.38,0.83,1.96,1.03,0.08,311,17,10,150,12,22,37,18,156,87,30,330,19,72,27,46,1.62,3.19,3.20,45.50,83.78,38.68,9.79,7.36,1.28,6.26,1.03,5.12,1.02,2.85,0.44,3.09,0.46,7.94,1
55.96,17.23,6.24,0.07,2.81,2.07,1.20,2.44,1.12,0.11,456,21,13,156,11,34,49,19,140,118,31,303,24,124,58,69,3.07,1.80,4.23,56.52,105.57,48.95,11.92,9.66,1.83,7.71,1.41,7.61,1.37,4.01,0.60,4.14,0.58,9.25,1
54.53,19.92,5.53,0.06,3.06,1.32,3.81,2.61,0.87,0.09,447,22,12,128,13,25,49,18,142,129,38,202,18,109,45,66,3.22,1.97,3.85,95.04,173.87,78.43,19.85,14.50,2.25,11.37,1.82,8.57,1.50,4.16,0.60,3.81,0.55,6.43,0.5
56.97,16.30,6.32,0.06,3.01,2.25,1.62,2.59,0.88,0.10,382,20,12,122,10,26,49,21,131,146,31,209,17,107,38,64,2.70,2.08,3.60,84.47,153.60,71.48,17.47,12.94,2.12,10.79,1.79,9.62,1.76,4.95,0.69,4.84,0.68,7.17,1
57.92,15.93,5.42,0.07,2.54,2.84,1.12,2.97,0.89,0.12,402,19,12,125,10,31,37,16,132,135,29,258,17,97,35,67,2.30,1.73,3.27,53.36,96.97,45.43,10.98,8.39,1.57,6.94,1.31,7.58,1.47,4.47,0.67,4.52,0.67,8.93,1
56.53,14.97,6.89,0.08,4.22,2.79,1.36,2.13,0.98,0.13,426,17,12,123,8,22,79,22,122,195,34,302,25,191,54,65,2.13,1.46,3.00,45.74,78.45,37.73,9.75,7.34,1.31,7.70,0.99,6.35,1.35,3.79,0.52,3.62,0.54,10.88,0.5
57.57,14.55,5.26,0.07,3.21,4.50,2.26,2.05,0.89,0.09,369,16,11,115,8,18,54,20,96,250,31,297,27,136,27,49,3.32,1.08,2.51,46.14,80.34,37.30,9.52,6.89,1.24,7.41,0.90,6.09,1.25,3.69,0.54,3.73,0.51,9.92,0.5
61.33,14.44,4.72,0.06,3.09,2.83,2.35,1.93,0.82,0.10,344,16,10,108,10,31,43,19,91,196,33,268,36,103,25,50,2.79,1.03,3.09,48.00,93.14,39.21,10.22,7.36,1.30,7.79,1.03,7.12,1.45,4.51,0.64,4.44,0.65,8.61,0.5
61.57,14.45,4.98,0.06,3.40,2.06,2.58,1.39,1.05,0.17,321,16,11,133,11,20,39,18,65,134,33,307,33,87,27,48,2.11,1.16,4.07,80.50,149.04,65.41,16.58,11.63,1.92,9.84,1.85,9.31,1.81,5.49,0.85,5.72,0.87,9.74,1
55.47,14.54,6.20,0.07,3.14,4.86,1.24,1.53,0.85,0.13,329,16,13,105,7,24,52,19,91,185,30,266,20,111,39,60,1.63,1.22,2.69,36.00,68.74,31.42,7.69,6.35,1.44,5.38,1.15,6.54,1.37,4.36,0.66,4.25,0.63,8.17,2
55.62,13.92,6.58,0.07,3.69,4.01,1.34,1.47,0.96,0.11,385,16,15,121,7,22,66,23,84,164,31,288,26,140,34,59,1.81,1.33,3.26,52.75,97.06,43.53,10.89,8.20,1.61,7.22,1.40,7.77,1.55,4.76,0.73,4.65,0.75,10.01,1
57.26,14.96,5.96,0.08,3.60,2.72,1.15,2.34,0.92,0.13,367,18,13,119,10,22,47,21,127,118,31,310,19,105,53,53,2.35,1.82,3.39,76.04,138.63,62.75,15.93,11.03,1.89,9.10,1.60,7.50,1.40,4.10,0.59,3.79,0.60,11.35,1
52.99,18.01,7.14,0.06,3.99,1.49,1.32,2.63,0.86,0.09,406,24,16,130,10,19,66,26,157,80,33,211,19,135,33,39,2.77,1.89,4.53,81.72,143.88,65.31,16.62,11.57,2.24,9.46,1.67,7.94,1.48,4.32,0.65,4.25,0.63,7.15,1
54.61,14.04,6.16,0.09,3.26,4.93,2.29,1.79,0.84,0.08,290,15,13,106,5,30,46,16,110,119,25,228,17,116,55,79,1.77,3.33,3.06,39.69,73.13,33.60,8.44,6.31,1.31,5.38,1.00,5.44,1.06,3.37,0.52,3.61,0.54,8.91,1
51.75,14.48,4.75,0.06,2.40,7.84,3.00,1.72,0.75,0.07,250,14,12,89,7,28,35,18,79,165,25,211,15,86,55,74,2.06,1.85,3.04,56.48,101.16,45.98,11.58,8.71,1.58,7.03,1.28,6.12,1.20,3.66,0.55,3.65,0.55,8.09,0.5
55.61,16.35,5.92,0.07,2.87,2.02,2.80,2.37,0.86,0.10,450,18,12,122,10,30,53,15,138,172,33,268,20,115,41,70,2.36,1.99,3.61,63.55,118.12,54.78,13.56,10.15,1.89,8.47,1.49,7.30,1.38,4.08,0.64,4.13,0.64,9.43,1
60.16,15.28,6.09,0.07,2.75,1.89,1.40,2.25,0.87,0.10,374,18,11,119,10,40,51,19,111,143,30,261,16,119,33,108,2.36,1.95,3.25,61.77,111.12,50.15,12.78,8.94,1.83,7.60,1.42,6.74,1.26,3.74,0.57,3.53,0.54,8.75,0.5
61.05,13.78,4.77,0.07,2.08,1.30,1.41,2.04,0.80,0.10,344,18,9,107,11,35,36,17,93,152,31,313,17,99,30,82,2.47,1.99,5.03,97.05,176.83,80.58,20.28,14.43,2.18,11.72,2.12,9.81,1.79,5.15,0.76,4.93,0.71,10.12,0.5
56.98,14.58,5.30,0.07,3.47,4.35,1.91,2.25,0.80,0.12,394,16,12,107,8,24,57,22,107,237,30,268,21,125,39,54,2.08,1.11,2.60,47.21,81.94,38.82,9.96,7.37,1.28,8.29,1.08,7.43,1.57,4.74,0.69,4.87,0.69,9.20,0.5
57.24,14.86,5.78,0.08,3.90,2.88,1.75,2.06,0.87,0.16,443,18,12,115,9,23,60,20,102,243,32,278,34,138,32,65,2.44,1.13,3.23,47.28,83.16,37.93,9.86,6.87,1.43,7.54,1.12,6.65,1.51,4.25,0.64,4.15,0.69,7.83,0.5
59.59,14.34,5.41,0.08,3.48,2.03,1.68,2.06,0.97,0.13,392,18,11,124,10,27,52,23,99,166,33,299,27,118,27,66,2.39,1.18,3.18,49.62,87.05,40.99,10.52,7.53,1.41,7.72,1.12,5.92,1.27,3.89,0.58,3.87,0.69,8.46,0.5
59.73,13.91,5.43,0.06,3.02,3.01,1.57,1.68,0.92,0.11,297,16,12,121,8,22,46,20,84,177,29,281,24,106,30,57,0.54,0.23,0.75,10.73,20.70,9.69,2.34,1.97,0.33,1.53,0.27,1.52,0.29,0.96,0.15,1.00,0.18,2.23,1
58.42,15.02,6.10,0.07,3.20,3.20,1.53,1.56,0.91,0.13,307,16,12,115,7,23,58,21,82,196,29,284,23,133,43,60,2.01,1.28,3.92,37.11,72.41,31.86,8.18,6.70,1.45,6.31,1.32,8.32,1.53,5.02,0.89,5.98,0.95,9.18,1
58.42,14.48,6.21,0.07,3.19,2.87,1.56,1.54,0.96,0.11,281,17,12,120,8,16,58,20,96,151,32,265,29,128,33,48,2.53,1.73,7.94,56.42,105.31,46.04,11.89,8.99,1.67,8.06,1.53,9.02,1.73,5.50,0.90,5.97,0.90,9.85,0.5
59.41,14.53,6.16,0.09,2.79,2.07,1.27,1.59,0.95,0.11,308,18,13,120,9,20,48,23,88,127,27,261,17,115,42,56,1.81,1.42,3.08,57.11,106.13,47.23,12.09,9.06,1.60,7.19,1.27,6.93,1.24,3.73,0.58,3.67,0.58,7.74,0.5
59.40,14.36,5.40,0.06,2.76,3.28,1.47,1.79,0.83,0.10,295,15,11,107,8,24,48,18,92,137,26,293,16,107,33,59,1.74,1.41,2.84,49.72,91.83,41.12,10.68,7.55,1.47,6.44,1.13,6.02,1.00,3.29,0.53,3.31,0.51,8.93,1
55.07,14.92,6.59,0.06,3.14,4.15,0.80,2.02,1.23,0.10,297,17,13,159,7,30,68,22,119,125,25,228,20,150,52,87,2.21,2.95,3.63,55.79,103.66,46.84,11.97,8.47,1.75,7.23,1.19,5.90,1.07,3.39,0.54,3.31,0.48,9.73,0.5
54.58,17.31,6.47,0.06,2.92,1.47,2.03,2.53,0.94,0.09,375,19,11,130,8,32,54,18,145,151,28,201,19,123,57,67,3.15,2.38,6.07,94.66,171.03,76.53,19.60,13.81,2.36,11.86,1.99,9.90,1.71,4.98,0.77,5.08,0.73,7.88,1
52.90,17.77,6.34,0.06,3.01,2.79,1.02,2.84,0.83,0.09,463,23,14,125,12,41,63,20,168,162,32,202,17,128,70,144,2.90,1.86,3.97,67.75,123.56,54.06,14.11,9.92,1.77,8.36,1.47,7.37,1.21,3.75,0.57,3.51,0.52,6.63,1
56.09,17.49,5.29,0.06,2.48,1.27,3.61,2.55,0.80,0.10,374,19,11,111,12,29,42,18,130,140,36,251,17,94,31,78,2.74,2.12,3.51,92.40,163.50,73.41,19.25,13.50,2.02,11.05,1.93,10.15,1.80,5.58,0.93,5.71,0.83,8.65,1
51.77,16.02,4.62,0.07,2.77,2.75,8.89,2.08,0.89,0.10,430,17,10,118,9,19,38,19,100,167,40,380,18,97,33,80,2.31,2.01,2.82,134.08,244.46,107.95,28.61,19.92,2.55,16.54,2.71,13.87,2.41,7.55,1.14,7.25,1.09,11.18,0.5
59.44,15.22,5.15,0.07,3.20,2.24,1.59,2.22,0.72,0.10,379,18,11,100,10,27,59,17,109,175,32,277,22,153,37,54,2.06,1.12,3.55,40.96,77.01,33.17,8.62,6.73,1.34,5.91,1.19,7.13,1.35,4.42,0.75,4.70,0.68,7.20,0.5
59.56,14.14,5.59,0.07,3.35,2.75,1.74,1.90,0.87,0.11,371,17,11,115,8,52,53,19,89,182,29,268,26,129,39,54,2.19,1.18,2.98,43.50,81.41,34.81,9.11,6.76,1.38,6.17,1.17,6.65,1.21,3.93,0.61,4.17,0.60,8.88,0.5
58.41,14.19,6.17,0.08,3.11,3.33,1.81,1.41,1.19,0.10,278,15,13,149,7,18,43,20,67,152,28,252,25,100,36,53,1.79,1.14,2.62,32.79,61.08,28.38,7.10,5.50,1.27,5.70,1.16,6.83,1.23,3.84,0.59,3.97,0.55,8.29,0.5
61.02,14.09,5.06,0.07,2.91,2.48,1.71,2.02,0.72,0.13,326,17,10,95,9,28,52,18,93,178,24,237,15,111,32,60,1.88,1.25,7.59,33.73,63.97,29.89,7.34,5.61,1.34,5.43,1.03,6.09,1.10,3.42,0.50,3.83,0.53,8.43,1
57.29,13.98,5.99,0.07,3.02,4.18,1.67,1.51,0.85,0.09,286,15,12,105,7,28,49,21,76,198,26,247,19,111,38,99,1.80,1.35,2.67,46.20,85.17,38.86,9.82,7.58,1.52,7.02,1.27,7.39,1.36,4.32,0.67,4.58,0.69,11.82,2
59.59,13.30,5.16,0.07,2.62,4.86,1.66,1.63,1.00,0.08,310,15,11,124,7,23,43,15,82,223,26,326,22,102,31,51,1.70,1.50,2.43,51.98,93.11,42.83,10.94,7.92,1.66,7.45,1.28,6.76,1.14,3.53,0.53,3.66,0.51,7.97,0.5
50.18,13.97,6.09,0.06,3.28,8.44,1.90,1.90,0.88,0.12,273,15,14,112,5,23,51,18,97,280,24,229,17,101,46,57,1.50,1.13,1.98,35.79,68.28,31.52,7.86,6.26,1.29,5.51,1.01,5.40,1.01,3.00,0.45,3.11,0.45,8.47,1
59.12,11.48,5.74,0.10,4.01,6.16,2.29,1.16,0.83,0.09,238,13,11,96,4,18,43,25,53,163,22,236,17,94,37,46,2.06,1.77,2.33,35.23,62.45,29.67,7.47,5.56,1.18,5.42,1.00,5.50,1.05,3.26,0.51,3.55,0.52,9.40,0.5
60.61,12.99,4.45,0.06,2.52,2.76,5.80,1.45,0.78,0.09,253,12,8,91,6,22,35,17,68,152,23,253,15,88,19,59,2.13,2.27,2.94,56.19,101.37,46.62,11.89,8.64,1.70,7.58,1.30,6.84,1.23,3.78,0.56,3.93,0.58,6.52,0.5
56.31,16.28,6.79,0.07,3.41,1.63,2.14,1.99,0.96,0.12,329,20,12,123,9,45,65,26,112,143,28,202,19,126,51,83,2.29,1.97,3.38,52.05,97.20,44.70,11.34,8.30,1.54,7.23,1.24,6.35,1.09,3.28,0.49,3.34,0.48,8.51,2
55.28,14.49,6.07,0.06,3.17,3.26,1.36,2.34,0.83,0.15,320,18,12,112,8,40,51,19,112,233,28,234,16,106,42,137,2.47,1.79,3.13,78.50,141.21,63.51,16.42,11.62,1.94,10.22,1.75,8.88,1.58,4.61,0.66,4.57,0.63,5.43,1
53.94,16.42,6.20,0.06,2.62,3.88,1.23,2.77,0.88,0.13,386,20,13,124,11,33,43,19,130,159,33,214,18,111,52,101,2.62,1.94,3.51,91.63,167.47,74.14,19.55,13.24,2.00,11.88,1.95,9.40,1.62,5.02,0.70,4.55,0.68,8.47,1
55.29,16.57,6.51,0.06,2.69,2.41,1.02,2.73,0.83,0.08,392,22,13,116,11,28,55,19,156,143,37,263,18,106,45,86,1.77,1.16,2.92,40.75,78.21,35.42,9.01,7.11,1.62,7.14,1.49,8.95,1.70,5.19,0.84,5.51,0.72,8.76,1
57.56,13.45,5.55,0.06,3.37,4.48,1.42,1.67,0.91,0.15,250,14,10,115,2,23,61,14,90,252,28,258,28,130,41,47,1.77,1.16,2.92,40.75,78.21,35.42,9.01,7.11,1.62,7.14,1.49,8.95,1.70,5.19,0.84,5.51,0.72,8.76,0.5
57.49,14.79,5.40,0.07,2.87,3.27,1.13,1.94,0.81,0.10,391,16,11,111,9,21,45,16,95,182,27,263,18,95,35,48,1.86,1.20,2.60,40.18,76.35,32.76,8.39,6.43,1.34,5.82,1.07,5.80,1.13,3.62,0.56,3.45,0.55,7.83,0.5
57.94,14.89,5.70,0.07,3.13,3.21,1.81,2.16,0.89,0.10,293,16,11,118,8,32,37,16,98,144,26,201,20,111,36,57,1.91,1.26,3.26,35.13,65.88,30.21,7.24,5.87,1.32,5.48,1.09,6.23,1.22,3.80,0.61,3.68,0.57,6.34,0.5
58.25,14.03,5.02,0.06,2.83,4.40,1.65,1.60,0.98,0.08,302,15,11,134,7,25,40,15,65,151,24,274,21,82,31,52,1.47,1.17,1.92,47.75,86.60,37.77,9.44,7.13,1.51,6.21,1.13,6.13,1.19,3.85,0.60,3.87,0.65,10.74,0.5
50.48,14.16,5.58,0.06,2.94,8.29,1.14,1.74,0.73,0.08,313,13,13,90,7,44,48,16,89,172,24,219,15,84,39,129,1.61,1.19,2.72,49.29,90.08,40.34,10.05,7.57,1.40,6.42,1.15,5.75,1.06,3.32,0.53,3.21,0.51,5.81,0.5
58.11,14.96,5.64,0.06,3.24,2.84,1.28,1.79,0.84,0.09,347,17,12,107,10,19,47,16,90,142,26,283,18,100,32,53,1.76,1.29,2.52,39.43,74.83,31.98,7.96,6.03,1.29,5.54,1.02,5.93,1.15,3.61,0.60,3.78,0.54,9.66,0.5
57.16,16.40,6.92,0.07,3.20,2.27,1.97,2.17,1.20,0.09,310,17,11,162,6,20,42,21,105,129,24,238,20,114,38,49,2.01,1.90,3.21,46.43,83.84,36.61,9.19,7.02,1.42,6.03,1.09,5.63,1.12,3.33,0.53,3.18,0.47,9.28,0.5
53.41,15.33,5.87,0.06,3.76,3.37,4.96,1.68,1.00,0.07,312,15,11,122,6,19,51,19,82,178,24,247,19,94,41,51,1.73,1.58,1.87,41.69,75.71,34.45,8.72,6.78,1.48,6.17,1.20,6.31,1.22,3.71,0.61,3.56,0.57,8.60,0.5
50.06,13.79,6.03,0.06,3.59,7.59,1.59,2.04,0.77,0.11,270,15,14,103,6,32,56,18,112,528,25,215,16,102,43,75,1.93,1.64,2.88,41.63,76.72,34.70,8.69,6.56,1.21,5.68,1.04,5.39,1.03,3.15,0.51,3.15,0.48,6.51,1
57.33,15.40,6.72,0.06,3.33,2.13,0.96,2.15,1.34,0.12,312,18,12,165,8,38,62,27,122,145,23,209,17,163,58,99,1.64,2.73,2.59,43.45,79.38,36.64,8.91,6.84,1.46,5.47,0.92,4.16,0.78,2.38,0.37,2.32,0.38,7.02,1
53.17,17.22,6.95,0.06,3.40,2.74,1.12,2.63,0.92,0.11,425,21,15,135,11,25,55,21,155,152,30,199,18,119,46,67,2.39,1.97,3.95,57.49,104.13,47.91,12.01,8.74,1.70,7.56,1.34,6.27,1.13,3.43,0.54,3.17,0.49,6.33,1
56.18,15.31,6.05,0.08,2.75,2.49,1.24,2.06,0.91,0.10,397,19,12,124,10,28,54,22,117,152,34,324,20,136,42,76,2.03,1.90,3.31,68.06,123.38,56.86,14.11,10.69,1.82,9.15,1.61,7.97,1.50,4.69,0.73,4.29,0.71,10.22,0.5
58.36,14.14,5.47,0.07,2.57,4.37,1.46,2.15,0.93,0.08,392,16,13,127,8,26,57,20,142,187,34,247,29,139,35,51,2.23,1.24,4.45,43.33,84.17,37.74,9.42,7.70,1.60,7.17,1.49,8.22,1.64,4.96,0.85,5.07,0.77,8.41,0.5
58.62,14.41,4.80,0.07,3.05,3.35,1.42,2.24,0.88,0.11,375,17,11,114,8,21,56,18,124,187,30,251,24,124,33,49,1.91,1.29,3.20,43.20,82.78,37.85,9.46,6.84,1.47,6.41,1.20,6.35,1.22,3.69,0.55,3.57,0.58,8.62,0.5
60.42,14.90,4.75,0.06,2.83,2.20,1.78,1.54,0.78,0.09,263,14,9,103,8,21,41,13,73,173,22,243,19,82,33,46,2.35,1.35,5.64,91.39,161.25,65.32,17.89,10.80,1.25,9.76,1.60,7.74,1.49,4.91,0.71,4.61,0.69,11.52,0.5
56.98,15.94,5.65,0.08,2.93,3.19,1.02,2.21,0.84,0.09,413,18,12,109,10,43,50,20,114,131,26,259,17,101,54,67,2.03,1.94,2.73,45.50,86.00,38.60,9.67,6.80,1.39,5.93,1.04,5.18,0.97,3.05,0.44,2.84,0.45,8.67,1
57.11,14.63,6.13,0.08,3.82,3.58,1.32,2.02,0.89,0.11,388,17,12,122,7,31,42,20,101,160,23,235,16,107,43,70,1.71,1.69,2.08,28.90,55.58,25.35,6.30,4.93,1.14,4.49,0.85,4.52,0.83,2.82,0.40,2.66,0.41,8.08,0.5
59.14,14.26,4.49,0.06,3.04,3.48,2.54,2.45,0.74,0.13,436,16,10,100,9,34,40,16,120,210,23,281,17,80,36,86,1.83,1.24,1.95,44.11,83.78,36.02,9.17,6.39,1.24,5.74,0.98,4.94,0.94,3.04,0.45,2.97,0.46,11.63,1
57.91,13.11,4.62,0.06,2.80,6.23,2.56,1.87,0.83,0.10,327,12,11,102,6,27,33,14,73,313,23,287,17,70,38,70,1.73,1.48,1.89,33.57,63.49,29.51,7.49,5.48,1.13,5.20,0.96,5.38,1.09,3.67,0.52,3.47,0.54,10.69,0.5
59.42,14.38,5.27,0.07,2.73,3.52,1.46,2.31,0.82,0.10,379,16,11,105,8,37,44,17,110,194,27,287,17,103,41,81,1.83,1.83,2.35,42.16,79.43,35.93,9.19,6.59,1.27,6.04,1.10,6.07,1.23,4.05,0.57,3.70,0.58,10.01,1
63.63,13.30,4.80,0.07,2.37,2.81,1.73,1.94,0.94,0.10,328,14,10,123,8,41,31,16,86,181,26,330,22,102,45,92,1.91,1.97,2.37,59.74,111.13,50.66,12.82,9.02,1.46,7.61,1.36,6.93,1.32,4.40,0.64,4.32,0.65,12.77,0.5
59.94,14.96,5.01,0.05,2.81,2.04,3.99,1.73,1.29,0.12,310,16,10,171,9,38,46,21,80,159,27,234,20,124,28,72,2.29,2.15,2.00,57.72,106.92,50.21,12.61,9.02,1.68,7.57,1.33,6.79,1.31,4.20,0.62,4.00,0.62,7.29,1
59.88,14.05,5.59,0.07,2.91,3.70,1.44,1.92,1.01,0.09,277,16,11,129,7,21,41,20,89,142,24,295,19,113,44,63,1.75,2.08,2.44,45.29,84.99,38.16,9.79,6.89,1.32,6.23,1.08,5.81,1.06,3.46,0.53,3.22,0.49,10.71,1
55.15,17.25,5.42,0.04,3.56,3.66,2.52,2.03,0.73,0.09,318,18,13,107,11,19,45,20,86,149,26,163,16,107,49,39,2.02,1.84,3.90,51.64,93.04,43.00,10.83,7.49,1.37,6.54,1.07,5.19,0.94,3.01,0.40,2.55,0.39,4.61,2
54.53,13.51,4.74,0.06,2.84,5.84,2.93,1.82,0.89,0.22,298,14,12,114,7,22,45,16,97,241,26,330,22,100,40,68,1.81,1.67,8.90,56.86,104.95,50.08,12.20,8.81,1.48,7.90,1.30,6.55,1.20,3.76,0.56,3.73,0.53,12.25,2
57.91,14.18,5.39,0.07,3.00,4.45,1.36,2.03,0.85,0.09,325,16,12,110,8,24,64,19,153,199,32,229,24,151,31,61,2.31,1.16,4.20,39.42,74.23,36.39,8.68,7.21,1.44,6.53,1.17,7.00,1.29,4.16,0.67,4.47,0.63,9.18,3
62.21,14.94,4.53,0.06,2.64,2.28,2.06,2.25,0.78,0.08,473,17,10,109,9,24,37,16,97,214,29,306,21,78,30,42,1.76,1.09,2.49,47.11,87.12,41.37,9.79,7.48,1.81,7.12,1.25,6.92,1.27,4.09,0.61,4.21,0.61,11.46,0.5
60.26,15.30,4.93,0.06,2.68,1.85,1.59,2.30,0.82,0.11,430,17,10,113,11,25,45,17,96,165,29,307,18,94,28,47,1.74,1.10,2.37,60.21,108.14,51.84,12.24,8.74,1.85,7.91,1.25,6.67,1.21,3.74,0.60,3.91,0.59,10.28,1
57.94,14.69,5.80,0.07,3.32,3.17,1.09,2.15,0.89,0.12,394,16,12,119,8,22,43,18,88,141,26,231,16,103,41,64,1.41,1.53,1.89,35.08,64.54,31.18,7.42,5.59,1.26,5.53,0.96,5.66,1.13,3.58,0.57,3.75,0.51,8.05,2
54.96,16.67,6.42,0.07,2.76,2.60,1.23,3.09,0.98,0.10,416,21,13,144,10,56,46,23,148,116,32,330,19,99,64,138,2.28,2.21,3.00,54.43,102.85,47.26,11.38,8.27,1.61,7.33,1.26,6.61,1.14,3.60,0.54,3.35,0.53,11.71,2
54.90,16.12,6.60,0.08,3.36,3.85,2.43,2.46,0.90,0.09,381,18,13,121,8,27,44,19,118,171,28,229,16,106,50,87,2.65,1.54,2.67,46.57,81.87,38.21,9.78,6.75,1.38,6.61,0.98,5.45,1.17,3.69,0.53,3.51,0.58,7.73,0.5
51.23,15.07,5.75,0.06,3.58,8.77,2.34,2.16,0.79,0.12,286,15,14,102,6,40,49,16,117,196,25,185,16,92,36,70,2.27,1.21,2.61,43.56,71.74,35.48,9.01,6.18,1.19,6.27,0.88,4.66,1.01,2.99,0.41,2.90,0.44,5.94,0.5
51.69,14.55,4.93,0.06,3.00,8.12,1.63,2.42,0.72,0.09,339,16,14,95,7,57,40,15,123,227,26,223,16,90,51,92,2.40,1.10,3.00,46.39,76.57,37.98,9.61,6.41,1.36,6.78,0.96,5.33,1.16,3.31,0.46,3.38,0.50,7.69,0.5
53.91,13.94,5.59,0.06,2.75,6.13,1.79,2.10,0.99,0.11,318,15,13,125,7,71,51,19,105,215,24,237,18,128,43,399,2.02,1.40,2.18,45.34,77.07,37.45,9.47,6.34,1.33,6.61,0.98,4.91,1.14,3.44,0.51,3.38,0.55,7.75,1
56.71,16.23,7.07,0.06,3.00,2.16,1.55,2.45,1.45,0.18,396,19,13,183,8,41,56,26,134,127,28,240,21,144,45,116,2.82,1.75,2.71,53.24,91.81,44.30,11.28,7.56,1.60,7.28,1.02,5.72,1.15,3.40,0.49,3.27,0.52,7.74,0.5
56.29,12.72,5.15,0.06,2.42,6.29,0.94,1.41,0.89,0.09,223,10,12,109,4,27,41,10,83,144,25,289,20,111,26,58,1.69,1.15,2.17,42.91,72.77,35.29,9.01,6.32,1.19,7.23,1.13,6.67,1.42,4.05,0.63,3.86,0.62,9.37,1
57.32,14.99,5.87,0.06,3.44,3.47,2.04,1.30,0.94,0.09,259,16,12,116,8,22,49,18,79,125,23,232,18,125,59,45,2.28,1.35,2.57,37.53,64.95,33.02,8.00,6.53,1.20,6.33,0.94,5.28,1.20,3.44,0.51,3.48,0.61,6.96,0.5
57.11,13.52,5.03,0.07,2.41,6.81,2.62,1.50,1.08,0.08,308,13,13,126,6,13,38,18,69,231,29,320,22,99,27,55,2.32,1.52,2.47,72.75,120.52,57.17,14.86,9.81,1.60,9.22,1.29,6.73,1.39,4.04,0.55,3.74,0.64,10.09,1
59.92,13.98,4.77,0.06,2.91,3.40,1.74,1.92,0.79,0.19,401,16,10,104,9,19,42,17,102,222,35,318,26,88,30,56,2.27,1.08,3.37,55.14,101.08,46.45,11.44,8.93,1.66,8.50,1.59,9.41,1.84,6.04,0.91,6.55,0.84,10.03,1
56.05,13.54,5.21,0.06,3.03,6.05,1.39,1.74,0.83,0.10,393,15,12,106,7,19,45,17,78,232,26,299,18,89,31,55,1.54,1.14,2.11,52.84,93.99,41.80,10.30,6.92,1.61,6.49,1.09,6.06,1.10,3.44,0.52,3.65,0.47,11.59,0.5
54.67,14.75,5.69,0.07,2.90,5.46,0.88,2.54,0.79,0.10,376,16,12,110,8,24,43,17,106,162,28,306,16,95,52,72,2.37,1.84,3.12,57.16,103.72,49.12,11.87,8.95,1.87,7.95,1.38,7.94,1.50,4.85,0.77,5.09,0.73,13.14,2
53.01,15.90,5.51,0.08,2.62,5.65,1.09,3.33,0.86,0.13,470,19,13,126,8,37,43,16,148,192,33,367,19,98,67,75,3.14,2.76,3.56,65.52,118.72,56.02,13.64,9.98,2.04,8.78,1.54,8.58,1.58,5.23,0.80,5.48,0.78,17.55,2
54.78,16.98,5.90,0.06,2.64,2.81,1.26,3.13,0.92,0.09,454,18,11,137,9,36,43,14,145,149,30,404,19,98,46,69,2.40,2.04,3.39,63.44,115.52,53.81,13.17,9.68,1.78,8.45,1.47,7.84,1.43,4.61,0.69,4.47,0.62,15.61,2
49.69,16.70,7.13,0.08,3.50,5.66,0.98,3.31,0.91,0.19,420,21,15,130,8,59,40,15,167,176,31,199,19,96,56,207,2.99,1.76,3.59,41.15,66.92,33.39,8.65,5.88,1.34,6.22,0.96,5.26,1.18,3.45,0.55,3.20,0.59,5.99,1
58.97,14.29,6.25,0.08,3.47,3.11,1.54,2.03,0.71,0.12,385,17,12,94,7,118,48,18,109,107,21,177,15,108,49,120,2.52,1.43,2.34,26.58,45.20,21.47,5.58,3.83,1.02,4.26,0.73,3.91,0.90,2.70,0.45,2.53,0.47,5.00,1
57.10,14.77,5.54,0.08,3.70,4.63,2.10,1.93,0.75,0.11,412,16,11,94,7,202,43,19,90,169,21,207,14,93,52,359,2.54,1.42,2.19,29.52,51.65,24.26,6.24,4.36,0.93,5.13,0.64,4.06,0.82,2.61,0.38,2.47,0.36,5.66,1
48.05,15.17,5.17,0.05,3.71,8.48,1.77,2.08,0.67,0.14,303,15,15,91,7,52,47,16,112,283,25,191,14,108,41,91,2.27,1.23,2.13,36.04,60.72,30.10,7.62,5.16,1.06,5.63,0.74,5.04,1.00,2.86,0.40,2.78,0.41,6.94,1
57.28,15.67,5.60,0.05,2.82,2.10,1.45,2.06,1.10,0.07,344,18,12,139,10,33,59,20,105,98,28,232,20,154,37,64,2.21,1.21,2.65,43.36,74.51,35.24,9.15,5.91,1.17,6.20,0.81,4.70,0.95,2.74,0.39,2.61,0.39,6.06,0.5
51.82,13.96,5.72,0.06,2.86,7.35,0.80,1.72,0.83,0.09,270,14,14,103,7,26,50,18,120,117,25,238,18,116,40,70,2.32,1.39,2.68,58.85,101.14,48.82,12.37,8.18,1.56,8.34,1.04,5.75,1.13,3.10,0.48,3.07,0.46,8.02,1
58.18,12.94,5.21,0.07,2.86,5.45,0.94,1.74,0.79,0.15,266,13,12,98,7,28,47,18,100,177,24,253,17,96,45,73,2.13,1.35,2.12,41.79,70.19,34.60,8.92,5.79,1.13,5.97,0.80,5.24,0.96,2.71,0.41,2.51,0.40,9.32,0.5
58.05,12.10,4.94,0.06,3.01,6.71,1.43,1.55,0.77,0.10,239,12,11,91,5,24,34,16,84,298,23,256,15,91,45,74,1.78,1.08,2.07,35.76,60.96,30.83,7.80,5.51,1.10,5.60,0.73,4.75,0.91,2.95,0.42,2.83,0.40,8.99,0.5
58.10,14.17,6.07,0.07,3.23,3.74,1.25,2.14,0.98,0.09,331,17,11,122,7,17,53,21,110,157,31,252,22,129,37,54,1.98,1.26,2.57,38.71,76.11,35.32,8.38,6.93,1.48,6.08,1.10,6.55,1.26,4.12,0.63,4.33,0.61,8.92,1
58.74,14.45,5.55,0.07,2.29,4.55,1.39,1.96,1.00,0.08,276,14,11,132,8,25,38,19,89,162,30,326,17,93,36,55,2.12,1.69,2.48,49.17,93.40,43.20,10.64,7.67,1.65,7.18,1.38,8.42,1.55,4.89,0.80,4.88,0.71,9.48,0.5
49.57,15.97,4.66,0.04,3.73,7.58,2.16,2.36,0.86,0.09,352,14,14,122,9,17,39,16,97,408,28,351,18,75,46,57,2.03,1.56,3.22,63.41,117.00,53.02,13.47,8.94,1.50,8.03,1.29,7.09,1.25,3.77,0.55,3.47,0.54,11.77,0.5
57.01,15.92,5.69,0.07,2.74,2.67,1.56,3.46,0.82,0.19,521,20,11,126,11,38,42,17,163,173,30,341,17,104,42,86,2.86,2.01,5.18,53.84,96.09,44.46,11.17,8.19,1.50,6.87,1.08,6.67,1.18,3.83,0.60,3.78,0.51,12.18,1
56.69,17.90,6.05,0.08,2.59,1.37,1.86,3.35,0.86,0.08,534,22,11,131,12,38,43,16,153,155,35,294,20,105,45,71,3.29,1.36,2.63,63.38,109.64,50.92,13.26,8.50,1.53,8.43,1.17,6.40,1.22,3.66,0.51,3.26,0.54,9.71,0.5
53.98,17.74,6.67,0.07,2.93,2.41,1.17,3.51,0.93,0.12,468,22,13,145,12,51,41,18,166,118,36,381,20,110,38,130,2.99,1.54,3.30,61.01,103.43,49.39,12.92,8.04,1.52,8.47,1.14,7.02,1.37,3.81,0.59,3.74,0.67,12.70,0.5
58.90,12.74,6.06,0.09,2.63,2.78,1.07,1.91,0.61,0.42,7827,30,13,150,18,16154,48,20,130,227,2,122,11,80,1079,3477,2.19,1.52,2.98,29.95,52.66,24.21,6.25,4.45,2.77,4.57,0.62,3.51,0.77,2.10,0.29,2.05,0.32,5.97,3
54.35,14.05,5.56,0.07,3.42,4.76,1.96,2.17,0.64,0.25,6222,19,13,147,10,4836,46,16,139,252,3,139,13,91,177,1751,2.22,1.37,2.61,31.45,54.52,26.30,6.67,4.62,2.75,4.77,0.62,3.92,0.75,2.16,0.30,2.15,0.32,4.84,4
57.20,16.40,5.94,0.06,2.95,2.65,1.08,2.80,0.82,0.10,435,19,12,118,11,135,41,15,156,98,29,248,18,102,38,101,2.82,1.30,3.15,59.10,105.04,53.41,12.06,10.23,1.47,8.73,1.27,7.73,1.55,3.94,1.02,5.01,1.03,8.11,0.5
59.92,12.53,5.31,0.06,2.66,5.63,1.24,1.53,0.96,0.07,231,12,11,113,6,53,34,16,71,115,22,190,18,87,33,78,1.75,1.23,2.01,49.29,83.29,38.43,10.18,6.68,1.28,6.80,0.87,4.83,0.92,2.95,0.53,2.96,0.51,5.61,0.5
61.08,13.89,5.41,0.06,2.51,3.52,0.98,1.92,0.80,0.09,331,16,11,104,10,28,51,16,84,104,25,228,13,108,26,62,2.41,1.16,2.25,38.72,67.29,31.82,8.29,5.40,1.11,5.63,0.81,4.69,0.90,2.61,0.48,2.94,0.48,7.48,0.5
55.35,12.78,5.15,0.08,2.99,6.77,0.93,1.68,0.79,0.14,255,13,13,97,7,32,49,15,96,163,23,223,15,99,56,75,1.90,1.23,2.13,35.89,60.20,28.90,7.60,5.10,1.06,5.70,0.88,4.86,1.05,2.95,0.56,3.01,0.57,6.89,0.5
56.53,13.19,5.49,0.07,3.09,5.32,0.89,1.71,0.80,0.10,290,15,12,99,7,26,48,18,109,196,25,245,17,109,49,80,2.24,1.26,3.95,37.48,65.17,31.73,8.11,5.70,1.23,5.63,0.77,4.58,0.98,3.09,0.44,2.79,0.44,8.38,0.5
58.29,14.33,5.48,0.08,3.14,2.81,0.75,2.59,0.86,0.16,450,18,12,115,10,27,52,20,132,167,33,330,18,120,32,72,2.52,1.22,2.67,43.65,76.37,36.37,9.25,6.76,1.35,6.49,0.88,5.41,1.06,3.46,0.54,3.54,0.51,12.11,0.5
58.53,14.98,5.20,0.08,2.71,2.77,0.84,2.79,0.85,0.13,419,18,12,117,11,23,49,17,126,141,33,341,17,107,43,71,2.53,1.16,2.73,49.78,84.97,40.18,10.40,7.35,1.39,7.09,0.95,5.86,1.17,3.65,0.52,3.70,0.53,11.15,1
57.31,14.71,5.56,0.08,2.77,2.69,0.55,2.53,0.86,0.12,447,18,12,119,11,29,56,17,134,154,31,299,18,121,40,66,2.23,1.23,2.59,41.21,71.83,34.87,8.76,6.20,1.37,6.30,0.89,5.32,1.04,3.37,0.49,3.48,0.56,9.70,1
52.98,15.05,5.08,0.07,2.62,6.50,1.61,2.61,0.81,0.09,470,17,13,108,9,34,49,16,141,215,31,360,19,100,44,73,2.52,1.14,2.36,66.32,111.45,52.42,13.54,9.81,1.67,9.97,1.52,9.73,2.02,6.53,0.97,6.22,0.88,11.42,1
50.29,16.92,5.22,0.07,2.79,6.88,1.84,3.28,0.81,0.06,463,17,14,119,10,38,36,13,161,399,32,334,19,91,48,90,2.42,1.13,2.49,55.25,93.13,43.72,11.39,7.92,1.57,7.70,1.01,6.12,1.24,3.98,0.62,4.04,0.59,12.11,0.5
53.08,17.91,7.01,0.09,3.32,2.37,0.83,3.58,0.85,0.10,547,23,15,125,10,61,50,18,207,108,34,213,19,118,50,167,4.29,1.27,2.94,51.05,86.26,39.87,10.37,7.10,1.44,6.96,0.97,5.59,1.15,3.33,0.53,3.56,0.54,10.48,0.5
59.04,15.42,6.13,0.08,3.14,1.82,1.25,1.90,0.85,0.09,523,18,11,108,10,159,50,19,118,126,28,256,19,115,54,167,2.52,1.29,2.88,34.78,60.71,29.23,7.38,5.53,1.23,5.49,0.80,5.16,1.03,3.16,0.44,2.88,0.45,7.46,0.5
53.97,17.16,6.07,0.06,2.69,4.15,0.84,3.34,0.84,0.11,411,21,14,131,10,50,43,16,195,111,31,248,18,114,50,80,2.43,1.36,3.79,54.17,96.54,43.69,11.52,7.69,1.30,7.59,1.04,5.37,1.09,3.08,0.49,3.34,0.54,9.10,0.5
55.90,14.18,6.13,0.07,3.03,5.25,1.01,1.89,0.92,0.12,261,14,12,112,7,34,48,20,105,127,24,237,18,110,29,73,1.77,1.38,2.46,43.28,74.76,35.94,8.97,6.53,1.16,6.53,0.87,4.82,0.94,2.72,0.47,2.80,0.50,8.44,0.5
58.12,13.64,5.12,0.06,2.14,6.16,0.88,1.84,0.96,0.06,247,14,12,116,8,27,44,17,100,113,23,214,17,95,33,71,1.58,1.11,2.08,35.18,60.06,29.13,7.54,5.63,1.03,5.46,0.65,3.81,0.74,2.12,0.37,2.29,0.33,8.22,0.5
56.53,14.18,6.08,0.06,2.72,4.66,0.99,1.65,0.97,0.09,253,15,12,119,8,19,48,18,87,106,26,247,16,128,35,54,1.56,1.28,2.15,38.33,66.92,32.50,8.19,6.44,1.19,6.05,0.88,4.81,1.02,2.72,0.46,3.06,0.49,8.86,0.5
57.35,15.25,6.93,0.07,3.71,2.05,0.43,2.11,0.80,0.08,301,18,11,103,10,31,59,20,144,118,27,195,15,133,53,101,1.90,1.51,3.75,32.93,56.89,27.45,7.14,4.97,1.01,5.41,0.67,4.33,0.90,2.51,0.40,2.61,0.46,6.18,0.5
60.72,14.49,4.92,0.07,2.54,2.44,1.12,2.57,0.82,0.14,458,17,10,113,10,26,43,18,134,157,30,401,19,101,35,62,2.08,1.11,2.79,50.16,87.80,41.21,10.79,7.54,1.36,7.77,1.09,6.48,1.26,3.67,0.60,3.78,0.65,14.06,0.5
57.74,14.29,4.76,0.07,2.57,4.81,2.04,2.18,0.84,0.11,377,15,11,109,8,24,43,17,117,168,32,336,19,115,33,53,2.03,1.14,2.65,52.45,89.74,43.89,11.25,7.65,1.39,7.76,1.08,6.36,1.29,3.74,0.63,3.76,0.66,12.01,0.5
56.67,14.46,5.32,0.07,2.73,4.91,0.94,2.39,0.81,0.10,385,16,12,102,10,26,45,17,128,169,31,350,20,103,31,57,2.05,1.11,2.50,52.92,92.85,44.65,11.27,7.95,1.38,7.83,1.05,5.86,1.16,3.38,0.53,3.49,0.58,12.52,0.5
60.19,13.66,4.96,0.07,2.70,3.97,1.49,1.95,0.84,0.10,352,15,11,105,9,23,43,15,99,172,30,406,20,116,28,56,1.70,1.04,2.20,54.79,96.77,46.53,12.09,8.52,1.32,8.71,1.14,6.46,1.21,3.61,0.66,4.24,0.66,14.40,0.5
54.34,16.14,5.97,0.08,2.97,3.55,0.63,2.79,0.87,0.15,457,19,13,118,10,30,50,16,154,134,32,264,18,110,36,67,2.36,1.34,3.14,47.15,80.39,38.94,10.08,7.11,1.28,7.03,0.92,5.19,1.03,3.03,0.48,3.31,0.55,8.64,0.5
57.62,14.32,5.22,0.07,3.05,3.61,0.73,2.43,0.75,0.13,349,17,12,98,9,43,46,17,131,111,27,216,15,104,45,147,1.90,1.14,2.71,34.51,59.22,29.27,7.49,5.32,1.15,5.31,0.77,4.66,0.92,2.62,0.45,2.67,0.46,7.66,0.5
60.91,12.65,5.78,0.10,2.18,4.25,0.71,1.90,0.75,0.10,318,13,11,93,7,107,40,19,96,91,23,219,16,97,53,217,1.79,1.22,1.99,36.07,61.10,30.07,7.56,5.51,1.09,5.32,0.72,4.01,0.83,2.40,0.38,2.47,0.43,7.65,0.5
56.77,13.22,5.36,0.08,2.76,5.20,0.53,2.24,0.76,0.12,315,16,12,103,8,57,47,18,125,115,27,255,15,110,37,146,1.86,1.69,3.06,33.22,63.65,28.75,7.47,5.68,1.03,5.06,0.99,5.60,1.08,3.45,0.50,3.20,0.50,7.98,0.5
56.18,14.69,5.65,0.06,2.41,5.12,0.64,2.50,0.87,0.10,342,16,11,116,9,43,45,16,128,97,27,301,18,101,42,83,2.11,1.65,3.03,43.06,80.80,36.06,9.37,7.07,1.06,5.89,1.03,5.39,0.95,3.18,0.47,2.63,0.40,8.79,0.5
57.65,14.76,5.75,0.07,2.92,3.22,0.59,1.87,0.88,0.09,315,17,12,111,9,32,53,17,126,116,28,253,18,130,37,92,1.81,2.21,3.18,34.35,64.47,29.08,7.69,5.78,1.00,5.12,0.94,5.61,1.04,3.25,0.51,3.02,0.44,6.59,0.5
52.76,13.59,5.43,0.06,3.20,7.57,1.38,1.38,0.84,0.09,213,12,13,104,7,29,52,24,83,113,24,246,18,104,31,56,1.90,1.57,2.85,40.80,75.18,33.34,8.89,6.48,1.02,5.80,1.04,5.46,0.99,3.19,0.55,2.99,0.47,6.74,0.5
54.38,14.20,6.03,0.06,3.07,5.60,0.79,1.58,0.91,0.10,236,14,13,111,8,23,53,20,99,104,26,270,18,125,54,57,1.99,1.27,3.04,46.67,79.24,38.77,9.93,6.85,1.30,7.23,0.96,5.55,1.11,3.25,0.53,3.15,0.53,9.93,0.5
58.75,13.18,5.28,0.07,3.38,3.83,0.51,1.84,0.83,0.11,312,15,11,108,9,30,53,18,128,188,26,275,17,110,46,88,2.00,1.24,2.38,38.79,68.54,33.64,8.43,5.98,1.11,6.29,0.85,5.07,1.02,3.03,0.49,2.98,0.50,9.27,0.5
58.17,15.16,5.82,0.08,2.68,2.04,0.66,2.64,0.89,0.09,485,19,12,123,12,50,50,15,149,115,35,376,18,117,34,77,2.70,1.37,3.02,49.64,86.80,41.74,10.69,7.36,1.43,7.78,1.05,6.02,1.26,3.69,0.59,3.78,0.62,13.44,1
56.09,16.40,6.58,0.09,2.65,1.46,0.52,2.97,0.92,0.09,492,21,13,134,12,28,55,15,172,109,37,337,20,139,41,78,2.96,1.48,3.03,52.35,92.19,43.46,11.32,7.66,1.43,7.93,1.05,5.92,1.19,3.51,0.57,3.49,0.56,11.01,1
57.29,15.12,5.39,0.08,2.55,2.79,0.87,2.29,0.89,0.10,455,18,12,119,11,25,52,18,128,151,32,337,19,120,33,62,2.42,1.20,2.49,49.71,86.48,42.41,10.87,7.66,1.40,8.12,1.08,6.49,1.32,4.00,0.64,3.82,0.65,12.55,0.5
57.83,14.92,5.72,0.08,2.66,3.36,0.92,2.52,0.84,0.09,399,17,11,117,10,28,47,16,135,156,31,329,19,116,31,64,2.45,1.20,2.80,47.55,81.98,40.82,10.26,7.16,1.34,7.50,1.00,5.81,1.20,3.51,0.56,3.48,0.59,11.67,0.5
60.16,13.74,4.83,0.07,2.68,2.89,0.97,2.16,0.85,0.11,397,16,11,115,11,30,43,17,116,164,31,376,19,102,34,61,2.22,1.09,2.52,51.65,89.84,44.43,11.21,7.80,1.40,8.28,1.12,6.56,1.34,4.06,0.67,4.03,0.66,13.35,0.5
56.20,15.19,5.67,0.09,2.88,2.73,0.64,1.90,0.87,0.12,408,16,12,112,10,40,61,16,119,157,33,311,17,125,34,110,2.43,1.28,3.49,49.09,85.19,42.80,10.80,7.67,1.47,7.95,1.06,6.03,1.22,3.62,0.57,3.37,0.55,10.23,0.5
56.54,14.00,5.42,0.08,2.48,4.55,0.49,1.97,0.78,0.11,340,16,13,100,10,55,55,16,115,120,29,282,18,114,37,125,2.34,1.23,2.45,46.59,78.62,40.61,10.13,7.22,1.30,7.83,1.06,6.37,1.37,4.03,0.64,3.89,0.67,9.05,0.5
63.71,13.76,5.25,0.08,2.07,1.46,0.53,2.05,0.90,0.09,365,15,9,117,12,59,40,16,104,91,28,340,19,111,27,122,2.07,1.13,2.29,41.32,72.76,35.23,8.95,6.22,1.17,6.52,0.90,5.21,1.09,3.29,0.52,3.27,0.54,11.39,0.5
57.02,15.65,6.13,0.08,2.69,1.97,0.51,2.35,0.90,0.09,424,19,13,119,11,49,52,18,149,109,32,292,19,128,38,93,3.00,1.41,2.92,43.58,77.99,38.11,9.56,6.92,1.37,7.35,1.00,5.98,1.24,3.63,0.57,3.57,0.56,10.25,0.5
52.75,15.11,5.69,0.07,3.35,4.92,0.70,2.12,0.78,0.16,400,17,14,108,11,42,52,14,122,188,30,264,17,108,41,77,2.44,1.25,2.90,45.35,78.34,35.86,8.85,6.97,1.43,6.96,0.99,5.18,1.22,3.44,0.60,3.49,0.54,8.45,1
50.03,12.70,5.11,0.07,2.90,9.54,0.78,1.70,0.79,0.12,221,12,15,92,6,27,46,16,105,146,24,235,16,98,49,77,1.91,1.19,2.31,44.59,79.58,34.32,8.81,6.34,1.25,6.15,0.88,5.02,1.01,2.90,0.47,2.97,0.47,9.08,0.5
52.61,14.58,5.99,0.06,3.36,5.50,0.73,1.33,0.83,0.10,284,14,14,103,9,25,57,14,84,116,26,232,16,117,35,58,1.95,1.36,2.58,49.25,85.55,41.69,10.77,7.48,1.41,7.16,0.98,5.34,1.08,3.07,0.49,3.00,0.47,7.95,0.5
55.72,14.55,5.91,0.05,3.10,4.24,0.50,1.49,0.87,0.09,323,17,13,104,10,23,66,18,101,156,29,253,17,126,33,60,2.18,1.32,2.84,42.71,74.71,37.07,9.43,6.72,1.31,6.54,0.96,5.56,1.15,3.43,0.56,3.43,0.51,9.00,0.5
